PSA_ID,Domain,English,Swahili,Gikuyu,Swahili Confidence,Gikuyu Confidence,English Validator,Gikuyu,Swahili Confidence,Gikuyu Confidence,Swahili Validator ,Gikuyu Validator,Metadata
,Education,"1,500 new special needs units built. Transfer your child before January 6!","Vitengo vipya 1,500 vya mahitaji maalum vimejengwa.",Nĩ ũrabatara kũruta mwana waku mbere ya Janyuaari 6.,0.379024078,0.300855468,Misati,Nĩ ũrabatara kũruta mwana waku mbere ya Janyuaari 6.,0.379024078,0.300855468,Lavender,,
,Education,100% transition policy: Every child must be in school January 6 no excuses!,"Sera ya mpito ya 100%: Kila mtoto lazima awe shuleni ifikapo Januari 6, hakuna udhuru!",Ũtongoria wa kũgarũrĩra bũrũri na njĩra ya 100%: Mwana o wothe no mũhaka athiĩ cukuru mũthenya wa 6 January.,0.615674428,0.420087375,Misati,Ũtongoria wa kũgarũrĩra bũrũri na njĩra ya 100%: Mwana o wothe no mũhaka athiĩ cukuru mũthenya wa 6 January.,0.615674428,0.420087375,Lavender,,
,Education,100% transition policy: No child to repeat Class 8 from 2025.,Sera ya mpito ya asilimia 100: Hakuna mtoto atakayerudia Darasa la 8 kuanzia 2025.,Ũtongoria wa kũgarũrĩra bũrũri wa 100%: Gũtirĩ mwana ũngĩgakorũo agĩthiĩ gĩthomo kĩa 8 kuuma mwaka wa 2025.,0.576069103,0.420663447,Misati,Ũtongoria wa kũgarũrĩra bũrũri wa 100%: Gũtirĩ mwana ũngĩgakorũo agĩthiĩ gĩthomo kĩa 8 kuuma mwaka wa 2025.,0.576069103,0.420663447,Lavender,,
,Education,100% transition: Every Grade 6 must report to JSS no staying home!,"Mpito wa 100%: Kila mwanafunzi wa Gredi ya 6 lazima aripoti JSS, hakuna kubaki nyumbani!",Kĩruka gĩothe gĩa gatandatũ kĩrabatara kwĩra JSS atĩ ti wega gũikara mũciĩ!,0.605471519,0.415968978,Misati,Kĩruka gĩothe gĩa gatandatũ kĩrabatara kwĩra JSS atĩ ti wega gũikara mũciĩ!,0.605471519,0.415968978,Lavender,,
,Education,"15,000 full secondary scholarships for arid counties. Apply before November 30 via county office!","Ufadhili kamili wa masomo 15,000 ya shule za upili kwa kaunti kame. Tuma maombi kabla ya Novemba 30 kupitia ofisi za kaunti!",Nĩ ũgũkorũo na ũhoti wa kũruta wĩra wa kũruta wĩra wa kĩama kĩa bũrũri wothe.,0.635083465,0.185677507,Misati,Nĩ ũgũkorũo na ũhoti wa kũruta wĩra wa kũruta wĩra wa kĩama kĩa bũrũri wothe.,0.635083465,0.185677507,Lavender,,
,Education,"2,000 new mental health counselors deployed to secondary schools. Book today!","Washauri wapya 2,000 wa afya ya akili wametumwa katika shule za upili.","Arutwo 2,000 a ũrigitani wa meciria nĩ matwarirũo cukuru-inĩ cia sekondarĩ.",0.644932683,0.469976712,Misati,"Arutwo 2,000 a ũrigitani wa meciria nĩ matwarirũo cukuru-inĩ cia sekondarĩ.",0.644932683,0.469976712,Lavender,,
,Education,"2,014 permanent and pensionable posts for secondary school teachers.","Nafasi 2,014 za kudumu na za uzeeni kwa walimu wa shule za upili.","Maikarĩri 2,014 a arutani a cukuru cia sekondari arĩa matũũraga na mĩhothi ya kũruta wĩra.",0.690243868,0.369263349,Misati,"Maikarĩri 2,014 a arutani a cukuru cia sekondari arĩa matũũraga na mĩhothi ya kũruta wĩra.",0.690243868,0.369263349,Lavender,,
,Education,"3,000 new special needs teachers deployed ensure your child gets support from January!","Walimu wapya 3,000 wa mahitaji maalum wametumwa kuhakikisha mtoto wako anapata usaidizi kuanzia Januari!","Arutani 3,000 erũ a bata bata nĩ matwarirũo nĩguo ciana cianyu ciongererũo ũteithio kuuma mweri wa mbere!",0.588557551,0.351765186,Misati,"Arutani 3,000 erũ a bata bata nĩ matwarirũo nĩguo ciana cianyu ciongererũo ũteithio kuuma mweri wa mbere!",0.588557551,0.351765186,Lavender,,
,Education,500 schools get free counseling rooms. Book session with your principal!,Shule 500 zimepata vyumba vya ushauri nasaha bila malipo.,Ciũngano 500 nĩ ciĩheo mĩhothi ya kũrũgamĩrĩra maũndũ.,0.693616047,0.311446316,Misati,Ciũngano 500 nĩ ciĩheo mĩhothi ya kũrũgamĩrĩra maũndũ.,0.693616047,0.311446316,Lavender,,
,Education,Access education! Enroll pastoralist children in mobile schools.,Fikia elimu! Wasajili watoto wa wafugaji katika shule zinazohamahama (mobile schools).,Nĩ ũrabatara kũruta ciana cia mũtongoria wa mĩgũnda ya kũruta cukuru.,0.594533146,0.23662882,Misati,Nĩ ũrabatara kũruta ciana cia mũtongoria wa mĩgũnda ya kũruta cukuru.,0.594533146,0.23662882,Lavender,,
,Education,Access EduTV via Kenya Education Cloud daily.,Fikia EduTV kupitia Kenya Education Cloud kila siku.,Ũhũthagĩra EduTV kũgerera Kenya Education Cloud o mũthenya.,0.679155619,0.603007665,Misati,Ũhũthagĩra EduTV kũgerera Kenya Education Cloud o mũthenya.,0.679155619,0.603007665,Lavender,,
,Education,Access EduTV via Kenya Education Cloud.,Fikia EduTV kupitia Kenya Education Cloud.,Gũkinyĩra EduTV kũgerera Kenya Education Cloud.,0.627674635,0.638078982,Misati,Gũkinyĩra EduTV kũgerera Kenya Education Cloud.,0.627674635,0.638078982,Lavender,,
,Education,Access free resources! Distribute free textbooks to rural schools.,Pata rasilimali bila malipo!,Kũheana mabuku ma gwĩruĩra cukuru-inĩ cia mĩgũnda.,0.591255237,0.430408798,Misati,Kũheana mabuku ma gwĩruĩra cukuru-inĩ cia mĩgũnda.,0.591255237,0.430408798,Lavender,,
,Education,Access KPSEA results from December 1 via school portal.,Pata matokeo ya KPSEA kuanzia Desemba 1 kupitia tovuti ya shule.,Kũhinyĩrĩria KPSEA nĩ kũhinyĩrĩria mũbango wa cukuru kuuma 1 December.,0.712560953,0.336533275,Misati,Kũhinyĩrĩria KPSEA nĩ kũhinyĩrĩria mũbango wa cukuru kuuma 1 December.,0.712560953,0.336533275,Lavender,,
,Education,"Access KPSEA results via school portal from December 1, 2025.","Pata matokeo ya KPSEA kupitia tovuti ya shule kuanzia Desemba 1, 2025.","Gũkinyĩra moimĩrĩro ma KPSEA kũgerera kĩhũngĩro kĩa cukuru kuuma Dicemba 1, 2025.",0.736060583,0.637595413,Misati,"Gũkinyĩra moimĩrĩro ma KPSEA kũgerera kĩhũngĩro kĩa cukuru kuuma Dicemba 1, 2025.",0.736060583,0.637595413,Lavender,,
,Education,Access results from December 1 via portal.,Pata matokeo kuanzia Desemba 1 kupitia tovuti.,Kũhinyĩrĩria ũhoro wa macokio kuuma 1 December kũgerera kĩhingo.,0.630956071,0.369530332,Misati,Kũhinyĩrĩria ũhoro wa macokio kuuma 1 December kũgerera kĩhingo.,0.630956071,0.369530332,Lavender,,
,Education,Access results via school portal from December 1.,Pata matokeo kupitia tovuti ya shule kuanzia Desemba 1.,Ciũria cia kũhingia maũndũ ma cukuru ciumanĩte na kĩhũngĩro kĩa cukuru kuuma 1 December.,0.597227493,0.380064279,Misati,Ciũria cia kũhingia maũndũ ma cukuru ciumanĩte na kĩhũngĩro kĩa cukuru kuuma 1 December.,0.597227493,0.380064279,Lavender,,
,Education,"Act now! Communities, prevent FGM to protect girls.","Chukua hatua sasa! Jamii, zuia ukeketaji (FGM) ili kuwalinda wasichana.","Thirikari, geria kũhũũra ciana cia ndigwa nĩguo ciĩgitĩre airĩtu.",0.60805829,0.263419954,Misati,"Thirikari, geria kũhũũra ciana cia ndigwa nĩguo ciĩgitĩre airĩtu.",0.60805829,0.263419954,Lavender,,
,Education,Adult education centers reopen January 13. Register free at any public primary school.,Vituo vya elimu ya watu wazima vitafunguliwa tena Januari 13.,Ciiko cia kũmenyeria andũ agima nĩ ciathumbũragwo rĩngĩ January 13.,0.600966238,0.394110616,Misati,Ciiko cia kũmenyeria andũ agima nĩ ciathumbũragwo rĩngĩ January 13.,0.600966238,0.394110616,Lavender,,
,Education,Adult literacy classes resume January 13. Register free at chief's office now!,Masomo ya kusoma na kuandika kwa watu wazima yataanza Januari 13. Jisajili bila malipo katika ofisi ya chifu sasa!,"Ciũngano cia andũ agima cia gũthoma na kwandika nĩ ciambĩrĩirie mweri wa mbere, mweri wa mbere, na rĩu nĩ ũrathoma thĩinĩ wa wabici ya mũnene!",0.658088915,0.419180047,Misati,"Ciũngano cia andũ agima cia gũthoma na kwandika nĩ ciambĩrĩirie mweri wa mbere, mweri wa mbere, na rĩu nĩ ũrathoma thĩinĩ wa wabici ya mũnene!",0.658088915,0.419180047,Lavender,,
,Education,All belong! Enroll refugee children in schools today.,Wasajili watoto wakimbizi shuleni leo.,"Arĩa othe matũũraga kuo, nĩ magĩrĩire kwandĩkwo cukuru-inĩ ũmũthĩ.",0.662761905,0.374410572,Misati,"Arĩa othe matũũraga kuo, nĩ magĩrĩire kwandĩkwo cukuru-inĩ ũmũthĩ.",0.662761905,0.374410572,Lavender,,
,Education,"All boarding schools must conduct safety audit by September 30, 2025.","Shule zote za bweni lazima zifanye ukaguzi wa usalama ifikapo Septemba 30, 2025.","Thukuru ciothe cia mũciĩ wa andũ agima nĩ igĩrĩirwo nĩ gũthuthuria ũgitĩri nginya Septemba 30, 2025.",0.651377002,0.435352256,Misati,"Thukuru ciothe cia mũciĩ wa andũ agima nĩ igĩrĩirwo nĩ gũthuthuria ũgitĩri nginya Septemba 30, 2025.",0.651377002,0.435352256,Lavender,,
,Education,All boarding schools must install fire alarms and sprinklers by January 6 CS orders!,Shule zote za bweni lazima ziweke kengele za moto na vinyunyiziaji maji kabla ya amri ya Waziri (CS) ya Januari 6!,"Mathukuru mothe ma cukuru cia mũingĩ magĩrĩirũo kũiga macini cia kũheana macini na cia kũthereria macini nginya January 6, rĩrĩa rĩothe C.S. ĩgũthiĩ!",0.506039951,0.270261209,Misati,"Mathukuru mothe ma cukuru cia mũingĩ magĩrĩirũo kũiga macini cia kũheana macini na cia kũthereria macini nginya January 6, rĩrĩa rĩothe C.S. ĩgũthiĩ!",0.506039951,0.270261209,Lavender,,
,Education,All can learn! Use braille and ramps for disabled students.,Kila mtu anaweza kujifunza! Tumia maandishi ya nukta nundu (Braille) na njia panda (ramps) kwa ajili ya wanafunzi wenye ulemavu.,Arutwo othe no mamenye kũhũthĩra marũa ma Braille na marũa ma kũhũthĩra marũa ma kũhũthĩra marũa ma kũhũthĩra marũa ma kũhũthĩra marũa ma kũhũthĩra marũa ma kũhũthĩra marũa ma kũhũthĩra marũa ma kũhũthĩra marũa ma kũhũthĩra marũa ma kũhũthĩra marũa ma kũhũthĩra marũa ma kũhũthĩra marũa ma kũhũthĩra marũa ma kũhũthĩra marũa ma kũhũthĩra marũa ma kũhũthĩra marũa ma kũhũthĩra marũa ma kũhũthĩra marũa ma kũhũthĩra marũa ma kũhũthĩra marũa ma kũhũthĩra marũa ma kũhũthĩra marũa ma kũhũthĩra marũa ma kũhũthĩra.,0.535460306,0.482567799,Misati,Arutwo othe no mamenye kũhũthĩra marũa ma Braille na marũa ma kũhũthĩra marũa ma kũhũthĩra marũa ma kũhũthĩra marũa ma kũhũthĩra marũa ma kũhũthĩra marũa ma kũhũthĩra marũa ma kũhũthĩra marũa ma kũhũthĩra marũa ma kũhũthĩra marũa ma kũhũthĩra marũa ma kũhũthĩra marũa ma kũhũthĩra marũa ma kũhũthĩra marũa ma kũhũthĩra marũa ma kũhũthĩra marũa ma kũhũthĩra marũa ma kũhũthĩra marũa ma kũhũthĩra marũa ma kũhũthĩra marũa ma kũhũthĩra marũa ma kũhũthĩra marũa ma kũhũthĩra marũa ma kũhũthĩra marũa ma kũhũthĩra.,0.535460306,0.482567799,Lavender,,
,Education,All dormitories must have emergency exits. Inspection starts December 1!,Kila bweni linapaswa kuwa na mlango wa kutokea wakati wa dharura.,Mĩciĩ yothe ya gũkoma nĩ ĩgĩrĩirũo gũkorũo na ihenya cia kũhingũra.,0.428605335,0.358479913,Misati,Mĩciĩ yothe ya gũkoma nĩ ĩgĩrĩirũo gũkorũo na ihenya cia kũhingũra.,0.428605335,0.358479913,Lavender,,
,Education,All Form 3 students must register as voters this week. No excuses!,Wanafunzi wote wa Kidato cha 3 lazima wasajiliwe kuwa wapiga kura wiki hii.,Arutwo othe a kĩambĩrĩria gĩa gatatũ nĩ magĩrĩire kwĩyandikithia ta ateti kiumia gĩkĩ.,0.701885784,0.417994296,Misati,Arutwo othe a kĩambĩrĩria gĩa gatatũ nĩ magĩrĩire kwĩyandikithia ta ateti kiumia gĩkĩ.,0.701885784,0.417994296,Lavender,,
,Education,All Form Four students must register as voters before leaving school.,Wanafunzi wote wa Kidato cha 4 lazima wasajiliwe kuwa wapiga kura kabla ya kumaliza shule.,Arutwo othe a kĩambĩrĩria gĩa kerĩ nĩ magĩrĩire kwĩyandikithia marĩ athuri a gĩkundi kĩu mbere ya kuuma cukuru.,0.637877416,0.445327128,Misati,Arutwo othe a kĩambĩrĩria gĩa kerĩ nĩ magĩrĩire kwĩyandikithia marĩ athuri a gĩkundi kĩu mbere ya kuuma cukuru.,0.637877416,0.445327128,Lavender,,
,Education,All Grade 6 learners automatically placed in junior secondary no exam needed.,Wanafunzi wote wa Gredi ya 6 watapelekwa moja kwa moja katika shule ya upili ya chini (JSS) bila kuhitaji mtihani.,Arutwo othe a kĩrathi gĩa 6 nĩ maathomagwo na njĩra ya kwĩhithĩria nginya kĩrathi gĩa gatatũ.,0.597793477,0.360450856,Misati,Arutwo othe a kĩrathi gĩa 6 nĩ maathomagwo na njĩra ya kwĩhithĩria nginya kĩrathi gĩa gatatũ.,0.597793477,0.360450856,Lavender,,
,Education,All public university students to get free data bundles for e-learning.,Wanafunzi wote wa vyuo vikuu vya umma watapata data (bundles) bila malipo kwa ajili ya kujifunza mtandaoni.,Arutwo othe a yunivasĩtĩ cia mũingĩ nĩ megũheo ũhoro wa kũruta ũhoro wa mũingĩ hatarĩ marĩhi.,0.671243588,0.397071104,Misati,Arutwo othe a yunivasĩtĩ cia mũingĩ nĩ megũheo ũhoro wa kũruta ũhoro wa mũingĩ hatarĩ marĩhi.,0.671243588,0.397071104,Lavender,,
,Education,All refugee children in Kenya to join public schools from January no fees.,Watoto wote wakimbizi nchini Kenya watajiunga na shule za umma kuanzia Januari bila kulipa ada.,Ciana ciothe cia ũraihu wa Kenya nĩ ikũingĩra cukuru cia mũingĩ kuuma mweri wa mbere hatarĩ marĩhi.,0.682472592,0.490296949,Misati,Ciana ciothe cia ũraihu wa Kenya nĩ ikũingĩra cukuru cia mũingĩ kuuma mweri wa mbere hatarĩ marĩhi.,0.682472592,0.490296949,Lavender,,
,Education,All registered candidates must appear in the attendance register.,Watahiniwa wote waliosajiliwa lazima waonekane kwenye orodha ya mahudhurio.,Arutwo othe arĩa maratarĩtio nĩ magĩrĩire kũingĩra thĩinĩ wa rũthiomi rwa gũthiĩ.,0.668922436,0.380217452,Misati,Arutwo othe arĩa maratarĩtio nĩ magĩrĩire kũingĩra thĩinĩ wa rũthiomi rwa gũthiĩ.,0.668922436,0.380217452,Lavender,,
,Education,All schools get Ksh 10M for ICT upgrade principal must apply by November 30!,"Shule zote zinazopata Ksh 10M kwa ajili ya kuboresha ICT, mwalimu mkuu lazima atume maombi ifikapo Novemba 30!",Thukuru ciothe iria irutaga Ksh 10M nĩ ũndũ wa kũmenyeria arĩa angĩ ũhoro wa ICT nĩ ciabataraga kũruta wĩra nginya mweri wa 11 wa ikũmi na ũmwe!,0.581442414,0.360425347,Misati,Thukuru ciothe iria irutaga Ksh 10M nĩ ũndũ wa kũmenyeria arĩa angĩ ũhoro wa ICT nĩ ciabataraga kũruta wĩra nginya mweri wa 11 wa ikũmi na ũmwe!,0.581442414,0.360425347,Lavender,,
,Education,All schools get Ksh 15M for library upgrade. Apply before December 15!,Shule zote zinapata Ksh 15M kwa ajili ya kuboresha maktaba.,Thukuru ciothe nĩ iratonya kũheo Ksh 15M nĩ ũndũ wa gũthondeka mabuku.,0.663714918,0.379626841,Misati,Thukuru ciothe nĩ iratonya kũheo Ksh 15M nĩ ũndũ wa gũthondeka mabuku.,0.663714918,0.379626841,Lavender,,
,Education,All schools get Ksh 2M digital lab grant. Principal must apply by Friday.,Shule zote kupata ruzuku ya Ksh 2M kwa maabara ya kidijitali. Mwalimu mkuu lazima aombe kabla ya Ijumaa.,Arutani othe a cukuru nĩ marutaga ũteithio wa Ksh 2M. Mũrori wa cukuru agĩrĩirũo kũruta marũa ma kũruta wĩra mũthenya wa Kiumia.,0.525837062,0.40449412,Misati,Arutani othe a cukuru nĩ marutaga ũteithio wa Ksh 2M. Mũrori wa cukuru agĩrĩirũo kũruta marũa ma kũruta wĩra mũthenya wa Kiumia.,0.525837062,0.40449412,Lavender,,
,Education,All schools get Ksh 5M for perimeter wall and gate. Works start January!,Shule zote zinapata Ksh 5M kwa ajili ya ujenzi wa kuta za mzunguko na lango. Kazi inaanza Januari!,Thukuru ciothe nĩ iratungataga na njĩra ya Ksh 5M nĩ ũndũ wa rũthingo na kĩhingo.,0.598865834,0.431808043,Misati,Thukuru ciothe nĩ iratungataga na njĩra ya Ksh 5M nĩ ũndũ wa rũthingo na kĩhingo.,0.598865834,0.431808043,Lavender,,
,Education,All schools get Ksh 5M for science lab upgrade. Apply before December 5!,Shule zote zinapata Ksh 5M kwa ajili ya kuboresha maabara za sayansi.,Thukuru ciothe nĩ iratonya kũheo Ksh 5M ya gũthondeka maũndũ ma sayansi.,0.637258874,0.395790625,Misati,Thukuru ciothe nĩ iratonya kũheo Ksh 5M ya gũthondeka maũndũ ma sayansi.,0.637258874,0.395790625,Lavender,,
,Education,All schools install CCTV and hire guards by December 31 or face closure!,Shule zote zinaweka CCTV na kuajiri walinzi ifikapo Desemba 31 au zitafungwa!,Thukuru ciothe nĩ ciĩhotithagia kũiga kamera cia kũigĩrĩra maũndũ na gũtua arangĩri wĩra nginya December 31 kana nĩ ciĩhingũragwo!,0.633138673,0.300160477,Misati,Thukuru ciothe nĩ ciĩhotithagia kũiga kamera cia kũigĩrĩra maũndũ na gũtua arangĩri wĩra nginya December 31 kana nĩ ciĩhingũragwo!,0.633138673,0.300160477,Lavender,,
,Education,All schools must conduct fire drill before December 20 no excuses!,"Shule zote lazima zifanye mazoezi ya kujiokoa na moto kabla ya Desemba 20, hakuna udhuru!",Mathukuru mothe magĩrĩirũo kũruta wĩra wa kũrũithia mwaki mbere ya Dicemba 20.,0.707993479,0.361372568,Misati,Mathukuru mothe magĩrĩirũo kũruta wĩra wa kũrũithia mwaki mbere ya Dicemba 20.,0.707993479,0.361372568,Lavender,,
,Education,All schools must have functional GBV reporting desk. Inspection starts December 1!,Shule zote lazima ziwe na ofisi ya kuripoti visa vya ukatili wa kijinsia (GBV). Ukaguzi unaanza Desemba 1!,Mathomo mothe nĩ magĩrĩire gũkorũo na kĩhũngĩro gĩa kũruta marũa ma GVB. Gũcokio gũgĩambĩrĩirie 1 December!,0.593815037,0.31385012,Misati,Mathomo mothe nĩ magĩrĩire gũkorũo na kĩhũngĩro gĩa kũruta marũa ma GVB. Gũcokio gũgĩambĩrĩirie 1 December!,0.593815037,0.31385012,Lavender,,
,Education,All schools must screen for TB before reopening. Free testing starts Monday!,Wafanyakazi wote wa shule lazima wapimwe kifua kikuu (TB) kabla ya shule kufunguliwa upya.,Mathukuru mothe nĩ magĩrĩirũo kwĩthuthuria nĩguo mone kana nĩ kũrĩ thibitarĩ mbere ya kũhingũra rĩngĩ.,0.647567272,0.399382299,Misati,Mathukuru mothe nĩ magĩrĩirũo kwĩthuthuria nĩguo mone kana nĩ kũrĩ thibitarĩ mbere ya kũhingũra rĩngĩ.,0.647567272,0.399382299,Lavender,,
,Education,All teachers get free medical cover upgrade NHIF to full package January 1!,Walimu wote watapata bima kamili ya matibabu iliyoboreshwa ya NHIF bila malipo kuanzia Januari 1!,Arutani othe nĩ marakenera ũrigitani wa thibitarĩ wa tũhũ wa NHIF nginya January 1!,0.499759585,0.422425288,Misati,Arutani othe nĩ marakenera ũrigitani wa thibitarĩ wa tũhũ wa NHIF nginya January 1!,0.499759585,0.422425288,Lavender,,
,Education,All TTC students must complete civic education module before graduation KICD directs.,Wanafunzi wote wa Vyuo vya Mafunzo ya Walimu (TTC) lazima wakamilishe moduli ya elimu ya uraia kabla ya kuhitimu kulingana na maagizo ya KICD.,Arutwo othe a TTC magĩrĩire kũruta gĩcunjĩ kĩa gĩthomo kĩa ũmenyeru wa mũtũrĩre mbere ya kũruta wĩra ũrĩa ũratongoragio nĩ KICD.,0.737131187,0.527393682,Misati,Arutwo othe a TTC magĩrĩire kũruta gĩcunjĩ kĩa gĩthomo kĩa ũmenyeru wa mũtũrĩre mbere ya kũruta wĩra ũrĩa ũratongoragio nĩ KICD.,0.737131187,0.527393682,Lavender,,
,Education,All TVET graduates guaranteed 6-month paid internship from January 2026.,Wanafunzi wote wa TVET wamepewa nafasi za mafunzo kwa vitendo (attachment) ya miezi sita kuanzia Januari 2026.,Arĩa othe maathomire TVET nĩ maheetwo mweke wa kũruta wĩra wa thikũ 6 kuuma mweri wa mbere wa mwaka wa 2026.,0.393066959,0.451572808,Misati,Arĩa othe maathomire TVET nĩ maheetwo mweke wa kũruta wĩra wa thikũ 6 kuuma mweri wa mbere wa mwaka wa 2026.,0.393066959,0.451572808,Lavender,,
,Education,"All TVET students get Ksh 10,000 monthly stipend and free laptop from January!","Wanafunzi wote wa TVET watapata Ksh 10,000 kila mwezi na kompyuta mpakato (laptop) bila malipo kuanzia Januari!","Arutwo othe a TVET nĩ marutaga Ksh 10,000 o mweri na makoragwo na kombiuta ya kompiuta ya tũhũ kuuma mweri wa January!",0.605506213,0.472549476,Misati,"Arutwo othe a TVET nĩ marutaga Ksh 10,000 o mweri na makoragwo na kombiuta ya kompiuta ya tũhũ kuuma mweri wa January!",0.605506213,0.472549476,Lavender,,
,Education,"All TVET students get Ksh 8,000 monthly stipend from January. Confirm admission first!","Wanafunzi wote wa TVET watapokea Ksh 8,000 kila mwezi kuanzia Januari.","Arutwo othe a TVET nĩ marutaga mũcaara wa Ksh 8,000 o mweri kuuma mweri wa January.",0.637825694,0.572531995,Misati,"Arutwo othe a TVET nĩ marutaga mũcaara wa Ksh 8,000 o mweri kuuma mweri wa January.",0.637825694,0.572531995,Lavender,,
,Education,All TVET students to get free laptops under new digital literacy program.,Wanafunzi wote wa TVET kupata kompyuta mpakato bila malipo chini ya mpango mpya wa kidijitali.,Arutwo othe a TVET nĩ magakenera kompiuta cia kompiuta cia mũciĩ wa tũhũ kũgerera mũbango mwerũ wa gũtaũra ũhoro na gũtaũra ũhoro.,0.646681087,0.434507175,Misati,Arutwo othe a TVET nĩ magakenera kompiuta cia kompiuta cia mũciĩ wa tũhũ kũgerera mũbango mwerũ wa gũtaũra ũhoro na gũtaũra ũhoro.,0.646681087,0.434507175,Lavender,,
,Education,"All TVET trainees to get Ksh 7,000 monthly stipend starting January.","Wafanyakazi wote wa TVET watapata mshahara wa Ksh 7,000 kila mwezi kuanzia Januari.","Arutwo othe a TVET nĩ megũkũheo mũcaara wa Ksh 7,000 kuuma mweri wa January.",0.594337996,0.609050006,Misati,"Arutwo othe a TVET nĩ megũkũheo mũcaara wa Ksh 7,000 kuuma mweri wa January.",0.594337996,0.609050006,Lavender,,
,Education,All universities must host voter registration centers IEBC orders.,Vyuo vikuu vyote lazima viwe na vituo vya usajili wa wapiga kura - amri ya IEBC.,Maathiithi mothe ma igũrũ nĩ magĩrĩire kũgĩa na ciũngano cia kũheana mathabu cia IEBC.,0.61299576,0.299033517,Misati,Maathiithi mothe ma igũrũ nĩ magĩrĩire kũgĩa na ciũngano cia kũheana mathabu cia IEBC.,0.61299576,0.299033517,Lavender,,
,Education,All university students get free 50GB data bundle. Activate with .ac.ke email now!,Wanafunzi wote wa vyuo vikuu kupata data ya 50GB bila malipo.,Arutwo othe a yunivasĩtĩ nĩ marakenera kũheo ũhoro wa goro wa GB 50 cia data.,0.698020012,0.368167909,Misati,Arutwo othe a yunivasĩtĩ nĩ marakenera kũheo ũhoro wa goro wa GB 50 cia data.,0.698020012,0.368167909,Lavender,,
,Education,Anti-bullying week starts Monday. Report via 0800721524 or school counselor!,Wiki ya kupambana na uonevu (anti-bullying) inaanza Jumatatu. Ripoti kwa kupiga simu 0800721524 au kwa mshauri wa shule!,Ũhoro wa gũtiga kũhinyĩrĩrio nĩ andũ ũkoragwo ũgĩtaarĩirio rũcinĩ rwa mbere.,0.658997973,0.257978479,Misati,Ũhoro wa gũtiga kũhinyĩrĩrio nĩ andũ ũkoragwo ũgĩtaarĩirio rũcinĩ rwa mbere.,0.658997973,0.257978479,Lavender,,
,Education,App features logic games based on civic themes,Programu ina michezo ya mantiki inayoangazia mada za uraia.,App nĩ ĩkoragwo na mĩthako ya ũũgĩ ĩgerekagĩrĩra harĩ maũndũ ma andũ,0.666828271,0.306313526,Misati,App nĩ ĩkoragwo na mĩthako ya ũũgĩ ĩgerekagĩrĩra harĩ maũndũ ma andũ,0.666828271,0.306313526,Lavender,,
,Education,App gives points for learning and reporting,App hutoa pointi kwa ajili ya kujifunza na kuripoti.,App nĩ ĩheaga tũbango twa kwĩruta na kũruta riboti,0.711533884,0.500725607,Misati,App nĩ ĩheaga tũbango twa kwĩruta na kũruta riboti,0.711533884,0.500725607,Lavender,,
,Education,Apply for bursaries for needy students 2022.,Omba ufadhili kwa wanafunzi wenye uhitaji 2022.,Reke wĩrute ũhoro wa mũhothi wa kũhe arutwo arĩa marĩ na bata 2022,0.603066563,0.322022149,Misati,Reke wĩrute ũhoro wa mũhothi wa kũhe arutwo arĩa marĩ na bata 2022,0.603066563,0.322022149,Lavender,,
,Education,Apply for TVET bursaries by March 15 via HELB portal.,Tuma maombi ya mikopo ya TVET kabla ya Machi 15 kupitia tovuti ya HELB.,Kũhoya mĩhothi ya TVET nĩ kũhĩtũkire 15 Mweri wa Gatatũ kũgerera kĩhingo kĩa HELB.,0.52138614,0.443024934,Misati,Kũhoya mĩhothi ya TVET nĩ kũhĩtũkire 15 Mweri wa Gatatũ kũgerera kĩhingo kĩa HELB.,0.52138614,0.443024934,Lavender,,
,Education,Apply for TVET bursaries by March 15 via HELB.,Omba ufadhili wa TVET kabla ya Machi 15 kupitia HELB.,Rekereria thiirĩ wa TVET nginya 15 mweri wa gatano kũgerera HELB.,0.624389889,0.463219954,Misati,Rekereria thiirĩ wa TVET nginya 15 mweri wa gatano kũgerera HELB.,0.624389889,0.463219954,Lavender,,
,Education,"Apply for TVET bursaries via HELB portal by March 15, 2025.","Omba ufadhili wa elimu ya juu kupitia tovuti ya HELB ifikapo Machi 15, 2025.",Kũhoya mĩhothi ya TVET kũgerera kĩhingo kĩa HELB nginya 15 Mweri wa Gatatũ 2025.,0.42679279,0.476465461,Misati,Kũhoya mĩhothi ya TVET kũgerera kĩhingo kĩa HELB nginya 15 Mweri wa Gatatũ 2025.,0.42679279,0.476465461,Lavender,,
,Education,Apply TVET bursaries by March 15.,Tuma maombi ya ufadhili wa TVET ifikapo Machi 15.,Kũhoya mĩhothi ya TVET nĩ kũgĩrĩire kwambĩrĩria mweri wa gatano nginya mweri wa gatano.,0.494628226,0.382142897,Misati,Kũhoya mĩhothi ya TVET nĩ kũgĩrĩire kwambĩrĩria mweri wa gatano nginya mweri wa gatano.,0.494628226,0.382142897,Lavender,,
,Education,Artists depict stories of civic justice,Wasanii huonyesha hadithi za haki za raia.,Athanii maronania ng'ano cia kĩhooto gĩa bũrũri,0.686808793,0.482228218,Misati,Athanii maronania ng'ano cia kĩhooto gĩa bũrũri,0.686808793,0.482228218,Lavender,,
,Education,Assess school performance 2025.,Tathmini utendaji wa shule 2025.,Kũmenyeria mũtaratara wa cukuru mwaka wa 2025.,0.67497939,0.5276641,Misati,Kũmenyeria mũtaratara wa cukuru mwaka wa 2025.,0.67497939,0.5276641,Lavender,,
,Education,Assess teacher performance via TPAD 2025.,Tathmini ya utendaji wa walimu kupitia TPAD 2025.,Kũmenyeria mũtaratara wa arutani kũgerera TPAD 2025.,0.743587221,0.642261792,Misati,Kũmenyeria mũtaratara wa arutani kũgerera TPAD 2025.,0.743587221,0.642261792,Lavender,,
,Education,Assess vocational outcomes 2025.,Tathmini ya matokeo ya kitaaluma ya 2025.,Kũmenyeria moimĩrĩro ma wĩra wa mwaka wa 2025.,0.655955573,0.525042936,Misati,Kũmenyeria moimĩrĩro ma wĩra wa mwaka wa 2025.,0.655955573,0.525042936,Lavender,,
,Education,Attend CBC forum February 20 at county hall.,Hudhuria mkutano wa CBC Februari 20 katika ukumbi wa kaunti.,Thiĩ mũcemanio wa CBC February 20 thĩinĩ wa county hall.,0.659047597,0.506040329,Misati,Thiĩ mũcemanio wa CBC February 20 thĩinĩ wa county hall.,0.659047597,0.506040329,Lavender,,
,Education,Attend CBC forum on February 20 at county hall.,Kuhudhuria mkutano wa CBC Februari 20 katika ukumbi wa kaunti.,Thiĩ mũcemanio wa CBC mũthenya wa 20 mweri wa kerĩ thĩinĩ wa county hall.,0.659645173,0.472773253,Misati,Thiĩ mũcemanio wa CBC mũthenya wa 20 mweri wa kerĩ thĩinĩ wa county hall.,0.659645173,0.472773253,Lavender,,
,Education,Audit school funds transparently 2023.,Dhibiti fedha za shule kwa njia ya uwazi mwaka 2023.,Gũtarĩria mbeca cia cukuru na njĩra ya ũtararĩku 2023.,0.556109169,0.489347682,Misati,Gũtarĩria mbeca cia cukuru na njĩra ya ũtararĩku 2023.,0.556109169,0.489347682,Lavender,,
,Education,Audit schools! Ensure compliance with fire safety standards.,Hakikisha unafuata viwango vya usalama wa moto.,Twaria cukuru na tũmenye atĩ nĩ tũrũmagĩrĩra ithimi cia ũgitĩri wa mwaki.,0.537226212,0.467344213,Misati,Twaria cukuru na tũmenye atĩ nĩ tũrũmagĩrĩra ithimi cia ũgitĩri wa mwaki.,0.537226212,0.467344213,Lavender,,
,Education,Back to school! Join flood recovery programs for safe learning.,Jiunge na programu za kujikwamua baada ya mafuriko ili ujifunze kwa usalama.,"Ũcokie cukuru, wĩrute maũndũ ma kwĩruta kuuma kũrĩ mĩiyũro ya mĩiyũro.",0.602516891,0.336061551,Misati,"Ũcokie cukuru, wĩrute maũndũ ma kwĩruta kuuma kũrĩ mĩiyũro ya mĩiyũro.",0.602516891,0.336061551,Lavender,,
,Education,Basic Education Statistical Booklet 2020 released.,Kitabu cha Takwimu cha Elimu ya Msingi cha 2020 kimechapishwa.,Ibuku rĩa Gĩthomo kĩa Gĩthomo kĩa Gĩthomo kĩa Mĩtĩ 2020 nĩ rĩarutirũo.,0.680580564,0.385893179,Misati,Ibuku rĩa Gĩthomo kĩa Gĩthomo kĩa Gĩthomo kĩa Mĩtĩ 2020 nĩ rĩarutirũo.,0.680580564,0.385893179,Lavender,,
,Education,"Be accountable! Schools, manage funds transparently.","Shuleni, tumia fedha kwa uwazi.","Thukuru, ũtongoria wa mbeca na njĩra njega.",0.497494555,0.424730789,Misati,"Thukuru, ũtongoria wa mbeca na njĩra njega.",0.497494555,0.424730789,Lavender,,
,Education,"Be alert! Communities, report trafficking risks to 116.","Kuwa macho! Jamii, ripoti hatari ya usafirishaji haramu wa binadamu kwa kupiga 116.","Andũ a ndũrĩrĩ, rangĩrai mũbango wa gũtharĩkĩra andũ 116.",0.57975257,0.335232196,Misati,"Andũ a ndũrĩrĩ, rangĩrai mũbango wa gũtharĩkĩra andũ 116.",0.57975257,0.335232196,Lavender,,
,Education,Be alert! Report suspicious activities near schools to authorities.,"Kuwa macho, ripoti shughuli za kutiliwa shaka karibu na shule kwa mamlaka.",Twaria maũndũ marĩa mangĩkorũo marĩ mahĩtia hakuhĩ na cukuru kũrĩ anene a thirikari.,0.483071742,0.436480658,Misati,Twaria maũndũ marĩa mangĩkorũo marĩ mahĩtia hakuhĩ na cukuru kũrĩ anene a thirikari.,0.483071742,0.436480658,Lavender,,
,Education,Be cautious! Avoid chemical hazards near schools.,"Uwe mwangalifu, epuka hatari za kemikali karibu na shule.","Wĩmenyerere, wĩtheme gũthũkia indo cia gũthondeka cia gũthondeka thiomi hakuhĩ na cukuru.",0.734794784,0.421745512,Misati,"Wĩmenyerere, wĩtheme gũthũkia indo cia gũthondeka cia gũthondeka thiomi hakuhĩ na cukuru.",0.734794784,0.421745512,Lavender,,
,Education,Be prepared! Conduct fire evacuation drills in schools.,"Jitayarishe, fanya mazoezi ya kujiokoa kutokana na moto shuleni.",Twaragĩria maũndũ ma kũhonokia andũ kuuma mwaki-inĩ cukuru-inĩ.,0.563193294,0.383697137,Misati,Twaragĩria maũndũ ma kũhonokia andũ kuuma mwaki-inĩ cukuru-inĩ.,0.563193294,0.383697137,Lavender,,
,Education,Be prepared! Conduct regular fire safety drills in schools.,Uwe tayari! Fanya mazoezi ya kawaida ya usalama wa moto shuleni.,Twaragĩria maũndũ ma kũgitĩra mwaki cukuru-inĩ.,0.625474663,0.332037529,Misati,Twaragĩria maũndũ ma kũgitĩra mwaki cukuru-inĩ.,0.625474663,0.332037529,Lavender,,
,Education,Be vigilant! Report school fee fraud to authorities.,"Kuwa macho, ripoti udanganyifu wa ada za shule kwa mamlaka.",Twaria thirikari ũhoro wa mahitia ma kũrĩha cukuru.,0.543839072,0.449467549,Misati,Twaria thirikari ũhoro wa mahitia ma kũrĩha cukuru.,0.543839072,0.449467549,Lavender,,
,Education,Boost STEM! Promote science and technology in schools.,Kuendeleza STEM! Kuendeleza sayansi na teknolojia shuleni.,Kũrehe ũhoti wa STEM! Kũrehe ũmenyo na ũgĩ cukuru-inĩ.,0.684461426,0.443018524,Misati,Kũrehe ũhoti wa STEM! Kũrehe ũmenyo na ũgĩ cukuru-inĩ.,0.684461426,0.443018524,Lavender,,
,Education,Bridge the gap! Build more schools in rural areas like Kitui.,Ziba pengo! Jenga shule zaidi katika maeneo ya vijijini kama Kitui.,Twagĩrĩirũo gwaka cukuru nyingĩ ta kũu Kitui.,0.583444173,0.493077644,Misati,Twagĩrĩirũo gwaka cukuru nyingĩ ta kũu Kitui.,0.583444173,0.493077644,Lavender,,
,Education,Bridge the gap! Provide digital tools for disabled students.,Wape wanafunzi wenye ulemavu vifaa vya kidijitali.,Kũhe arutwo arĩa marĩ na mawathe indo cia kũhũthĩra Intaneti.,0.544463324,0.531506148,Misati,Kũhe arutwo arĩa marĩ na mawathe indo cia kũhũthĩra Intaneti.,0.544463324,0.531506148,Lavender,,
,Education,Broadcasts customized per region,Maonyesho yanayolengwa kwa mikoa.,Kũmenyithia andũ ũhoro ũrĩa ũhĩtũkagio nĩ bũrũri,0.405439387,0.188992758,Misati,Kũmenyithia andũ ũhoro ũrĩa ũhĩtũkagio nĩ bũrũri,0.405439387,0.188992758,Lavender,,
,Education,Build better schools! Invest in classrooms and facilities.,"Jenga shule bora, wekeza katika madarasa na vifaa.",Twagĩrĩirũo gwaka cukuru njega na kũhũthĩra indo cia gũthoma.,0.628656655,0.405351676,Misati,Twagĩrĩirũo gwaka cukuru njega na kũhũthĩra indo cia gũthoma.,0.628656655,0.405351676,Lavender,,
,Education,Build better schools! Support infrastructure projects in ASAL regions.,Kujenga shule bora! Kuunga mkono miradi ya miundombinu katika mikoa ya ASAL.,Kũhaanda cukuru njega! Kũnyita mbaru maũndũ ma ũbango wa ithondeka rĩa mũthingi mabũrũri-inĩ ma ASAL.,0.786506488,0.373048451,Misati,Kũhaanda cukuru njega! Kũnyita mbaru maũndũ ma ũbango wa ithondeka rĩa mũthingi mabũrũri-inĩ ma ASAL.,0.786506488,0.373048451,Lavender,,
,Education,Build dormitories for boarding schools 2022.,Jenga mabweni kwa ajili ya shule za bweni 2022.,Twakĩre nyũmba cia gũkoma cia cukuru cia mũciĩ wa andũ arĩa angĩ 2022.,0.66237274,0.370429028,Misati,Twakĩre nyũmba cia gũkoma cia cukuru cia mũciĩ wa andũ arĩa angĩ 2022.,0.66237274,0.370429028,Lavender,,
,Education,Build knowledge! Establish libraries in every school.,Jenga maarifa! Anzisha maktaba katika kila shule.,"Ũgĩ ũgĩtherie, na ũgĩgĩgĩthingatĩre mabuku thĩinĩ wa cukuru ciothe.",0.636094608,0.262498048,Misati,"Ũgĩ ũgĩtherie, na ũgĩgĩgĩthingatĩre mabuku thĩinĩ wa cukuru ciothe.",0.636094608,0.262498048,Lavender,,
,Education,Build more classrooms 2022.,Jenga madarasa zaidi 2022.,Twakĩre ciikaro nyingĩ mwaka wa 2022.,0.604074501,0.446341305,Misati,Twakĩre ciikaro nyingĩ mwaka wa 2022.,0.604074501,0.446341305,Lavender,,
,Education,Build multi-purpose halls 2022.,Jenga kumbi za matumizi mbalimbali 2022.,Twakĩre nyũmba cia gũthondeka maũndũ maingĩ 2022.,0.43390811,0.359484043,Misati,Twakĩre nyũmba cia gũthondeka maũndũ maingĩ 2022.,0.43390811,0.359484043,Lavender,,
,Education,Build safely! Install flood-resistant school structures.,"Jenga shule salama, na uweke majengo yanayohimili mafuriko.",Twaragiai nyũmba cia cukuru iria itangĩiyũrũo nĩ maaĩ.,0.451980473,0.383001272,Misati,Twaragiai nyũmba cia cukuru iria itangĩiyũrũo nĩ maaĩ.,0.451980473,0.383001272,Lavender,,
,Education,Build skills! Enroll in construction training programs.,Jiunge na programu za mafunzo ya ujenzi.,Wĩrute maũndũ megiĩ wĩra wa gwaka.,0.645984351,0.473080588,Misati,Wĩrute maũndũ megiĩ wĩra wa gwaka.,0.645984351,0.473080588,Lavender,,
,Education,Build teacher resource centers 2022.,Kujenga vituo vya rasilimali za walimu 2022.,Gwaka ciĩga cia ũrigitani cia arutani 2022.,0.665944125,0.381808563,Misati,Gwaka ciĩga cia ũrigitani cia arutani 2022.,0.665944125,0.381808563,Lavender,,
,Education,Build your future! Join TVET programs for technical skills.,Jenga wakati wako ujao! Jiunge na programu za TVET kwa ujuzi wa kiufundi.,Ũka na programu cia TVET cia kũruta ũhoti wa kĩarabu.,0.643406195,0.304268777,Misati,Ũka na programu cia TVET cia kũruta ũhoti wa kĩarabu.,0.643406195,0.304268777,Lavender,,
,Education,Bursary application portal now open for needy students in all 47 counties.,Tovuti ya maombi ya ufadhili (scholarship) sasa imefunguliwa kwa wanafunzi wenye uhitaji katika kaunti zote 47.,Rĩu kĩhingo kĩa kũruta marũa ma kũheo ũgeni nĩ kĩhingũrĩtwo arutwo arĩa marĩ na bata thĩinĩ wa kaunti ciothe 47.,0.649625549,0.384397195,Misati,Rĩu kĩhingo kĩa kũruta marũa ma kũheo ũgeni nĩ kĩhingũrĩtwo arutwo arĩa marĩ na bata thĩinĩ wa kaunti ciothe 47.,0.649625549,0.384397195,Lavender,,
,Education,Bursary fraud alert: Only apply via official county portals and ignore WhatsApp scammers.,Tahadhari ya ulaghai wa ufadhili: Tuma maombi kupitia tovuti rasmi za kaunti pekee na uwaepuke walaghai wa WhatsApp.,Kũmenyithia ũhoro wa mahitia ma mbeca cia kũheo: Ĩhũthagĩra tu kũgerera wabici cia thirikari cia kaunti na ũrege kũregana na arĩa mahũraga na WhatsApp.,0.586062323,0.315374695,Misati,Kũmenyithia ũhoro wa mahitia ma mbeca cia kũheo: Ĩhũthagĩra tu kũgerera wabici cia thirikari cia kaunti na ũrege kũregana na arĩa mahũraga na WhatsApp.,0.586062323,0.315374695,Lavender,,
,Education,Bursary fraud: Only use official county portals and ignore WhatsApp groups!,Ulaghai wa Scholarship: Tumia tovuti rasmi za kaunti pekee na upuuze vikundi vya WhatsApp!,Ũhuthĩ wa mbeca cia kũruta: Hũthĩra tu mĩhĩrĩga ya thirikari ya kaunti na ũrege kũruta wĩra wa kũruta wĩra thĩinĩ wa ikundi cia WhatsApp!,0.588789795,0.324060687,Misati,Ũhuthĩ wa mbeca cia kũruta: Hũthĩra tu mĩhĩrĩga ya thirikari ya kaunti na ũrege kũruta wĩra wa kũruta wĩra thĩinĩ wa ikundi cia WhatsApp!,0.588789795,0.324060687,Lavender,,
,Education,Celebrate education milestones 2025.,Kusherehekea hatua muhimu za elimu mwaka 2025.,Kũririkana maũndũ marĩa marekĩka mwaka-inĩ wa 2025.,0.646510797,0.47939663,Misati,Kũririkana maũndũ marĩa marekĩka mwaka-inĩ wa 2025.,0.646510797,0.47939663,Lavender,,
,Education,Celebrate teachers' day 2025.,Sherehe ya Siku ya Walimu 2025.,Kũririkana Mũthenya wa Arutani 2025.,0.656891593,0.576504695,Misati,Kũririkana Mũthenya wa Arutani 2025.,0.656891593,0.576504695,Lavender,,
,Education,Centre Managers and Invigilators must register on CP2 system.,Wasimamizi wa vituo lazima wajiandikishe kwenye mfumo wa CP2.,Arĩa matongoragia ciĩga cia ũmenyereri na cia ũmenyereri nĩ magĩrĩire kwĩyandikithia thĩinĩ wa CP2.,0.650581718,0.440106861,Misati,Arĩa matongoragia ciĩga cia ũmenyereri na cia ũmenyereri nĩ magĩrĩire kwĩyandikithia thĩinĩ wa CP2.,0.650581718,0.440106861,Lavender,,
,Education,Civic education clubs mandatory in all secondary schools from 2026.,Vilabu vya elimu ya uraia ni lazima katika shule zote za upili kuanzia 2026.,Kũruta thukuru cia gĩthomo gĩa gĩthomo kĩa mũingĩ nĩ kũbataranĩtie cukuru ciothe cia sekondari kuuma mwaka wa 2026.,0.686407027,0.471894763,Misati,Kũruta thukuru cia gĩthomo gĩa gĩthomo kĩa mũingĩ nĩ kũbataranĩtie cukuru ciothe cia sekondari kuuma mwaka wa 2026.,0.686407027,0.471894763,Lavender,,
,Education,Civic education exam December 10. Download past paper from KNEC now!,Mtihani wa elimu ya uraia ni Desemba 10. Pakua karatasi za zamani kutoka KNEC sasa!,Wĩruti wa gĩthomo gĩa gĩthomo gĩa gĩthomo gĩa gĩthomo gĩa gĩthomo gĩa gĩthomo gĩa gĩthomo gĩa gĩthomo gĩa gĩthomo gĩa gĩthomo gĩa gĩthomo gĩa gĩthomo gĩa gĩthomo gĩa gĩthomo gĩa gĩthomo gĩa gĩthomo gĩa gĩthomo gĩa gĩthomo gĩa gĩthomo gĩa gĩthomo gĩa gĩthomo gĩa gĩthomo gĩa gĩthomo gĩa gĩthomo gĩa gĩthomo gĩa gĩthomo gĩa gĩthomo gĩa gĩthomo gĩa gĩthomo gĩa gĩthomo gĩa gĩthomo gĩa gĩthomo gĩa gĩthomo gĩa gĩthomo gĩa gĩthomo gĩa gĩthomo gĩa gĩthomo gĩa gĩthomo gĩa gĩthomo gĩa gĩthomo gĩa gĩthomo gĩa gĩthomo gĩa gĩthomo gĩa gĩthomo gĩa gĩthomo gĩa gĩthomo gĩa gĩthomo gĩa gĩthomo gĩa gĩthomo,0.706684224,0.629723289,Misati,Wĩruti wa gĩthomo gĩa gĩthomo gĩa gĩthomo gĩa gĩthomo gĩa gĩthomo gĩa gĩthomo gĩa gĩthomo gĩa gĩthomo gĩa gĩthomo gĩa gĩthomo gĩa gĩthomo gĩa gĩthomo gĩa gĩthomo gĩa gĩthomo gĩa gĩthomo gĩa gĩthomo gĩa gĩthomo gĩa gĩthomo gĩa gĩthomo gĩa gĩthomo gĩa gĩthomo gĩa gĩthomo gĩa gĩthomo gĩa gĩthomo gĩa gĩthomo gĩa gĩthomo gĩa gĩthomo gĩa gĩthomo gĩa gĩthomo gĩa gĩthomo gĩa gĩthomo gĩa gĩthomo gĩa gĩthomo gĩa gĩthomo gĩa gĩthomo gĩa gĩthomo gĩa gĩthomo gĩa gĩthomo gĩa gĩthomo gĩa gĩthomo gĩa gĩthomo gĩa gĩthomo gĩa gĩthomo gĩa gĩthomo gĩa gĩthomo gĩa gĩthomo gĩa gĩthomo gĩa gĩthomo gĩa gĩthomo,0.706684224,0.629723289,Lavender,,
,Education,Civic education exam leaks online. Download official version from KNEC before fake ones spread!,Mtihani wa elimu ya uraia unavuja mtandaoni. Pakua toleo rasmi kutoka KNEC kabla ya nakala feki kusambaa!,Thiĩ na mbere gũthoma ũhoro wa gĩthomo kĩa mũingĩ.,0.58991846,0.310178784,Misati,Thiĩ na mbere gũthoma ũhoro wa gĩthomo kĩa mũingĩ.,0.58991846,0.310178784,Lavender,,
,Education,Civic education exam set for December 5. Download free notes from KICD portal today.,Mafunzo ya elimu ya uraia yamepangwa Desemba 5. Pakua noti bila malipo kutoka kwenye tovuti ya KICD leo.,Gĩthomo kĩa gĩthomo kĩa mũingĩ gĩthondekwo December 5.,0.575216416,0.399497055,Misati,Gĩthomo kĩa gĩthomo kĩa mũingĩ gĩthondekwo December 5.,0.575216416,0.399497055,Lavender,,
,Education,Civic education now 25% of Grade 9 final grade. Study or fail!,Elimu ya uraia sasa inachangia 25% ya alama za mwisho za Gredi ya 9.,Ũrigithathi wa gĩthomo gĩtheru rĩu nĩ 25% ya kĩrathi gĩa 9 kĩa mũico.,0.646010104,0.370681838,Misati,Ũrigithathi wa gĩthomo gĩtheru rĩu nĩ 25% ya kĩrathi gĩa 9 kĩa mũico.,0.646010104,0.370681838,Lavender,,
,Education,Civic education now 30% of Grade 9 final score. Download free notes from KICD TODAY!,Elimu ya uraia sasa ni 30% ya alama ya mwisho ya Gredi ya 9. Pakua noti bila malipo kutoka KICD LEO!,Ũrigithathi wa gĩthomo kĩa gĩthomo gĩa 9 ũrathiĩ na mbere na gĩcunjĩ kĩa 30% kĩa gĩthomo kĩa mũthia.,0.660018428,0.392095257,Misati,Ũrigithathi wa gĩthomo kĩa gĩthomo gĩa 9 ũrathiĩ na mbere na gĩcunjĩ kĩa 30% kĩa gĩthomo kĩa mũthia.,0.660018428,0.392095257,Lavender,,
,Education,Civic education now 40% of Grade 9 score. Free notes on KICD portal!,Elimu ya uraia sasa ni 40% ya alama za Gredi ya 9. Noti bila malipo kwenye tovuti ya KICD!,Ũrigitani wa gĩcigo kĩa gĩthomo kĩa 9 rĩu nĩ 40% ya gĩcunjĩ kĩa gĩthomo kĩa gĩthomo kĩa gĩthomo gĩa 9!,0.599975601,0.370576561,Misati,Ũrigitani wa gĩcigo kĩa gĩthomo kĩa 9 rĩu nĩ 40% ya gĩcunjĩ kĩa gĩthomo kĩa gĩthomo kĩa gĩthomo gĩa 9!,0.599975601,0.370576561,Lavender,,
,Education,Civic education now a compulsory subject in all teacher training colleges.,Elimu ya uraia sasa ni somo la lazima katika vyuo vyote vya mafunzo ya walimu.,Rĩu gĩthomo kĩa gĩthomo gĩa gĩthomo nĩ gĩthomo kĩa mũhaka thĩinĩ wa cukuru ciothe cia ũrutani wa arutani.,0.737872162,0.462923601,Misati,Rĩu gĩthomo kĩa gĩthomo gĩa gĩthomo nĩ gĩthomo kĩa mũhaka thĩinĩ wa cukuru ciothe cia ũrutani wa arutani.,0.737872162,0.462923601,Lavender,,
,Education,Civic education now carries 20% weight in Grade 9 assessment. Study hard.,Elimu ya uraia sasa inabeba uzito wa 20% katika tathmini ya Gredi ya 9. Jifunze kwa bidii.,Rĩu gĩthomo kĩa gĩthomo kĩa mũingĩ kĩiyũrĩte 20% harĩ gĩthomo kĩa gĩcunjĩ gĩa kenda.,0.640209025,0.438784807,Misati,Rĩu gĩthomo kĩa gĩthomo kĩa mũingĩ kĩiyũrĩte 20% harĩ gĩthomo kĩa gĩcunjĩ gĩa kenda.,0.640209025,0.438784807,Lavender,,
,Education,"Clean schools, healthy students! Maintain sanitation to stop cholera.","Shule safi, wanafunzi wenye afya, dumisha usafi wa mazingira ili kuzuia kipindupindu.","Thukuru cia gũtheria, arutwo arĩa marĩ na ũgima wa mwĩrĩ, na ũgarũrũku wa mĩrimũ ya ng'aragu.",0.5783798,0.428653639,Misati,"Thukuru cia gũtheria, arutwo arĩa marĩ na ũgima wa mwĩrĩ, na ũgarũrũku wa mĩrimũ ya ng'aragu.",0.5783798,0.428653639,Lavender,,
,Education,Clubs host mock elections and debates,Vilabu kuandaa chaguzi za majaribio na mijadala.,Makundi nĩ marutaga ũgeni ciũria cia gũtua cira na gũcemania,0.552039004,0.260792875,Misati,Makundi nĩ marutaga ũgeni ciũria cia gũtua cira na gũcemania,0.552039004,0.260792875,Lavender,,
,Education,Clubs to perform for civic week,Vilabu kufanya kazi kwa ajili ya wiki ya uraia.,Kũrutĩra andũ wĩra mĩcemanio-inĩ ya kiumia kĩa ũgeni,0.562724757,0.296940946,Misati,Kũrutĩra andũ wĩra mĩcemanio-inĩ ya kiumia kĩa ũgeni,0.562724757,0.296940946,Lavender,,
,Education,Code your future! Learn IT skills in vocational programs.,Pata ujuzi wa TEHAMA (IT) katika programu za kitaaluma.,Wĩrute maũndũ megiĩ IT thĩinĩ wa maũndũ ma kĩyo.,0.609153993,0.362846178,Misati,Wĩrute maũndũ megiĩ IT thĩinĩ wa maũndũ ma kĩyo.,0.609153993,0.362846178,Lavender,,
,Education,"Communities, be vigilant! Report terror threats near schools.","Jamii, kuwa macho! Ripoti vitisho vya ugaidi karibu na shule.","Andũ a ndũrĩrĩ, ikaragai mwĩiguĩte!",0.627259109,0.437021805,Misati,"Andũ a ndũrĩrĩ, ikaragai mwĩiguĩte!",0.627259109,0.437021805,Lavender,,
,Education,"Communities, stay safe! Prevent abductions near schools.","Jamii, kaa salama!",Mũtikanahagĩre andũ arĩa matwarĩtwo kũrĩ cukuru.,0.50544695,0.247608077,Misati,Mũtikanahagĩre andũ arĩa matwarĩtwo kũrĩ cukuru.,0.50544695,0.247608077,Lavender,,
,Education,"Communities, support schools! Contribute to fee payments.","Jamii, saidia shule!","Ciũngano, thirikari cia cukuru!",0.610340601,0.354381271,Misati,"Ciũngano, thirikari cia cukuru!",0.610340601,0.354381271,Lavender,,
,Education,Conduct energy audits 2024.,Kufanya ukaguzi wa nishati 2024.,Kũruta ũtaratara wa ũtaratara wa ũtaratara wa ũtaratara wa ũtaratara wa ũtaratara wa ũtaratara wa ũtaratara wa ũtaratara wa ũtaratara wa ũtaratara wa ũtaratara wa ũtaratara wa ũtaratara wa ũtaratara wa ũtaratara wa ũtaratara wa ũtaratara wa ũtaratara wa ũtaratara wa ũtaratara wa ũtaratara wa ũtaratara wa ũtaratara wa ũtaratara wa ũtaratara wa ũtaratara wa ũtaratara wa ũtaratara wa ũtaratara wa ũtaratara wa ũtaratara wa ũtaratara wa ũtaratara wa ũtaratara wa ũtaratara wa ũtaratara wa ũtaratara wa ũtaratara wa ũtaratara wa ũtaratara wa ũtaratara wa ũtaratara wa ũtaratara wa ũtaratara wa ũtaratara wa ũtaratara wa ũtaratara wa ũtaratara wa,0.717909849,0.622242964,Misati,Kũruta ũtaratara wa ũtaratara wa ũtaratara wa ũtaratara wa ũtaratara wa ũtaratara wa ũtaratara wa ũtaratara wa ũtaratara wa ũtaratara wa ũtaratara wa ũtaratara wa ũtaratara wa ũtaratara wa ũtaratara wa ũtaratara wa ũtaratara wa ũtaratara wa ũtaratara wa ũtaratara wa ũtaratara wa ũtaratara wa ũtaratara wa ũtaratara wa ũtaratara wa ũtaratara wa ũtaratara wa ũtaratara wa ũtaratara wa ũtaratara wa ũtaratara wa ũtaratara wa ũtaratara wa ũtaratara wa ũtaratara wa ũtaratara wa ũtaratara wa ũtaratara wa ũtaratara wa ũtaratara wa ũtaratara wa ũtaratara wa ũtaratara wa ũtaratara wa ũtaratara wa ũtaratara wa ũtaratara wa ũtaratara wa ũtaratara wa,0.717909849,0.622242964,Lavender,,
,Education,Conduct enrollment drives 2025.,Kufanya usajili wa kuendesha 2025.,Kũruta wĩra wa kũingĩra andũ thĩinĩ wa mwaka wa 2025.,0.431675643,0.364352976,Misati,Kũruta wĩra wa kũingĩra andũ thĩinĩ wa mwaka wa 2025.,0.431675643,0.364352976,Lavender,,
,Education,Conduct equity audits 2023.,Kufanya ukaguzi wa hesabu ya vifaa (stock) mwaka 2023.,Kũruta ũtaratara wa kũhingia ũtonga wa mbeca mwaka wa 2023.,0.582690806,0.350962127,Misati,Kũruta ũtaratara wa kũhingia ũtonga wa mbeca mwaka wa 2023.,0.582690806,0.350962127,Lavender,,
,Education,Conduct fire drills in schools 2020.,Kufanya mazoezi ya kujiokoa na moto shuleni 2020.,Twaria maũndũ ma kũhonia mwaki cukuru-inĩ mwaka wa 2020.,0.584716986,0.394196999,Misati,Twaria maũndũ ma kũhonia mwaki cukuru-inĩ mwaka wa 2020.,0.584716986,0.394196999,Lavender,,
,Education,Conduct heritage days 2020.,Kufanya Siku za Urithi 2020.,Twarĩrie matukũ ma ũthamaki wa thĩ 2020.,0.596498873,0.323907624,Misati,Twarĩrie matukũ ma ũthamaki wa thĩ 2020.,0.596498873,0.323907624,Lavender,,
,Education,Conduct literacy assessments 2020.,Kufanya tathmini za uelewa wa kusoma na kuandika 2020.,Kũruta ũtarĩria wa kwandĩka na kwandĩka mwaka wa 2020.,0.541478788,0.46251612,Misati,Kũruta ũtarĩria wa kwandĩka na kwandĩka mwaka wa 2020.,0.541478788,0.46251612,Lavender,,
,Education,Conduct parent-teacher conferences biannually.,Kufanya mikutano ya wazazi na walimu mara mbili kwa mwaka.,Kũhaarĩria mĩcemanio ya aciari na arutani maita merĩ.,0.637469891,0.547599811,Misati,Kũhaarĩria mĩcemanio ya aciari na arutani maita merĩ.,0.637469891,0.547599811,Lavender,,
,Education,Conduct safety audit in boarding schools by September 30.,Fanya ukaguzi wa usalama katika shule za bweni ifikapo Septemba 30.,Gwĩka ũtaratara wa ũgitĩri cukuru-inĩ cia gũthikĩrĩria nginya Septemba 30.,0.603027788,0.436458975,Misati,Gwĩka ũtaratara wa ũgitĩri cukuru-inĩ cia gũthikĩrĩria nginya Septemba 30.,0.603027788,0.436458975,Lavender,,
,Education,Conduct safety audit using 2008 Manual by September 30.,Kufanya ukaguzi wa usalama kwa kutumia Mwongozo wa 2008 ifikapo Septemba 30.,Ĩka ũtariki wa ũgitĩri kũgerera ibuku rĩa ũtaaro rĩa 2008 nginya Septemba 30.,0.697136399,0.491541068,Misati,Ĩka ũtariki wa ũgitĩri kũgerera ibuku rĩa ũtaaro rĩa 2008 nginya Septemba 30.,0.697136399,0.491541068,Lavender,,
,Education,Conduct school audits for safety 2024.,Kufanya ukaguzi wa usalama shuleni 2024.,Kũruta wĩra wa gũthuthuria thukuru cia ũgitĩri mwaka wa 2024.,0.653818751,0.475266054,Misati,Kũruta wĩra wa gũthuthuria thukuru cia ũgitĩri mwaka wa 2024.,0.653818751,0.475266054,Lavender,,
,Education,Conduct waste management training 2024.,Kufanya mafunzo ya usimamizi wa taka 2024.,Kũruta wĩra wa kũmenyeria andũ arĩa matũũraga matũũraga matũũraga matũũraga matũũraga matũũraga matũũraga matũũraga matũũraga matũũraga matũũraga matũũraga matũũraga matũũraga matũũraga matũũraga matũũraga matũũraga matũũraga matũũraga matũũraga matũũraga matũũraga matũũraga matũũraga matũũraga matũũraga matũũraga matũũraga matũũraga matũũraga matũũraga matũũraga matũũraga matũũraga matũũraga matũũraga matũũraga matũũraga matũũraga matũũraga matũũraga matũũraga matũũraga matũũraga matũũraga matũũraga matũũraga matũũraga matũũraga matũũraga matũũra ma andũ.,0.694996042,0.499247172,Misati,Kũruta wĩra wa kũmenyeria andũ arĩa matũũraga matũũraga matũũraga matũũraga matũũraga matũũraga matũũraga matũũraga matũũraga matũũraga matũũraga matũũraga matũũraga matũũraga matũũraga matũũraga matũũraga matũũraga matũũraga matũũraga matũũraga matũũraga matũũraga matũũraga matũũraga matũũraga matũũraga matũũraga matũũraga matũũraga matũũraga matũũraga matũũraga matũũraga matũũraga matũũraga matũũraga matũũraga matũũraga matũũraga matũũraga matũũraga matũũraga matũũraga matũũraga matũũraga matũũraga matũũraga matũũraga matũũraga matũũraga matũũra ma andũ.,0.694996042,0.499247172,Lavender,,
,Education,Connect rural schools! Provide internet for learning.,Unganisha shule za vijijini!,"Twarana na cukuru cia mĩgũnda, na ũhe andũ Intaneti ya kwĩruta.",0.622680583,0.400782298,Misati,"Twarana na cukuru cia mĩgũnda, na ũhe andũ Intaneti ya kwĩruta.",0.622680583,0.400782298,Lavender,,
,Education,Connect to learn! Provide free Wi-Fi in schools.,Unganisha ili kujifunza! Kutoa Wi-Fi bila malipo shuleni.,Kũheana ũhoro wa kũhingũra Intaneti ya tũhũ cukuru-inĩ.,0.602439824,0.358475219,Misati,Kũheana ũhoro wa kũhingũra Intaneti ya tũhũ cukuru-inĩ.,0.602439824,0.358475219,Lavender,,
,Education,Continue learning! Support schools in drought zones.,Endelea kujifunza!,Thiĩ na mbere kwĩruta!,0.628319722,0.606291562,Misati,Thiĩ na mbere kwĩruta!,0.628319722,0.606291562,Lavender,,
,Education,Correct details on CBA portal now.,Rekebisha maelezo kwenye tovuti ya CBA sasa.,Rora maũndũ marĩa marekĩka thĩinĩ wa CBA.,0.591086641,0.385602487,Misati,Rora maũndũ marĩa marekĩka thĩinĩ wa CBA.,0.591086641,0.385602487,Lavender,,
,Education,Correct details on CBA portal to avoid disqualification.,Weka taarifa sahihi kwenye tovuti ya CBA ili kuepuka kukataliwa.,Kũmenyeria ũhoro ũrĩa ũrĩ thĩinĩ wa kĩhũngĩro kĩa CBA nĩguo ũtigatindĩkwo.,0.553796561,0.429166234,Misati,Kũmenyeria ũhoro ũrĩa ũrĩ thĩinĩ wa kĩhũngĩro kĩa CBA nĩguo ũtigatindĩkwo.,0.553796561,0.429166234,Lavender,,
,Education,Correct details on CBA portal to avoid issues.,Rekebisha maelezo kwenye tovuti ya CBA ili kuepuka matatizo.,Kũmenyeria ũhoro ũrĩa ũrĩ thĩinĩ wa kĩhũngĩro kĩa CBA nĩguo wĩtheme mathĩna.,0.662240004,0.478278941,Misati,Kũmenyeria ũhoro ũrĩa ũrĩ thĩinĩ wa kĩhũngĩro kĩa CBA nĩguo wĩtheme mathĩna.,0.662240004,0.478278941,Lavender,,
,Education,Cyberbullying hotline 0800721524. Report harmful posts anonymously NOW!,Kukomesha unyanyasaji mtandaoni (cyberbullying) piga 0800721524. Ripoti machapisho yenye madhara bila kutaja jina lako Sasa!,Ũhoro wa kũhinyĩrĩria andũ arĩa marenda kũhũthĩra Intaneti nĩ wa 0800721524.,0.466167983,0.320745427,Misati,Ũhoro wa kũhinyĩrĩria andũ arĩa marenda kũhũthĩra Intaneti nĩ wa 0800721524.,0.466167983,0.320745427,Lavender,,
,Education,Demand accountability! Ensure school funds are used wisely.,Tumia pesa za shule kwa hekima.,"Twagĩrĩirũo kwĩhingĩria maũndũ na njĩra ya ũũgĩ, na tũgĩe na kĩhooto.",0.452756208,0.342098712,Misati,"Twagĩrĩirũo kwĩhingĩria maũndũ na njĩra ya ũũgĩ, na tũgĩe na kĩhooto.",0.452756208,0.342098712,Lavender,,
,Education,Demand accountability! Ensure transparent school fund management.,Hakikisha uwazi katika usimamizi wa fedha za shule.,"Tĩaga kũhingia maũndũ na njĩra ya ũira, na ũmenyerere mũtaratara wa kũhũthĩra mbeca cia cukuru.",0.358318871,0.372805339,Misati,"Tĩaga kũhingia maũndũ na njĩra ya ũira, na ũmenyerere mũtaratara wa kũhũthĩra mbeca cia cukuru.",0.358318871,0.372805339,Lavender,,
,Education,Democracy clubs must meet weekly Ministry directs. Effective immediately!,Vilabu vya demokrasia lazima vitimize maagizo ya kila juma ya Wizara.,Ciũngano cia DEMOCRACY nĩ igĩrĩirũo kũhingia mawatho ma o kiumia ma ũtongoria wa thirikari.,0.600630418,0.453907606,Misati,Ciũngano cia DEMOCRACY nĩ igĩrĩirũo kũhingia mawatho ma o kiumia ma ũtongoria wa thirikari.,0.600630418,0.453907606,Lavender,,
,Education,Develop assessment rubrics 2022.,Kuandaa zana za tathmini 2022.,Kũruta mĩhari ya gĩthomo kĩa 2022.,0.510297316,0.352706203,Misati,Kũruta mĩhari ya gĩthomo kĩa 2022.,0.510297316,0.352706203,Lavender,,
,Education,Develop assessment tools 2021.,Kuanzisha zana za kutathmini 2021.,Kũruta indo cia kũgerekania mwaka wa 2021.,0.519078535,0.454860249,Misati,Kũruta indo cia kũgerekania mwaka wa 2021.,0.519078535,0.454860249,Lavender,,
,Education,Develop e-books 2021.,Tengeneza vitabu vya kielektroniki 2021.,Kũruta mabuku ma kũhũthagĩra Intaneti mwaka wa 2021.,0.476532788,0.430769334,Misati,Kũruta mabuku ma kũhũthagĩra Intaneti mwaka wa 2021.,0.476532788,0.430769334,Lavender,,
,Education,Develop sports facilities 2021.,Kuendeleza vifaa vya michezo mwaka 2021.,Kũhingia indo cia mathako mwaka wa 2021.,0.556929935,0.472454807,Misati,Kũhingia indo cia mathako mwaka wa 2021.,0.556929935,0.472454807,Lavender,,
,Education,Develop VR lessons 2021.,Tayarisha masomo ya Uhalisia Pepe (VR) 2021.,Kũruta maũndũ ma kũhũthĩra wĩyathi wa gwĩthuurĩra 2021.,0.482876405,0.430802109,Misati,Kũruta maũndũ ma kũhũthĩra wĩyathi wa gwĩthuurĩra 2021.,0.482876405,0.430802109,Lavender,,
,Education,Distribute free textbooks to all students 2022.,Sambaza vitabu vya kiada bila malipo kwa wanafunzi wote 2022.,Kũheana mabuku ma mũtaratara wa tũhũ kũrĩ arutwo othe a 2022.,0.529306262,0.509885377,Misati,Kũheana mabuku ma mũtaratara wa tũhũ kũrĩ arutwo othe a 2022.,0.529306262,0.509885377,Lavender,,
,Education,Distribute sanitary towels to girls 2020.,Usambazaji wa sodo (sanitary pads) kwa wasichana 2020.,Kũheana tũtuĩ twa gũtheria airĩtu 2020.,0.618122758,0.399750688,Misati,Kũheana tũtuĩ twa gũtheria airĩtu 2020.,0.618122758,0.399750688,Lavender,,
,Education,Do your part! Teach students about civic responsibilities.,Wafundishe wanafunzi wajibu wa uraia.,Ruta arutwo maũndũ megiĩ ũtongoria wa andũ.,0.698832937,0.421735786,Misati,Ruta arutwo maũndũ megiĩ ũtongoria wa andũ.,0.698832937,0.421735786,Lavender,,
,Education,Download CBC curriculum materials online.,Pakua vifaa vya programu ya masomo ya CBC mtandaoni.,Ruta indo cia mũtaratara wa CBC Intaneti-inĩ.,0.635725412,0.541852532,Misati,Ruta indo cia mũtaratara wa CBC Intaneti-inĩ.,0.635725412,0.541852532,Lavender,,
,Education,Download free KCSE 2025 revision papers now all subjects available.,Pakua sasa karatasi za majaribio za KCSE 2025 bila malipo.,Hũra icunjĩ cia gũthuthuria KCSE 2025 cia tũhũ rĩu na maũndũ mothe marĩa marĩ kuo.,0.501972802,0.438914656,Misati,Hũra icunjĩ cia gũthuthuria KCSE 2025 cia tũhũ rĩu na maũndũ mothe marĩa marĩ kuo.,0.501972802,0.438914656,Lavender,,
,Education,Download KCSE 2025 timetable from KNEC portal by October 1.,Pakua ratiba ya KCSE 2025 kutoka kwenye tovuti ya KNEC ifikapo Oktoba 1.,Download karati ya KCSE 2025 kuuma kĩhũngĩro kĩa KNEC nginya 1 Okt.,0.738642928,0.427634506,Misati,Download karati ya KCSE 2025 kuuma kĩhũngĩro kĩa KNEC nginya 1 Okt.,0.738642928,0.427634506,Lavender,,
,Education,Download KCSE sample papers from KNEC portal.,Pakua sampuli ya karatasi za KCSE kutoka kwenye tovuti ya KNEC.,Hũra icunjĩ cia KCSE kuuma kĩhũngĩro-inĩ kĩa KNEC.,0.6916761,0.552070488,Misati,Hũra icunjĩ cia KCSE kuuma kĩhũngĩro-inĩ kĩa KNEC.,0.6916761,0.552070488,Lavender,,
,Education,Download KCSE timetable from KNEC portal.,Pakua ratiba ya KCSE kutoka kwenye tovuti ya KNEC.,Hũra thaati cia KCSE kuuma kĩhũngĩro-inĩ kĩa KNEC.,0.770151837,0.530009939,Misati,Hũra thaati cia KCSE kuuma kĩhũngĩro-inĩ kĩa KNEC.,0.770151837,0.530009939,Lavender,,
,Education,Download KJSEA sample papers from CBA portal now.,Pakua karatasi za sampuli za KJSEA kutoka kwenye tovuti ya CBA sasa.,Hũra marũa ma KJSEA kuuma gĩthomo-inĩ kĩa CBA rĩu.,0.745085352,0.456614762,Misati,Hũra marũa ma KJSEA kuuma gĩthomo-inĩ kĩa CBA rĩu.,0.745085352,0.456614762,Lavender,,
,Education,Download KJSEA samples from CBA portal now.,Pakua sampuli za KJSEA kutoka kwenye tovuti ya CBA sasa.,Hũra icunjĩ cia KJSEA kuuma gĩtuo-inĩ kĩa CBA rĩu.,0.811184085,0.546444022,Misati,Hũra icunjĩ cia KJSEA kuuma gĩtuo-inĩ kĩa CBA rĩu.,0.811184085,0.546444022,Lavender,,
,Education,Download KPSEA sample papers from the KNEC CBA portal now.,Pakua karatasi za sampuli za KPSEA kutoka kwenye tovuti ya KNEC CBA sasa.,Hũra mbica cia KPSEA kuuma gĩtuo kĩa KNEC CBA rĩu.,0.790785342,0.482955564,Misati,Hũra mbica cia KPSEA kuuma gĩtuo kĩa KNEC CBA rĩu.,0.790785342,0.482955564,Lavender,,
,Education,Dress for success! Apply for uniform subsidies for needy students.,Fanya maombi ya msaada wa vifaa kwa wanafunzi wenye uhitaji.,Rũmĩrĩra mũtaratara wa kũhe arutwo ũteithio wa mwanya.,0.506672436,0.352930675,Misati,Rũmĩrĩra mũtaratara wa kũhe arutwo ũteithio wa mwanya.,0.506672436,0.352930675,Lavender,,
,Education,Drink safe water! Prevent cholera in schools.,"Kunywa maji safi, zuia kipindupindu shuleni.",Kũhũũra cukuru cia andũ arĩa marĩ na mũrimũ wa gũkua.,0.606538443,0.280157567,Misati,Kũhũũra cukuru cia andũ arĩa marĩ na mũrimũ wa gũkua.,0.606538443,0.280157567,Lavender,,
,Education,Dual training alert: All TVET students must sign industry contracts by December 31.,Tahadhari ya Mafunzo ya Uwili (Dual Training): Wanafunzi wote wa TVET lazima wasaini mikataba ya viwanda kabla ya Desemba 31.,Kũmenyerio kaingĩ: Arutwo othe a TVET magĩrĩire gũkinya kũrĩ kambũni ya kũruta wĩra nginya 31 Disemba.,0.610958573,0.420272252,Misati,Kũmenyerio kaingĩ: Arutwo othe a TVET magĩrĩire gũkinya kũrĩ kambũni ya kũruta wĩra nginya 31 Disemba.,0.610958573,0.420272252,Lavender,,
,Education,Dual training now mandatory: All TVET students must work while learning.,Mafunzo ya Uwili sasa ni lazima: Wanafunzi wote wa TVET lazima wafanye kazi wakati wakijifunza.,Kũmenyeria andũ maita meerĩ rĩu nĩ kũbataranĩtie: Arutwo othe a TVET magĩrĩirũo kũruta wĩra o rĩrĩa mareruta.,0.677602821,0.594011967,Misati,Kũmenyeria andũ maita meerĩ rĩu nĩ kũbataranĩtie: Arutwo othe a TVET magĩrĩirũo kũruta wĩra o rĩrĩa mareruta.,0.677602821,0.594011967,Lavender,,
,Education,EACC builds local watchdog groups to fight bribery in counties.,EACC inaunda vikundi vya kuzuia ufisadi mashinani ili kupambana na rushwa katika kaunti.,EACC nĩ ĩgĩteithia ikundi cia gũcũthĩrĩria nĩgetha ciarũe na ngarari thĩinĩ wa kaunti.,0.60863035,0.400058439,Misati,EACC nĩ ĩgĩteithia ikundi cia gũcũthĩrĩria nĩgetha ciarũe na ngarari thĩinĩ wa kaunti.,0.60863035,0.400058439,Lavender,,
,Education,EACC campaigns to encourage anonymous reporting of corruption cases.,EACC inahamasisha kampeni za kuripoti kesi za ufisadi bila kutaja majina.,EACC nĩ ĩkoragwo na mĩhang'o ya kũheana ũhoro wa ũkoroku ĩtegwĩhithĩria.,0.508898427,0.385379727,Misati,EACC nĩ ĩkoragwo na mĩhang'o ya kũheana ũhoro wa ũkoroku ĩtegwĩhithĩria.,0.508898427,0.385379727,Lavender,,
,Education,EACC forms school clubs to nurture anti-corruption values.,EACC huunda vilabu shuleni ili kusitawisha maadili ya kupambana na ufisadi.,EACC nĩ ĩrũmaga mathukuru ma cukuru magĩe na mĩtugo ya kũrũa na ũkoroku.,0.706429082,0.391060374,Misati,EACC nĩ ĩrũmaga mathukuru ma cukuru magĩe na mĩtugo ya kũrũa na ũkoroku.,0.706429082,0.391060374,Lavender,,
,Education,EACC introduces a mobile app for easy reporting of corruption.,EACC inaanzisha programu ya simu kwa ajili ya kuripoti ufisadi kwa urahisi.,EACC nĩ ĩratũma kĩhũngĩro kĩa kũruta marũa na njĩra hũthũ ya kũruta marũa megiĩ ũkoroku.,0.659103249,0.391041253,Misati,EACC nĩ ĩratũma kĩhũngĩro kĩa kũruta marũa na njĩra hũthũ ya kũruta marũa megiĩ ũkoroku.,0.659103249,0.391041253,Lavender,,
,Education,EACC introduces multiple reporting channels for whistleblowers.,EACC inaanzisha njia nyingi za kuripoti kwa watoa taarifa (whistleblowers).,EACC nĩ ĩheaga andũ arĩa marenda kũmenyithia ũhoro ũhoro ũhoro wa maũndũ moru njĩra nyingĩ cia kũmenyithia andũ.,0.523651611,0.349497186,Misati,EACC nĩ ĩheaga andũ arĩa marenda kũmenyithia ũhoro ũhoro ũhoro wa maũndũ moru njĩra nyingĩ cia kũmenyithia andũ.,0.523651611,0.349497186,Lavender,,
,Education,EACC sensitizes citizens on reporting corruption through county forums.,EACC inawajulisha raia kuhusu jinsi ya kuripoti ufisadi kupitia vikao vya kaunti.,EACC nĩ ĩmenyithagia andũ ũhoro wa kũheana riboti cia ũkoroku kũgerera wabici cia kaunti.,0.66255292,0.499717208,Misati,EACC nĩ ĩmenyithagia andũ ũhoro wa kũheana riboti cia ũkoroku kũgerera wabici cia kaunti.,0.66255292,0.499717208,Lavender,,
,Education,EACC supports local offices to prevent misuse of public funds.,EACC inasaidia ofisi za mitaa kuzuia matumizi mabaya ya fedha za umma.,EACC nĩ ĩteithagia wabici cia kũrĩa guothe kũgirĩrĩria mbeca cia thirikari kũhũthĩrũo ũũru.,0.768195561,0.590366173,Misati,EACC nĩ ĩteithagia wabici cia kũrĩa guothe kũgirĩrĩria mbeca cia thirikari kũhũthĩrũo ũũru.,0.768195561,0.590366173,Lavender,,
,Education,Educate communities! Teach banditry prevention near schools.,Fundisha jamii kuzuia uhalifu karibu na shule.,Twaragĩria andũ maũndũ megiĩ kũgirĩrĩria maheni hakuhĩ na cukuru.,0.529715156,0.357311929,Misati,Twaragĩria andũ maũndũ megiĩ kũgirĩrĩria maheni hakuhĩ na cukuru.,0.529715156,0.357311929,Lavender,,
,Education,Educate girls! Teach about FGM risks in schools.,Wafundishe wasichana kuhusu hatari za ukeketaji (FGM) shuleni.,Twarithia airĩtu maũndũ megiĩ mogwati ma kũhũũra mwana na njĩra ya kũhũũra mwana.,0.551994984,0.337705243,Misati,Twarithia airĩtu maũndũ megiĩ mogwati ma kũhũũra mwana na njĩra ya kũhũũra mwana.,0.551994984,0.337705243,Lavender,,
,Education,Educate parents! Teach FGM risks to protect girls.,Waelimishe wazazi kuhusu hatari za ukeketaji (FGM) ili kuwalinda wasichana.,Thoma kũruta aciari mogwati ma kũhũũra ciana cia kahĩĩ nĩ getha ciĩgitĩre airĩtu.,0.521842391,0.391779279,Misati,Thoma kũruta aciari mogwati ma kũhũũra ciana cia kahĩĩ nĩ getha ciĩgitĩre airĩtu.,0.521842391,0.391779279,Lavender,,
,Education,Educate students! Teach fire safety in schools.,Wafundishe wanafunzi! Wafundishe usalama wa moto shuleni.,Kũruta arutwo maũndũ megiĩ ũgitĩri wa mwaki cukuru-inĩ.,0.748177614,0.58897893,Misati,Kũruta arutwo maũndũ megiĩ ũgitĩri wa mwaki cukuru-inĩ.,0.748177614,0.58897893,Lavender,,
,Education,Educate students! Teach flood safety in schools.,Wafundishe wanafunzi! Wafundishe usalama wa mafuriko shuleni.,Kũruta arutwo ũhoro wa kũgitĩra ciana kũgerera mĩiyũro ya maaĩ.,0.753027852,0.425467535,Misati,Kũruta arutwo ũhoro wa kũgitĩra ciana kũgerera mĩiyũro ya maaĩ.,0.753027852,0.425467535,Lavender,,
,Education,Educate students! Teach protest safety in schools.,Wafundishe wanafunzi! Wafundishe usalama wa maandamano shuleni.,"Twarithia arutwo, na ũmenye atĩ nĩ kũrĩ na ũgitĩri wa kũrũĩrĩra maũndũ ma wĩyathi wa gwĩthuurĩra.",0.713002446,0.332773235,Misati,"Twarithia arutwo, na ũmenye atĩ nĩ kũrĩ na ũgitĩri wa kũrũĩrĩra maũndũ ma wĩyathi wa gwĩthuurĩra.",0.713002446,0.332773235,Lavender,,
,Education,Educate students! Teach terror prevention in schools.,Wafundishe wanafunzi! Wafundishe kuzuia ugaidi shuleni.,Kũruta arutwo maũndũ megiĩ kũgirĩrĩria ũgwati cukuru-inĩ.,0.716382558,0.537463465,Misati,Kũruta arutwo maũndũ megiĩ kũgirĩrĩria ũgwati cukuru-inĩ.,0.716382558,0.537463465,Lavender,,
,Education,Educate teachers! Teach landslide safety in schools.,Wafundishe walimu! Wafundishe usalama wa maporomoko ya ardhi shuleni.,Twarithia arutani maũndũ megiĩ ũgitĩri wa mĩiyũro ya thĩ cukuru-inĩ.,0.710441279,0.485005542,Misati,Twarithia arutani maũndũ megiĩ ũgitĩri wa mĩiyũro ya thĩ cukuru-inĩ.,0.710441279,0.485005542,Lavender,,
,Education,"Education Cabinet Secretary George Magoha outlined eight critical measures for schools resuming classes targeted initially at Grades 4, Class 8, and Form 4.","Waziri wa Elimu George Magoha alielezea hatua nane muhimu kwa shule kuanzisha tena madarasa, akilenga kwanza Gredi ya 4, Darasa la 8, na Kidato cha 4.","Mwandĩki wa Kabineti ya Ũrigitani George Magoha nĩ aarĩrĩirie maũndũ manana ma bata mũno marĩa mangĩahũthĩrũo nĩ cukuru gũcokia cukuru rĩngĩ - marĩa maambĩrĩirie kũrũgĩrĩra kĩrathi gĩa 4, kĩrathi gĩa 8, na kĩrathi gĩa 4.",0.561841143,0.401113319,Misati,"Mwandĩki wa Kabineti ya Ũrigitani George Magoha nĩ aarĩrĩirie maũndũ manana ma bata mũno marĩa mangĩahũthĩrũo nĩ cukuru gũcokia cukuru rĩngĩ - marĩa maambĩrĩirie kũrũgĩrĩra kĩrathi gĩa 4, kĩrathi gĩa 8, na kĩrathi gĩa 4.",0.561841143,0.401113319,Lavender,,
,Education,Education Chief Administrative Secretary Zac Kinuthia announced that journalists seeking to cover school-related stories must now obtain prior clearance from the Ministry of Education.,Katibu Mkuu Msaidizi wa Elimu Zac Kinuthia alitangaza kwamba waandishi wa habari wanaotaka kuchapisha habari zinazohusiana na shule lazima wapate idhini ya awali kutoka Wizara ya Elimu.,Mwandĩkĩri mũnene wa thukuru wa gĩthomo Zac Kinuthia nĩ onanirie atĩ andũ arĩa marenda kũruta maũndũ megiĩ cukuru no mũhaka makorũo na wĩyathi kuuma kũrĩ Minista wa Gwĩruta.,0.756730416,0.452428926,Misati,Mwandĩkĩri mũnene wa thukuru wa gĩthomo Zac Kinuthia nĩ onanirie atĩ andũ arĩa marenda kũruta maũndũ megiĩ cukuru no mũhaka makorũo na wĩyathi kuuma kũrĩ Minista wa Gwĩruta.,0.756730416,0.452428926,Lavender,,
,Education,Education for all! Enroll in mobile schools in pastoralist regions.,Elimu kwa wote! Jiandikishe katika shule zinazohamahama (mobile schools) katika maeneo ya wafugaji.,Andũ othe nĩ marabatara kwĩruta!,0.593779201,0.335169912,Misati,Andũ othe nĩ marabatara kwĩruta!,0.593779201,0.335169912,Lavender,,
,Education,Education for all! Join nomadic schools for pastoralist kids.,Jiunge na shule zinazohamahama kwa ajili ya watoto wa wafugaji.,"Ũrĩthomeire andũ othe, na ũtuĩke mũrutwo wa cukuru cia ageni.",0.509308343,0.344828012,Misati,"Ũrĩthomeire andũ othe, na ũtuĩke mũrutwo wa cukuru cia ageni.",0.509308343,0.344828012,Lavender,,
,Education,Eliminate school levies completely CS orders nationwide crackdown!,"Kukomesha kabisa ada za ziada shuleni, amri ya CS kwa nchi nzima!","Nĩguo tũthire mũtaratara wa kũruta cukuru, tũrabatara kũruta wĩra bũrũri-inĩ wothe!",0.506616862,0.266983536,Misati,"Nĩguo tũthire mũtaratara wa kũruta cukuru, tũrabatara kũruta wĩra bũrũri-inĩ wothe!",0.506616862,0.266983536,Lavender,,
,Education,Elimination of school levies: All public schools must comply with free education policy.,Kuondolewa kwa ada za shule: Shule zote za umma lazima zifuate sera ya elimu bila malipo.,Kũniinwo kwa mĩhothi ya cukuru: Thukuru ciothe cia mũingĩ nĩ igĩrĩire kũrũmĩrĩra ũtongoria wa ũrutani wa kũruta andũ matirĩ marĩhi.,0.718306911,0.476838973,Misati,Kũniinwo kwa mĩhothi ya cukuru: Thukuru ciothe cia mũingĩ nĩ igĩrĩire kũrũmĩrĩra ũtongoria wa ũrutani wa kũruta andũ matirĩ marĩhi.,0.718306911,0.476838973,Lavender,,
,Education,"Elimu Scholarship 2026: 9,000 slots open. Apply online before December 31.","Ufadhili wa Elimu 2026: Nafasi 9,000 wazi.","Gĩthomo kĩa Elimu 2026: Gĩthomo kĩa 9,000 kĩhingũre.",0.59765052,0.400886522,Misati,"Gĩthomo kĩa Elimu 2026: Gĩthomo kĩa 9,000 kĩhingũre.",0.59765052,0.400886522,Lavender,,
,Education,Empower girls! Provide scholarships to keep girls in school.,"Wape wasichana nguvu, toa masomo kuwafundisha wasichana.","Kũhe airĩtu hinya, kũheana tũcara tũgũthiĩ cukuru.",0.341366118,0.398122417,Misati,"Kũhe airĩtu hinya, kũheana tũcara tũgũthiĩ cukuru.",0.341366118,0.398122417,Lavender,,
,Education,Empower teachers! Provide training for modern teaching methods.,Wafundishe walimu! Wafundishe njia za kisasa za kufundisha.,Kũhe arutani hinya! Kũheana ũmenyeru wa njĩra cia kũruta cia mahinda maya.,0.502612389,0.573687121,Misati,Kũhe arutani hinya! Kũheana ũmenyeru wa njĩra cia kũruta cia mahinda maya.,0.502612389,0.573687121,Lavender,,
,Education,Empower women! Enroll in vocational training for women.,Wawezeshe wanawake! Jiandikishe katika mafunzo ya kitaaluma kwa wanawake.,Kũhe atumia hinya na kũingĩra ũrutani-inĩ wa wĩra wa atumia.,0.533372985,0.444447524,Misati,Kũhe atumia hinya na kũingĩra ũrutani-inĩ wa wĩra wa atumia.,0.533372985,0.444447524,Lavender,,
,Education,Encourage community involvement 2025.,Kuhimiza ushiriki wa jamii 2025.,Kũheana hinya wa kũrutithania wĩra wa andũ a itũũra mwaka wa 2025.,0.581356952,0.358012585,Misati,Kũheana hinya wa kũrutithania wĩra wa andũ a itũũra mwaka wa 2025.,0.581356952,0.358012585,Lavender,,
,Education,Encourage STEM enrollment for girls 2022.,Kuhimiza uandikishaji wa wasichana katika STEM 2022.,Kũheana ũhoti wa kũingĩra airĩtu kĩharoinĩ kĩa STEM 2022.,0.527226453,0.34362946,Misati,Kũheana ũhoti wa kũingĩra airĩtu kĩharoinĩ kĩa STEM 2022.,0.527226453,0.34362946,Lavender,,
,Education,Encourage vocational subjects 2025.,Kuhimiza masomo ya kitaaluma 2025.,Kũheana ũtaaro wa maũndũ ma gĩthomo 2025.,0.619083388,0.406489798,Misati,Kũheana ũtaaro wa maũndũ ma gĩthomo 2025.,0.619083388,0.406489798,Lavender,,
,Education,Enforce anti-corruption in education 2023.,Kutekeleza mikakati ya kupambana na ufisadi katika elimu 2023.,Kũhingia watho wa kũrũa na ũkoroku kĩrutanĩ-inĩ kĩa gĩthomo 2023.,0.669775256,0.493308027,Misati,Kũhingia watho wa kũrũa na ũkoroku kĩrutanĩ-inĩ kĩa gĩthomo 2023.,0.669775256,0.493308027,Lavender,,
,Education,Enforce attendance policies 2023.,Kutekeleza sera za mahudhurio mwaka 2023.,Kũhingia mawatho ma kũingĩra andũ mĩcemanio-inĩ mwaka wa 2023.,0.625716037,0.497640152,Misati,Kũhingia mawatho ma kũingĩra andũ mĩcemanio-inĩ mwaka wa 2023.,0.625716037,0.497640152,Lavender,,
,Education,Enforce code of conduct 2023.,Kutekeleza sheria za maadili 2023.,Kũhingia watho wa gwathana wa mwaka wa 2023.,0.479526076,0.448658379,Misati,Kũhingia watho wa gwathana wa mwaka wa 2023.,0.479526076,0.448658379,Lavender,,
,Education,Enforce uniform policies 2023.,Kutekeleza sera za kimuundo za 2023.,Kũhingia ũtongoria wa mũingĩ wa bũrũri wa Kenya mwaka wa 2023.,0.444324003,0.35654067,Misati,Kũhingia ũtongoria wa mũingĩ wa bũrũri wa Kenya mwaka wa 2023.,0.444324003,0.35654067,Lavender,,
,Education,Engage students! Create forums to address unrest.,Wafanye wanafunzi wajihusishe!,Ũkaana na arutwo!,0.45723175,0.14298419,Misati,Ũkaana na arutwo!,0.45723175,0.14298419,Lavender,,
,Education,Enhance library services 2024.,Kuboresha huduma za maktaba ifikapo 2024.,Kũongerera itungata cia thukuru cia mabuku mwaka wa 2024.,0.739168685,0.412395797,Misati,Kũongerera itungata cia thukuru cia mabuku mwaka wa 2024.,0.739168685,0.412395797,Lavender,,
,Education,"Enhanced security for 2025 exams: personalized papers, no phones.","Usalama ulioimarishwa kwa ajili ya mitihani ya 2025: karatasi za kibinafsi, hakuna simu.","Gũteithĩrĩria kũingĩha gwa ũgitĩri harĩ ithomo cia 2025: marũa ma kwandĩkwo na njĩra ya mũndũ, hatirĩ thimũ.",0.705145033,0.386226185,Misati,"Gũteithĩrĩria kũingĩha gwa ũgitĩri harĩ ithomo cia 2025: marũa ma kwandĩkwo na njĩra ya mũndũ, hatirĩ thimũ.",0.705145033,0.386226185,Lavender,,
,Education,Enroll in TVET programs for skills development 2025.,Jiandikishe katika programu za TVET kwa ajili ya maendeleo ya ujuzi 2025.,Gwĩta mũrutwo wa TVET wa kũmenyeria andũ ũmenyeru wa maũndũ ma kĩĩrĩgĩrĩro 2025.,0.588850804,0.314763643,Misati,Gwĩta mũrutwo wa TVET wa kũmenyeria andũ ũmenyeru wa maũndũ ma kĩĩrĩgĩrĩro 2025.,0.588850804,0.314763643,Lavender,,
,Education,Enroll now! Free primary education for all Kenyan children.,Jiandikishe sasa! Elimu ya msingi bila malipo kwa watoto wote wa Kenya.,Ciana ciothe cia Kenya nĩ irathoma cukuru cia kĩambĩrĩria hatarĩ marĩhi.,0.691932885,0.532695442,Misati,Ciana ciothe cia Kenya nĩ irathoma cukuru cia kĩambĩrĩria hatarĩ marĩhi.,0.691932885,0.532695442,Lavender,,
,Education,Enroll now! Join nomadic schools for pastoralist children.,Jiandikishe sasa! Jiunge na shule za wafugaji.,"Ũrĩthome rĩu, ũtuĩke mũrutwo wa cukuru cia ageni.",0.543684971,0.319510002,Misati,"Ũrĩthome rĩu, ũtuĩke mũrutwo wa cukuru cia ageni.",0.543684971,0.319510002,Lavender,,
,Education,Ensure access to education during COVID 2020.,Kuhakikisha upatikanaji wa elimu wakati wa COVID 2020.,Kũhingia ũgunĩka wa gĩthomo hĩndĩ ya COVID 2020.,0.736951481,0.545038808,Misati,Kũhingia ũgunĩka wa gĩthomo hĩndĩ ya COVID 2020.,0.736951481,0.545038808,Lavender,,
,Education,Ensure access! Provide digital platforms for all students.,Hakikisha upatikanaji! Toa majukwaa ya kidijitali kwa wanafunzi wote.,Kũhe arutwo othe kĩhũngĩro kĩa ũhoro wa digital.,0.660847577,0.396480547,Misati,Kũhe arutwo othe kĩhũngĩro kĩa ũhoro wa digital.,0.660847577,0.396480547,Lavender,,
,Education,Ensure all learners have textbooks by January 6.,Hakikisha wanafunzi wote wana vitabu vya kiada ifikapo Januari 6.,Nĩguo arutwo othe makorũo na mabuku ma kwĩruta nginya January 6.,0.617019939,0.390774357,Misati,Nĩguo arutwo othe makorũo na mabuku ma kwĩruta nginya January 6.,0.617019939,0.390774357,Lavender,,
,Education,Ensure all learners wear uniforms and carry IDs from January 6.,Hakikisha wanafunzi wote wanavaa sare na wana vitambulisho kuanzia Januari 6.,Nĩguo arutwo othe makorũo na uniform na marũmĩrĩre marũa ma gwĩtĩkia kuuma January 6.,0.599928205,0.354397932,Misati,Nĩguo arutwo othe makorũo na uniform na marũmĩrĩre marũa ma gwĩtĩkia kuuma January 6.,0.599928205,0.354397932,Lavender,,
,Education,Ensure clean water! Prevent cholera outbreaks in schools.,"Hakikisha kuna maji safi, na uzuie kuenea kwa kipindupindu shuleni.","Nĩguo ũkorũo na maĩ mega, na ũgirĩrĩrie mĩrimũ ya kolera kũingĩra cukuru-inĩ.",0.560955501,0.418064573,Misati,"Nĩguo ũkorũo na maĩ mega, na ũgirĩrĩrie mĩrimũ ya kolera kũingĩra cukuru-inĩ.",0.560955501,0.418064573,Lavender,,
,Education,Ensure compliance with 2008 school safety manual.,Hakikisha unafuata mwongozo wa usalama shuleni wa 2008.,Kũhingia watho wa gwathĩkĩra ibuku rĩa ũgitĩri rĩa cukuru rĩa 2008.,0.72420691,0.481383395,Misati,Kũhingia watho wa gwathĩkĩra ibuku rĩa ũgitĩri rĩa cukuru rĩa 2008.,0.72420691,0.481383395,Lavender,,
,Education,Ensure compliance with safety manual.,Hakikisha unafuata mwongozo wa usalama.,Nĩguo ũmenye atĩ nĩ ũrathingithania na ibuku rĩa gwĩthondeka.,0.798666075,0.312037444,Misati,Nĩguo ũmenye atĩ nĩ ũrathingithania na ibuku rĩa gwĩthondeka.,0.798666075,0.312037444,Lavender,,
,Education,Ensure compliance with school safety manual.,Hakikisha kufuata mwongozo wa usalama shuleni.,Nĩguo kũmenyeria atĩ nĩ kũringana na ibuku rĩa bata rĩa cukuru.,0.767073272,0.34925807,Misati,Nĩguo kũmenyeria atĩ nĩ kũringana na ibuku rĩa bata rĩa cukuru.,0.767073272,0.34925807,Lavender,,
,Education,Ensure disability ramps 2020.,Kuhakikisha ruzuku za ulemavu 2020.,Kũhingia mĩhothi ya kũrũgamĩrĩra andũ arĩa matarĩ na ũhoti wa kũhingia maũndũ ma mwĩrĩ mwaka wa 2020.,0.43375596,0.358811253,Misati,Kũhingia mĩhothi ya kũrũgamĩrĩra andũ arĩa matarĩ na ũhoti wa kũhingia maũndũ ma mwĩrĩ mwaka wa 2020.,0.43375596,0.358811253,Lavender,,
,Education,Ensure equitable resource distribution 2020.,Kuhakikisha usambazaji wa rasilimali kwa usawa 2020.,Kũhingia mũtaratara wa kũgayũkania indo mwaka wa 2020.,0.615339501,0.475562929,Misati,Kũhingia mũtaratara wa kũgayũkania indo mwaka wa 2020.,0.615339501,0.475562929,Lavender,,
,Education,Ensure inclusion! Provide digital access for all students.,Hakikisha ushirikishwaji! Toa upatikanaji wa kidijitali kwa wanafunzi wote.,Nĩ tũkũhe arutwo othe ũhoti wa kũhũthĩra Intaneti.,0.600686919,0.336754378,Misati,Nĩ tũkũhe arutwo othe ũhoti wa kũhũthĩra Intaneti.,0.600686919,0.336754378,Lavender,,
,Education,Ensure safe drinking! Provide clean water in schools.,Hakikisha kwamba kuna maji salama ya kunywa!,Nĩ wega kũnyua maĩ mega na ũheage cukuru maaĩ mega.,0.505821307,0.371176414,Misati,Nĩ wega kũnyua maĩ mega na ũheage cukuru maaĩ mega.,0.505821307,0.371176414,Lavender,,
,Education,Ensure safety! Comply with fire standards in school dormitories.,Hakikisha usalama! Fuata viwango vya moto katika mabweni ya shule.,Rũmĩrĩra mawatho ma kũhonokia mwaki thĩinĩ wa nyũmba cia cukuru.,0.671154011,0.43244866,Misati,Rũmĩrĩra mawatho ma kũhonokia mwaki thĩinĩ wa nyũmba cia cukuru.,0.671154011,0.43244866,Lavender,,
,Education,Ensure safety! Protect refugee students in schools.,Hakikisha usalama! Walinde wanafunzi wakimbizi shuleni.,Thondekaga arutwo arĩa matũũraga mathamĩrio-inĩ.,0.702142181,0.293269302,Misati,Thondekaga arutwo arĩa matũũraga mathamĩrio-inĩ.,0.702142181,0.293269302,Lavender,,
,Education,"Ensure safety! Schools, address unrest causes promptly.","Shule, shughulikieni haraka mambo yanayosababisha ghasia.",Thukuru cia Aira a Jehova nĩ ciĩragĩra maũndũ marĩa matũmaga andũ makorũo na thĩna.,0.413711894,0.275663492,Misati,Thukuru cia Aira a Jehova nĩ ciĩragĩra maũndũ marĩa matũmaga andũ makorũo na thĩna.,0.413711894,0.275663492,Lavender,,
,Education,"Ensure safety! Schools, prevent trafficking risks.","Hakikisha usalama! Shule, kuzuia hatari za usafirishaji haramu.","Thirikari nĩ ĩgĩteithia cukuru, na nĩ ĩgĩteithia andũ kũhiũrania na mogwati ma kũhuthĩra andũ.",0.588549189,0.36834359,Misati,"Thirikari nĩ ĩgĩteithia cukuru, na nĩ ĩgĩteithia andũ kũhiũrania na mogwati ma kũhuthĩra andũ.",0.588549189,0.36834359,Lavender,,
,Education,Ensure teacher-student ratio 2025.,Kuhakikisha uwiano mzuri wa walimu na wanafunzi mwaka 2025.,Kũhingia mũigana wa arutani na arutwo mwaka wa 2025.,0.605650974,0.631630712,Misati,Kũhingia mũigana wa arutani na arutwo mwaka wa 2025.,0.605650974,0.631630712,Lavender,,
,Education,"Ensure textbooks by January 6, 2025.","Hakikisha uwepo wa vitabu vya kiada ifikapo Januari 6, 2025.","Nĩguo tũmenye mabuku ma gĩthomo mbere ya January 6, 2025.",0.603417709,0.359778898,Misati,"Nĩguo tũmenye mabuku ma gĩthomo mbere ya January 6, 2025.",0.603417709,0.359778898,Lavender,,
,Education,"Ensure uniforms and IDs from January 6, 2025.","Hakikisha sare na vitambulisho kuanzia Januari 6, 2025.","Kũhingia mĩhĩrĩga ya njũa na marũa ma gwĩtĩkia kuuma January 6, 2025.",0.660988099,0.35035829,Misati,"Kũhingia mĩhĩrĩga ya njũa na marũa ma gwĩtĩkia kuuma January 6, 2025.",0.660988099,0.35035829,Lavender,,
,Education,Ensure water access in schools 2020.,Kuhakikisha upatikanaji wa maji shuleni 2020.,Kũhingia ũhotani wa kũgĩa na maĩ cukuru-inĩ mwaka wa 2020.,0.677228003,0.509938764,Misati,Kũhingia ũhotani wa kũgĩa na maĩ cukuru-inĩ mwaka wa 2020.,0.677228003,0.509938764,Lavender,,
,Education,Equip libraries in primary schools 2022.,Kuandaa maktaba katika shule za msingi 2022.,Kũhaarĩria mabuku thĩinĩ wa cukuru cia kĩambĩrĩria 2022.,0.688042744,0.496684148,Misati,Kũhaarĩria mabuku thĩinĩ wa cukuru cia kĩambĩrĩria 2022.,0.688042744,0.496684148,Lavender,,
,Education,Event includes civic talks and games,Tukio linajumuisha mazungumzo na michezo ya uraia.,Maũndũ macio nĩ hamwe na mĩario ya andũ na mĩtugo yao,0.589859354,0.418748607,Misati,Maũndũ macio nĩ hamwe na mĩario ya andũ na mĩtugo yao,0.589859354,0.418748607,Lavender,,
,Education,Every child learns! Support refugee students in schools.,Kila mtoto anajifunza!,Ciana ciothe nĩ irutaga!,0.59127708,0.44532302,Misati,Ciana ciothe nĩ irutaga!,0.59127708,0.44532302,Lavender,,
,Education,Every Form Two student must join a civic education club Ministry order.,"Kila mwanafunzi wa Kidato cha Pili lazima ajiunge na klabu ya elimu ya uraia, amri ya Wizara.",Arutwo othe a kĩama gĩa kerĩ nĩ magĩrĩire kũnyitanĩra na gĩkundi kĩa gĩthomo kĩa bũrũri ũrĩa ũrutĩtwo nĩ thirikari.,0.657166568,0.470025666,Misati,Arutwo othe a kĩama gĩa kerĩ nĩ magĩrĩire kũnyitanĩra na gĩkundi kĩa gĩthomo kĩa bũrũri ũrĩa ũrutĩtwo nĩ thirikari.,0.657166568,0.470025666,Lavender,,
,Education,Every school must form a democracy club by November 30 start today!,"Kila shule lazima iunde klabu ya demokrasia kufikia Novemba 30, anza leo!",O cukuru nĩ yagĩrĩirũo nĩ kũbanga kĩama kĩa democracy o ta ũrĩa kĩhaarĩirio mweri-inĩ wa 11 mweri wa 30.,0.64104966,0.365982058,Misati,O cukuru nĩ yagĩrĩirũo nĩ kũbanga kĩama kĩa democracy o ta ũrĩa kĩhaarĩirio mweri-inĩ wa 11 mweri wa 30.,0.64104966,0.365982058,Lavender,,
,Education,Every school must have active democracy club register on education.go.ke!,Kila shule lazima isajili vilabu vya demokrasia kwenye education.go.ke!,Thukuru o yothe nĩ ĩrabatara gũkorũo na ndũmĩrĩri ya gĩkundi kĩa democracy kĩrutaga wĩra thĩinĩ wa education.go.ke!,0.647302379,0.529419257,Misati,Thukuru o yothe nĩ ĩrabatara gũkorũo na ndũmĩrĩri ya gĩkundi kĩa democracy kĩrutaga wĩra thĩinĩ wa education.go.ke!,0.647302379,0.529419257,Lavender,,
,Education,Every school must hold mock elections November 28. Winners get certificates from IEBC!,Kila shule lazima ifanye uchaguzi wa majaribio Novemba 28. Washindi kupata vyeti kutoka IEBC!,O gĩthomo gĩothe nĩ kĩagĩrĩirũo nĩ kũbanga ithurano cia mweri wa 11 28. Athũkĩri nĩ magĩrĩirũo kũheo marũa ma IEBC!,0.757873812,0.345372022,Misati,O gĩthomo gĩothe nĩ kĩagĩrĩirũo nĩ kũbanga ithurano cia mweri wa 11 28. Athũkĩri nĩ magĩrĩirũo kũheo marũa ma IEBC!,0.757873812,0.345372022,Lavender,,
,Education,Expand junior secondary 2022.,Kuongeza shule za upili za chini (JSS) 2022.,Kũrĩithia gĩthomo kĩa sekondarĩ ya mwaka wa 2022.,0.478845587,0.371280227,Misati,Kũrĩithia gĩthomo kĩa sekondarĩ ya mwaka wa 2022.,0.478845587,0.371280227,Lavender,,
,Education,Expand minds! Stock school libraries with diverse books.,Panua uwezo wako wa kufikiri!,Twaragĩria andũ arĩa marĩ na ciĩko njega!,0.429073636,0.269382934,Misati,Twaragĩria andũ arĩa marĩ na ciĩko njega!,0.429073636,0.269382934,Lavender,,
,Education,Expand online courses 2024.,Kuongeza kozi za mtandaoni mwaka 2024.,Kũheana ũhoro wa maũndũ marĩa marekwo thĩinĩ wa intaneti mwaka wa 2024.,0.593396998,0.415052081,Misati,Kũheana ũhoro wa maũndũ marĩa marekwo thĩinĩ wa intaneti mwaka wa 2024.,0.593396998,0.415052081,Lavender,,
,Education,Expand pre-primary education 2022.,Kuongeza vituo vya elimu ya awali (ECDE) 2022.,Kũongerera gĩthomo kĩa mbere ya gĩthomo kĩa mũtaratara wa mbere 2022.,0.459815544,0.468522459,Misati,Kũongerera gĩthomo kĩa mbere ya gĩthomo kĩa mũtaratara wa mbere 2022.,0.459815544,0.468522459,Lavender,,
,Education,Expand TVET centers 2024.,Kupanua vituo vya TVET mwaka 2024.,Kũgarũra ciũngano cia TVET mwaka wa 2024.,0.612732027,0.491718369,Misati,Kũgarũra ciũngano cia TVET mwaka wa 2024.,0.612732027,0.491718369,Lavender,,
,Education,Expansion of special needs classrooms in 300 public schools.,Kupanua madarasa ya mahitaji maalum katika shule 300 za umma.,Kũongerereka kwa ciikaro cia cukuru cia thirikari iria ciĩ na mabataro ma mwanya thĩinĩ wa thukuru 300.,0.657768714,0.421995345,Misati,Kũongerereka kwa ciikaro cia cukuru cia thirikari iria ciĩ na mabataro ma mwanya thĩinĩ wa thukuru 300.,0.657768714,0.421995345,Lavender,,
,Education,Experiment and learn! Equip schools with science laboratories.,Jaribu na ujifunze!,"Ĩka ũmenyo na wĩrute maũndũ maingĩ, na ũhe cukuru cia sayansi irathi cia gũthuthuria maũndũ.",0.517340573,0.330379735,Misati,"Ĩka ũmenyo na wĩrute maũndũ maingĩ, na ũhe cukuru cia sayansi irathi cia gũthuthuria maũndũ.",0.517340573,0.330379735,Lavender,,
,Education,Feed kids! Support meal programs in drought zones.,Walishe watoto!,Tũngĩteithia mĩbango ya irio kũndũ kũrĩa kũtarĩ na maĩ.,0.477057752,0.382272424,Misati,Tũngĩteithia mĩbango ya irio kũndũ kũrĩa kũtarĩ na maĩ.,0.477057752,0.382272424,Lavender,,
,Education,Feed students! Provide meals in drought-affected schools.,"Wape wanafunzi chakula, na uandae chakula katika shule zilizoathiriwa na ukame.","Kũhe arutwo irio, na kũheana irio cukuru-inĩ iria ciathumbũirũo nĩ ng'aragu.",0.544859307,0.568217405,Misati,"Kũhe arutwo irio, na kũheana irio cukuru-inĩ iria ciathumbũirũo nĩ ng'aragu.",0.544859307,0.568217405,Lavender,,
,Education,Feeling stressed? Call 1195 for free mental health support.,"Je, unahisi umevunjika moyo?",Nĩ ũiguaga ũiyũrĩtwo nĩ kĩeha?,0.52723206,0.423050166,Misati,Nĩ ũiguaga ũiyũrĩtwo nĩ kĩeha?,0.52723206,0.423050166,Lavender,,
,Education,Fight corruption! Teach students to report graft in education.,Piga vita ufisadi! Wafundishe wanafunzi kuripoti ufisadi katika elimu.,Thoma kũruta arutwo ũhoro wa mahĩtia thĩinĩ wa gĩthomo.,0.674003124,0.484022107,Misati,Thoma kũruta arutwo ũhoro wa mahĩtia thĩinĩ wa gĩthomo.,0.674003124,0.484022107,Lavender,,
,Education,Final KCSE 2025 revision bundle 10 years past papers and answers. Download NOW!,Kifurushi cha mwisho cha marudio cha KCSE 2025 chenye karatasi na majibu ya miaka 10 iliyopita. Pakua sasa!,Ũhoro wa kũhingia KCSE 2025 nĩ ũcoketie mĩaka 10 thutha wa gũthuthuria mabuku na macokio.,0.637735181,0.310051011,Misati,Ũhoro wa kũhingia KCSE 2025 nĩ ũcoketie mĩaka 10 thutha wa gũthuthuria mabuku na macokio.,0.637735181,0.310051011,Lavender,,
,Education,Final rollout: Inclusive education policy now covers all TVET institutions every learner welcome!,"Kuanzishwa kwa mwisho: Sera ya elimu jumuishi sasa inashughulikia taasisi zote za TVET, kila mwanafunzi anakaribishwa!",Ũhoro wa kũhingia: Rĩu kĩbango kĩa gĩthomo gĩthimĩte harĩ andũ othe kĩhũthagĩra mũno maũndũ ma TVET.,0.556039491,0.31909899,Misati,Ũhoro wa kũhingia: Rĩu kĩbango kĩa gĩthomo gĩthimĩte harĩ andũ othe kĩhũthagĩra mũno maũndũ ma TVET.,0.556039491,0.31909899,Lavender,,
,Education,Fix the future! Join automotive repair courses.,"Fanya maendeleo, jiunge na masomo ya ufundi wa magari.",Ũka cukuru cia gũthondeka ngari.,0.479189593,0.371170429,Misati,Ũka cukuru cia gũthondeka ngari.,0.479189593,0.371170429,Lavender,,
,Education,Flood alert: Schools in 15 counties to close early parents collect children NOW!,"Tahadhari ya mafuriko: Shule katika kaunti 15 zafungwa, wazazi wanakusanya watoto WAKATI HUU!",Kũmenyerera: Thukuru thĩinĩ wa icigo 15 nĩ ciathire ciana cia aciari arĩa matarĩ agima!,0.52966299,0.323483843,Misati,Kũmenyerera: Thukuru thĩinĩ wa icigo 15 nĩ ciathire ciana cia aciari arĩa matarĩ agima!,0.52966299,0.323483843,Lavender,,
,Education,Flood-prone schools get Ksh 10M each for drainage works start Monday!,Shule zilizoathiriwa na mafuriko kupokea Ksh 10M kila moja kwa ajili ya kazi za mifereji ya maji inayoanza Jumatatu!,Mathukuru marĩa matanyamarĩkaga nĩ marakenera Ksh 10M o ũmwe nĩ ũndũ wa wĩra wa gũthondeka maĩ kwambĩrĩria mũthenya wa Monĩ!,0.596380682,0.40781195,Misati,Mathukuru marĩa matanyamarĩkaga nĩ marakenera Ksh 10M o ũmwe nĩ ũndũ wa wĩra wa gũthondeka maĩ kwambĩrĩria mũthenya wa Monĩ!,0.596380682,0.40781195,Lavender,,
,Education,Focus on grassroots advocacy techniques,Kuzingatia mbinu za kutetea haki za watu.,Kũhũthĩra njĩra cia kũrũĩrĩra andũ arĩa marĩ thĩinĩ wa gĩkundi kĩa andũ,0.509415388,0.255805979,Misati,Kũhũthĩra njĩra cia kũrũĩrĩra andũ arĩa marĩ thĩinĩ wa gĩkundi kĩa andũ,0.509415388,0.255805979,Lavender,,
,Education,Focus on relatable civic issues,Kazia fikira masuala ya uraia yanayohusiana.,Rekei tũthuthurie maũndũ marĩa mahutĩtie andũ,0.586752054,0.335237233,Misati,Rekei tũthuthurie maũndũ marĩa mahutĩtie andũ,0.586752054,0.335237233,Lavender,,
,Education,Focus on rights-based storytelling,Kuzingatia hadithi zinazotegemea haki.,Kũrũmbũiya maũndũ marĩa marekwo nĩ andũ arĩa marĩ na mawatho ma kũhũthĩra maũndũ mao,0.605275934,0.273349851,Misati,Kũrũmbũiya maũndũ marĩa marekwo nĩ andũ arĩa marĩ na mawatho ma kũhũthĩra maũndũ mao,0.605275934,0.273349851,Lavender,,
,Education,Focus on youth registration and duties,Kuzingatia usajili na majukumu ya vijana.,Kũrũmbũiya maũndũ ma kwĩhithĩria andũ ethĩ na mawĩra mao,0.553732678,0.408677107,Misati,Kũrũmbũiya maũndũ ma kwĩhithĩria andũ ethĩ na mawĩra mao,0.553732678,0.408677107,Lavender,,
,Education,Form 14: Register as voters this week or miss 2027 elections!,Kidato cha 1 - 4: Jisajili kama mpiga kura wiki hii au ukose uchaguzi wa 2027!,Rũthiomi rwa kwandikithia: Ĩĩtagĩra gũthuura wiki kana ũtigũtigĩre ũtuĩria wa 2022!,0.69021588,0.249428249,Misati,Rũthiomi rwa kwandikithia: Ĩĩtagĩra gũthuura wiki kana ũtigũtigĩre ũtuĩria wa 2022!,0.69021588,0.249428249,Lavender,,
,Education,Form 4 leavers: Register as voters before December 31 or lose your 2027 vote!,Wanaomaliza Kidato cha 4: Jisajili kama mpiga kura kabla ya Desemba 31 au upoteze kura yako ya 2027!,Arĩa maratiga kũhũthĩra fomu ya 4: Ĩtĩkĩrĩre kwĩyamũrĩra mbere ya Dicemba 31 kana ũtigethererũo nĩ ũhoti waku wa mwaka wa 2027!,0.586067777,0.339505213,Misati,Arĩa maratiga kũhũthĩra fomu ya 4: Ĩtĩkĩrĩre kwĩyamũrĩra mbere ya Dicemba 31 kana ũtigethererũo nĩ ũhoti waku wa mwaka wa 2027!,0.586067777,0.339505213,Lavender,,
,Education,Form One reporting starts January 6 bring only admission letter and birth certificate.,"Kuripoti kwa Kidato cha 1 kunaanza Januari 6, leta tu barua ya kujiunga na cheti cha kuzaliwa.","Kũmenyithia ũhoro wa mũtaratara wa mbere kwambĩrĩria January 6, kũrehagwo marũa ma kũingĩra na marũa ma gũciarũo.",0.64694225,0.454996538,Misati,"Kũmenyithia ũhoro wa mũtaratara wa mbere kwambĩrĩria January 6, kũrehagwo marũa ma kũingĩra na marũa ma gũciarũo.",0.64694225,0.454996538,Lavender,,
,Education,Free 100GB data for all KCSE 2025 candidates. Activate with candidate number NOW!,Data ya 100GB bila malipo kwa watahiniwa wote wa KCSE 2025.,Ũhoro wa kũhingũra namba ya mũrutwo rĩu nĩ wa kũhingũra namba ya mũrutwo rĩu!,0.611373948,0.340112944,Misati,Ũhoro wa kũhingũra namba ya mũrutwo rĩu nĩ wa kũhingũra namba ya mũrutwo rĩu!,0.611373948,0.340112944,Lavender,,
,Education,Free 200GB data bundle for all teachers. Activate with TSC number before December 31!,Kifurushi cha data cha 200GB bila malipo kwa walimu wote.,Ũhoro wa kũhingũra ũtũmĩra wa TSC mbere ya 31 December!,0.663167017,0.28788663,Misati,Ũhoro wa kũhingũra ũtũmĩra wa TSC mbere ya 31 December!,0.663167017,0.28788663,Lavender,,
,Education,Free Adobe Creative Cloud for all university students claim with .ac.ke email NOW!,Adobe Creative Cloud bila malipo kwa wanafunzi wote wa vyuo vikuu; idai ukitumia barua pepe yako ya .ac.ke sasa!,Adobe Creative Cloud ya kũruta wĩra wa tũhũ nĩ ĩgũtwarithia arutwo othe a yunivasĩtĩ na marũa ma .ac.ke rĩu!,0.708556047,0.389041052,Misati,Adobe Creative Cloud ya kũruta wĩra wa tũhũ nĩ ĩgũtwarithia arutwo othe a yunivasĩtĩ na marũa ma .ac.ke rĩu!,0.708556047,0.389041052,Lavender,,
,Education,Free adult literacy classes resume in all constituencies starting January 2025.,Masomo ya kusoma na kuandika bila malipo kwa watu wazima yataanza tena katika kaunti zote kuanzia Januari 2025.,Ciũngano ciothe cia andũ agima cia gũthoma na kwandika nĩ ciambĩrĩirie kũruta wĩra wa kũruta wĩra wa kũruta mabuku kuuma o kĩambĩrĩria-inĩ kĩa mweri wa mbere mwaka wa 2025.,0.663609438,0.341959284,Misati,Ciũngano ciothe cia andũ agima cia gũthoma na kwandika nĩ ciambĩrĩirie kũruta wĩra wa kũruta wĩra wa kũruta mabuku kuuma o kĩambĩrĩria-inĩ kĩa mweri wa mbere mwaka wa 2025.,0.663609438,0.341959284,Lavender,,
,Education,"Free AI  and robotics courses for 8,000 youth. Register via TVETA portal TODAY!","Mafunzo ya bure ya AI na roboti kwa vijana 8,000. Jisajili kupitia tovuti ya TVETA LEO!","Kũruta maũndũ ma AI na ma robotiki hatarĩ marĩhi harĩ andũ 8,000.",0.66647217,0.423407016,Misati,"Kũruta maũndũ ma AI na ma robotiki hatarĩ marĩhi harĩ andũ 8,000.",0.66647217,0.423407016,Lavender,,
,Education,Free bus and hostel and meals for all TVET students reporting January!,"Basi, hosteli na chakula bila malipo kwa wanafunzi wote wa TVET wanaoripoti Januari!",Bisi ya tũhũ na nyũmba ya gũikara na irio cia kũrĩa nĩ cia arutwo othe a TVET arĩa marutaga riboti mweri wa January!,0.731373659,0.4559689,Misati,Bisi ya tũhũ na nyũmba ya gũikara na irio cia kũrĩa nĩ cia arutwo othe a TVET arĩa marutaga riboti mweri wa January!,0.731373659,0.4559689,Lavender,,
,Education,Free bus fare for all TVET students reporting in January. Present your admission letter.,Basi la bure kwa wanafunzi wote wa TVET wanaoripoti Januari; wasilisha barua yako ya kujiunga.,"Kũrĩ arutwo othe a TVET arĩa maroka kwĩruta mweri wa mbere, no magĩe na ngari ya kũingĩra.",0.545289652,0.28952405,Misati,"Kũrĩ arutwo othe a TVET arĩa maroka kwĩruta mweri wa mbere, no magĩe na ngari ya kũingĩra.",0.545289652,0.28952405,Lavender,,
,Education,Free bus passes and laptops for all TVET reporters in January. Collect from institute!,Tiketi ya basi na kompyuta mpakato bila malipo kwa wanafunzi wote wapya wa TVET Januari.,Mabati ma mbathi na kombiuta cia kũigana cia kũruta wĩra cia TVET nĩ cia tũhũ harĩ andũ othe arĩa marenda kwandĩka ũhoro wa TVET mweri-inĩ wa mbere.,0.508257109,0.361444995,Misati,Mabati ma mbathi na kombiuta cia kũigana cia kũruta wĩra cia TVET nĩ cia tũhũ harĩ andũ othe arĩa marenda kwandĩka ũhoro wa TVET mweri-inĩ wa mbere.,0.508257109,0.361444995,Lavender,,
,Education,Free bus passes for all TVET students reporting in January. Collect from principal.,Basi la bure kwa wanafunzi wote wa TVET wanaoripoti Januari.,Mabasi ma kũruta wĩra ma thiirĩ nĩ ma bata harĩ arutwo othe a TVET arĩa maroka kwĩruta wĩra mweri wa mbere.,0.52912625,0.330632462,Misati,Mabasi ma kũruta wĩra ma thiirĩ nĩ ma bata harĩ arutwo othe a TVET arĩa maroka kwĩruta wĩra mweri wa mbere.,0.52912625,0.330632462,Lavender,,
,Education,"Free coding bootcamps for 10,000 youth. Register via TVETA portal now.","Kambi za bure za mafunzo ya usimbaji (coding bootcamps) kwa vijana 10,000. Jisajili kupitia tovuti ya TVETA sasa.","Kũruta andũ 10,000 maũndũ ma kũmenyeria arĩa angĩ.",0.705300146,0.252011606,Misati,"Kũruta andũ 10,000 maũndũ ma kũmenyeria arĩa angĩ.",0.705300146,0.252011606,Lavender,,
,Education,Free counseling for exam stress: call 0800721524 or visit school counselor!,Ushauri nasaha wa bure kwa shinikizo la mitihani: piga simu 0800721524 au mtembelee mshauri wa shule!,Ũteithio wa kũmenyeria arĩa marakĩrora mathukuru ma cukuru: thimũ 0800721524 kana ũceerere mũtabarĩri wa cukuru!,0.764549451,0.357724897,Misati,Ũteithio wa kũmenyeria arĩa marakĩrora mathukuru ma cukuru: thimũ 0800721524 kana ũceerere mũtabarĩri wa cukuru!,0.764549451,0.357724897,Lavender,,
,Education,Free data bundles for all KCSE candidates until March 2026; no zero-rating needed!,Vifurushi vya data bila malipo kwa watahiniwa wote wa KCSE hadi Machi 2026; hakuna makato (zero-rating) yatahitajika!,Kũrĩ na ũhoro wa tũhũ wa arĩa othe marenda KCSE nginya mweri wa gatano wa 2026; gũtirĩ ũtarĩtio wa zero ũrabatara!,0.694439653,0.332240842,Misati,Kũrĩ na ũhoro wa tũhũ wa arĩa othe marenda KCSE nginya mweri wa gatano wa 2026; gũtirĩ ũtarĩtio wa zero ũrabatara!,0.694439653,0.332240842,Lavender,,
,Education,"Free day secondary capitation increased to Ksh 22,244 per student; confirm with your principal.","Ruzuku ya elimu bila malipo kwa shule za kutwa (day schools) imeongezwa hadi Ksh 22,244 kwa kila mwanafunzi; thibitisha na mwalimu mkuu wako.","Mũigana wa arutwo arĩa mathiaga cukuru wa sekondari nĩ wongererekete nginya Ksh 22,244 harĩ mũrutwo ũmwe; nĩ ũgũcokia marũa macio kũrĩ mũrori waku.",0.634895292,0.404060714,Misati,"Mũigana wa arutwo arĩa mathiaga cukuru wa sekondari nĩ wongererekete nginya Ksh 22,244 harĩ mũrutwo ũmwe; nĩ ũgũcokia marũa macio kũrĩ mũrori waku.",0.634895292,0.404060714,Lavender,,
,Education,"Free digital library with 50,000 books launched; no login needed!","Maktaba ya kidijitali bila malipo yenye vitabu 50,000 imezinduliwa; huhitaji kuingia (log in)!","Ibuku rĩa Intaneti rĩa tũhũ na mabuku 50,000 nĩ rĩambĩrĩirie kũrutwo; gũtirĩ bata wa kwĩhithĩria!",0.637142001,0.421978918,Misati,"Ibuku rĩa Intaneti rĩa tũhũ na mabuku 50,000 nĩ rĩambĩrĩirie kũrutwo; gũtirĩ bata wa kwĩhithĩria!",0.637142001,0.421978918,Lavender,,
,Education,Free digital textbooks now available on KICD portal for all subjects.,Vitabu vya kiada vya kidijitali bila malipo sasa vinapatikana kwenye tovuti ya KICD kwa masomo yote.,Mabuku ma gũthuura ũhoro wa digitar marĩa marĩ ho nĩ magĩrĩire kũrutwo na njĩra ya kĩhũngĩro kĩa KICD.,0.607337043,0.309043291,Misati,Mabuku ma gũthuura ũhoro wa digitar marĩa marĩ ho nĩ magĩrĩire kũrutwo na njĩra ya kĩhũngĩro kĩa KICD.,0.607337043,0.309043291,Lavender,,
,Education,Free Google Workspace for all Kenyan teachers; claim your account today!,Google Workspace bila malipo kwa walimu wote Kenya; omba akaunti yako leo!,Ũhoro wa kũhingũra mũtaratara wa kũruta wĩra wa Google nĩ wa tũhũ harĩ arutani othe a Kenya; wĩyandikĩrie ũmũthĩ!,0.640009728,0.399673863,Misati,Ũhoro wa kũhingũra mũtaratara wa kũruta wĩra wa Google nĩ wa tũhũ harĩ arutani othe a Kenya; wĩyandikĩrie ũmũthĩ!,0.640009728,0.399673863,Lavender,,
,Education,Free hairdressing and beauty therapy courses for youth.,Mafunzo ya bure ya unyozi na urembo (cosmetology) kwa vijana.,Kũruta wĩra wa kũruga njuĩrĩ na kũhũthĩra njĩra ya gũcũnga njuĩrĩ hatarĩ marĩhi harĩ andũ ethĩ.,0.578648228,0.372022698,Misati,Kũruta wĩra wa kũruga njuĩrĩ na kũhũthĩra njĩra ya gũcũnga njuĩrĩ hatarĩ marĩhi harĩ andũ ethĩ.,0.578648228,0.372022698,Lavender,,
,Education,"Free holiday tuition for 50,000 Grade 8 learners starts December 1; register now!","Masomo ya likizo bila malipo kwa wanafunzi 50,000 wa Darasa la 8 yanaanza Desemba 1; jisajili sasa!","Kũruta cukuru cia tũhũ cia mũico cia arutwo 50,000 a kĩrathi gĩa 8 kwambĩrĩria December 1; wĩyandikĩrie rĩu!",0.701439954,0.401484601,Misati,"Kũruta cukuru cia tũhũ cia mũico cia arutwo 50,000 a kĩrathi gĩa 8 kwambĩrĩria December 1; wĩyandikĩrie rĩu!",0.701439954,0.401484601,Lavender,,
,Education,Free KCSE 2025 mock papers for all subjects uploaded; download before midnight crash!,Karatasi za majaribio za KCSE 2025 bila malipo kwa masomo yote zimepakiwa; pakua kabla ya usiku wa manane mtandao usilemewe!,Marũa ma kwĩhumbĩra ma KCSE 2025 nĩ ma tũhũ harĩ ciũria ciothe iria ciakĩrutwo; rora mbere ya ũtukũ wa gatandatũ!,0.623306594,0.420233371,Misati,Marũa ma kwĩhumbĩra ma KCSE 2025 nĩ ma tũhũ harĩ ciũria ciothe iria ciakĩrutwo; rora mbere ya ũtukũ wa gatandatũ!,0.623306594,0.420233371,Lavender,,
,Education,Free KCSE 2025 past papers uploaded; download before servers crash tonight!,Karatasi za zamani za KCSE 2025 bila malipo zimepakiwa; pakua kabla ya seva kulemewa usiku wa leo!,"Marũa ma KCSE 2025 ma tene nĩ ma tũhũ, na nĩ ma gũthikwo mbere ya tũbũri tũgĩthũkĩra ũtukũ ũyũ!",0.583301794,0.338122039,Misati,"Marũa ma KCSE 2025 ma tene nĩ ma tũhũ, na nĩ ma gũthikwo mbere ya tũbũri tũgĩthũkĩra ũtukũ ũyũ!",0.583301794,0.338122039,Lavender,,
,Education,Free laptops  and toolkits for all 2025 TVET engineering graduates.,Kompyuta mpakato na vifaa vya kazi bila malipo kwa wahitimu wote wa uhandisi wa TVET 2025.,Macini cia kũruta wĩra cia kompiuta na indo cia kũruta wĩra cia mũingĩ nĩ cia tũhũ harĩ arĩa othe mathire gĩthurano kĩa ũhandia kĩa TVET mwaka wa 2025.,0.513038509,0.353696269,Misati,Macini cia kũruta wĩra cia kompiuta na indo cia kũruta wĩra cia mũingĩ nĩ cia tũhũ harĩ arĩa othe mathire gĩthurano kĩa ũhandia kĩa TVET mwaka wa 2025.,0.513038509,0.353696269,Lavender,,
,Education,Free laptops for all KCSE 2025 candidates who register as voters IEBC incentive.,Kompyuta mpakato bila malipo kwa watahiniwa wote wa KCSE 2025 wanaojisajili kama wapiga kura.,Indo cia kũhũthĩra kompiuta cia mũtaratara wa kũruta wĩra nĩ cia bata mũno harĩ arĩa othe marutaga wĩra KCSE 2025 arĩa marĩĩtĩkanĩtie ta ateti.,0.681922336,0.275628791,Misati,Indo cia kũhũthĩra kompiuta cia mũtaratara wa kũruta wĩra nĩ cia bata mũno harĩ arĩa othe marutaga wĩra KCSE 2025 arĩa marĩĩtĩkanĩtie ta ateti.,0.681922336,0.275628791,Lavender,,
,Education,Free menstrual cups for 1 million schoolgirls; collect from health center this week!,Vikombe vya hedhi (menstrual cups) bila malipo kwa wasichana milioni moja; pata kutoka kituo cha afya wiki hii!,Ciana imwe cia airĩtu nĩ magĩaga na gĩkombe kĩa kũgĩa na ihinda rĩa mweri hatarĩ marĩhi; ciĩhwo kuuma kambĩ-inĩ ya ũrigitani kiumia gĩkĩ!,0.597302218,0.373078565,Misati,Ciana imwe cia airĩtu nĩ magĩaga na gĩkombe kĩa kũgĩa na ihinda rĩa mweri hatarĩ marĩhi; ciĩhwo kuuma kambĩ-inĩ ya ũrigitani kiumia gĩkĩ!,0.597302218,0.373078565,Lavender,,
,Education,"Free national digital library launched 100,000 books, no login required!","Maktaba ya Kitaifa ya Kidijitali Bila Malipo yazindua vitabu 100,000, bila kuhitaji kuingia!","Ibuku rĩa Intaneti rĩa Gĩthũngũ rĩambĩrĩirie kũruta mabuku 100,000, hatirĩ bata wa kwĩhithĩria!",0.563431628,0.402893662,Misati,"Ibuku rĩa Intaneti rĩa Gĩthũngũ rĩambĩrĩirie kũruta mabuku 100,000, hatirĩ bata wa kwĩhithĩria!",0.563431628,0.402893662,Lavender,,
,Education,"Free national revision TV channel launches December 1 KBC Channel 23, 24/7!","Kituo cha kitaifa cha marudio cha TV kinazinduliwa Desemba 1 kwenye KBC Channel 23, saa 24!",TV ya Gũcokerithia ya Mũciĩ wa Gũthiĩ Ĩkũrutanaga Ĩkũrutanaga Ĩkũrutanaga Ĩkũrutanaga Ĩkũrutanaga Ĩkũrutanaga Ĩkũrutanaga Ĩkũrutanaga Ĩkũrutanaga Ĩkũrutanaga Ĩkũrutanaga Ĩkũrutanaga Ĩrĩ Ĩkũrutanaga Ĩrĩ Ĩkũrutanaga Ĩrĩ Ĩkũrutanaga Ĩrĩ Ĩrĩ Ĩkũrutanaga Ĩrĩ Ĩrĩ Ĩkũrutanaga Ĩrĩ Ĩrĩ Ĩrĩ Ĩkũrutanaga Ĩrĩ Ĩrĩ Ĩrĩ Ĩrĩ Ĩkũrutanaga Ĩrĩ Ĩrĩ Ĩrĩ Ĩrĩ Ĩrĩ Ĩrĩ Ĩrĩ Ĩrutanaga Ĩrĩ Ĩrĩ Ĩrĩ Ĩrĩ Ĩrĩ Ĩrĩ Ĩrĩ Ĩrutanaga Ĩrĩ Ĩrĩ Ĩrĩ Ĩrĩ Ĩrĩa Ĩrutanaga Ĩrĩ Ĩrĩ Ĩrĩa Ĩrĩ Ĩrĩ Ĩrĩa,0.677411633,0.322579675,Misati,TV ya Gũcokerithia ya Mũciĩ wa Gũthiĩ Ĩkũrutanaga Ĩkũrutanaga Ĩkũrutanaga Ĩkũrutanaga Ĩkũrutanaga Ĩkũrutanaga Ĩkũrutanaga Ĩkũrutanaga Ĩkũrutanaga Ĩkũrutanaga Ĩkũrutanaga Ĩkũrutanaga Ĩrĩ Ĩkũrutanaga Ĩrĩ Ĩkũrutanaga Ĩrĩ Ĩkũrutanaga Ĩrĩ Ĩrĩ Ĩkũrutanaga Ĩrĩ Ĩrĩ Ĩkũrutanaga Ĩrĩ Ĩrĩ Ĩrĩ Ĩkũrutanaga Ĩrĩ Ĩrĩ Ĩrĩ Ĩrĩ Ĩkũrutanaga Ĩrĩ Ĩrĩ Ĩrĩ Ĩrĩ Ĩrĩ Ĩrĩ Ĩrĩ Ĩrutanaga Ĩrĩ Ĩrĩ Ĩrĩ Ĩrĩ Ĩrĩ Ĩrĩ Ĩrĩ Ĩrutanaga Ĩrĩ Ĩrĩ Ĩrĩ Ĩrĩ Ĩrĩa Ĩrutanaga Ĩrĩ Ĩrĩ Ĩrĩa Ĩrĩ Ĩrĩ Ĩrĩa,0.677411633,0.322579675,Lavender,,
,Education,Free online CBC Grade 9 revision classes start Monday register via e-Citizen.,"Madarasa ya marudio ya mtandaoni bila malipo kwa Gredi ya 9 ya CBC yanaanza Jumatatu, jisajili kupitia e-Citizen.",Ciũngano cia CBC cia kĩrathi gĩa 9 cia kũgarũrĩra Bibilia na njĩra ya Intaneti cia mũhothi wa kũgarũrĩra Bibilia nĩ ciambĩrĩria kwĩhithĩria andũ a CBC mũthenya wa Kĩambĩrĩria wa Kĩambĩrĩria.,0.69198927,0.268113923,Misati,Ciũngano cia CBC cia kĩrathi gĩa 9 cia kũgarũrĩra Bibilia na njĩra ya Intaneti cia mũhothi wa kũgarũrĩra Bibilia nĩ ciambĩrĩria kwĩhithĩria andũ a CBC mũthenya wa Kĩambĩrĩria wa Kĩambĩrĩria.,0.69198927,0.268113923,Lavender,,
,Education,Free plumbing and electrical courses offered in 50 TVET institutions.,Kozi za bure za ufundi bomba na umeme zinatolewa katika taasisi 50 za TVET.,Makĩria ma arutwo 50 a TVET nĩ marutaga wĩra wa kũruta wĩra wa kũruta wĩra wa kũruta wĩra wa kũruta wĩra wa kũruta wĩra wa kũruta wĩra wa kũruta wĩra wa kũruta wĩra wa kũruta wĩra wa kũruta wĩra wa kũruta wĩra wa kũruta wĩra wa kũruta wĩra wa kũruta wĩra wa kũruta wĩra wa kũruta wĩra wa kũruta wĩra wa kũruta wĩra wa kũruta wĩra wa kũruta wĩra wa kũruta wĩra wa kũruta wĩra wa kũruta wĩra wa kũruta wĩra wa kũruta wĩra wa kũruta wĩra wa kũruta wĩra wa kũruta wĩra wa kũruta wĩra wa kũruta wĩra wa kũruta wĩra wa kũruta wĩra wa kũruta wĩra wa kũruta wĩra wa kũruta wĩra wa kũruta wĩra wa kũruta wĩra wa kũruta wĩra wa kũruta wĩra wa kũruta wĩra.,0.62909475,0.415884786,Misati,Makĩria ma arutwo 50 a TVET nĩ marutaga wĩra wa kũruta wĩra wa kũruta wĩra wa kũruta wĩra wa kũruta wĩra wa kũruta wĩra wa kũruta wĩra wa kũruta wĩra wa kũruta wĩra wa kũruta wĩra wa kũruta wĩra wa kũruta wĩra wa kũruta wĩra wa kũruta wĩra wa kũruta wĩra wa kũruta wĩra wa kũruta wĩra wa kũruta wĩra wa kũruta wĩra wa kũruta wĩra wa kũruta wĩra wa kũruta wĩra wa kũruta wĩra wa kũruta wĩra wa kũruta wĩra wa kũruta wĩra wa kũruta wĩra wa kũruta wĩra wa kũruta wĩra wa kũruta wĩra wa kũruta wĩra wa kũruta wĩra wa kũruta wĩra wa kũruta wĩra wa kũruta wĩra wa kũruta wĩra wa kũruta wĩra wa kũruta wĩra wa kũruta wĩra wa kũruta wĩra wa kũruta wĩra.,0.62909475,0.415884786,Lavender,,
,Education,"Free revision camp for 10,000 KCSE candidates starts tomorrow, register now!","Kambi ya marudio ya bure kwa watahiniwa 10,000 wa KCSE inaanza kesho, jisajili sasa!","Mũcemanio wa andũ 10,000 arĩa marenda kwandĩka KCSE ũkaarambĩrĩria rũciũ, wĩyandikĩrie rĩu!",0.687801315,0.456875558,Misati,"Mũcemanio wa andũ 10,000 arĩa marenda kwandĩka KCSE ũkaarambĩrĩria rũciũ, wĩyandikĩrie rĩu!",0.687801315,0.456875558,Lavender,,
,Education,"Free revision camp for 20,000 KCSE candidates starts December 1, register now!","Kambi ya marudio ya bure kwa watahiniwa 20,000 wa KCSE inaanza Desemba 1, jisajili sasa!","Mũcemanio wa kũgarũrĩra maũndũ wa tũhũ wa arũmĩrĩri 20,000 a KCSE wambĩrĩirie December 1, wĩyandikĩrie rĩu!",0.680755455,0.466787288,Misati,"Mũcemanio wa kũgarũrĩra maũndũ wa tũhũ wa arũmĩrĩri 20,000 a KCSE wambĩrĩirie December 1, wĩyandikĩrie rĩu!",0.680755455,0.466787288,Lavender,,
,Education,Free revision materials uploaded for KCPE and KCSE candidates.,Vifaa vya marudio bila malipo vimepakiwa kwa ajili ya watahiniwa wa KPSEA na KCSE.,Ũhoro wa gũthuthuria wahingĩirio na tũhũ nĩ arĩa mareruta KCPE na KCSE.,0.633479476,0.375862151,Misati,Ũhoro wa gũthuthuria wahingĩirio na tũhũ nĩ arĩa mareruta KCPE na KCSE.,0.633479476,0.375862151,Lavender,,
,Education,Free revision timetable and notes for all subjects; download from education.go.ke NOW!,Ratiba na noti za marudio bila malipo kwa masomo yote; pakua kutoka education.go.ke SASA!,Ũhoro wa gũthuthuria maũndũ mothe na ũtarie maũndũ mothe; ũcookerie gĩcunjĩ-inĩ gĩkĩ kĩa education.go.ke ĨRĨ!,0.597375207,0.315282258,Misati,Ũhoro wa gũthuthuria maũndũ mothe na ũtarie maũndũ mothe; ũcookerie gĩcunjĩ-inĩ gĩkĩ kĩa education.go.ke ĨRĨ!,0.597375207,0.315282258,Lavender,,
,Education,Free sanitary towels and underwear for 2 million girls; collect from class teacher!,Wanawake milioni 2 watapewa sodo na nguo za ndani bila malipo; zipokee kutoka kwa mwalimu wa darasa!,Ciana milioni igĩrĩ nĩ ciĩhũthagĩra mathani ma ũthereri na nguo cia thĩinĩ cia tũhũ; ciĩhũthagĩra kuuma kũrĩ mwarimũ wa klase!,0.44908915,0.336853338,Misati,Ciana milioni igĩrĩ nĩ ciĩhũthagĩra mathani ma ũthereri na nguo cia thĩinĩ cia tũhũ; ciĩhũthagĩra kuuma kũrĩ mwarimũ wa klase!,0.44908915,0.336853338,Lavender,,
,Education,Free sanitary towels delivered to all public schools; principals must distribute today.,Sodo bila malipo zilitolewa kwa shule zote za umma; walimu wakuu lazima wazisambaze leo.,Tĩri wa ũgitĩri wa tũhũ ũheanĩtwo kũrĩ cukuru ciothe cia mũingĩ; athuri a cukuru nĩ magĩrĩirũo kũheana ũmũthĩ.,0.483532446,0.406204909,Misati,Tĩri wa ũgitĩri wa tũhũ ũheanĩtwo kũrĩ cukuru ciothe cia mũingĩ; athuri a cukuru nĩ magĩrĩirũo kũheana ũmũthĩ.,0.483532446,0.406204909,Lavender,,
,Education,"Free school bus service for 500,000 rural learners starts January!","Huduma ya basi la shule bila malipo kwa wanafunzi 500,000 wa vijijini inaanza Januari!","Tũrĩ na mbathi cia cukuru cia tũhũ cia arutwo 500,000 kuuma mĩgũnda-inĩ kwambĩrĩria mweri wa mbere!",0.686572273,0.438276307,Misati,"Tũrĩ na mbathi cia cukuru cia tũhũ cia arutwo 500,000 kuuma mĩgũnda-inĩ kwambĩrĩria mweri wa mbere!",0.686572273,0.438276307,Lavender,,
,Education,"Free school uniforms for 500,000 Grade 7 learners; collection starts Monday.","Sare za shule bila malipo kwa wanafunzi 500,000 wa Gredi ya 7; ukusanyaji unaanza Jumatatu.","Mũrango wa cukuru wa tũhũ wa arutwo 500,000 a kĩrathi gĩa 7; kũng'ethana kwambĩrĩirie mũthenya wa Monĩ.",0.653122771,0.393974979,Misati,"Mũrango wa cukuru wa tũhũ wa arutwo 500,000 a kĩrathi gĩa 7; kũng'ethana kwambĩrĩirie mũthenya wa Monĩ.",0.653122771,0.393974979,Lavender,,
,Education,Free sign-language interpreters in 500 schools; request via principal!,Wafasiri wa lugha ya ishara bila malipo katika shule 500; omba kupitia kwa mwalimu mkuu!,Arutĩri a rũthiomi rwa kwaria na ciĩko matingĩgũra cukuru-inĩ 500; hũra thimũ kũrĩ mwarimũ!,0.671649889,0.43552848,Misati,Arutĩri a rũthiomi rwa kwaria na ciĩko matingĩgũra cukuru-inĩ 500; hũra thimũ kũrĩ mwarimũ!,0.671649889,0.43552848,Lavender,,
,Education,"Free startup capital Ksh 200,000 for top 1,000 TVET graduates!","Mtaji wa kuanzia biashara wa Ksh 200,000 bila malipo kwa wahitimu 1,000 bora wa TVET!","Mũciĩ mũnene wa kũambĩrĩria wa kĩheo kĩa goro Ksh 200,000 nĩ ũndũ wa arĩa marĩkĩtie kũruta wĩra wa TVET 1,000!",0.616581644,0.343620125,Misati,"Mũciĩ mũnene wa kũambĩrĩria wa kĩheo kĩa goro Ksh 200,000 nĩ ũndũ wa arĩa marĩkĩtie kũruta wĩra wa TVET 1,000!",0.616581644,0.343620125,Lavender,,
,Education,"Free startup toolkits worth Ksh 150,000 for all 2025 TVET graduates!","Vifaa vya kuanzisha biashara vya thamani ya Ksh 150,000 bila malipo kwa wahitimu wote wa TVET wa 2025!","Indo cia kũambĩrĩria cia kũruta wĩra cia tũhũ cia Ksh 150,000 nĩ cia arĩa othe marĩkia gĩthurano kĩa TVET mwaka wa 2025!",0.557276331,0.402029723,Misati,"Indo cia kũambĩrĩria cia kũruta wĩra cia tũhũ cia Ksh 150,000 nĩ cia arĩa othe marĩkia gĩthurano kĩa TVET mwaka wa 2025!",0.557276331,0.402029723,Lavender,,
,Education,"Free toolkits worth Ksh 100,000 for all 2025 TVET graduates in technical courses.","Vifaa vya kazi vya thamani ya Ksh 100,000 bila malipo kwa wahitimu wote wa masomo ya kiufundi ya TVET ya 2025.","Indo cia kũhũthĩra indo cia kũruta wĩra cia Ksh 100,000 nĩ cia bata harĩ arĩa othe maathomire gĩthomo kĩa TVET kĩa 2025.",0.497031514,0.344941757,Misati,"Indo cia kũhũthĩra indo cia kũruta wĩra cia Ksh 100,000 nĩ cia bata harĩ arĩa othe maathomire gĩthomo kĩa TVET kĩa 2025.",0.497031514,0.344941757,Lavender,,
,Education,"Free TVET courses in AI, robotics  and coding 5,000 slots open countrywide.","Kozi za bure za TVET katika AI, roboti na usimbaji; nafasi 5,000 wazi kote nchi.","Makĩria ma arutwo 5,000 a TVET arĩa matongoragia ũhoro wa AI, robotiki na kwandĩka macokio nĩ mathingũirũo bũrũri-inĩ wothe.",0.581098724,0.360404684,Misati,"Makĩria ma arutwo 5,000 a TVET arĩa matongoragia ũhoro wa AI, robotiki na kwandĩka macokio nĩ mathingũirũo bũrũri-inĩ wothe.",0.581098724,0.360404684,Lavender,,
,Education,"Free uniforms for 600,000 Grade 7 learners; collect from school starting Monday!","Sare bila malipo kwa wanafunzi 600,000 wa Gredi ya 7; chukua shuleni kuanzia Jumatatu!","Arutwo 600,000 a kĩrathi gĩa 7 nĩ makaheo nguo cia mũciĩ wa tũhũ; mambĩrĩria cukuru mũthenya wa Monĩ!",0.639761743,0.368757923,Misati,"Arutwo 600,000 a kĩrathi gĩa 7 nĩ makaheo nguo cia mũciĩ wa tũhũ; mambĩrĩria cukuru mũthenya wa Monĩ!",0.639761743,0.368757923,Lavender,,
,Education,"Free voter education app launched, scan QR code in your classroom today.","Programu ya bure ya elimu kwa wapiga kura imezinduliwa, changanua nambari ya QR darasani kwako leo.","Ũhoro wĩgiĩ ũrutani wa ateti ũrathirũo kambĩinĩ ya ũrutani wa kĩhooto, ũthuthuria namba cia QR thĩinĩ wa kĩrathi gĩaku ũmũthĩ.",0.674820716,0.360937825,Misati,"Ũhoro wĩgiĩ ũrutani wa ateti ũrathirũo kambĩinĩ ya ũrutani wa kĩhooto, ũthuthuria namba cia QR thĩinĩ wa kĩrathi gĩaku ũmũthĩ.",0.674820716,0.360937825,Lavender,,
,Education,Free voter education TV show starts Monday 7PM on KBC don't miss!,"Kipindi cha elimu kwa wapiga kura bila malipo kwenye TV kinaanza Jumatatu saa 1 usiku kwenye KBC, usikose!",Thibuni ya ũrutani wa arĩa mathuurĩte ĩgathiĩ mbere ya mũthenya wa Monĩ thaa mũgwanja cia hwaĩ-inĩ thĩinĩ wa KBC.,0.590176719,0.385333868,Misati,Thibuni ya ũrutani wa arĩa mathuurĩte ĩgathiĩ mbere ya mũthenya wa Monĩ thaa mũgwanja cia hwaĩ-inĩ thĩinĩ wa KBC.,0.590176719,0.385333868,Lavender,,
,Education,Free voter education WhatsApp bot launched save 0111222333 and type Hi now!,Boti (bot) ya WhatsApp ya elimu kwa wapiga kura bila malipo imezinduliwa; hifadhi 0111222333 na uandike Hi sasa!,Ũrutani wa arĩa mathuurĩte wa tũhũ wa WhatsApp nĩ wambĩrĩirie.,0.6721755,0.339804756,Misati,Ũrutani wa arĩa mathuurĩte wa tũhũ wa WhatsApp nĩ wambĩrĩirie.,0.6721755,0.339804756,Lavender,,
,Education,Free Zoom Pro for all Kenyan teachers; claim with TSC number today!,Zoom Pro bila malipo kwa walimu wote Kenya; omba kwa kutumia nambari ya TSC leo!,Ũhoro wa Zoom Pro wa tũhũ kũrĩ arutani othe a Kenya; wĩyandikĩrie na namba ya TSC ũmũthĩ!,0.627397526,0.493398204,Misati,Ũhoro wa Zoom Pro wa tũhũ kũrĩ arutani othe a Kenya; wĩyandikĩrie na namba ya TSC ũmũthĩ!,0.627397526,0.493398204,Lavender,,
,Education,Fund arts festivals 2022.,Fadhili tamasha la sanaa 2022.,Mĩcemanio ya ũthomi wa mbeca mwaka wa 2022.,0.376404127,0.408603894,Misati,Mĩcemanio ya ũthomi wa mbeca mwaka wa 2022.,0.376404127,0.408603894,Lavender,,
,Education,Fund education! Support nomadic schools for pastoralists.,Kuunga mkono elimu! Kuunga mkono shule zinazohamahama kwa ajili ya wafugaji.,"Nĩ tũkũrutĩra andũ gĩthomo gĩa kũmenyeria, na nĩ tũkũrutĩra andũ gĩthomo gĩa kũmenyeria.",0.549164828,0.3822965,Misati,"Nĩ tũkũrutĩra andũ gĩthomo gĩa kũmenyeria, na nĩ tũkũrutĩra andũ gĩthomo gĩa kũmenyeria.",0.549164828,0.3822965,Lavender,,
,Education,Fund inclusion! Support bursaries for students with special needs.,Ushirikiano wa kifedha!,Kũheana mĩhothi ya kũheana ũteithio kũrĩ arutwo arĩa marĩ na mawathe ma mwanya.,0.451252311,0.514890286,Misati,Kũheana mĩhothi ya kũheana ũteithio kũrĩ arutwo arĩa marĩ na mawathe ma mwanya.,0.451252311,0.514890286,Lavender,,
,Education,Fund lab equipment 2023.,Fadhili vifaa vya maabara 2023.,Mũhothi wa indo cia gũthondeka maũndũ ma gũthondeka maũndũ ma gũthondeka maũndũ ma gũthondeka maũndũ ma gũthondeka maũndũ ma gũthondeka maũndũ ma gũthondeka maũndũ ma gũthondeka maũndũ ma gũthondeka maũndũ ma gũthondeka maũndũ ma gũthondeka maũndũ ma gũthondeka maũndũ ma gũthondeka maũndũ ma gũthondeka maũndũ ma gũthondeka maũndũ ma gũthondeka maũndũ ma gũthondeka maũndũ ma gũthondeka maũndũ ma gũthondeka maũndũ ma gũthondeka maũndũ ma gũthondeka maũndũ ma gũthondeka maũndũ ma gũthondeka maũndũ ma gũthondeka maũndũ ma gũthondeka maũndũ ma gũthondeka maũndũ ma gũthondeka maũndũ ma gũthondeka maũndũ ma gũthondeka maũndũ ma gũthondeka maũndũ ma gũthondeka maũndũ ma gũthondeka maũndũ ma gũthondeka maũndũ ma gũthondeka maũndũ ma gũthondeka maũndũ ma gũthondeka maũndũ ma gũthondeka maũndũ ma gũthondeka maũndũ ma gũthondeka maũndũ ma gũthondeka maũndũ ma gũthondeka maũndũ ma gũthondeka maũndũ ma gũthondeka maũndũ ma gũthondeka maũndũ ma gũthondeka maũndũ ma gũthondeka maũndũ ma gũthondeka maũndũ ma gũthondeka maũndũ ma,0.66610323,0.608534462,Misati,Mũhothi wa indo cia gũthondeka maũndũ ma gũthondeka maũndũ ma gũthondeka maũndũ ma gũthondeka maũndũ ma gũthondeka maũndũ ma gũthondeka maũndũ ma gũthondeka maũndũ ma gũthondeka maũndũ ma gũthondeka maũndũ ma gũthondeka maũndũ ma gũthondeka maũndũ ma gũthondeka maũndũ ma gũthondeka maũndũ ma gũthondeka maũndũ ma gũthondeka maũndũ ma gũthondeka maũndũ ma gũthondeka maũndũ ma gũthondeka maũndũ ma gũthondeka maũndũ ma gũthondeka maũndũ ma gũthondeka maũndũ ma gũthondeka maũndũ ma gũthondeka maũndũ ma gũthondeka maũndũ ma gũthondeka maũndũ ma gũthondeka maũndũ ma gũthondeka maũndũ ma gũthondeka maũndũ ma gũthondeka maũndũ ma gũthondeka maũndũ ma gũthondeka maũndũ ma gũthondeka maũndũ ma gũthondeka maũndũ ma gũthondeka maũndũ ma gũthondeka maũndũ ma gũthondeka maũndũ ma gũthondeka maũndũ ma gũthondeka maũndũ ma gũthondeka maũndũ ma gũthondeka maũndũ ma gũthondeka maũndũ ma gũthondeka maũndũ ma gũthondeka maũndũ ma gũthondeka maũndũ ma gũthondeka maũndũ ma gũthondeka maũndũ ma gũthondeka maũndũ ma gũthondeka maũndũ ma,0.66610323,0.608534462,Lavender,,
,Education,Fund programs! Support mental health in schools.,Fadhili programu za kusaidia afya ya akili shuleni.,Nĩ tũkũrutĩra andũ mĩhothi ya gwĩciria cukuru-inĩ.,0.55459231,0.434253619,Misati,Nĩ tũkũrutĩra andũ mĩhothi ya gwĩciria cukuru-inĩ.,0.55459231,0.434253619,Lavender,,
,Education,Fund research in universities 2023.,Fadhili utafiti katika vyuo vikuu 2023.,Ũrutani wa mbeca thĩinĩ wa yunivasiti 2023.,0.740943571,0.545518129,Misati,Ũrutani wa mbeca thĩinĩ wa yunivasiti 2023.,0.740943571,0.545518129,Lavender,,
,Education,Fund schools! Ensure timely capitation for stability.,Fadhili shule! Hakikisha utoaji wa ruzuku kwa wakati ili kuleta utulivu.,"Nĩguo ũkorũo na ũgitĩri, nĩ wega kũhingia maũndũ macio o ihinda rĩagĩrĩire.",0.496942528,0.315704911,Misati,"Nĩguo ũkorũo na ũgitĩri, nĩ wega kũhingia maũndũ macio o ihinda rĩagĩrĩire.",0.496942528,0.315704911,Lavender,,
,Education,Fund schools! Support education for refugee children.,Kuunga mkono elimu kwa watoto wakimbizi.,"Kũheana mbeca cia gũthondeka cukuru, na kũheana ũteithio harĩ kũmenyeria ciana cia ageni.",0.626687943,0.525547015,Misati,"Kũheana mbeca cia gũthondeka cukuru, na kũheana ũteithio harĩ kũmenyeria ciana cia ageni.",0.626687943,0.525547015,Lavender,,
,Education,Fund SNE programs 2023.,Kuandaa programu za Elimu ya Mahitaji Maalum (SNE) 2023.,Kũruta mbeca cia mĩbango ya MCA ya mwaka wa 2023.,0.399584284,0.426278187,Misati,Kũruta mbeca cia mĩbango ya MCA ya mwaka wa 2023.,0.399584284,0.426278187,Lavender,,
,Education,Fund university scholarships 2023.,Fadhili masomo ya chuo kikuu 2023.,Kũrĩha mbeca cia kũruta wĩra wa yunivasĩtĩ mwaka wa 2023.,0.602112526,0.398937788,Misati,Kũrĩha mbeca cia kũruta wĩra wa yunivasĩtĩ mwaka wa 2023.,0.602112526,0.398937788,Lavender,,
,Education,GBV desks active in every public school; report anonymously today!,Madawati ya kuripoti GBV yanafanya kazi katika kila shule ya umma; ripoti bila kutaja jina lako leo!,Turo cia GBV nĩ ciakoragwo ciakoragwo ciikaraga cukuru-inĩ ciothe cia mũingĩ; riboti ĩtarĩ na ũmenyo ũmũthĩ!,0.589421648,0.367863265,Misati,Turo cia GBV nĩ ciakoragwo ciakoragwo ciikaraga cukuru-inĩ ciothe cia mũingĩ; riboti ĩtarĩ na ũmenyo ũmũthĩ!,0.589421648,0.367863265,Lavender,,
,Education,GBV survivors get free counseling and legal aid call 0800721524 now!,"Waathiriwa wa GBV kupata ushauri nasaha na msaada wa kisheria bila malipo, piga 0800721524 sasa!",Arĩa mahonokete mĩnyamaro ya mĩnyamaro ya mũrimũ wa gũkua nĩ magakĩheo ũtaaro na ũteithio wa kĩhooto hatarĩ marĩhi.,0.633319258,0.423871267,Misati,Arĩa mahonokete mĩnyamaro ya mĩnyamaro ya mũrimũ wa gũkua nĩ magakĩheo ũtaaro na ũteithio wa kĩhooto hatarĩ marĩhi.,0.633319258,0.423871267,Lavender,,
,Education,"Gender-based violence reporting desks established in 1,000 schools.","Sehemu za kuripoti ukatili wa kijinsia zinaanzishwa katika shule 1,000.","Mathukuru 1,000 nĩ marakĩrutĩra andũ ũhoro wa ũhinya wa kĩĩmwĩrĩ.",0.504685598,0.299856872,Misati,"Mathukuru 1,000 nĩ marakĩrutĩra andũ ũhoro wa ũhinya wa kĩĩmwĩrĩ.",0.504685598,0.299856872,Lavender,,
,Education,Get involved! Join school clubs to learn about governance.,Jiunge na vilabu vya shule ili ujifunze kuhusu utawala.,Ũka ũikare thĩinĩ wa kĩama kĩa cukuru nĩguo ũmenye ũrĩa andũ mangĩhota gwathana.,0.69727996,0.320148517,Misati,Ũka ũikare thĩinĩ wa kĩama kĩa cukuru nĩguo ũmenye ũrĩa andũ mangĩhota gwathana.,0.69727996,0.320148517,Lavender,,
,Education,Get to school! Apply for transport subsidies for remote students.,Nenda shuleni! Omba msaada wa usafiri kwa wanafunzi wa mbali.,Twaria ũhoro wa mbeca cia gũthondeka arutwo arĩa marĩ kũraya.,0.596621984,0.349697898,Misati,Twaria ũhoro wa mbeca cia gũthondeka arutwo arĩa marĩ kũraya.,0.596621984,0.349697898,Lavender,,
,Education,Give back! Join community service programs in schools.,Shiriki katika programu za huduma kwa jamii shuleni.,Ũka ũrutĩre cukuru maũndũ ma gũteithia andũ.,0.601613204,0.25537382,Misati,Ũka ũrutĩre cukuru maũndũ ma gũteithia andũ.,0.601613204,0.25537382,Lavender,,
,Education,Go digital! Equip schools with computers and internet.,Weka kompyuta na Intaneti shuleni.,Twarithia cukuru na kompiuta na Intaneti.,0.618451798,0.573760168,Misati,Twarithia cukuru na kompiuta na Intaneti.,0.618451798,0.573760168,Lavender,,
,Education,Grade 6 must register for KPSEA by February 28.,Gredi ya 6 lazima wajiandikishe kwa KPSEA ifikapo Februari 28.,Kĩama gĩa 6 kĩrabatara kwĩyandikithia KPSEA nginya February 28.,0.683074331,0.395665321,Misati,Kĩama gĩa 6 kĩrabatara kwĩyandikithia KPSEA nginya February 28.,0.683074331,0.395665321,Lavender,,
,Education,Grade 6 register for KPSEA by February 28.,Usajili wa Gredi ya 6 kwa KPSEA hadi Februari 28.,Gĩthomo gĩa 6 kĩa KPSEA gĩgĩkinyĩra 28 February.,0.546109296,0.346642724,Misati,Gĩthomo gĩa 6 kĩa KPSEA gĩgĩkinyĩra 28 February.,0.546109296,0.346642724,Lavender,,
,Education,Grade 6 transition after KPSEA results in December.,Gredi ya 6 kubadilika baada ya matokeo ya KPSEA mwezi Desemba.,Gĩthomo gĩa 6 gĩgathira thutha wa KPSEA gũthira mweri wa Dicemba.,0.583925455,0.423779952,Misati,Gĩthomo gĩa 6 gĩgathira thutha wa KPSEA gũthira mweri wa Dicemba.,0.583925455,0.423779952,Lavender,,
,Education,Grade 6 transition after KPSEA results.,Mpito wa Gredi ya 6 baada ya matokeo ya KPSEA.,Gĩthomo gĩa 6 gĩgathira thutha wa moimĩrĩro ma KPSEA.,0.61518593,0.500775771,Misati,Gĩthomo gĩa 6 gĩgathira thutha wa moimĩrĩro ma KPSEA.,0.61518593,0.500775771,Lavender,,
,Education,Grade 7  and Form 1 reporting: Bring ONLY birth certificate and admission letter. No shopping lists allowed!,Kuripoti kwa Gredi ya 7 na Kidato cha 1: Leta cheti cha kuzaliwa na barua ya kujiunga tu. Hakuna orodha za ununuzi zinazokubaliwa!,"Kũmenyithia mũromo wa 7 na wa 1, no ũrehe o kibonia kĩa gũciarũo na marũa ma kũingĩra.",0.588856758,0.321922754,Misati,"Kũmenyithia mũromo wa 7 na wa 1, no ũrehe o kibonia kĩa gũciarũo na marũa ma kũingĩra.",0.588856758,0.321922754,Lavender,,
,Education,Grade 7 free feeding program starts January 3 meals daily guaranteed!,"Mpango wa chakula bila malipo kwa Gredi ya 7 unaanza Januari 3, milo inahakikishwa kila siku!",Kĩambĩrĩria kĩa mũtaratara wa kũheana irio cia mũciĩ wa gatatũ wa gatatũ wa gatano nĩ kĩrĩkoragwo kĩhingĩtio o mũthenya!,0.580489122,0.329481482,Misati,Kĩambĩrĩria kĩa mũtaratara wa kũheana irio cia mũciĩ wa gatatũ wa gatatũ wa gatano nĩ kĩrĩkoragwo kĩhingĩtio o mũthenya!,0.580489122,0.329481482,Lavender,,
,Education,Grade 7 reporting January 13: Bring only birth certificate no shopping list allowed.,"Gredi ya 7 kuripoti Januari 13: Leta cheti cha kuzaliwa pekee, hakuna orodha ya ununuzi inayoruhusiwa.",Kĩama gĩa 7 kĩrĩkia January 13: Twarana o kibonia kĩa gũciarũo no ndũgathondeke.,0.710650458,0.260788536,Misati,Kĩama gĩa 7 kĩrĩkia January 13: Twarana o kibonia kĩa gũciarũo no ndũgathondeke.,0.710650458,0.260788536,Lavender,,
,Education,Grade 8 CBC revision live classes start 6PM daily join via YouTube link in bio.,"Madarasa ya moja kwa moja (Live) ya marudio ya CBC ya Darasa la 8 yanaanza saa 12 jioni kila siku, jiunge kupitia kiungo cha YouTube kilicho kwenye wasifu (bio).",Kĩambĩrĩria kĩa gĩthomo kĩa CBC gĩa gĩcunjĩ gĩa 8 kĩa gĩthomo kĩa CBC kĩambĩrĩria thaa thita cia hwaĩ-inĩ o mũthenya.,0.593461155,0.379544603,Misati,Kĩambĩrĩria kĩa gĩthomo kĩa CBC gĩa gĩcunjĩ gĩa 8 kĩa gĩthomo kĩa CBC kĩambĩrĩria thaa thita cia hwaĩ-inĩ o mũthenya.,0.593461155,0.379544603,Lavender,,
,Education,Grade 9 learners transition after KJSEA results in December.,Mpito wa wanafunzi wa Gredi ya 9 baada ya matokeo ya KJSEA Desemba.,Arutwo a kĩrathi gĩa 9 nĩ magathiaga thutha wa KJSEA gũthondeka mathomo ma December.,0.656828923,0.382248968,Misati,Arutwo a kĩrathi gĩa 9 nĩ magathiaga thutha wa KJSEA gũthondeka mathomo ma December.,0.656828923,0.382248968,Lavender,,
,Education,Graduation at Machakos University with 2039 graduates.,Mahafali katika Chuo Kikuu cha Machakos yakiwa na wahitimu 2039.,Kũruta cukuru wa Machakos na andũ 2039 arĩa mathire.,0.789546791,0.439621874,Misati,Kũruta cukuru wa Machakos na andũ 2039 arĩa mathire.,0.789546791,0.439621874,Lavender,,
,Education,Graduation at South Eastern Kenya University.,Mahafali katika Chuo Kikuu cha Kusini Mashariki mwa Kenya (SEKU).,Arĩkia cukuru wa South Eastern Kenya University.,0.751536963,0.533107082,Misati,Arĩkia cukuru wa South Eastern Kenya University.,0.751536963,0.533107082,Lavender,,
,Education,Grow skills! Equip schools with agricultural training labs.,Ongeza ujuzi wako!,"Ũrĩthondekage maũndũ ma kũmenyeria arĩa angĩ, na ũhe mathukuru ma kũmenyeria maũndũ ma ũrĩmi.",0.366592021,0.366898421,Misati,"Ũrĩthondekage maũndũ ma kũmenyeria arĩa angĩ, na ũhe mathukuru ma kũmenyeria maũndũ ma ũrĩmi.",0.366592021,0.366898421,Lavender,,
,Education,Grow your business! Join agribusiness vocational courses.,Fanya biashara yako ikue! Jiunge na kozi za kitaaluma za biashara ya kilimo.,Ũrĩmĩrie biacara yaku!,0.563307461,0.235864901,Misati,Ũrĩmĩrie biacara yaku!,0.563307461,0.235864901,Lavender,,
,Education,Have a voice! Join school boards to influence policies.,Jiunge na bodi za shule ili kushawishi sera.,Ũka ũingĩrie ithurano cia cukuru nĩguo ũhutie maũndũ ma gĩthomo.,0.665344106,0.375976587,Misati,Ũka ũingĩrie ithurano cia cukuru nĩguo ũhutie maũndũ ma gĩthomo.,0.665344106,0.375976587,Lavender,,
,Education,Heal together! Access school counselors after protests.,Tafuta huduma za washauri wa shule baada ya maandamano.,Twarĩ na ũhoti wa kũruta wĩra cukuru thutha wa mĩario.,0.500701829,0.292176333,Misati,Twarĩ na ũhoti wa kũruta wĩra cukuru thutha wa mĩario.,0.500701829,0.292176333,Lavender,,
,Education,"HELB TVET loans application closes March 15, 2025.","Maombi ya mikopo ya HELB ya TVET yanafungwa Machi 15, 2025.","Kwaria na njĩra ya kũhũthĩra mbeca cia TVET nĩ gũkinyaga mũthia wa mweri wa gatano, mweri wa gatano, mweri wa gatano, mweri wa gatano, mweri wa gatano, mweri wa gatano, mweri wa gatano, mweri wa gatano, mweri wa gatano, mweri wa gatano, mweri wa gatano, mweri wa gatano, mweri wa gatano, mweri wa gatano, mweri wa gatano, mweri wa gatano, mweri wa gatano, mweri wa gatano, mweri wa gatano, mweri wa gatano, mweri wa gatano, mweri wa gatano, mweri wa gatano, mweri wa gatano, mweri wa gatano, mweri wa gatano, mweri wa gatano, mweri wa gatano, mweri wa gatano, mweri wa gat",0.711655398,0.658426335,Misati,"Kwaria na njĩra ya kũhũthĩra mbeca cia TVET nĩ gũkinyaga mũthia wa mweri wa gatano, mweri wa gatano, mweri wa gatano, mweri wa gatano, mweri wa gatano, mweri wa gatano, mweri wa gatano, mweri wa gatano, mweri wa gatano, mweri wa gatano, mweri wa gatano, mweri wa gatano, mweri wa gatano, mweri wa gatano, mweri wa gatano, mweri wa gatano, mweri wa gatano, mweri wa gatano, mweri wa gatano, mweri wa gatano, mweri wa gatano, mweri wa gatano, mweri wa gatano, mweri wa gatano, mweri wa gatano, mweri wa gatano, mweri wa gatano, mweri wa gatano, mweri wa gatano, mweri wa gat",0.711655398,0.658426335,Lavender,,
,Education,Help students! Pay fees to support school operations.,Wasaidie wanafunzi!,Ũteithie arutwo!,0.485446696,0.343045712,Misati,Ũteithie arutwo!,0.485446696,0.343045712,Lavender,,
,Education,Honor academic excellence 2025.,Tuzo kwa ubora wa kitaaluma 2025.,Kũheaga gĩtĩo kĩama kĩa gĩthomo kĩa 2025.,0.605617202,0.472835118,Misati,Kũheaga gĩtĩo kĩama kĩa gĩthomo kĩa 2025.,0.605617202,0.472835118,Lavender,,
,Education,Honor community educators 2025.,Tuzo kwa walimu wa jamii 2025.,Kũhe athomi a gĩcigo kĩu gĩtĩo 2025.,0.562711226,0.527195323,Misati,Kũhe athomi a gĩcigo kĩu gĩtĩo 2025.,0.562711226,0.527195323,Lavender,,
,Education,Honor innovators 2025.,Tuzo ya Wabunifu 2025.,Kũheaga gĩtĩo arĩa marutaga ũgeni 2025.,0.519606364,0.354647734,Misati,Kũheaga gĩtĩo arĩa marutaga ũgeni 2025.,0.519606364,0.354647734,Lavender,,
,Education,Honor outstanding teachers 2025.,Kuheshimu walimu bora 2025.,Kũhe athomi arĩa magĩrĩire gĩtĩo 2025.,0.6125944,0.574203711,Misati,Kũhe athomi arĩa magĩrĩire gĩtĩo 2025.,0.6125944,0.574203711,Lavender,,
,Education,IEBC launches digital voter education app; download now on Google Play.,IEBC inazindua programu ya kidijitali ya elimu kwa wapiga kura; pakua sasa kwenye Google Play.,IEBC nĩ ĩrathirire kĩhumo kĩa digita kĩa ũrutani wa ateti; rora rĩu thĩinĩ wa Google Play.,0.715453585,0.389310226,Misati,IEBC nĩ ĩrathirire kĩhumo kĩa digita kĩa ũrutani wa ateti; rora rĩu thĩinĩ wa Google Play.,0.715453585,0.389310226,Lavender,,
,Education,"IEBC to issue 1 million voter cards in schools next week, be ready!","IEBC kutoa kadi milioni moja za wapiga kura shuleni wiki ijayo, kuwa tayari!","IEBC nĩ ĩgũtwarithia kaadi cia gũthuura cia athuri milioni ĩmwe cukuru-inĩ kiumia kĩrĩa kĩroka, ikara ũrĩ mwĩhaarĩirie!",0.6712021,0.485303444,Misati,"IEBC nĩ ĩgũtwarithia kaadi cia gũthuura cia athuri milioni ĩmwe cukuru-inĩ kiumia kĩrĩa kĩroka, ikara ũrĩ mwĩhaarĩirie!",0.6712021,0.485303444,Lavender,,
,Education,"IEBC to issue 500,000 voter cards in schools next week, be ready with ID!","IEBC kutoa kadi 500,000 za wapiga kura shuleni wiki ijayo, kuwa tayari na Kitambulisho!","IEBC nĩ ĩgũtwarithia kaadi cia gũthuura 500,000 cukuru-inĩ kiumia kĩrĩa kĩroka, ikara ũrĩ mwĩhaarĩirie na ID!",0.70276595,0.471515124,Misati,"IEBC nĩ ĩgũtwarithia kaadi cia gũthuura 500,000 cukuru-inĩ kiumia kĩrĩa kĩroka, ikara ũrĩ mwĩhaarĩirie na ID!",0.70276595,0.471515124,Lavender,,
,Education,"IEBC to visit 1,000 secondary schools for mass voter registration this month.","IEBC kutembelea shule 1,000 za upili kwa ajili ya usajili mkubwa wa wapiga kura mwezi huu.","IEBC nĩ ĩgũthiaga cukuru 1,000 cia gatagatĩ nĩ ũndũ wa kwĩnyita ũhoti wa gũthuura mweri ũyũ.",0.762214333,0.499053985,Misati,"IEBC nĩ ĩgũthiaga cukuru 1,000 cia gatagatĩ nĩ ũndũ wa kwĩnyita ũhoti wa gũthuura mweri ũyũ.",0.762214333,0.499053985,Lavender,,
,Education,"IEBC to visit 2,000 schools next week ensure all Form 4 have voter cards.","IEBC kutembelea shule 2,000 wiki ijayo ili kuhakikisha wanafunzi wote wa Kidato cha 4 wanapata kadi ya mpiga kura.","IEBC nĩ ĩgũthuthuria cukuru 2,000 kiumia kĩrĩa kĩroka nĩguo ĩmenye atĩ mũingĩ wothe wa Fomu 4 nĩ ũrĩ na kaadi cia gũthuura.",0.746760582,0.494925325,Misati,"IEBC nĩ ĩgũthuthuria cukuru 2,000 kiumia kĩrĩa kĩroka nĩguo ĩmenye atĩ mũingĩ wothe wa Fomu 4 nĩ ũrĩ na kaadi cia gũthuura.",0.746760582,0.494925325,Lavender,,
,Education,IEBC voter registration in every school November 2030 bring ID or birth certificate!,"Makarani wa IEBC watakuwa katika kila shule Novemba 20-30, leta Kitambulisho au cheti cha kuzaliwa!","IEBC gũtanywo gũthuura mathukuru mothe mweri wa ikũmi na ũmwe mweri wa ikũmi na ũmwe mĩrongo ĩtatũ na ĩtatũ, kũrehe ID kana riboti ya gũciarũo!",0.555215285,0.411340356,Misati,"IEBC gũtanywo gũthuura mathukuru mothe mweri wa ikũmi na ũmwe mweri wa ikũmi na ũmwe mĩrongo ĩtatũ na ĩtatũ, kũrehe ID kana riboti ya gũciarũo!",0.555215285,0.411340356,Lavender,,
,Education,IEBC voter registration starts Monday bring ID to your school or chief's office NOW!,"Usajili wa wapiga kura wa IEBC unaanza Jumatatu, peleka kitambulisho chako shuleni au ofisi ya mwalimu mkuu sasa!",Gũtarĩria ateti a IEBC kwambĩrĩria mũthenya wa Monĩ. Ĩra mũrata waku wa kĩhooto cukuru-inĩ kana wabici ya mũnene waku o rĩu!,0.708345704,0.36364316,Misati,Gũtarĩria ateti a IEBC kwambĩrĩria mũthenya wa Monĩ. Ĩra mũrata waku wa kĩhooto cukuru-inĩ kana wabici ya mũnene waku o rĩu!,0.708345704,0.36364316,Lavender,,
,Education,"Implement policies! Schools, prevent gender-based violence.","Kufuatilia sera! Shule, zuia ukatili wa kijinsia.","Thoma maũndũ marĩa marekĩka, na ũgitĩre harĩ mĩtugo ya ũhinya ya andũ a nja.",0.485852761,0.300514573,Misati,"Thoma maũndũ marĩa marekĩka, na ũgitĩre harĩ mĩtugo ya ũhinya ya andũ a nja.",0.485852761,0.300514573,Lavender,,
,Education,"Implement protocols! Schools, address unrest safely.","Shirikiana na shule, jali usalama wako.","Thukuru, thiĩ na mbere na maũndũ ma ũkararia.",0.359394274,0.28942123,Misati,"Thukuru, thiĩ na mbere na maũndũ ma ũkararia.",0.359394274,0.28942123,Lavender,,
,Education,Include all! Provide laptops for rural students.,Wapatie wanafunzi wa vijijini kompyuta mpakato.,Ũhe arutwo a gĩcigo kĩu kompiuta cia kũigana.,0.557547522,0.35224304,Misati,Ũhe arutwo a gĩcigo kĩu kompiuta cia kũigana.,0.557547522,0.35224304,Lavender,,
,Education,Include all! Provide ramps and resources for disabled students.,Wapatie wanafunzi wenye ulemavu njia panda (ramps) na rasilimali.,Ũhe arutwo arĩa marĩ na mawathe mĩhothi na indo cia kũmatungatĩra.,0.403904737,0.360656728,Misati,Ũhe arutwo arĩa marĩ na mawathe mĩhothi na indo cia kũmatungatĩra.,0.403904737,0.360656728,Lavender,,
,Education,Include deaf students! Provide sign language training.,Wafundishe wanafunzi viziwi!,Twaragĩria arutwo arĩa mataiguaga na ũmenyerie rũthiomi rwa kwaria na ciĩko.,0.439153568,0.511153452,Misati,Twaragĩria arutwo arĩa mataiguaga na ũmenyerie rũthiomi rwa kwaria na ciĩko.,0.439153568,0.511153452,Lavender,,
,Education,Include everyone! Ensure schools accommodate students with disabilities.,Hakikisha shule zinawaandalia wanafunzi wenye ulemavu mazingira bora.,Nĩ wega kũmenyeria atĩ cukuru nĩ ciĩhokagĩria arutwo arĩa marĩ na mawathe.,0.574413783,0.468433795,Misati,Nĩ wega kũmenyeria atĩ cukuru nĩ ciĩhokagĩria arutwo arĩa marĩ na mawathe.,0.574413783,0.468433795,Lavender,,
,Education,Inclusion of learners with disabilities in CBC assessment framework.,Kujumuisha wanafunzi wenye ulemavu katika mfumo wa tathmini wa CBC.,Kũingĩra arutwo arĩa marĩ na mawathe thĩinĩ wa mũtaratara wa gũthuthuria CBC.,0.701711333,0.49779312,Misati,Kũingĩra arutwo arĩa marĩ na mawathe thĩinĩ wa mũtaratara wa gũthuthuria CBC.,0.701711333,0.49779312,Lavender,,
,Education,Inclusive CBC exams: Braille  and sign language papers ready; collect from KNEC!,Mafunzo ya CBC: Braille na maandishi ya lugha ya ishara tayari; pakua kutoka KNEC!,Mĩtaratara ya gũthuthuria CBC: Ibuku rĩa Braille na rĩa rũthiomi rwa kwaria na ciĩko nĩ rĩahingĩtwo; no ũcooke ũcooke kũrĩ KNEC!,0.550124776,0.442403154,Misati,Mĩtaratara ya gũthuthuria CBC: Ibuku rĩa Braille na rĩa rũthiomi rwa kwaria na ciĩko nĩ rĩahingĩtwo; no ũcooke ũcooke kũrĩ KNEC!,0.550124776,0.442403154,Lavender,,
,Education,Inclusive education now law every public school must admit disabled learners!,"Elimu jumuishi sasa ni sheria, kila shule ya umma lazima ipokee wanafunzi wenye ulemavu!",Rĩu thukuru ciothe cia mũingĩ nĩ irĩaga kũruta andũ arĩa marĩ na mawathe!,0.637642288,0.432262805,Misati,Rĩu thukuru ciothe cia mũingĩ nĩ irĩaga kũruta andũ arĩa marĩ na mawathe!,0.637642288,0.432262805,Lavender,,
,Education,Inclusive education policy launched every school must admit disabled learners!,"Sera ya elimu jumuishi imezinduliwa, kila shule lazima isajili wanafunzi wenye ulemavu!",Thukuru o yothe nĩ ĩrabatara kũruta arutwo arĩa marĩ na mawathe!,0.613494971,0.43543708,Misati,Thukuru o yothe nĩ ĩrabatara kũruta arutwo arĩa marĩ na mawathe!,0.613494971,0.43543708,Lavender,,
,Education,Inclusive sports day mandatory in all schools December 10; every child must participate!,Siku ya michezo jumuishi ni lazima katika shule zote Desemba 10; kila mtoto lazima ashiriki!,Mũthenya wa mathako nĩ wa bata cukuru ciothe Dicemba 10; mwana o wothe nĩ agĩrĩirũo kũruta wĩra!,0.619368643,0.446651837,Misati,Mũthenya wa mathako nĩ wa bata cukuru ciothe Dicemba 10; mwana o wothe nĩ agĩrĩirũo kũruta wĩra!,0.619368643,0.446651837,Lavender,,
,Education,Inspect dorms! Ensure fire safety compliance in schools.,Hakikisha usalama wa moto shuleni.,"Tathuthurie nyũmba cia gũkoma na ciana, na ũmenye atĩ nĩ kũrĩ na ũgitĩri wa mwaki cukuru-inĩ.",0.592723159,0.383506437,Misati,"Tathuthurie nyũmba cia gũkoma na ciana, na ũmenye atĩ nĩ kũrĩ na ũgitĩri wa mwaki cukuru-inĩ.",0.592723159,0.383506437,Lavender,,
,Education,Inspect school buses 2020.,Angalia mabasi ya shule 2020.,Rora mathikaro ma cukuru ma mwaka wa 2020.,0.582483709,0.379436514,Misati,Rora mathikaro ma cukuru ma mwaka wa 2020.,0.582483709,0.379436514,Lavender,,
,Education,Install CCTV in schools 2020.,Weka CCTV shuleni 2020.,Kũiga CCTV thĩinĩ wa cukuru 2020.,0.684364117,0.407775308,Misati,Kũiga CCTV thĩinĩ wa cukuru 2020.,0.684364117,0.407775308,Lavender,,
,Education,Install solar power in remote schools 2020.,Weka nishati ya jua katika shule za mbali 2020.,Kũiga hinya wa riũa cukuru-inĩ cia kũraya 2020.,0.700898568,0.609107281,Misati,Kũiga hinya wa riũa cukuru-inĩ cia kũraya 2020.,0.700898568,0.609107281,Lavender,,
,Education,Integrate AI education 2024.,Jumuisha elimu ya AI 2024.,Kũrutithia andũ ũhoro wa AI mwaka wa 2024.,0.692125134,0.428226192,Misati,Kũrutithia andũ ũhoro wa AI mwaka wa 2024.,0.692125134,0.428226192,Lavender,,
,Education,Integrate all! Support refugee students in local schools.,Jumuisha wote! Kuunga mkono wanafunzi wakimbizi katika shule za mitaa.,Tĩaga kũruta arutwo arĩa matũũraga kuo.,0.674020526,0.196868197,Misati,Tĩaga kũruta arutwo arĩa matũũraga kuo.,0.674020526,0.196868197,Lavender,,
,Education,Integrate digital literacy in curriculum 2025.,Jumuisha elimu ya kidijitali katika mtaala wa 2025.,Kũingĩria ũhoti wa gũtaũra ũhoro wa digitarĩ mũtaratara-inĩ wa gĩthomo wa 2025.,0.52791245,0.442445755,Misati,Kũingĩria ũhoti wa gũtaũra ũhoro wa digitarĩ mũtaratara-inĩ wa gĩthomo wa 2025.,0.52791245,0.442445755,Lavender,,
,Education,Integrate entrepreneurship 2023.,Jumuisha ujasiriamali 2023.,Kũingĩria ũgeni wa ũgeni mwaka wa 2023.,0.646674949,0.344619209,Misati,Kũingĩria ũgeni wa ũgeni mwaka wa 2023.,0.646674949,0.344619209,Lavender,,
,Education,Integrate music education 2022.,Jumuisha elimu ya muziki 2022.,Kũrutithia andũ maũndũ ma nyĩmbo mwaka wa 2022.,0.698456596,0.441116274,Misati,Kũrutithia andũ maũndũ ma nyĩmbo mwaka wa 2022.,0.698456596,0.441116274,Lavender,,
,Education,Integrate values education 2022.,Jumuisha Mafundisho ya Maadili 2022.,Kũrutithia andũ maũndũ ma bata mũno mwaka wa 2022.,0.479605025,0.310682546,Misati,Kũrutithia andũ maũndũ ma bata mũno mwaka wa 2022.,0.479605025,0.310682546,Lavender,,
,Education,"Intern teachers salary rises to Ksh 55,000 and medical cover from January!","Mshahara wa walimu wa TVET unaongezeka hadi Ksh 55,000 pamoja na bima ya matibabu kuanzia Januari!","Mũcara wa arutani arĩa marutaga wĩra wa mũingĩ nĩ wongererekete nginya Ksh 55,000 na ũrigitani kuuma mweri wa mbere!",0.591370206,0.464703637,Misati,"Mũcara wa arutani arĩa marutaga wĩra wa mũingĩ nĩ wongererekete nginya Ksh 55,000 na ũrigitani kuuma mweri wa mbere!",0.591370206,0.464703637,Lavender,,
,Education,"Intern teachers' salary jumps to Ksh 50,000 from January TSC confirms!","Mshahara wa walimu wa TVET unaongezeka hadi Ksh 50,000 kuanzia Januari, TSC yathibitisha!","Mũcara wa arutani arĩa marutaga wĩra wa mũingĩ nĩ ũrakinya Ksh 50,000 kuuma mweri wa mbere TSC nĩ ĩmenyithĩtie!",0.597007535,0.437718589,Misati,"Mũcara wa arutani arĩa marutaga wĩra wa mũingĩ nĩ ũrakinya Ksh 50,000 kuuma mweri wa mbere TSC nĩ ĩmenyithĩtie!",0.597007535,0.437718589,Lavender,,
,Education,Reduce mental health stigma in schools.,Punguza unyanyapaa wa afya ya akili shuleni.,Kũnyihia ũcamba wa ũgima wa meciria cukuru-inĩ.,0.607062869,0.476583736,Misati,Kũnyihia ũcamba wa ũgima wa meciria cukuru-inĩ.,0.607062869,0.476583736,Lavender,,
,Education,Join community schools! Affordable education for low-income families.,Jiunge na shule za jamii! Elimu ya bei nafuu kwa familia zenye mapato ya chini.,Ũka cukuru cia gĩcigo!,0.703226322,0.292014224,Misati,Ũka cukuru cia gĩcigo!,0.703226322,0.292014224,Lavender,,
,Education,Keep learning! Enroll in nomadic schools for pastoralists.,Endelea kujifunza! Jiandikishe katika shule zinazohamahama kwa wafugaji.,"Thiĩ na mbere kwĩruta, wĩrute cukuru cia agĩkũyũ.",0.57062133,0.478073431,Misati,"Thiĩ na mbere kwĩruta, wĩrute cukuru cia agĩkũyũ.",0.57062133,0.478073431,Lavender,,
,Education,Keep learning! Enroll in schools despite drought challenges.,Endelea kujifunza! Jiandikishe shuleni licha ya matatizo yanayosababishwa na ukame.,Thiĩ na mbere kwĩruta!,0.707787704,0.616823327,Misati,Thiĩ na mbere kwĩruta!,0.707787704,0.616823327,Lavender,,
,Education,"Keep schools open! Parents, pay fees promptly.","Wazazi, lipeni ada kwa wakati.","Aciari, hĩrai thiirĩ ihenya.",0.573214135,0.530707768,Misati,"Aciari, hĩrai thiirĩ ihenya.",0.573214135,0.530707768,Lavender,,
,Education,KICD urges schools to embrace e-learning platforms to ensure continuity of learning during unforeseen emergencies.,KICD inawasihi shule kutumia majukwaa ya kujifunzia mtandaoni ili kuhakikisha masomo yanaendelea wakati wa dharura.,KICD nĩ ĩringithanagia cukuru cia gũthondeka maũndũ ma kwĩruta na njĩra ya intaneti nĩguo cione ũrĩa ũrutani ũrathiĩ na mbere hĩndĩ ya mathĩĩna matangĩahotire kũhingia.,0.606454437,0.385116868,Misati,KICD nĩ ĩringithanagia cukuru cia gũthondeka maũndũ ma kwĩruta na njĩra ya intaneti nĩguo cione ũrĩa ũrutani ũrathiĩ na mbere hĩndĩ ya mathĩĩna matangĩahotire kũhingia.,0.606454437,0.385116868,Lavender,,
,Education,KNEC opens KCSE 2025 registration extension; pay late fee before November 30!,KNEC inapanua muda wa usajili wa KCSE 2025; lipia ada ya kuchelewa kabla ya Novemba 30!,KNEC nĩ ĩhingũrire ũtaratara wa kwandĩkithia KCSE 2025; kũrĩha igooti rĩa kũhĩtũkĩra mbere ya mweri wa ikũmi na ũmwe wa Novemba!,0.705747602,0.499871974,Misati,KNEC nĩ ĩhingũrire ũtaratara wa kwandĩkithia KCSE 2025; kũrĩha igooti rĩa kũhĩtũkĩra mbere ya mweri wa ikũmi na ũmwe wa Novemba!,0.705747602,0.499871974,Lavender,,
,Education,"KNEC opens KCSE remarking window; pay Ksh 1,000 per paper before November 30!","KNEC inafungua dirisha la kutuma maoni ya KCSE; lipia Ksh 1,000 kwa kila karatasi kabla ya Novemba 30!","KNEC nĩ ĩhingũrire nduka ya kũmenyithia KCSE; kũrĩha Ksh 1,000 harĩ karatasi o ĩmwe mbere ya Novemba 30!",0.700356111,0.451224756,Misati,"KNEC nĩ ĩhingũrire nduka ya kũmenyithia KCSE; kũrĩha Ksh 1,000 harĩ karatasi o ĩmwe mbere ya Novemba 30!",0.700356111,0.451224756,Lavender,,
,Education,"KNEC releases KCSE 2025, chief examiner reports early download before exams!",KNEC inatoa ripoti ya mkuu wa mtihani wa KCSE 2025 mapema kabla ya mitihani!,"KNEC nĩ ĩhũthagĩra KCSE 2025, mũrori mũnene wa ithurano nĩ arutaga riboti mbere ya gũthuthuria!",0.61902797,0.437075392,Misati,"KNEC nĩ ĩhũthagĩra KCSE 2025, mũrori mũnene wa ithurano nĩ arutaga riboti mbere ya gũthuthuria!",0.61902797,0.437075392,Lavender,,
,Education,KNEC releases KCSE 2025 marking scheme early download before leak!,KNEC inatoa mwongozo wa kusahihisha wa KCSE 2025 ili upakuliwe mapema kabla ya kuvuja!,KNEC nĩ ĩratũma mũbango wa kũbanga KCSE 2025 ũrute mbere ya gũthikwo!,0.661625844,0.39783604,Misati,KNEC nĩ ĩratũma mũbango wa kũbanga KCSE 2025 ũrute mbere ya gũthikwo!,0.661625844,0.39783604,Lavender,,
,Education,KNEC releases official KCSE 2025 timetable download before fake ones spread!,KNEC inatoa ratiba rasmi ya KCSE 2025 ili upakuliwe kabla ya nakala feki kusambaa!,KNEC nĩ ĩhũthagĩra mahinda ma KCSE 2025 mbere ya arĩa matarĩ ma ma kũhũthĩra maũndũ ma maundu ma maundu ma maundu ma maundu ma ma maundu ma ma maundu ma maundu ma ma maundu ma ma maundu ma ma maundu ma ma maundu ma ma maundu ma ma maundu ma ma maundu ma ma maundu ma ma maundu ma ma maundu ma ma maundu ma ma maundu ma maundu ma ma maundu ma ma maundu ma ma maundu ma ma ma maundu ma ma ma maundu ma ma ma maundu ma ma ma maundu ma ma maundu ma ma ma maundu ma ma maundu ma ma maundu ma ma maundu ma maundu ma ma maundu ma ma maundu ma maundu ma maundu ma ma maundu ma maundu ma maundu ma maundu ma ma maundu ma maundu ma ma maundu ma maundu ma ma maundu ma,0.657785066,0.349381004,Misati,KNEC nĩ ĩhũthagĩra mahinda ma KCSE 2025 mbere ya arĩa matarĩ ma ma kũhũthĩra maũndũ ma maundu ma maundu ma maundu ma maundu ma ma maundu ma ma maundu ma maundu ma ma maundu ma ma maundu ma ma maundu ma ma maundu ma ma maundu ma ma maundu ma ma maundu ma ma maundu ma ma maundu ma ma maundu ma ma maundu ma ma maundu ma maundu ma ma maundu ma ma maundu ma ma maundu ma ma ma maundu ma ma ma maundu ma ma ma maundu ma ma ma maundu ma ma maundu ma ma ma maundu ma ma maundu ma ma maundu ma ma maundu ma maundu ma ma maundu ma ma maundu ma maundu ma maundu ma ma maundu ma maundu ma maundu ma maundu ma ma maundu ma maundu ma ma maundu ma maundu ma ma maundu ma,0.657785066,0.349381004,Lavender,,
,Education,KNEC to conduct training for teachers on new e-assessment tools for continuous assessment.,KNEC inafanya mafunzo kwa walimu kuhusu zana mpya za tathmini ya kielektroniki kwa tathmini endelevu.,KNEC nĩ ĩgũthiĩ na mbere kũruta arutani ũhoro wĩgiĩ indo njerũ cia gũthuthuria na njĩra ya elektroniki nĩguo magĩe na ũmenyo wa gũthiĩ na mbere.,0.682975145,0.518542106,Misati,KNEC nĩ ĩgũthiĩ na mbere kũruta arutani ũhoro wĩgiĩ indo njerũ cia gũthuthuria na njĩra ya elektroniki nĩguo magĩe na ũmenyo wa gũthiĩ na mbere.,0.682975145,0.518542106,Lavender,,
,Education,Know the signs! Train students on landslide evacuation plans.,Wafundishe wanafunzi mipango ya kujiokoa wakati wa maporomoko ya ardhi.,Menya maũndũ marĩa maronania atĩ arutwo nĩ magĩrĩire kũruta wĩra wa kũruta andũ.,0.493012816,0.284539054,Misati,Menya maũndũ marĩa maronania atĩ arutwo nĩ magĩrĩire kũruta wĩra wa kũruta andũ.,0.493012816,0.284539054,Lavender,,
,Education,Know your flood routes! Practice school evacuation drills for safety.,Fanya mazoezi ya kujiokoa kutokana na mafuriko shuleni.,"Menya njĩra iria ũrahota kũhũthĩra rĩrĩa ũracemania na mĩiyũro ya maaĩ, na wĩmenyerere maũndũ ma gũteithũra cukuru nĩguo ũkorũo na ũgitĩri.",0.429555569,0.362631658,Misati,"Menya njĩra iria ũrahota kũhũthĩra rĩrĩa ũracemania na mĩiyũro ya maaĩ, na wĩmenyerere maũndũ ma gũteithũra cukuru nĩguo ũkorũo na ũgitĩri.",0.429555569,0.362631658,Lavender,,
,Education,Know your rights! Learn about the Kenyan Constitution in school.,Jifunze kuhusu Katiba ya Kenya shuleni.,Wĩrute ũhoro wa Watho wa Kenya cukuru-inĩ.,0.797648495,0.604084742,Misati,Wĩrute ũhoro wa Watho wa Kenya cukuru-inĩ.,0.797648495,0.604084742,Lavender,,
,Education,"Ksh 10,000 HELB hardship fund released. Apply via portal in 60 seconds!","Hazina ya dharura ya Ksh 10,000 kutoka HELB imetolewa.","Mũhothi wa kũhiũrania na mathĩna wa Ksh 10,000 HELB nĩ ũhingũrĩtwo.",0.505660389,0.445310498,Misati,"Mũhothi wa kũhiũrania na mathĩna wa Ksh 10,000 HELB nĩ ũhingũrĩtwo.",0.505660389,0.445310498,Lavender,,
,Education,"Ksh 15,000 bursary per needy student released, check with your principal TODAY!","Ufadhili wa Ksh 15,000 kwa kila mwanafunzi mwenye uhitaji umetolewa, wasiliana na mwalimu wako mkuu leo!","Ksh 15,000 bururi wa kũruta wĩra harĩ mũrutwo ũmwe ũrabatara ũteithio, rora mũrori waku ũmũthĩ!",0.519112918,0.365150388,Misati,"Ksh 15,000 bururi wa kũruta wĩra harĩ mũrutwo ũmwe ũrabatara ũteithio, rora mũrori waku ũmũthĩ!",0.519112918,0.365150388,Lavender,,
,Education,"Ksh 2,000 HELB upkeep loan disbursed to all university students; check portal.","Mkopo wa kujikimu wa Ksh 2,000 kutoka HELB umetolewa kwa wanafunzi wote wa vyuo vikuu; angalia tovuti.","Ksh 2,000 HELB ya kũhingia mbeca cia kũhingia mbeca cia cukuru nĩ ĩheirũo arutwo othe a yunivasĩtĩ; ũthuthuria kĩhũngĩro.",0.685791096,0.438921283,Misati,"Ksh 2,000 HELB ya kũhingia mbeca cia kũhingia mbeca cia cukuru nĩ ĩheirũo arutwo othe a yunivasĩtĩ; ũthuthuria kĩhũngĩro.",0.685791096,0.438921283,Lavender,,
,Education,"Ksh 20,000 HELB loan disbursed to 500,000 students; check portal NOW!","Mkopo wa Ksh 20,000 kutoka HELB umetolewa kwa wanafunzi 500,000; angalia tovuti sasa!","Ksh 20,000 HELB mbeca ya mbeca ya mbeca ya mbeca ya mbeca ya mbeca ya mbeca ya mbeca ya mbeca ya mbeca ya mbeca ya mbeca ya mbeca ya mbeca ya mbeca ya mbeca ya mbeca ya mbeca ya mbeca ya mbeca ya mbeca ya mbeca ya mbeca ya mbeca ya mbeca ya mbeca ya mbeca ya mbeca ya mbeca ya mbeca ya mbeca ya mbeca ya mbeca ya mbeca ya mbeca ya mbeca ya mbeca ya mbeca ya mbeca ya mbeca ya mbeca ya mbeca ya mbeca ya mbeca ya mbeca ya mbeca ya mbeca ya mbeca ya mbeca ya mbeca ya mbeca ya mbeca ya mbeca ya mbeca ya mbeca ya mbeca ya mbeca ya mbeca ya mbeca ya mbeca ya mbeca ya mbeca ya mbeca ya mbeca ya",0.670938236,0.789423633,Misati,"Ksh 20,000 HELB mbeca ya mbeca ya mbeca ya mbeca ya mbeca ya mbeca ya mbeca ya mbeca ya mbeca ya mbeca ya mbeca ya mbeca ya mbeca ya mbeca ya mbeca ya mbeca ya mbeca ya mbeca ya mbeca ya mbeca ya mbeca ya mbeca ya mbeca ya mbeca ya mbeca ya mbeca ya mbeca ya mbeca ya mbeca ya mbeca ya mbeca ya mbeca ya mbeca ya mbeca ya mbeca ya mbeca ya mbeca ya mbeca ya mbeca ya mbeca ya mbeca ya mbeca ya mbeca ya mbeca ya mbeca ya mbeca ya mbeca ya mbeca ya mbeca ya mbeca ya mbeca ya mbeca ya mbeca ya mbeca ya mbeca ya mbeca ya mbeca ya mbeca ya mbeca ya mbeca ya mbeca ya mbeca ya mbeca ya mbeca ya",0.670938236,0.789423633,Lavender,,
,Education,"Ksh 22,244 capitation per day-scholar released; principals must NOT ask for extra money!","Ruzuku ya mtaji ya Ksh 22,244 kwa kila mwanafunzi wa shule ya kutwa imetolewa; walimu wakuu hawapaswi kuitisha fedha za ziada!","Ksh 22,244 ya mũigana wa arutwo a mũthenya ũmwe nĩ ĩrekererio; athuri a cukuru matiagĩrĩirũo kũhoya mbeca cia kũingĩha!",0.576634438,0.385697089,Misati,"Ksh 22,244 ya mũigana wa arutwo a mũthenya ũmwe nĩ ĩrekererio; athuri a cukuru matiagĩrĩirũo kũhoya mbeca cia kũingĩha!",0.576634438,0.385697089,Lavender,,
,Education,"Ksh 30,000 HELB graduation loan released. Apply via app in 2 minutes!","Mkopo wa kuhitimu wa Ksh 30,000 kutoka HELB umetolewa.","Ksh 30,000 HELB mbeca ya kũruta cukuru nĩ ĩhuthĩtwo.",0.63600158,0.429988248,Misati,"Ksh 30,000 HELB mbeca ya kũruta cukuru nĩ ĩhuthĩtwo.",0.63600158,0.429988248,Lavender,,
,Education,"Ksh 5,000 HELB emergency loan released. Apply via app in 2 minutes!","Mkopo wa dharura wa Ksh 5,000 kutoka HELB umetolewa.","Ksh 5,000 HELB mbeca ya kũhotithia andũ gũteithũkĩra nĩ ĩhũthagĩrũo kũhũthĩra programu ya kũhotithia andũ gũteithũkĩra thutha wa ndagĩka igĩrĩ!",0.662093843,0.365804635,Misati,"Ksh 5,000 HELB mbeca ya kũhotithia andũ gũteithũkĩra nĩ ĩhũthagĩrũo kũhũthĩra programu ya kũhotithia andũ gũteithũkĩra thutha wa ndagĩka igĩrĩ!",0.662093843,0.365804635,Lavender,,
,Education,"Ksh 50,000 annual grant for special needs learners. Apply before December 10!","Msaada wa Ksh 50,000 kila mwaka kwa wanafunzi wenye mahitaji maalum.","Ksh 50,000 ya mbeca cia mwaka nĩgetha arĩa marutaga na arĩa marĩ na mawathe ma mwanya.",0.552489762,0.359977527,Misati,"Ksh 50,000 ya mbeca cia mwaka nĩgetha arĩa marutaga na arĩa marĩ na mawathe ma mwanya.",0.552489762,0.359977527,Lavender,,
,Education,"Ksh 50,000 HELB final-year loan released check app before midnight!","Mkopo wa mwaka wa mwisho wa Ksh 50,000 kutoka HELB umetolewa, angalia programu (app) kabla ya usiku wa manane!","Ksh 50,000 HELB mwaka wa mũthia wa mbeca cia mbeca cia mbeca cia kuuma bũrũri wa Kenya nĩ ĩrekererio mbere ya ũtukũ!",0.701251645,0.373132289,Misati,"Ksh 50,000 HELB mwaka wa mũthia wa mbeca cia mbeca cia mbeca cia kuuma bũrũri wa Kenya nĩ ĩrekererio mbere ya ũtukũ!",0.701251645,0.373132289,Lavender,,
,Education,KUCCPS opened its portal for 2015 KCSE candidates to apply for TVET diploma and certificate courses with a deadline of May 31 2016.,"KUCCPS ilifungua tovuti yake kwa watahiniwa wa KCSE 2014 ili kuomba kozi za diploma na cheti za TVET, mwisho ulikuwa Juni 15, 2015.",KUCCPS nĩ ĩhingũrĩte gĩcegera gĩayo kĩa arĩa marenda kwandĩka ũhoro wa KCSE 2015 nĩguo mahote kwandĩka marũa ma TVET na marũa ma kũheana ciũria cia kĩrore kĩa TVET na ihinda rĩa kũhingia 31 Mweri wa Gathantũ 2016.,0.650736137,0.344987425,Misati,KUCCPS nĩ ĩhingũrĩte gĩcegera gĩayo kĩa arĩa marenda kwandĩka ũhoro wa KCSE 2015 nĩguo mahote kwandĩka marũa ma TVET na marũa ma kũheana ciũria cia kĩrore kĩa TVET na ihinda rĩa kũhingia 31 Mweri wa Gathantũ 2016.,0.650736137,0.344987425,Lavender,,
,Education,KUCCPS opened its portal for 2018 KCSE candidates and past candidates from 2000 to 2018 to apply for TVET courses closing April 30 2019.,"KUCCPS ilifungua tovuti yake kwa watahiniwa wa KCSE 2018 na watahiniwa wa zamani kutoka 2000 hadi 2018 ili kuomba kozi za TVET, itafungwa Aprili 30, 2019.",KUCCPS nĩ ĩhingũrĩte gĩcegera gĩayo kĩa arutwo 2018 arĩa marutaga KCSE na arĩa marutaga wĩra kuuma mwaka wa 2000 nginya 2018 nĩguo mahote kwandĩka ũhoro wa mathomo ma TVET marĩa mathire mweri wa gatano wa gatano wa mwaka wa 2019.,0.689223105,0.443898921,Misati,KUCCPS nĩ ĩhingũrĩte gĩcegera gĩayo kĩa arutwo 2018 arĩa marutaga KCSE na arĩa marutaga wĩra kuuma mwaka wa 2000 nginya 2018 nĩguo mahote kwandĩka ũhoro wa mathomo ma TVET marĩa mathire mweri wa gatano wa gatano wa mwaka wa 2019.,0.689223105,0.443898921,Lavender,,
,Education,KUCCPS opened its portal for 2019 KCSE candidates to apply for TVET diploma and certificate courses with a deadline of April 30 2020.,"KUCCPS imefungua tovuti yake kwa watahiniwa wa KCSE 2019 kuomba kozi za diploma na cheti za TVET, mwisho ni Aprili 30, 2020.","KUCCPS nĩ ĩhingũrĩte gĩcegera gĩayo kĩa athuri a KCSE 2019 nĩguo marute marũa ma digirii na marũa ma ũtuĩria ma TVET na ihinda rĩa thikũ ya mbere ya April 30, 2020.",0.681368442,0.424062006,Misati,"KUCCPS nĩ ĩhingũrĩte gĩcegera gĩayo kĩa athuri a KCSE 2019 nĩguo marute marũa ma digirii na marũa ma ũtuĩria ma TVET na ihinda rĩa thikũ ya mbere ya April 30, 2020.",0.681368442,0.424062006,Lavender,,
,Education,KUCCPS opened its portal for 2020 KCSE candidates to apply for TVET diploma and certificate courses with a deadline of April 30 2021.,"KUCCPS imefungua tovuti yake kwa watahiniwa wa KCSE 2020 kuomba kozi za diploma na cheti za TVET, mwisho ni Aprili 30, 2021.",KUCCPS nĩ ĩhingũrĩte gĩcegera gĩayo kĩa arĩa marenda kwandĩka KCSE 2020 nĩguo marute marũa ma digirii na marũa ma ũtuĩria ma TVET na ihinda rĩa mũthia rĩa 30 mweri wa gatano wa gatano wa mwaka wa 2021.,0.682128627,0.418749386,Misati,KUCCPS nĩ ĩhingũrĩte gĩcegera gĩayo kĩa arĩa marenda kwandĩka KCSE 2020 nĩguo marute marũa ma digirii na marũa ma ũtuĩria ma TVET na ihinda rĩa mũthia rĩa 30 mweri wa gatano wa gatano wa mwaka wa 2021.,0.682128627,0.418749386,Lavender,,
,Education,KUCCPS opened its portal for 2023 KCSE candidates to apply for Teacher Training College diploma programs with a deadline of April 21 2024.,"KUCCPS imefungua tovuti yake kwa watahiniwa wa KCSE 2023 kuomba programu za diploma katika Vyuo vya Mafunzo ya Walimu, mwisho ni Aprili 21, 2024.",KUCCPS nĩ ĩhingũrĩte gĩcegera gĩayo kĩa athomi a KCSE 2023 nĩguo mahote kũruta marũa ma digirii ya Kolegi ya Kũmenyeria Arutani na ihinda rĩa mũthia nĩ mweri wa gatano wa gatano wa mwaka wa 2024.,0.721589543,0.459795686,Misati,KUCCPS nĩ ĩhingũrĩte gĩcegera gĩayo kĩa athomi a KCSE 2023 nĩguo mahote kũruta marũa ma digirii ya Kolegi ya Kũmenyeria Arutani na ihinda rĩa mũthia nĩ mweri wa gatano wa gatano wa mwaka wa 2024.,0.721589543,0.459795686,Lavender,,
,Education,KUCCPS opened its portal for 2024 KCSE candidates to apply for Teacher Training College diploma programs with a deadline of April 21 2025.,"KUCCPS imefungua tovuti yake kwa watahiniwa wa KCSE 2024 kuomba programu za diploma katika Vyuo vya Mafunzo ya Walimu, mwisho ni Aprili 21, 2025.",KUCCPS nĩ ĩhingũrĩte mũbango wayo wa kwandĩka marũa ma arutwo a KCSE 2024 ma kũruta wĩra wa kũruta wĩra wa gĩthomo kĩa gĩthomo kĩa gĩthomo kĩa Teacher Training College na ihinda rĩa mũthia nĩ mweri wa gatano wa gatano wa mwaka wa 2025.,0.724495046,0.3996211,Misati,KUCCPS nĩ ĩhingũrĩte mũbango wayo wa kwandĩka marũa ma arutwo a KCSE 2024 ma kũruta wĩra wa kũruta wĩra wa gĩthomo kĩa gĩthomo kĩa gĩthomo kĩa Teacher Training College na ihinda rĩa mũthia nĩ mweri wa gatano wa gatano wa mwaka wa 2025.,0.724495046,0.3996211,Lavender,,
,Education,KUCCPS opens direct university entry for TVET graduates. Apply before December 31!,KUCCPS inafungua fursa ya kujiunga moja kwa moja na chuo kikuu kwa wahitimu wa TVET.,KUCCPS nĩ ĩhingũragĩra arĩa marĩkia TVET ũgeni wa gũthiĩ o university.,0.660083003,0.378137832,Misati,KUCCPS nĩ ĩhingũragĩra arĩa marĩkia TVET ũgeni wa gũthiĩ o university.,0.660083003,0.378137832,Lavender,,
,Education,"KUCCPS opens emergency course change window, switch before midnight!","KUCCPS inafungua dirisha la dharura la kubadilisha kozi, badilisha kabla ya usiku wa manane!","KUCCPS nĩ ĩhingũrire gĩcicio kĩa kũgarũra mũbango wa kũgarũra mũbango wa ica ikuhĩ, na mũgarũre mbere ya ũtukũ!",0.675372551,0.383178077,Misati,"KUCCPS nĩ ĩhingũrire gĩcicio kĩa kũgarũra mũbango wa kũgarũra mũbango wa ica ikuhĩ, na mũgarũre mbere ya ũtukũ!",0.675372551,0.383178077,Lavender,,
,Education,"KUCCPS opens emergency university transfer window, move courses before December 10!","KUCCPS inafungua dirisha la dharura la kuhamia vyuo vikuu, hamisha kozi kabla ya Desemba 10!","KUCCPS nĩ ĩhingũrire nduka ya kũgarũra maũndũ thĩinĩ wa yunivasĩtĩ ya mĩtũkĩ, na ĩgĩthondeka maũndũ mbere ya December 10!",0.728918878,0.339580833,Misati,"KUCCPS nĩ ĩhingũrire nduka ya kũgarũra maũndũ thĩinĩ wa yunivasĩtĩ ya mĩtũkĩ, na ĩgĩthondeka maũndũ mbere ya December 10!",0.728918878,0.339580833,Lavender,,
,Education,"KUCCPS opens final course change window, switch degree before servers crash!","KUCCPS inafungua dirisha la mwisho la kubadilisha kozi, badilisha shahada kabla ya mtandao kuelemewa!","KUCCPS nĩ ĩhingũrire gĩcicio kĩa kũgarũrĩra mũtaratara wa mũthia, ũgarũrĩre kĩrathi mbere ya tũbũri twa server gũgĩthũkĩra!",0.560803805,0.379104145,Misati,"KUCCPS nĩ ĩhingũrire gĩcicio kĩa kũgarũrĩra mũtaratara wa mũthia, ũgarũrĩre kĩrathi mbere ya tũbũri twa server gũgĩthũkĩra!",0.560803805,0.379104145,Lavender,,
,Education,"KUCCPS opens final revision window, change course before midnight TONIGHT!","KUCCPS inafungua dirisha la mwisho la marudio, badilisha kozi kabla ya usiku wa manane leo!","KUCCPS nĩ ĩhingũrire nduka ya kũgarũrĩra maũndũ, ĩgarũrĩre rũgendo rwaku ũtukũ ũyũ!",0.638733404,0.375585239,Misati,"KUCCPS nĩ ĩhingũrire nduka ya kũgarũrĩra maũndũ, ĩgarũrĩre rũgendo rwaku ũtukũ ũyũ!",0.638733404,0.375585239,Lavender,,
,Education,"KUCCPS opens second revision of courses, change your degree choice before December 1.","KUCCPS inafungua marudio ya pili ya kozi, badilisha uchaguzi wako wa shahada kabla ya Desemba 1.","KUCCPS nĩ ĩhingũrire gĩthomo gĩa kerĩ gĩa gũthuthuria maũndũ, ũgarũrĩre gĩthomo gĩaku mbere ya December 1.",0.737786041,0.503248478,Misati,"KUCCPS nĩ ĩhingũrire gĩthomo gĩa kerĩ gĩa gũthuthuria maũndũ, ũgarũrĩre gĩthomo gĩaku mbere ya December 1.",0.737786041,0.503248478,Lavender,,
,Education,"KUCCPS third revision opens tomorrow, change your course before it's too late!","Marudio ya tatu ya KUCCPS yanafunguliwa kesho, badilisha kozi yako kabla haijachelewa!",Ũhoro wa gatatũ wa KUCCPS ũhingũka rũciũ. Reke ũgarũrũke ũthiĩ na mbere mbere ya kũgĩa na thutha!,0.652777578,0.412027827,Misati,Ũhoro wa gatatũ wa KUCCPS ũhingũka rũciũ. Reke ũgarũrũke ũthiĩ na mbere mbere ya kũgĩa na thutha!,0.652777578,0.412027827,Lavender,,
,Education,Launch innovation challenges 2022.,Kuanzisha changamoto za ubunifu 2022.,Kũambĩrĩria mĩcemanio ya ũgeni mwaka-inĩ wa 2022.,0.639837147,0.431729224,Misati,Kũambĩrĩria mĩcemanio ya ũgeni mwaka-inĩ wa 2022.,0.639837147,0.431729224,Lavender,,
,Education,Launch mentorship programs 2024.,Kuanzisha mipango ya ushauri mwaka 2024.,Nĩ tũkũambĩrĩria mĩbango ya kũmenyeria andũ mwaka wa 2024.,0.525467226,0.466680591,Misati,Nĩ tũkũambĩrĩria mĩbango ya kũmenyeria andũ mwaka wa 2024.,0.525467226,0.466680591,Lavender,,
,Education,Launch podcast lessons 2021.,Kuzindua masomo ya podcast 2021.,Thoma gũthoma podcast mwaka wa 2021.,0.530313422,0.405714513,Misati,Thoma gũthoma podcast mwaka wa 2021.,0.530313422,0.405714513,Lavender,,
,Education,Launch reading campaigns 2022.,Anzisha kampeni za kusoma mwaka 2022.,Thondekithia kambĩ ya gũthoma ũhoro mwaka wa 2022.,0.613736649,0.436484193,Misati,Thondekithia kambĩ ya gũthoma ũhoro mwaka wa 2022.,0.613736649,0.436484193,Lavender,,
,Education,Lawmakers warned of underpreparedness for Grade 9 rollout.,Wanasheria wameonya kuhusu kutojitayarisha kwa ajili ya kuanzishwa kwa Gredi ya 9.,Athuri a watho nĩ maamenyithanirie atĩ matiarĩ meyũmbũrĩire kũruta wĩra wa kĩama gĩa 9.,0.515118746,0.331556815,Misati,Athuri a watho nĩ maamenyithanirie atĩ matiarĩ meyũmbũrĩire kũruta wĩra wa kĩama gĩa 9.,0.515118746,0.331556815,Lavender,,
,Education,Lead the way! Participate in school leadership elections.,"Tangu wakati huo, ni lazima ushiriki katika uchaguzi wa viongozi wa shule.",Tũthiĩ mbere na tũgĩthiĩ gĩthurano-inĩ kĩa atongoria a cukuru.,0.399431294,0.402681763,Misati,Tũthiĩ mbere na tũgĩthiĩ gĩthurano-inĩ kĩa atongoria a cukuru.,0.399431294,0.402681763,Lavender,,
,Education,Learn anywhere! Join mobile schools for pastoralist children.,Jiunge na shule za watoto wa wafugaji.,"Wĩrute kũrĩa guothe ũrĩ, wĩthomere cukuru cia ciana iria itungataga ndĩithi.",0.535659248,0.42652633,Misati,"Wĩrute kũrĩa guothe ũrĩ, wĩthomere cukuru cia ciana iria itungataga ndĩithi.",0.535659248,0.42652633,Lavender,,
,Education,Learn at any age! Join adult literacy classes in your county.,Jifunze ukiwa na umri wowote! Jiunge na madarasa ya kusoma na kuandika kwa watu wazima katika kaunti yako.,Wĩrute ũrĩ na mĩaka o yothe!,0.683590517,0.411410313,Misati,Wĩrute ũrĩ na mĩaka o yothe!,0.683590517,0.411410313,Lavender,,
,Education,Learn comfortably! Provide desks and chairs for students.,Jifunze kwa raha! Wapatie wanafunzi madawati na viti.,"Wĩrute wega, na ũhe arutwo desiki na itĩ.",0.55307157,0.413895496,Misati,"Wĩrute wega, na ũhe arutwo desiki na itĩ.",0.55307157,0.413895496,Lavender,,
,Education,Learn equally! Provide braille and aids for disabled students.,Wafundishe vivyo hivyo!,Tũheane mabuku ma kũhũthĩra marũa ma andũ arĩa matarĩ na hinya na tũmaheane na rũthiomi rwa Braille.,0.453392006,0.324125556,Misati,Tũheane mabuku ma kũhũthĩra marũa ma andũ arĩa matarĩ na hinya na tũmaheane na rũthiomi rwa Braille.,0.453392006,0.324125556,Lavender,,
,Education,Learn ethics! Include anti-corruption in school curricula.,Jifunze maadili!,Wĩrute ũhoro wa mĩtugo mĩega!,0.460119315,0.453046192,Misati,Wĩrute ũhoro wa mĩtugo mĩega!,0.460119315,0.453046192,Lavender,,
,Education,Learn farming! Enroll in agricultural vocational courses.,Jifunze kilimo! Jiandikishe katika kozi za kitaaluma za kilimo.,Wĩrute kũruta wĩra wa ũrĩmi!,0.728405508,0.556380301,Misati,Wĩrute kũruta wĩra wa ũrĩmi!,0.728405508,0.556380301,Lavender,,
,Education,Learn farming! Include agricultural education in schools.,Jifunze kilimo!,Wĩrute kũruta wĩra wa ũrĩmi!,0.571370428,0.560276969,Misati,Wĩrute kũruta wĩra wa ũrĩmi!,0.571370428,0.560276969,Lavender,,
,Education,Learn on the job! Join apprenticeship programs in industries.,Jifunze kazi! Jiunge na programu za mafunzo viwandani.,"Wĩrute wĩra-inĩ, wĩrute maũndũ maingĩ na ũrute wĩra ũtarĩ mũingĩ.",0.635238828,0.347722431,Misati,"Wĩrute wĩra-inĩ, wĩrute maũndũ maingĩ na ũrute wĩra ũtarĩ mũingĩ.",0.635238828,0.347722431,Lavender,,
,Education,Listeners win airtime by answering civic questions,Wasikilizaji hupata muda wa maongezi (airtime) kwa kujibu maswali ya uraia.,Arũmĩrĩri nĩ makoragwo na mahinda ma kũruta macokio ma ciũria cia andũ arĩa angĩ,0.724692054,0.449883831,Misati,Arũmĩrĩri nĩ makoragwo na mahinda ma kũruta macokio ma ciũria cia andũ arĩa angĩ,0.724692054,0.449883831,Lavender,,
,Education,Literacy platform expands into Kenyan public schools.,Majukwaa ya kusoma na kuandika yanaenea katika shule za umma nchini Kenya.,Kĩhũngĩro kĩa kũruta andũ mabuku na kwandĩka nĩ kĩrathiĩ na mbere kũingĩra cukuru-inĩ cia bũrũri wa Kenya.,0.66399556,0.38068319,Misati,Kĩhũngĩro kĩa kũruta andũ mabuku na kwandĩka nĩ kĩrathiĩ na mbere kũingĩra cukuru-inĩ cia bũrũri wa Kenya.,0.66399556,0.38068319,Lavender,,
,Education,Live CBC Grade 8 revision marathon starts 4PM daily; join free on KICD YouTube!,Marathoni ya marudio ya CBC ya Darasa la 8 inaanza saa 10 jioni kila siku; jiunge bila malipo kupitia YouTube ya KICD!,Marathon ya gũthuthuria ya CBC ya kĩruka gĩa 8 ĩambĩrĩria thaa inya cia hwaĩ-inĩ o mũthenya; wĩyandikĩre thĩinĩ wa KICD YouTube hatarĩ marĩhi!,0.647643701,0.474011376,Misati,Marathon ya gũthuthuria ya CBC ya kĩruka gĩa 8 ĩambĩrĩria thaa inya cia hwaĩ-inĩ o mũthenya; wĩyandikĩre thĩinĩ wa KICD YouTube hatarĩ marĩhi!,0.647643701,0.474011376,Lavender,,
,Education,Live Grade 9 CBC revision starts 5PM daily free on Education YouTube channel!,Madarasa ya moja kwa moja ya marudio ya CBC ya Gredi ya 9 yanaanza saa 11 jioni kila siku bila malipo kwenye chaneli ya YouTube ya Elimu!,Ũhoro wa CBC wa gatagatĩ ka gathigathini ka 9 ũambĩrĩria thaa ithano cia hwaĩ-inĩ o mũthenya na ũtarĩ na kĩndũ thĩinĩ wa Education YouTube!,0.612417529,0.378447952,Misati,Ũhoro wa CBC wa gatagatĩ ka gathigathini ka 9 ũambĩrĩria thaa ithano cia hwaĩ-inĩ o mũthenya na ũtarĩ na kĩndũ thĩinĩ wa Education YouTube!,0.612417529,0.378447952,Lavender,,
,Education,Live KCSE 2025 prediction marathon starts 6PM daily free on KICD channel!,Marathoni ya utabiri wa KCSE 2025 inaanza saa 12 jioni kila siku bila malipo kwenye chaneli ya KICD!,Marathon ya KCSE 2025 ya gũtũũra ĩambĩrĩria thaa thita cia hwaĩ-inĩ o mũthenya na njĩra ya tũhũ thĩinĩ wa KICD!,0.667246872,0.45239068,Misati,Marathon ya KCSE 2025 ya gũtũũra ĩambĩrĩria thaa thita cia hwaĩ-inĩ o mũthenya na njĩra ya tũhũ thĩinĩ wa KICD!,0.667246872,0.45239068,Lavender,,
,Education,Maintain hygiene standards in schools 2024.,Kudumisha viwango vya usafi shuleni 2024.,Kũhingia ithimi cia ũtheremeku cukuru-inĩ mwaka wa 2024.,0.752059202,0.509049083,Misati,Kũhingia ithimi cia ũtheremeku cukuru-inĩ mwaka wa 2024.,0.752059202,0.509049083,Lavender,,
,Education,Maintain playgrounds safety 2021.,Kudumisha usalama wa viwanja vya michezo 2021.,Gũtũũria ũgitĩri wa ithaka cia gwĩcũrania mwaka wa 2021.,0.694779316,0.580784683,Misati,Gũtũũria ũgitĩri wa ithaka cia gwĩcũrania mwaka wa 2021.,0.694779316,0.580784683,Lavender,,
,Education,Maintain school infrastructure 2023.,Kudumisha miundombinu ya shule ifikapo mwaka 2023.,Kũhingia ithondeka rĩa cukuru mwaka wa 2023.,0.766392201,0.536653794,Misati,Kũhingia ithondeka rĩa cukuru mwaka wa 2023.,0.766392201,0.536653794,Lavender,,
,Education,Make schools accessible! Install ramps for disabled students.,Weka njia panda (ramps) kwa ajili ya wanafunzi wenye ulemavu.,Twarithia cukuru na ũikũre mĩena ya kũhingĩria arutwo arĩa marĩ na mawathe.,0.540285532,0.306368884,Misati,Twarithia cukuru na ũikũre mĩena ya kũhingĩria arutwo arĩa marĩ na mawathe.,0.540285532,0.306368884,Lavender,,
,Education,Modernize learning! Install smart boards in classrooms.,Weka ubao janja (smart boards) madarasani.,Twaria na njĩra ya gũthondeka maũndũ ma kwĩruta na njĩra ya mahinda maya!,0.483507335,0.272727041,Misati,Twaria na njĩra ya gũthondeka maũndũ ma kwĩruta na njĩra ya mahinda maya!,0.483507335,0.272727041,Lavender,,
,Education,Monitor air quality in schools 2024.,Kufuatilia ubora wa hewa shuleni 2024.,Kũrora mũigana wa rĩera cukuru-inĩ mwaka wa 2024.,0.73208568,0.533934938,Misati,Kũrora mũigana wa rĩera cukuru-inĩ mwaka wa 2024.,0.73208568,0.533934938,Lavender,,
,Education,Monitor cyberbullying 2023.,Fuatilia unyanyasaji wa mtandaoni (cyberbullying) mwaka 2023.,Rora ũhinya wa Intaneti mwaka wa 2023.,0.484190205,0.451059104,Misati,Rora ũhinya wa Intaneti mwaka wa 2023.,0.484190205,0.451059104,Lavender,,
,Education,Monitor dropout rates quarterly 2020.,Chunguza viwango vya kuacha shule kila robo mwaka 2020.,Kũrora igana rĩa andũ arĩa matiganaga na kĩama kĩa ũrutani mwaka-inĩ wa 2020.,0.486047096,0.31608191,Misati,Kũrora igana rĩa andũ arĩa matiganaga na kĩama kĩa ũrutani mwaka-inĩ wa 2020.,0.486047096,0.31608191,Lavender,,
,Education,Monitor exam integrity 2023.,Fuatilia usahihi wa mitihani mwaka 2023.,Rora ũira wa gĩthomo kĩa 2023.,0.527528721,0.434496258,Misati,Rora ũira wa gĩthomo kĩa 2023.,0.527528721,0.434496258,Lavender,,
,Education,Monitor learning outcomes 2025.,Kufuatilia matokeo ya kujifunza mwaka 2025.,Kũrora moimĩrĩro ma kwĩruta mwaka wa 2025.,0.658564755,0.603118829,Misati,Kũrora moimĩrĩro ma kwĩruta mwaka wa 2025.,0.658564755,0.603118829,Lavender,,
,Education,Monitor nutrition in school feeding programs 2020.,Kufuatilia lishe katika programu za chakula shuleni 2020.,Kũrora irio cia irio cia cukuru cia 2020.,0.664154365,0.358202525,Misati,Kũrora irio cia irio cia cukuru cia 2020.,0.664154365,0.358202525,Lavender,,
,Education,Monitor nutrition programs 2024.,Fuatilia programu za lishe za mwaka 2024.,Rora programu cia irio cia mwaka wa 2024.,0.631400276,0.510019862,Misati,Rora programu cia irio cia mwaka wa 2024.,0.631400276,0.510019862,Lavender,,
,Education,Monitor student attendance post-COVID 2021.,Kufuatilia wanafunzi baada ya COVID 2021.,Kũrora mũingĩ wa arutwo thutha wa COVID 2021.,0.534038285,0.550231017,Misati,Kũrora mũingĩ wa arutwo thutha wa COVID 2021.,0.534038285,0.550231017,Lavender,,
,Education,Monitor teacher absenteeism 2023.,Kufuatilia uhaba wa walimu mwaka 2023.,Kũrora mũtaratara wa arutani mwaka wa 2023.,0.506401539,0.458042881,Misati,Kũrora mũtaratara wa arutani mwaka wa 2023.,0.506401539,0.458042881,Lavender,,
,Education,More teachers! Support hiring in underserved regions.,Walimu zaidi! Kuunga mkono uajiri katika maeneo yasiyo na huduma tosha.,Tũkĩongerera arutani! Tũkĩongerera andũ arĩa mathiaga na mbere kũruta wĩra icigo-inĩ iria itarĩ na ũhoti wa kũruta wĩra.,0.521651899,0.404291455,Misati,Tũkĩongerera arutani! Tũkĩongerera andũ arĩa mathiaga na mbere kũruta wĩra icigo-inĩ iria itarĩ na ũhoti wa kũruta wĩra.,0.521651899,0.404291455,Lavender,,
,Education,Motivate teachers! Offer bonuses for rural school postings.,Wafundishe walimu! Toa marupurupu kwa ajili ya kufanya kazi shule za vijijini.,Ũhe athomi kĩheo gĩa kũheana tũcaara twa kũheana mabuku cukuru-inĩ cia mĩgũnda.,0.445062233,0.317941377,Misati,Ũhe athomi kĩheo gĩa kũheana tũcaara twa kũheana mabuku cukuru-inĩ cia mĩgũnda.,0.445062233,0.317941377,Lavender,,
,Education,Multi-agency team monitors school safety during KCSE exams.,Timu ya taasisi mbalimbali hufuatilia usalama wa shule wakati wa mitihani ya KCSE.,Timu ya thirikari nyingĩ nĩ ĩroragĩria ũgitĩri wa cukuru hĩndĩ ya gĩthomo kĩa KCSE.,0.746400673,0.510155363,Misati,Timu ya thirikari nyingĩ nĩ ĩroragĩria ũgitĩri wa cukuru hĩndĩ ya gĩthomo kĩa KCSE.,0.746400673,0.510155363,Lavender,,
,Education,New Competency-Based Curriculum for TVET launched download free from KICD.,Programu mpya ya Elimu kwa vitendo (TVET) imezinduliwa na inapatikana bila malipo kwenye KICD.,Kĩromo Kĩerũ gĩa Kũruta Ũhoro wa Gĩthoomo gĩa TVET kĩambĩrĩirie kũrutwo hatarĩ marĩhi KICD.,0.544870044,0.429915529,Misati,Kĩromo Kĩerũ gĩa Kũruta Ũhoro wa Gĩthoomo gĩa TVET kĩambĩrĩirie kũrutwo hatarĩ marĩhi KICD.,0.544870044,0.429915529,Lavender,,
,Education,New green-energy TVET curriculum launched free download on KICD site now!,Programu mpya ya elimu ya nishati jadidifu imezinduliwa bila malipo kwenye tovuti ya KICD sasa!,Programu njerũ ya TVET ya hinya mwerũ nĩ ĩrambĩrĩirie kũruta wĩra wa gũtheremia ũhoro hatarĩ marĩhi thĩinĩ wa website ya KICD rĩu!,0.548021,0.416632268,Misati,Programu njerũ ya TVET ya hinya mwerũ nĩ ĩrambĩrĩirie kũruta wĩra wa gũtheremia ũhoro hatarĩ marĩhi thĩinĩ wa website ya KICD rĩu!,0.548021,0.416632268,Lavender,,
,Education,No arson in schools! Keep flammables away from dorms.,Hakuna moto shuleni!,Ndũkareke indo iria ciũrĩte mwaki ciume nyũmba-inĩ cia gũkoma.,0.392077242,0.354557408,Misati,Ndũkareke indo iria ciũrĩte mwaki ciume nyũmba-inĩ cia gũkoma.,0.392077242,0.354557408,Lavender,,
,Education,No changes to KCSE 2025 timetable after October 1.,Hakuna mabadiliko katika ratiba ya KCSE 2025 baada ya Oktoba 1.,Gũtirĩ mogarũrũku marekĩka thukuru-inĩ wa KCSE 2025 thutha wa 1 mweri wa ikũmi na ũmwe wa gatano.,0.783113866,0.559810111,Misati,Gũtirĩ mogarũrũku marekĩka thukuru-inĩ wa KCSE 2025 thutha wa 1 mweri wa ikũmi na ũmwe wa gatano.,0.783113866,0.559810111,Lavender,,
,Education,No child left behind: 100% transition from primary to secondary enforced nationwide.,Hakuna mtoto atakayeachwa nyuma: Mpito wa 100% kutoka msingi hadi upili umetekelezwa kote nchini.,Gũtirĩ mwana o na ũmwe ũtigĩtwo thutha: Gũkinyĩra 100% kuuma gĩthomo kĩa mbere nginya gĩa gatagatĩ nĩ kũbataranĩtie bũrũri-inĩ wothe.,0.549902404,0.437255994,Misati,Gũtirĩ mwana o na ũmwe ũtigĩtwo thutha: Gũkinyĩra 100% kuuma gĩthomo kĩa mbere nginya gĩa gatagatĩ nĩ kũbataranĩtie bũrũri-inĩ wothe.,0.549902404,0.437255994,Lavender,,
,Education,No child to repeat Grade 6 automatic promotion to JSS enforced nationwide!,Hakuna mtoto kurudia Gredi ya 6; kupandishwa moja kwa moja hadi JSS kumetekelezwa nchi nzima!,Gũtirĩ mwana ũngĩhota kũgarũra kĩrĩĩko kĩa namba 6 gĩa kũingĩra JSS bũrũri-inĩ wothe!,0.54982988,0.350006155,Misati,Gũtirĩ mwana ũngĩhota kũgarũra kĩrĩĩko kĩa namba 6 gĩa kũingĩra JSS bũrũri-inĩ wothe!,0.54982988,0.350006155,Lavender,,
,Education,No delay in school reopening 2025 due to floods.,Hakuna kuchelewa kufungua shule tena mwaka 2025 kutokana na mafuriko.,Gũtirĩ thutha wa cukuru gũcoka kũhingũra mwaka wa 2025 nĩ ũndũ wa mĩiyũro ya maaĩ.,0.632964837,0.586945843,Misati,Gũtirĩ thutha wa cukuru gũcoka kũhingũra mwaka wa 2025 nĩ ũndũ wa mĩiyũro ya maaĩ.,0.632964837,0.586945843,Lavender,,
,Education,"No entry without uniform and ID from January 6, 2025.","Hakuna kuingia bila sare na kitambulisho kuanzia Januari 6, 2025.","Gũtirĩ mũndũ ũtoonyaga mũingĩ ate na uniform na ID kuuma January 6, 2025.",0.72808567,0.485144014,Misati,"Gũtirĩ mũndũ ũtoonyaga mũingĩ ate na uniform na ID kuuma January 6, 2025.",0.72808567,0.485144014,Lavender,,
,Education,No fees for public primary; report any demand to 0800721490 immediately!,Hakuna ada kwa shule za msingi za umma; ripoti madai yoyote kwa 0800721490 mara moja!,Gũtirĩ thiirĩ wa gĩcunjĩ kĩa mbere kĩa mũingĩ; riita ũhoro wa kũhingia maũndũ mothe na thimũ ya 0800721490 o rĩu!,0.689392654,0.389168593,Misati,Gũtirĩ thiirĩ wa gĩcunjĩ kĩa mbere kĩa mũingĩ; riita ũhoro wa kũhingia maũndũ mothe na thimũ ya 0800721490 o rĩu!,0.689392654,0.389168593,Lavender,,
,Education,No learner to be locked out for lack of uniform principals warned!,Hakuna mwanafunzi anayepaswa kufungiwa nje kwa sababu ya kukosa sare za shule; walimu waonywa!,Gũtirĩ mũrutwo ũngĩringwo nĩ ũndũ wa kwaga mũtongoria wa mũingĩ ũrĩa ũraheana ũtaaro!,0.447551737,0.344533333,Misati,Gũtirĩ mũrutwo ũngĩringwo nĩ ũndũ wa kwaga mũtongoria wa mũingĩ ũrĩa ũraheana ũtaaro!,0.447551737,0.344533333,Lavender,,
,Education,No learner to miss school due to fees; call 0800721490 if blocked at the gate.,Hakuna mwanafunzi kukosa shule kwa sababu ya ada; piga simu 0800721490 ikiwa utafungiwa getini.,Gũtirĩ mũrutwo ũngĩthũka cukuru nĩ ũndũ wa mĩhothi; thimũ 0800721490 angĩkorũo nĩ mũrango.,0.780168436,0.487183485,Misati,Gũtirĩ mũrutwo ũngĩthũka cukuru nĩ ũndũ wa mĩhothi; thimũ 0800721490 angĩkorũo nĩ mũrango.,0.780168436,0.487183485,Lavender,,
,Education,No learner to walk more than 5km to school; free buses deployed in rural areas!,Hakuna mwanafunzi kutembea zaidi ya kilomita 5 kwenda shule; mabasi ya bure yatekelezwa katika maeneo ya vijijini!,Gũtirĩ mũrutwo ũngĩhota gũthiĩ cukuru na magũrũ makĩria ma kilomita 5; mabasi ma tũhũ nĩ maratwarwo matũũra-inĩ!,0.644268431,0.470567287,Misati,Gũtirĩ mũrutwo ũngĩhota gũthiĩ cukuru na magũrũ makĩria ma kilomita 5; mabasi ma tũhũ nĩ maratwarwo matũũra-inĩ!,0.644268431,0.470567287,Lavender,,
,Education,No violence! Report student issues to school management.,Hakuna vurugu! Ripoti matatizo ya wanafunzi kwa usimamizi wa shule.,Twaria maũndũ marĩa marekĩka nĩ ũndũ wa arutwo kũrĩ anene a cukuru.,0.667489837,0.424814188,Misati,Twaria maũndũ marĩa marekĩka nĩ ũndũ wa arutwo kũrĩ anene a cukuru.,0.667489837,0.424814188,Lavender,,
,Education,No visits to secondary schools during third term as per circular.,Hakuna ziara katika shule za upili wakati wa muhula wa tatu kulingana na mzunguko.,Gũtirĩ gĩthomo gĩa gũceerera cukuru cia gatagatĩ hĩndĩ ya karine ya gatatũ ta ũrĩa gũtaarĩirio.,0.592507315,0.506193079,Misati,Gũtirĩ gĩthomo gĩa gũceerera cukuru cia gatagatĩ hĩndĩ ya karine ya gatatũ ta ũrĩa gũtaarĩirio.,0.592507315,0.506193079,Lavender,,
,Education,OMR answer sheets for KPSEA 2025 now use circles instead of lines.,Majibu ya OMR kwa KPSEA 2025 sasa yatatumia duara badala ya mistari.,Mabuku ma macokio ma OMR ma KPSEA 2025 rĩu nĩ marutaga mĩhĩrĩga handũ ha mĩhĩrĩga.,0.693382419,0.510885891,Misati,Mabuku ma macokio ma OMR ma KPSEA 2025 rĩu nĩ marutaga mĩhĩrĩga handũ ha mĩhĩrĩga.,0.693382419,0.510885891,Lavender,,
,Education,On May 5 2015 KUCCPS opened its portal for 2014 KCSE candidates to apply for TVET diploma and certificate courses with a deadline of June 15 2015.,"Mnamo Mei 5, 2015, KUCCPS ilifungua tovuti yake kwa watahiniwa wa KCSE 2014 ili kuomba kozi za diploma na cheti za TVET, mwisho ulikuwa Juni 15, 2015.","Mũthenya wa 5 mweri wa 5, 2015 KUCCPS nĩ yambĩrĩirie mũtaratara wayo wa kwandĩka marũa ma kũheana digirii na marũa ma gwĩtĩkia ma TVET kũrĩ agendi a KCSE a mwaka wa 2014 na ihinda rĩa kũhingia marũa macio nĩ rĩa June 15, 2015.",0.69407017,0.439581223,Misati,"Mũthenya wa 5 mweri wa 5, 2015 KUCCPS nĩ yambĩrĩirie mũtaratara wayo wa kwandĩka marũa ma kũheana digirii na marũa ma gwĩtĩkia ma TVET kũrĩ agendi a KCSE a mwaka wa 2014 na ihinda rĩa kũhingia marũa macio nĩ rĩa June 15, 2015.",0.69407017,0.439581223,Lavender,,
,Education,Open doors! Integrate refugee students into national schools.,Fungua milango! Jumuisha wanafunzi wakimbizi katika shule za kitaifa.,Ũkĩrai na arutwo a ũgwati wa kũingĩra cukuru-inĩ cia bũrũri.,0.712219836,0.380187015,Misati,Ũkĩrai na arutwo a ũgwati wa kũingĩra cukuru-inĩ cia bũrũri.,0.712219836,0.380187015,Lavender,,
,Education,Open schools! Enroll refugee children in education.,Fungua shule! Wasajili watoto wakimbizi katika elimu.,"Kũhingũra cukuru, kũingĩria ciana cia ũrigitani gĩthomo-inĩ.",0.715132285,0.482767028,Misati,"Kũhingũra cukuru, kũingĩria ciana cia ũrigitani gĩthomo-inĩ.",0.715132285,0.482767028,Lavender,,
,Education,Organize career guidance days 2021.,Panga siku za ushauri wa kitaaluma (career guidance) 2021.,Gwatanĩria matukũ ma gũtongoria wĩra mwaka wa 2021.,0.568353251,0.356329627,Misati,Gwatanĩria matukũ ma gũtongoria wĩra mwaka wa 2021.,0.568353251,0.356329627,Lavender,,
,Education,Organize debate clubs 2020.,Tengeneza vilabu vya midahalo 2020.,Gwatanĩria mĩcemanio ya mĩcemanio mwaka wa 2020.,0.607714058,0.421769775,Misati,Gwatanĩria mĩcemanio ya mĩcemanio mwaka wa 2020.,0.607714058,0.421769775,Lavender,,
,Education,Organize exchange programs 2020.,Tengeneza programu za mabadilishano mwaka 2020.,Kũbanga mĩbango ya kũgarũrĩra andũ mĩbango ya mwaka wa 2020.,0.701682603,0.492810967,Misati,Kũbanga mĩbango ya kũgarũrĩra andũ mĩbango ya mwaka wa 2020.,0.701682603,0.492810967,Lavender,,
,Education,Organize science fairs annually 2022.,Tengeneza maonyesho ya sayansi kila mwaka 2022.,Kũbanga ciathĩ cia sayansi o mwaka mwaka wa 2022.,0.700974726,0.476169949,Misati,Kũbanga ciathĩ cia sayansi o mwaka mwaka wa 2022.,0.700974726,0.476169949,Lavender,,
,Education,Over 1.5 million learners placed in junior secondary; check SMS *222# now.,Zaidi ya wanafunzi milioni 1.5 wamepelekwa shule za upili za chini; angalia SMS *222# sasa.,Arutwo makĩria ma milioni ĩmwe na nuthu arĩa marathiĩ sekondarĩ nĩ marakinyire gĩcunjĩ gĩa gatatũ.,0.642452179,0.383322463,Misati,Arutwo makĩria ma milioni ĩmwe na nuthu arĩa marathiĩ sekondarĩ nĩ marakinyire gĩcunjĩ gĩa gatatũ.,0.642452179,0.383322463,Lavender,,
,Education,"Over 2 million learners to get free textbooks January 6, no buying allowed!","Zaidi ya wanafunzi milioni 2 watapata vitabu vya shule bila malipo Januari 6, hakuna kununua tena!","Arutwo makĩria ma milioni igĩrĩ nĩ megũkũra mabuku ma kwĩruta ma tũhũ, January 6, matirĩ marekĩrũo kũgũra!",0.570127027,0.419883191,Misati,"Arutwo makĩria ma milioni igĩrĩ nĩ megũkũra mabuku ma kwĩruta ma tũhũ, January 6, matirĩ marekĩrũo kũgũra!",0.570127027,0.419883191,Lavender,,
,Education,"Parents in arid areas: Apply now for 15,000 secondary school scholarships deadline November 30.","Wazazi katika maeneo ya vijijini: Tuma maombi sasa ya ufadhili wa shule ya upili wa 15,000, mwisho ni Novemba 30.","Aciari arĩa matũũraga kũndũ kũrĩa kũtarĩ mĩiyũro: Hoya rĩu tũtugi twa 15,000 twa kĩrathi gĩa sekondarĩ, ihinda rĩrĩa rĩathirĩte rĩa mweri wa 11 wa 30.",0.546384772,0.378102039,Misati,"Aciari arĩa matũũraga kũndũ kũrĩa kũtarĩ mĩiyũro: Hoya rĩu tũtugi twa 15,000 twa kĩrathi gĩa sekondarĩ, ihinda rĩrĩa rĩathirĩte rĩa mweri wa 11 wa 30.",0.546384772,0.378102039,Lavender,,
,Education,"Parents in slums: 50,000 full scholarships available. Apply before November 30!","Wazazi katika maeneo ya vijijini: Wanaweza kupata ufadhili wa 50,000.","Aciari arĩa matũũraga mĩgũnda-inĩ mĩũmũ: Mũingĩ wa ciana 50,000 nĩ ũkoragwo na mbeca cia kũruta cukuru.",0.460696714,0.379107974,Misati,"Aciari arĩa matũũraga mĩgũnda-inĩ mĩũmũ: Mũingĩ wa ciana 50,000 nĩ ũkoragwo na mbeca cia kũruta cukuru.",0.460696714,0.379107974,Lavender,,
,Education,"Parents must register Grade 6 learners for KPSEA by February 28, 2025.","Wazazi wanapaswa kuwasajili wanafunzi wa Gredi ya 6 kwa KPSEA ifikapo Februari 28, 2025.","Aciari magĩrĩire kwandĩka arutwo a kĩrathi gĩa 6 KPSEA nginya February 28, 2025.",0.736162434,0.546155501,Misati,"Aciari magĩrĩire kwandĩka arutwo a kĩrathi gĩa 6 KPSEA nginya February 28, 2025.",0.736162434,0.546155501,Lavender,,
,Education,Parents urged to enroll all children in free primary education before January 2025 deadline.,Wazazi wamehimizwa kusajili watoto wote katika elimu ya msingi bila malipo kabla ya tarehe ya mwisho ya Januari 2025.,Aciari nĩ mecirĩirio manyitane ciana ciothe gĩthomo-inĩ kĩa mũtaratara wa mbere mbere wa mweri wa mbere wa mwaka wa 2025.,0.709324421,0.494933965,Misati,Aciari nĩ mecirĩirio manyitane ciana ciothe gĩthomo-inĩ kĩa mũtaratara wa mbere mbere wa mweri wa mbere wa mwaka wa 2025.,0.709324421,0.494933965,Lavender,,
,Education,"Parents, be alert! Report terror risks near schools.","Wazazi, kuweni waangalifu!","Aciari, mwĩmenyererei!",0.608689545,0.501478891,Misati,"Aciari, mwĩmenyererei!",0.608689545,0.501478891,Lavender,,
,Education,"Parents, engage! Attend school meetings to support education access.","Wazazi, shiriki! Hudhuria mikutano ya shule ili kuunga mkono upatikanaji wa elimu.","Aciari, thiĩ na mbere na mĩcemanio ya cukuru nĩguo mũhote kũgĩa na ũmenyo.",0.639979334,0.491423177,Misati,"Aciari, thiĩ na mbere na mĩcemanio ya cukuru nĩguo mũhote kũgĩa na ũmenyo.",0.639979334,0.491423177,Lavender,,
,Education,"Parents, stay cautious! Monitor children to prevent abductions.","Wazazi, kuweni waangalifu!","Aciari, mwĩmenyererei mũno!",0.666795278,0.48908086,Misati,"Aciari, mwĩmenyererei mũno!",0.666795278,0.48908086,Lavender,,
,Education,"Parents, stay vigilant! Protect children from banditry risks.","Wazazi, kuweni macho, na mlinde watoto wenu kutokana na hatari za uhalifu.","Aciari, mwĩhũgagei!",0.555521004,0.526924263,Misati,"Aciari, mwĩhũgagei!",0.555521004,0.526924263,Lavender,,
,Education,Parents: Ask your child if they're registered to vote guide available on education.go.ke,Wazazi: Muulize mtoto wako ikiwa amejisajili kupiga kura; mwongozo unapatikana kwenye education.go.ke.,Aciari: Hoya mwana waku kana nĩ aanyitanĩire na mũtongoria wa gũthuura ũrĩa ũrĩ thĩinĩ wa education.go.ke,0.704529775,0.502206682,Misati,Aciari: Hoya mwana waku kana nĩ aanyitanĩire na mũtongoria wa gũthuura ũrĩa ũrĩ thĩinĩ wa education.go.ke,0.704529775,0.502206682,Lavender,,
,Education,Parents: Check if your child is registered to vote; guide on education.go.ke!,Wazazi: Angalia ikiwa mtoto wako amesajiliwa kupiga kura; tafadhali tembelea education.go.ke!,Aciari: Thuthurie kana mwana waku nĩ aanyitwo mbaru kũhũthĩra wĩyathi wa gwĩthuurĩra; hũra ũtongoria thĩinĩ wa education.go.ke!,0.673459465,0.474998243,Misati,Aciari: Thuthurie kana mwana waku nĩ aanyitwo mbaru kũhũthĩra wĩyathi wa gwĩthuurĩra; hũra ũtongoria thĩinĩ wa education.go.ke!,0.673459465,0.474998243,Lavender,,
,Education,Parents: Pay zero fees for public secondary report any school demanding money to 0800721490 now.,Wazazi: Hakuna malipo ya ada kwa shule za upili za umma za kutwa; ripoti shule yoyote inayodai fedha kwa 0800721490 sasa.,Aciari: Mũrĩhe thiirĩ wa gũtigithĩria cukuru o yothe ĩrĩa ĩrabatara mbeca cia kũruta wĩra wa sekondari kũrĩ 0800721490 rĩu.,0.597653422,0.350481146,Misati,Aciari: Mũrĩhe thiirĩ wa gũtigithĩria cukuru o yothe ĩrĩa ĩrabatara mbeca cia kũruta wĩra wa sekondari kũrĩ 0800721490 rĩu.,0.597653422,0.350481146,Lavender,,
,Education,Parents: Teach your child their voter rights tonight free guide at education.go.ke,Wazazi: Mfundishe mtoto wako haki zao za kupiga kura usiku huu; mwongozo wa bure kwenye education.go.ke.,Aciari: Thoma ciana ciaku wĩyathi wa gũthuura ũtukũ ũyũ,0.699398352,0.476517202,Misati,Aciari: Thoma ciana ciaku wĩyathi wa gũthuura ũtukũ ũyũ,0.699398352,0.476517202,Lavender,,
,Education,Pipe up! Enroll in plumbing vocational courses.,Jiandikishe katika kozi za kazi za umeme.,Wĩrute maũndũ ma wĩra wa gũtheremia maaĩ.,0.53092097,0.332967241,Misati,Wĩrute maũndũ ma wĩra wa gũtheremia maaĩ.,0.53092097,0.332967241,Lavender,,
,Education,Plan ahead! Develop landslide evacuation plans for schools.,"Panga mapema, tengeneza mipango ya kujiokoa wakati wa maporomoko ya ardhi kwa ajili ya shule.",Ũcoke wĩcirie maũndũ marĩa mangĩhota kũruta cukuru.,0.519873632,0.276403475,Misati,Ũcoke wĩcirie maũndũ marĩa mangĩhota kũruta cukuru.,0.519873632,0.276403475,Lavender,,
,Education,Plan for safety! Develop school lockdown plans for terror threats.,"Panga mipango ya usalama, tengeneza mipango ya kufunga shule inapotokea vitisho vya ugaidi.",Ũtuĩre mũbango wa kũhingia cukuru nĩ ũndũ wa mogwati ma ũgwati.,0.552033032,0.453285513,Misati,Ũtuĩre mũbango wa kũhingia cukuru nĩ ũndũ wa mogwati ma ũgwati.,0.552033032,0.453285513,Lavender,,
,Education,Power up! Join vocational courses in renewable energy.,Ongeza nguvu! Jiunge na masomo ya kitaaluma katika nishati jadidifu.,Ũka ũrute maũndũ megiĩ ũhoti wa kũmenyeria andũ.,0.429937628,0.292530321,Misati,Ũka ũrute maũndũ megiĩ ũhoti wa kũmenyeria andũ.,0.429937628,0.292530321,Lavender,,
,Education,Prepare for fees! Support schools by paying fees on time despite funding delays.,Jitayarishe kwa ajili ya ada! Kuunga mkono shule kwa kulipa ada kwa wakati licha ya kuchelewa kwa ruzuku.,Nĩ ũgũteithĩrĩria cukuru kũruta mũcaara na njĩra ya kũrĩha mũcaara na ihenya o na gũtuĩka mbeca nĩ itathiraga.,0.664594784,0.409238474,Misati,Nĩ ũgũteithĩrĩria cukuru kũruta mũcaara na njĩra ya kũrĩha mũcaara na ihenya o na gũtuĩka mbeca nĩ itathiraga.,0.664594784,0.409238474,Lavender,,
,Education,Prepare for KPSEA assessments Grade 6.,Jiandae kwa ajili ya tathmini ya KPSEA Gredi ya 6.,Ĩhaarĩrie gũthuthuria KPSEA kĩrathi gĩa 6.,0.578346199,0.546096858,Misati,Ĩhaarĩrie gũthuthuria KPSEA kĩrathi gĩa 6.,0.578346199,0.546096858,Lavender,,
,Education,Prevent exam leakage 2020.,Epuka uvujaji wa mitihani 2020.,Gwĩthema kũhithũkĩra mathikĩrĩria ma ithurano cia 2020.,0.51602075,0.341275016,Misati,Gwĩthema kũhithũkĩra mathikĩrĩria ma ithurano cia 2020.,0.51602075,0.341275016,Lavender,,
,Education,Prevent sexual harassment 2020.,Kuzuia unyanyasaji wa kingono 2020.,Gwĩthema kũhinyĩrĩrio na maũndũ megiĩ ngomanio 2020.,0.679149473,0.538948717,Misati,Gwĩthema kũhinyĩrĩrio na maũndũ megiĩ ngomanio 2020.,0.679149473,0.538948717,Lavender,,
,Education,Prevent substance abuse in schools 2025.,Kuzuia matumizi mabaya ya dawa za kulevya shuleni 2025.,Gwĩthema kũnyua ndawa cia kũrebia cukuru-inĩ mwaka wa 2025.,0.719456322,0.583897921,Misati,Gwĩthema kũnyua ndawa cia kũrebia cukuru-inĩ mwaka wa 2025.,0.719456322,0.583897921,Lavender,,
,Education,Priority for bursary to needy students.,Kipaumbele cha masomo kwa wanafunzi wenye uhitaji.,Kũheana mbeca cia kũruta wĩra kũrĩ arutwo arĩa maabataraga ũteithio.,0.584416626,0.397708731,Misati,Kũheana mbeca cia kũruta wĩra kũrĩ arutwo arĩa maabataraga ũteithio.,0.584416626,0.397708731,Lavender,,
,Education,Priority for bursary to needy TVET students.,Kipaumbele cha ufadhili wa masomo ya TVET kwa wanafunzi wenye uhitaji.,Kũheana mbeca cia kũruta wĩra kũrĩ arutwo arĩa marĩ na thĩna wa TVET.,0.518469132,0.370089385,Misati,Kũheana mbeca cia kũruta wĩra kũrĩ arutwo arĩa marĩ na thĩna wa TVET.,0.518469132,0.370089385,Lavender,,
,Education,Priority for TVET bursary given to needy students.,Kipaumbele cha masomo ya TVET kwa wanafunzi wenye uhitaji.,Kũheo mbeca cia TVET cia mbere nĩ arutwo arĩa marĩ na thĩna.,0.568100935,0.415906184,Misati,Kũheo mbeca cia TVET cia mbere nĩ arutwo arĩa marĩ na thĩna.,0.568100935,0.415906184,Lavender,,
,Education,Process for profit! Learn food processing in TVET programs.,Jifunze utaratibu wa kutengeneza chakula katika programu za TVET.,Wĩrute kũmenyeria irio na njĩra ya kũruta wĩra wa TVET.,0.574406461,0.45504234,Misati,Wĩrute kũmenyeria irio na njĩra ya kũruta wĩra wa TVET.,0.574406461,0.45504234,Lavender,,
,Education,Project builds English-to-KSL dataset for deaf learners using AI.,Mradi huu unaunda seti ya data ya Kiingereza hadi Lugha ya Ishara ya Kenya (KSL) kwa kutumia AI kwa wanafunzi viziwi.,Project nĩ ĩrakũra gĩcunjĩ kĩa ũhoro wa gĩthũngũ na KSL harĩ arĩa mataiguaga makĩhũthĩra AI.,0.701370464,0.400944444,Misati,Project nĩ ĩrakũra gĩcunjĩ kĩa ũhoro wa gĩthũngũ na KSL harĩ arĩa mataiguaga makĩhũthĩra AI.,0.701370464,0.400944444,Lavender,,
,Education,Project documents education struggles and hopes for rural girls.,Mradi unaonyesha mapambano ya elimu na matumaini ya wasichana wa vijijini.,Ũhoro ũcio nĩ wonanagia ũrĩa airĩtu a gĩcigo kĩu merutanagĩria na ũrĩa meriragĩria.,0.70178619,0.376503937,Misati,Ũhoro ũcio nĩ wonanagia ũrĩa airĩtu a gĩcigo kĩu merutanagĩria na ũrĩa meriragĩria.,0.70178619,0.376503937,Lavender,,
,Education,Project helps Nairobi schools access teacher training and learning tools.,Mradi unasaidia shule za Nairobi kupata vifaa vya kufundishia na vya kujifunzia kwa walimu.,Ũteithio wa kĩbungo kĩu nĩ gũteithĩrĩria cukuru cia Nairobi kũgĩa na indo cia kũmenyeria arutani na kũruta.,0.683504266,0.465411975,Misati,Ũteithio wa kĩbungo kĩu nĩ gũteithĩrĩria cukuru cia Nairobi kũgĩa na indo cia kũmenyeria arutani na kũruta.,0.683504266,0.465411975,Lavender,,
,Education,Promote arts education 2024.,Kuendeleza elimu ya sanaa 2024.,Kũheana ũmenyo wa magegania mwaka wa 2024.,0.735867146,0.491639061,Misati,Kũheana ũmenyo wa magegania mwaka wa 2024.,0.735867146,0.491639061,Lavender,,
,Education,Promote coding clubs 2024.,Kuendeleza vilabu vya usimbaji (coding) 2024.,Kũheana ũhoti wa kũhũthĩra namba cia kwandĩka mwaka wa 2024.,0.574202264,0.351050458,Misati,Kũheana ũhoti wa kũhũthĩra namba cia kwandĩka mwaka wa 2024.,0.574202264,0.351050458,Lavender,,
,Education,Promote cultural education 2020.,Kuendeleza elimu ya kitamaduni 2020.,Kũheana ũmenyo wa maũndũ ma gĩthũngũ mwaka wa 2020.,0.795635288,0.423660513,Misati,Kũheana ũmenyo wa maũndũ ma gĩthũngũ mwaka wa 2020.,0.795635288,0.423660513,Lavender,,
,Education,Promote entrepreneurship education 2024.,Kuendeleza elimu ya ujasiriamali 2024.,Kũheana ũmenyo wa ũgeni mwaka-inĩ wa 2024.,0.719179055,0.462784225,Misati,Kũheana ũmenyo wa ũgeni mwaka-inĩ wa 2024.,0.719179055,0.462784225,Lavender,,
,Education,Promote environmental education in curriculum.,Kuendeleza elimu ya mazingira katika mtaala.,Kũheana ũmenyo wa mũthiithũ wa mũthiithũ wa mũthiithũ wa mũthiithũ wa mũthiithũ.,0.672012852,0.486773339,Misati,Kũheana ũmenyo wa mũthiithũ wa mũthiithũ wa mũthiithũ wa mũthiithũ wa mũthiithũ.,0.672012852,0.486773339,Lavender,,
,Education,Promote equality! Ensure equal access for boys and girls.,"Kuendeleza usawa, kuhakikisha usawa wa watoto wa kike na wa kiume.","Kũheana ũiguano wa ciana, kũhingia ũiguano wa ciana.",0.612662948,0.375599175,Misati,"Kũheana ũiguano wa ciana, kũhingia ũiguano wa ciana.",0.612662948,0.375599175,Lavender,,
,Education,Promote gender parity 2023.,Kuendeleza usawa wa kijinsia mwaka 2023.,Kũheana ũiguano wa gatagatĩ ka andũ a nja mwaka wa 2023.,0.680517472,0.500050333,Misati,Kũheana ũiguano wa gatagatĩ ka andũ a nja mwaka wa 2023.,0.680517472,0.500050333,Lavender,,
,Education,Promote green schools 2024.,Kuendeleza shule za kijani 2024.,Kũheana mweke wa kũruta cukuru cia mũhiano mwaka wa 2024.,0.691168033,0.386432454,Misati,Kũheana mweke wa kũruta cukuru cia mũhiano mwaka wa 2024.,0.691168033,0.386432454,Lavender,,
,Education,Promote health education 2021.,Kuendeleza elimu ya afya mwaka 2021.,Kũrehe ũrigitani wa kĩama kĩa mũingĩ mwaka-inĩ wa 2021.,0.699324472,0.348685713,Misati,Kũrehe ũrigitani wa kĩama kĩa mũingĩ mwaka-inĩ wa 2021.,0.699324472,0.348685713,Lavender,,
,Education,Promote lifelong learning 2025.,Kuendeleza stadi za maisha (life skills) 2025.,Kũheana ũmenyo wa gũtũũra nginya mwaka wa 2025.,0.561702868,0.468016292,Misati,Kũheana ũmenyo wa gũtũũra nginya mwaka wa 2025.,0.561702868,0.468016292,Lavender,,
,Education,Promote peace education in conflict areas 2025.,Kuendeleza elimu ya amani katika maeneo yenye migogoro 2025.,Kũheana ũmenyo wa thayũ kũndũ kũrĩa kũkoragwo na ngũĩ mwaka wa 2025.,0.744763388,0.465595494,Misati,Kũheana ũmenyo wa thayũ kũndũ kũrĩa kũkoragwo na ngũĩ mwaka wa 2025.,0.744763388,0.465595494,Lavender,,
,Education,Promote peace! Join school peace clubs in conflict zones.,Shirikiana na vilabu vya amani shuleni katika maeneo yenye migogoro.,Ũka ũkenere thayũ!,0.53885324,0.236030839,Misati,Ũka ũkenere thayũ!,0.53885324,0.236030839,Lavender,,
,Education,Promote peace! Use school forums to resolve student conflicts.,Tumia vikao vya shule kutatua migogoro kati ya wanafunzi.,Tũtũme thayũ ũikare kuo!,0.718686366,0.351581683,Misati,Tũtũme thayũ ũikare kuo!,0.718686366,0.351581683,Lavender,,
,Education,Promote research collaborations 2025.,Kuendeleza ushirikiano wa utafiti mwaka 2025.,Kũheana ũrutani wa ũrutani wa mwaka wa 2025.,0.733645566,0.404006898,Misati,Kũheana ũrutani wa ũrutani wa mwaka wa 2025.,0.733645566,0.404006898,Lavender,,
,Education,Promote safe cycling to school 2024.,Kuhamasisha uendeshaji salama wa baiskeli kwenda shuleni 2024.,Kũheana ũhoti wa kũhaica njinga wega nginya cukuru 2024.,0.66906258,0.38744485,Misati,Kũheana ũhoti wa kũhaica njinga wega nginya cukuru 2024.,0.66906258,0.38744485,Lavender,,
,Education,Promote volunteer teaching 2024.,Kuendeleza ufundishaji wa kujitolea 2024.,Kũheana ũrutani wa wĩrutĩri mwaka wa 2024.,0.727656074,0.559106799,Misati,Kũheana ũrutani wa wĩrutĩri mwaka wa 2024.,0.727656074,0.559106799,Lavender,,
,Education,Promote volunteerism 2025.,Kuendeleza huduma za kujitolea mwaka 2025.,Kũheana ũteithio wa kwĩrutĩra mwaka wa 2025.,0.682070875,0.507033764,Misati,Kũheana ũteithio wa kwĩrutĩra mwaka wa 2025.,0.682070875,0.507033764,Lavender,,
,Education,Protect girls! Include FGM prevention in school programs.,Weka mipango ya kuzuia ukeketaji (FGM) katika mitaala ya shule.,Tĩaga airĩtu! Tĩaga kũgirĩrĩria andũ kũhonio nĩ ũndũ wa kũhonio kwa maguta.,0.520672275,0.228280175,Misati,Tĩaga airĩtu! Tĩaga kũgirĩrĩria andũ kũhonio nĩ ũndũ wa kũhonio kwa maguta.,0.520672275,0.228280175,Lavender,,
,Education,"Protect girls! Schools, prevent FGM risks.","Linda wasichana, shule, zuia hatari za ukeketaji (FGM).","Gũtongoria airĩtu, kũgitĩra cukuru, kũgirĩrĩria mogarũrũku ma mwĩrĩ ma kũhũrwo nĩ mũndũ.",0.664604702,0.373472104,Misati,"Gũtongoria airĩtu, kũgitĩra cukuru, kũgirĩrĩria mogarũrũku ma mwĩrĩ ma kũhũrwo nĩ mũndũ.",0.664604702,0.373472104,Lavender,,
,Education,Protect kids! Report abuse or trafficking to 116.,Ripoti unyanyasaji au usafirishaji haramu kupitia 116.,Rekei tũmenye atĩ ciana nĩ iranyitirũo kana nĩ ciathumbũragwo.,0.504002055,0.274177805,Misati,Rekei tũmenye atĩ ciana nĩ iranyitirũo kana nĩ ciathumbũragwo.,0.504002055,0.274177805,Lavender,,
,Education,Protect our children! Report trafficking risks to 116.,Piga 116 kutoa taarifa kuhusu hatari za usafirishaji haramu wa binadamu.,Rekei tũmenye mũgwati wa kũhuthĩra andũ arĩa angĩ 116.,0.348461111,0.307090076,Misati,Rekei tũmenye mũgwati wa kũhuthĩra andũ arĩa angĩ 116.,0.348461111,0.307090076,Lavender,,
,Education,Protect our planet! Join school environmental clubs.,Linda sayari yetu!,Rũmĩrĩra mũtabarĩre witũ!,0.652254566,0.374234565,Misati,Rũmĩrĩra mũtabarĩre witũ!,0.652254566,0.374234565,Lavender,,
,Education,"Protect schools! Communities, guard against banditry.","Linda shule na jamii, jilinde dhidi ya uhalifu.","Gũtongoria thukuru, mĩciĩ mĩingĩ, na kũgitĩra andũ arĩa mahĩtagĩra ũici.",0.646292921,0.309654729,Misati,"Gũtongoria thukuru, mĩciĩ mĩingĩ, na kũgitĩra andũ arĩa mahĩtagĩra ũici.",0.646292921,0.309654729,Lavender,,
,Education,Protect students! Create GBV-free school environments.,Linda wanafunzi! Unda mazingira ya shule yasiyo na ukatili wa kijinsia (GBV).,Ũgitĩre arutwo! Ũtuĩre thukuru ũtarĩ na indo cia gũthondeka indo cia gũthondeka indo cia gũthondeka indo cia gũthondeka indo cia gũthondeka indo cia gũthondeka indo cia gũthondeka indo cia gũthondeka indo cia gũthondeka indo cia gũthondeka indo cia gũthondeka indo cia gũthondeka indo cia gũthondeka indo cia gũthondeka indo cia gũthondeka indo cia gũthondeka indo cia gũthondeka indo cia gũthondeka indo cia gũthondeka indo cia gũthondeka indo cia gũthondeka indo cia gũthondeka indo cia gũthondeka indo cia gũthondeka indo cia gũthondeka indo cia gũthondeka indo cia gũthondeka indo cia gũthondeka indo cia gũthondeka indo cia gũthondeka indo.,0.473724613,0.521923352,Misati,Ũgitĩre arutwo! Ũtuĩre thukuru ũtarĩ na indo cia gũthondeka indo cia gũthondeka indo cia gũthondeka indo cia gũthondeka indo cia gũthondeka indo cia gũthondeka indo cia gũthondeka indo cia gũthondeka indo cia gũthondeka indo cia gũthondeka indo cia gũthondeka indo cia gũthondeka indo cia gũthondeka indo cia gũthondeka indo cia gũthondeka indo cia gũthondeka indo cia gũthondeka indo cia gũthondeka indo cia gũthondeka indo cia gũthondeka indo cia gũthondeka indo cia gũthondeka indo cia gũthondeka indo cia gũthondeka indo cia gũthondeka indo cia gũthondeka indo cia gũthondeka indo cia gũthondeka indo cia gũthondeka indo cia gũthondeka indo.,0.473724613,0.521923352,Lavender,,
,Education,Provide access! Supply braille digital tools for students.,Wapatie wanafunzi vifaa vya kidijitali vya Braille.,Tũhe arutwo indo cia gũthoma na rũthiomi rwa Braille.,0.477017654,0.467727843,Misati,Tũhe arutwo indo cia gũthoma na rũthiomi rwa Braille.,0.477017654,0.467727843,Lavender,,
,Education,Provide aids! Supply sign language tools for deaf students.,Toa vifaa vya lugha ya ishara kwa wanafunzi viziwi.,Tũheana indo cia gũteithia arutwo arĩa matarĩ maigua.,0.641501035,0.442906611,Misati,Tũheana indo cia gũteithia arutwo arĩa matarĩ maigua.,0.641501035,0.442906611,Lavender,,
,Education,Provide assistive devices 2020.,Kutoa vifaa saidizi 2020.,Kũheana indo cia gũteithĩrĩria mwaka wa 2020.,0.634372107,0.551757292,Misati,Kũheana indo cia gũteithĩrĩria mwaka wa 2020.,0.634372107,0.551757292,Lavender,,
,Education,Provide first aid kits 2020.,Kutoa vifaa vya huduma ya kwanza 2020.,Kũheana mĩhothi ya ũteithio wa mbere mwaka wa 2020.,0.670888314,0.581047765,Misati,Kũheana mĩhothi ya ũteithio wa mbere mwaka wa 2020.,0.670888314,0.581047765,Lavender,,
,Education,Provide internet in schools 2024.,Kuandaa mtandao shuleni 2024.,Kũheana intaneti cukuru-inĩ 2024.,0.548265152,0.630645945,Misati,Kũheana intaneti cukuru-inĩ 2024.,0.548265152,0.630645945,Lavender,,
,Education,Provide mobility! Supply wheelchairs for disabled students.,Wapatie wanafunzi wenye ulemavu viti vya magurudumu.,Tũhe arutwo arĩa marĩ na mawathe mĩikarĩre ya gũikara na njara cia kũigũrũka.,0.680192467,0.3805387,Misati,Tũhe arutwo arĩa marĩ na mawathe mĩikarĩre ya gũikara na njara cia kũigũrũka.,0.680192467,0.3805387,Lavender,,
,Education,Provide resources! Fund mental health programs in schools.,Toa rasilimali!,"Tũhe indo cia kũhũthĩra, na tũhe mbeca cia kũheana mĩbango ya kũgitĩra andũ arĩa marĩ na mathĩna ma mwĩrĩ thĩinĩ wa cukuru.",0.455054645,0.390514657,Misati,"Tũhe indo cia kũhũthĩra, na tũhe mbeca cia kũheana mĩbango ya kũgitĩra andũ arĩa marĩ na mathĩna ma mwĩrĩ thĩinĩ wa cukuru.",0.455054645,0.390514657,Lavender,,
,Education,Provide scholarships for orphans 2021.,Kutoa ufadhili wa masomo kwa yatima 2021.,Kũheana mĩhothi ya kũruta wĩra ya ciana cia ndigwa mwaka wa 2021.,0.540646853,0.540098599,Misati,Kũheana mĩhothi ya kũruta wĩra ya ciana cia ndigwa mwaka wa 2021.,0.540646853,0.540098599,Lavender,,
,Education,Provide scholarships for sports 2020.,Kutoa masomo ya michezo 2020.,Kũheana mĩhothi ya kũruta wĩra wa mathako ma mwaka wa 2020.,0.449470657,0.555661944,Misati,Kũheana mĩhothi ya kũruta wĩra wa mathako ma mwaka wa 2020.,0.449470657,0.555661944,Lavender,,
,Education,Provide shelters! Ensure safe spaces during floods.,"Weka sehemu ya kujikinga, na uhakikishe usalama wakati wa mafuriko.",Tũhe mĩciĩ ya kwĩgitĩra hĩndĩ ya mĩiyũro.,0.467288666,0.465699519,Misati,Tũhe mĩciĩ ya kwĩgitĩra hĩndĩ ya mĩiyũro.,0.467288666,0.465699519,Lavender,,
,Education,Publish annual reports 2022.,Kuchapisha ripoti za mwaka 2022.,Kũruta riboti cia mwaka wa 2022.,0.708163993,0.594721778,Misati,Kũruta riboti cia mwaka wa 2022.,0.708163993,0.594721778,Lavender,,
,Education,Publish exam results promptly 2024.,Tangaza matokeo ya mitihani mara moja katika mwaka wa 2024.,Kũhunjia moimĩrĩro ma gĩthomo kĩa Bibilia o ihenya 2024.,0.622917852,0.337493446,Misati,Kũhunjia moimĩrĩro ma gĩthomo kĩa Bibilia o ihenya 2024.,0.622917852,0.337493446,Lavender,,
,Education,Publish learning resources 2022.,Kuchapisha rasilimali za kujifunza 2022.,Kũruta andũ ũhoro wa maũndũ marĩa marekĩka 2022.,0.703747951,0.323296499,Misati,Kũruta andũ ũhoro wa maũndũ marĩa marekĩka 2022.,0.703747951,0.323296499,Lavender,,
,Education,Radio Taifa CBC lessons air from 10:00 AM to 11:00 AM daily.,Matangazo ya redio ya Taifa ya CBC kutoka 4:00 Asubuhi hadi 5:00 Asubuhi kila siku.,Maathi ma CBC ma Redio Taifa marathiĩ kuuma thaa ikũmi cia rũcinĩ nginya thaa ikũmi cia rũcinĩ o mũthenya.,0.633189187,0.543968776,Misati,Maathi ma CBC ma Redio Taifa marathiĩ kuuma thaa ikũmi cia rũcinĩ nginya thaa ikũmi cia rũcinĩ o mũthenya.,0.633189187,0.543968776,Lavender,,
,Education,Raise awareness! Educate on landslide risks in schools.,Ongeza uelewa! Fundisha juu ya hatari za maporomoko ya ardhi shuleni.,Kũmenyithia andũ ũhoro wa mogwati ma gũtherera kwa thĩ cukuru-inĩ.,0.531875456,0.454882823,Misati,Kũmenyithia andũ ũhoro wa mogwati ma gũtherera kwa thĩ cukuru-inĩ.,0.531875456,0.454882823,Lavender,,
,Education,Raise awareness! Educate students on protest safety.,Ongeza uelewa! Wafundishe wanafunzi juu ya usalama wakati wa maandamano.,Kũmenyeria arutwo ũhoro wa ũgitĩri wa kũrũa na morutani.,0.60514905,0.462584734,Misati,Kũmenyeria arutwo ũhoro wa ũgitĩri wa kũrũa na morutani.,0.60514905,0.462584734,Lavender,,
,Education,"Raise awareness! Schools, educate on FGM prevention.",Ongeza uelewa! Shule kuelimisha juu ya kuzuia ukeketaji (FGM).,"Thukuru, ũmenye ũhoro wa kũgirĩrĩria andũ kũherio kũherio kwa kũherio kwa njino cia njino cia mũndũ.",0.620134998,0.24990368,Misati,"Thukuru, ũmenye ũhoro wa kũgirĩrĩria andũ kũherio kũherio kwa kũherio kwa njino cia njino cia mũndũ.",0.620134998,0.24990368,Lavender,,
,Education,"Raise awareness! Schools, educate on GBV prevention.",Ongeza uelewa! Shule kuelimisha juu ya kuzuia ukatili wa kijinsia (GBV).,"Thukuru, ũmenye ũhoro wa kũgirĩrĩria GVB.",0.658553887,0.37936949,Misati,"Thukuru, ũmenye ũhoro wa kũgirĩrĩria GVB.",0.658553887,0.37936949,Lavender,,
,Education,Raise awareness! Teach abduction prevention in schools.,Ongeza uelewa! Kufundisha kuzuia utekaji nyara shuleni.,"Kũmenyeria andũ, na kũruta andũ kũgirĩrĩria andũ kũgũkua.",0.629586295,0.344961368,Misati,"Kũmenyeria andũ, na kũruta andũ kũgirĩrĩria andũ kũgũkua.",0.629586295,0.344961368,Lavender,,
,Education,Read anywhere! Access mobile libraries in rural areas.,Soma popote! Tumia maktaba zinazohamahama (mobile libraries) katika maeneo ya vijijini.,Thoma kũndũ guothe!,0.55208967,0.547656451,Misati,Thoma kũndũ guothe!,0.55208967,0.547656451,Lavender,,
,Education,Read to succeed! Ensure every student has textbooks.,Soma ili ufanikiwe! Hakikisha kila mwanafunzi ana vitabu vya kiada.,Wĩrute nĩguo ũgaacĩre! Hĩa atĩ mũrutwo o wothe nĩ arĩ na mabuku ma kwĩruta.,0.678057806,0.540784688,Misati,Wĩrute nĩguo ũgaacĩre! Hĩa atĩ mũrutwo o wothe nĩ arĩ na mabuku ma kwĩruta.,0.678057806,0.540784688,Lavender,,
,Education,Rebuild safely! Restore classrooms after floods.,Jenga upya madarasa baada ya mafuriko.,Twaragĩria nyũmba cia gũthomithia thutha wa mĩiyũro ya maaĩ.,0.675980327,0.433606256,Misati,Twaragĩria nyũmba cia gũthomithia thutha wa mĩiyũro ya maaĩ.,0.675980327,0.433606256,Lavender,,
,Education,Recover learning! Join remedial classes after floods.,Jiunge na madarasa ya kurekebisha baada ya mafuriko.,Ũka ũkenere kwĩruta maũndũ ma gũthondeka indo thutha wa mĩiyũro.,0.635655799,0.303716495,Misati,Ũka ũkenere kwĩruta maũndũ ma gũthondeka indo thutha wa mĩiyũro.,0.635655799,0.303716495,Lavender,,
,Education,Recruit qualified teachers 2023.,Kuajiri walimu wenye sifa zinazostahili mwaka 2023.,Kũruta arutani arĩa marĩ na kĩhooto 2023.,0.56706987,0.512867327,Misati,Kũruta arutani arĩa marĩ na kĩhooto 2023.,0.56706987,0.512867327,Lavender,,
,Education,Reduce barriers! Apply for government fee subsidies for low-income families.,Punguza vizuizi! Omba msaada wa serikali kwa familia zenye mapato ya chini.,Nĩ wega kũruta wĩra wa kũhe andũ arĩa matarĩ na mbeca nyingĩ ũteithio wa thirikari.,0.617088048,0.318243769,Misati,Nĩ wega kũruta wĩra wa kũhe andũ arĩa matarĩ na mbeca nyingĩ ũteithio wa thirikari.,0.617088048,0.318243769,Lavender,,
,Education,Reduce class sizes 2022.,Kupunguza ukubwa wa madarasa 2022.,Kũnyiihia mũigana wa gĩthomo kĩa 2022.,0.662821914,0.388718936,Misati,Kũnyiihia mũigana wa gĩthomo kĩa 2022.,0.662821914,0.388718936,Lavender,,
,Education,Refugee learners join public schools free from January bring UNHCR card only.,"Wanafunzi wakimbizi kujiunga na shule za umma bila malipo kuanzia Januari, leta kadi ya UNHCR tu.","Arutwo arĩa marutaga wĩra wa ũgwati wa kũruta wĩra wa ũgwati wa kũruta wĩra wa kũruta wĩra wa ũgwati wa kũruta wĩra wa kũruta wĩra wa kũruta wĩra wa kũruta wĩra wa kũruta wĩra wa kũruta wĩra wa kũruta wĩra wa kũruta wĩra wa kũruta wĩra wa kũruta wĩra wa kũruta wĩra wa kũruta wĩra wa kũruta wĩra wa kũruta wĩra wa kũruta wĩra wa kũruta wĩra wa kũruta wĩra wa kũruta wĩra wa kũruta wĩra wa kũruta wĩra wa kũruta wĩra wa kũruta wĩra wa kũruta wĩra wa kũruta wĩra wa kũruta wĩra wa kũruta wĩra wa kũruta wĩra wa kũruta wĩra wa kũruta wĩra wa kũruta wĩra wa mũingĩ, nĩo mũingĩragĩrĩria wa kũruta wĩra wa kũruta wĩra wa kũruta wĩra wa kũruta wĩra wa kũruta wĩra wa kũruta wĩra wa kũruta wĩra wa kũruta wĩra wa kũruta wĩra wa",0.677802009,0.428216318,Misati,"Arutwo arĩa marutaga wĩra wa ũgwati wa kũruta wĩra wa ũgwati wa kũruta wĩra wa kũruta wĩra wa ũgwati wa kũruta wĩra wa kũruta wĩra wa kũruta wĩra wa kũruta wĩra wa kũruta wĩra wa kũruta wĩra wa kũruta wĩra wa kũruta wĩra wa kũruta wĩra wa kũruta wĩra wa kũruta wĩra wa kũruta wĩra wa kũruta wĩra wa kũruta wĩra wa kũruta wĩra wa kũruta wĩra wa kũruta wĩra wa kũruta wĩra wa kũruta wĩra wa kũruta wĩra wa kũruta wĩra wa kũruta wĩra wa kũruta wĩra wa kũruta wĩra wa kũruta wĩra wa kũruta wĩra wa kũruta wĩra wa kũruta wĩra wa kũruta wĩra wa kũruta wĩra wa mũingĩ, nĩo mũingĩragĩrĩria wa kũruta wĩra wa kũruta wĩra wa kũruta wĩra wa kũruta wĩra wa kũruta wĩra wa kũruta wĩra wa kũruta wĩra wa kũruta wĩra wa kũruta wĩra wa",0.677802009,0.428216318,Lavender,,
,Education,Register all Grade 6 for KPSEA via CBA portal by February 28.,Jisajili kwa KPSEA kupitia tovuti ya CBA hadi Februari 28.,Gĩkũyũ nĩ ĩgĩte na ũhoti wa kũruta wĩra wa kũruta wĩra wa kũruta wĩra wa kũruta wĩra wa kũruta wĩra wa kũruta wĩra wa kũruta wĩra wa kũruta wĩra wa kũruta wĩra wa kũruta wĩra wa kũruta wĩra wa kũruta wĩra wa kũruta wĩra wa kũruta wĩra wa kũruta wĩra wa kũruta wĩra wa kũruta wĩra wa kũruta wĩra wa kũruta wĩra wa kũruta wĩra wa kũruta wĩra wa kũruta wĩra wa kũruta wĩra wa kũruta wĩra wa kũruta wĩra wa kũruta wĩra wa kũruta wĩra wa kũruta wĩra wa kũruta wĩra wa kũruta wĩra wa kũruta wĩra wa kũruta wĩra wa kũruta wĩra wa kũruta wĩra wa kũruta wĩra wa kũruta wĩra wa kũruta wĩra wa kũruta wĩra wa kũruta wĩra.,0.580648479,0.440716452,Misati,Gĩkũyũ nĩ ĩgĩte na ũhoti wa kũruta wĩra wa kũruta wĩra wa kũruta wĩra wa kũruta wĩra wa kũruta wĩra wa kũruta wĩra wa kũruta wĩra wa kũruta wĩra wa kũruta wĩra wa kũruta wĩra wa kũruta wĩra wa kũruta wĩra wa kũruta wĩra wa kũruta wĩra wa kũruta wĩra wa kũruta wĩra wa kũruta wĩra wa kũruta wĩra wa kũruta wĩra wa kũruta wĩra wa kũruta wĩra wa kũruta wĩra wa kũruta wĩra wa kũruta wĩra wa kũruta wĩra wa kũruta wĩra wa kũruta wĩra wa kũruta wĩra wa kũruta wĩra wa kũruta wĩra wa kũruta wĩra wa kũruta wĩra wa kũruta wĩra wa kũruta wĩra wa kũruta wĩra wa kũruta wĩra wa kũruta wĩra wa kũruta wĩra wa kũruta wĩra.,0.580648479,0.440716452,Lavender,,
,Education,Register as a voter today at your nearest public university ID processing is free.,Jisajili kama mpiga kura leo katika chuo kikuu chako cha umma cha karibu; mchakato ni wa bure.,Gũthuura wĩthurano ũmũthĩ kũrĩ wabici ya gũthondeka marũa ma kũrĩha ĩrĩa ĩrĩ hakuhĩ na mũciĩ waku nĩ ya tũhũ.,0.550656776,0.316960131,Misati,Gũthuura wĩthurano ũmũthĩ kũrĩ wabici ya gũthondeka marũa ma kũrĩha ĩrĩa ĩrĩ hakuhĩ na mũciĩ waku nĩ ya tũhũ.,0.550656776,0.316960131,Lavender,,
,Education,Register for KCPE 2020 despite delays.,Jisajili kwa KCPE 2020 licha ya kuchelewa.,Gwĩthondekera KCPE 2020 o na gũtuĩka nĩ kũrĩ na ihenya.,0.727112234,0.478348586,Misati,Gwĩthondekera KCPE 2020 o na gũtuĩka nĩ kũrĩ na ihenya.,0.727112234,0.478348586,Lavender,,
,Education,Register for KCSE mocks early 2025.,Usajili wa KCSE utafunguliwa mapema mwaka 2025.,Gũtigithĩria KCSE nĩ gũgathũka kĩambĩrĩria-inĩ kĩa 2025.,0.404501831,0.326438432,Misati,Gũtigithĩria KCSE nĩ gũgathũka kĩambĩrĩria-inĩ kĩa 2025.,0.404501831,0.326438432,Lavender,,
,Education,Repair schools! Rebuild flood-damaged infrastructure.,"Rekebisha shule, na jenga upya miundombinu iliyoharibiwa na mafuriko.","Tũngĩte cukuru, na tũcokagĩre ithondeka rĩrĩa rĩanangirũo nĩ ithirĩro.",0.660023137,0.350626014,Misati,"Tũngĩte cukuru, na tũcokagĩre ithondeka rĩrĩa rĩanangirũo nĩ ithirĩro.",0.660023137,0.350626014,Lavender,,
,Education,Report any school charging fees above Ksh 0 to 0800721490; we are watching!,Ripoti madai ya ada yoyote ya shule juu ya Ksh 0 kwa 0800721490; tunafuatilia!,Taarĩria mũcaara wa cukuru o wothe ũrĩ igũrũ wa Ksh 0 nginya 0800721490; nĩ tũramũrora!,0.723082065,0.506273461,Misati,Taarĩria mũcaara wa cukuru o wothe ũrĩ igũrũ wa Ksh 0 nginya 0800721490; nĩ tũramũrora!,0.723082065,0.506273461,Lavender,,
,Education,Report bullying incidents immediately.,Ripoti visa vya uonevu mara moja.,Taarĩria maũndũ marĩa marekĩka thutha wa kũhinyĩrĩrio.,0.541022072,0.383706236,Misati,Taarĩria maũndũ marĩa marekĩka thutha wa kũhinyĩrĩrio.,0.541022072,0.383706236,Lavender,,
,Education,Report bullying instantly via 0800721524 zero tolerance in all schools!,Ripoti unyanyasaji mara moja kupitia 0800721524; shule zote zina sera ya kutovumilia makosa haya!,"Rekei tũmenyithie atĩ nĩ kũrĩ na ũhinya mũingĩ mũno, na tũmenyithie atĩ cukuru ciothe nĩ ciĩ na ũkirĩrĩria wa zero.",0.547204812,0.2728943,Misati,"Rekei tũmenyithie atĩ nĩ kũrĩ na ũhinya mũingĩ mũno, na tũmenyithie atĩ cukuru ciothe nĩ ciĩ na ũkirĩrĩria wa zero.",0.547204812,0.2728943,Lavender,,
,Education,Report exam malpractice to KNEC hotline 0800721490 during national exams.,Ripoti makosa ya mitihani kwa nambari ya simu ya KNEC 0800721490 wakati wa mitihani ya kitaifa.,Rekereria namba ya KNEC 0800721490 rĩrĩa ũraruta marũa ma gũthuthuria maũndũ marĩa mataagĩrĩire hĩndĩ ya gũthuthuria maũndũ ma bũrũri.,0.767465374,0.342812466,Misati,Rekereria namba ya KNEC 0800721490 rĩrĩa ũraruta marũa ma gũthuthuria maũndũ marĩa mataagĩrĩire hĩndĩ ya gũthuthuria maũndũ ma bũrũri.,0.767465374,0.342812466,Lavender,,
,Education,"Report issues! Schools, set up grievance systems.",Ripoti matatizo! Shule kuanzisha mfumo wa malalamiko.,"Thukuru, ũhingie mũbango wa kũigua ngucanio.",0.623730384,0.307254115,Misati,"Thukuru, ũhingie mũbango wa kũigua ngucanio.",0.623730384,0.307254115,Lavender,,
,Education,Report malpractice to KNEC hotline 0800721490.,Ripoti uhalifu kwa nambari ya simu ya dharura ya KNEC 0800721490.,Rekei KNEC ĩmenyithie thimũ ya 0800721490 atĩ nĩ kũrĩ ũndũ ũtarĩ mwega.,0.623981748,0.34371714,Misati,Rekei KNEC ĩmenyithie thimũ ya 0800721490 atĩ nĩ kũrĩ ũndũ ũtarĩ mwega.,0.623981748,0.34371714,Lavender,,
,Education,Report malpractice to KNEC hotline during KCSE 2025.,Ripoti makosa ya mazoezi kwa nambari ya simu ya KNEC wakati wa KCSE 2025.,Kũmenyithia mũtaratara wa KNEC ũhoro wa maũndũ marĩa mataagĩrĩire kũhingia hĩndĩ ya KCSE 2025.,0.598596197,0.381924978,Misati,Kũmenyithia mũtaratara wa KNEC ũhoro wa maũndũ marĩa mataagĩrĩire kũhingia hĩndĩ ya KCSE 2025.,0.598596197,0.381924978,Lavender,,
,Education,Report malpractice to KNEC hotline.,Ripoti uhalifu kwa nambari ya simu ya KNEC.,Ũria mũrata waku ũhoro wa maũndũ marĩa mahĩtanu.,0.509480358,0.252348998,Misati,Ũria mũrata waku ũhoro wa maũndũ marĩa mahĩtanu.,0.509480358,0.252348998,Lavender,,
,Education,Report risks! Call police or teachers to prevent abductions.,Piga simu kwa polisi au walimu ili kuzuia utekaji nyara.,Ũria thigari kana arutani nĩguo matige kũgwata andũ.,0.595273019,0.342775018,Misati,Ũria thigari kana arutani nĩguo matige kũgwata andũ.,0.595273019,0.342775018,Lavender,,
,Education,Report sexual harassment in school via 0800721524 anonymous  and free!,Ripoti unyanyasaji wa kingono shuleni kupitia 0800721524 bila kutaja jina lako na ni bure!,Ũrie ũhoro wa kũhinyĩrĩrio na maũndũ megiĩ ngomanio cukuru-inĩ na thimũ ya 0800721524 hatarĩ mũndũ ũmenyagwo na hatarĩ marĩhi!,0.683826522,0.50160711,Misati,Ũrie ũhoro wa kũhinyĩrĩrio na maũndũ megiĩ ngomanio cukuru-inĩ na thimũ ya 0800721524 hatarĩ mũndũ ũmenyagwo na hatarĩ marĩhi!,0.683826522,0.50160711,Lavender,,
,Education,Residents bring questions on constitutional rights,Wakazi wa eneo hilo wanauliza maswali kuhusu haki za kikatiba.,Aikari nĩ marutanaga ũhoro wĩgiĩ mawatho ma gĩthondeka kĩa watho wa mũthingi,0.577275803,0.381023442,Misati,Aikari nĩ marutanaga ũhoro wĩgiĩ mawatho ma gĩthondeka kĩa watho wa mũthingi,0.577275803,0.381023442,Lavender,,
,Education,Resolve conflicts peacefully! Report grievances to school boards.,Suluhisha migogoro kwa amani!,Ũria ũngĩenda kũiguithania na ciana ciaku nĩ ũkuuga atĩ nĩ ũraigua ũũru.,0.668807566,0.228653641,Misati,Ũria ũngĩenda kũiguithania na ciana ciaku nĩ ũkuuga atĩ nĩ ũraigua ũũru.,0.668807566,0.228653641,Lavender,,
,Education,Resolve disputes! Train students in peer mediation.,Suluhisha mizozo!,Kũmenyeria arutwo gũtuithania maũndũ na arĩa angĩ.,0.527162547,0.479335176,Misati,Kũmenyeria arutwo gũtuithania maũndũ na arĩa angĩ.,0.527162547,0.479335176,Lavender,,
,Education,Rift Valley Technical Training Institute leads in competency-based TVET.,Taasisi ya Mafunzo ya Ufundi ya Rift Valley inaongoza katika elimu ya TVET.,Kĩhũngĩro kĩa Ũmenyeru wa Ũgendi kĩa Rift Valley nĩ kĩrũgamĩrĩire maũndũ ma TVET marĩa marũmagĩrĩra ũmenyeru.,0.533767621,0.467444248,Misati,Kĩhũngĩro kĩa Ũmenyeru wa Ũgendi kĩa Rift Valley nĩ kĩrũgamĩrĩire maũndũ ma TVET marĩa marũmagĩrĩra ũmenyeru.,0.533767621,0.467444248,Lavender,,
,Education,Rural schools receiving tablets and connectivity to boost digital learning.,Shule za vijijini kupata tableti na mtandao ili kuongeza ujifunzaji wa kidijitali.,Thukuru cia mĩgũnda ikoragwo na tablet na ũrata wa kũhũthĩra Intaneti kũheana ũhoti wa kwĩruta ũhoro wa digiti.,0.544596,0.360945133,Misati,Thukuru cia mĩgũnda ikoragwo na tablet na ũrata wa kũhũthĩra Intaneti kũheana ũhoti wa kwĩruta ũhoro wa digiti.,0.544596,0.360945133,Lavender,,
,Education,Safe reopening: All schools must follow 10-point COVID protocol CS orders!,Kufungua upya kwa usalama: Shule zote lazima zifuate maagizo ya CS ya itifaki 10 za COVID!,Kũhingũra rĩngĩ na njĩra ya ũgitĩri: Thukuru ciothe nĩ ciagĩrĩire kũrũmĩrĩra maathani ma CS ma COVID ma maũndũ 10!,0.635074796,0.480800077,Misati,Kũhingũra rĩngĩ na njĩra ya ũgitĩri: Thukuru ciothe nĩ ciagĩrĩire kũrũmĩrĩra maathani ma CS ma COVID ma maũndũ 10!,0.635074796,0.480800077,Lavender,,
,Education,Safe school reopening protocols enforced post-flooding.,Kanuni za kufungua shule salama ziliwekwa baada ya mafuriko.,Mawaatho ma gũcokia cukuru iria ciathondekirũo thutha wa mĩiyũro ya maaĩ nĩ maathondekirũo.,0.564555194,0.469061745,Misati,Mawaatho ma gũcokia cukuru iria ciathondekirũo thutha wa mĩiyũro ya maaĩ nĩ maathondekirũo.,0.564555194,0.469061745,Lavender,,
,Education,Safe school transport: All matatus ferrying students must have speed governors!,Usafiri salama wa shule: matatu zote zinazosafirisha wanafunzi lazima ziwe na vidhibiti mwendo (speed governors)!,Gũtwarithia arutwo na ngari cia gũthiĩ cukuru na njĩra njega: Arutwo othe arĩa matwaragĩra matathi magĩrĩirũo gũkorũo na anene a gũtwarithia arutwo na ihenya!,0.50873734,0.35223035,Misati,Gũtwarithia arutwo na ngari cia gũthiĩ cukuru na njĩra njega: Arutwo othe arĩa matwaragĩra matathi magĩrĩirũo gũkorũo na anene a gũtwarithia arutwo na ihenya!,0.50873734,0.35223035,Lavender,,
,Education,"Safe schools! Communities, protect schools from banditry.","Shule salama! Jamii, kulinda shule kutokana na uhalifu wa wizi wa mifugo (banditry).","Ciũngano, ciĩgitĩre cukuru kuuma kũrĩ mahĩtia.",0.644463539,0.413055855,Misati,"Ciũngano, ciĩgitĩre cukuru kuuma kũrĩ mahĩtia.",0.644463539,0.413055855,Lavender,,
,Education,Safety audit by Sept 30 using 2008 Manual.,Ukaguzi wa usalama ifikapo Septemba 30 kwa kutumia Mwongozo wa 2008.,Gũtarĩria ũgitĩri nginya Septemba 30 kũgerera ibuku rĩa mweke rĩa 2008.,0.618712766,0.448463986,Misati,Gũtarĩria ũgitĩri nginya Septemba 30 kũgerera ibuku rĩa mweke rĩa 2008.,0.618712766,0.448463986,Lavender,,
,Education,Safety guidelines for school reopening 2021.,Miongozo ya usalama kwa ajili ya kufungua shule tena 2021.,Mawatho ma ũgitĩri harĩ kũhingũra cukuru rĩngĩ mwaka wa 2021.,0.579594191,0.54593874,Misati,Mawatho ma ũgitĩri harĩ kũhingũra cukuru rĩngĩ mwaka wa 2021.,0.579594191,0.54593874,Lavender,,
,Education,Save water! Teach students water conservation in drought-prone areas.,Wafundishe wanafunzi jinsi ya kuhifadhi maji katika maeneo yenye ukame.,Ruta arutwo mataaro ma gũitĩra andũ maaĩ kũrĩa kũkoragwo na ũgwati.,0.65379942,0.311663262,Misati,Ruta arutwo mataaro ma gũitĩra andũ maaĩ kũrĩa kũkoragwo na ũgwati.,0.65379942,0.311663262,Lavender,,
,Education,Say no to bribes! Report corrupt practices to EACC.,Amri ya kuripoti mazoea ya ufisadi kwa EACC.,Tigana na mahĩtia macio na ũrege EACC.,0.471338009,0.336247973,Misati,Tigana na mahĩtia macio na ũrege EACC.,0.471338009,0.336247973,Lavender,,
,Education,Say no to FGM! Call 116 to report risks and protect girls.,Komesha ukeketaji (FGM)! Piga simu 116 kuripoti hatari na kulinda wasichana.,Thikĩrĩria 116 ũmenye mogwati na ũgitĩre airĩtu.,0.506507166,0.488978092,Misati,Thikĩrĩria 116 ũmenye mogwati na ũgitĩre airĩtu.,0.506507166,0.488978092,Lavender,,
,Education,"School records full transition to high school, expands vocational training.","Shule kuweka rekodi kamili ya mabadiliko ya shule ya upili, na kupanua mafunzo ya kitaaluma.","Thukuru nĩ ũratũma andũ mathiĩ gĩthomo-inĩ gĩa gatatũ, na ũgatũma andũ mathiĩ na mbere kũruta mawĩra ma ũmenyeru.",0.601207968,0.417836423,Misati,"Thukuru nĩ ũratũma andũ mathiĩ gĩthomo-inĩ gĩa gatatũ, na ũgatũma andũ mathiĩ na mbere kũruta mawĩra ma ũmenyeru.",0.601207968,0.417836423,Lavender,,
,Education,Schools closed for elections? Use the break to update your voter details via *222#.,Tumia muda wa mapumziko kusasisha taarifa zako za mpiga kura kupitia *222#.,Tũmĩra ihinda rĩu rĩa kũhurũka nĩguo ũmenye ũhoro wa arĩa maretĩkia kũgerera *222#.,0.479115441,0.390893275,Misati,Tũmĩra ihinda rĩu rĩa kũhurũka nĩguo ũmenye ũhoro wa arĩa maretĩkia kũgerera *222#.,0.479115441,0.390893275,Lavender,,
,Education,Schools directed to hold mock elections to teach democratic process.,Shule ziliamriwa kufanya uchaguzi wa majaribio ili kufundisha mchakato wa kidemokrasia.,Mathukuru nĩ maratarĩtio kũbanga ithurano cia maheeni nĩguo marute andũ njĩra ya demokarathiya.,0.70090376,0.369464947,Misati,Mathukuru nĩ maratarĩtio kũbanga ithurano cia maheeni nĩguo marute andũ njĩra ya demokarathiya.,0.70090376,0.369464947,Lavender,,
,Education,Schools directed to install CCTV and employ guards for security.,Shule ziliamriwa kuweka CCTV na kuajiri walinzi wa usalama.,Mathukuru nĩ maratarĩtio kũiga CCTV na kũruta arangĩri a gũgitĩra.,0.628329805,0.378875814,Misati,Mathukuru nĩ maratarĩtio kũiga CCTV na kũruta arangĩri a gũgitĩra.,0.628329805,0.378875814,Lavender,,
,Education,"Schools in Kenya will reopen from 12 October, starting with Grade 4, Class 8 and Form 4","Shule nchini Kenya zitafunguliwa tena kuanzia Oktoba 12, kuanzia Gredi ya 4, Darasa la 8 na Kidato cha 4.","Thukuru cia Kenya nĩ ikaahingũka rĩngĩ kuuma 12 mweri wa ikũmi na ũmwe, kwambĩrĩria na kĩrathi gĩa 4, kĩrathi gĩa 8 na kĩrathi gĩa 4.",0.726728627,0.521508903,Misati,"Thukuru cia Kenya nĩ ikaahingũka rĩngĩ kuuma 12 mweri wa ikũmi na ũmwe, kwambĩrĩria na kĩrathi gĩa 4, kĩrathi gĩa 8 na kĩrathi gĩa 4.",0.726728627,0.521508903,Lavender,,
,Education,"Schools reopen after COVID-19 closure for Grade 4, 8, form 4.","Shule zinafunguliwa tena baada ya kufungwa kwa COVID-19 kwa Gredi ya 4, 8, na Kidato cha 4.","Thukuru nĩ irarũmagĩrĩrio thutha wa COVID-19 kũhingwo kwa kĩrathi gĩa 4, 8, na gĩcunjĩ gĩa 4.",0.729359287,0.422614078,Misati,"Thukuru nĩ irarũmagĩrĩrio thutha wa COVID-19 kũhingwo kwa kĩrathi gĩa 4, 8, na gĩcunjĩ gĩa 4.",0.729359287,0.422614078,Lavender,,
,Education,Schools reopen January 6 no learner to be sent away for fees. Report violators to 0800721490 NOW!,"Shule zinafunguliwa Januari 6, hakuna mwanafunzi atakayerudishwa nyumbani kwa sababu ya ada. Ripoti wavunjaji sheria kwa 0800721490 sasa!",Mathomo nĩ marambĩrĩria rĩngĩ kwĩhingũra o ta ũrĩa matariĩ kĩambĩrĩria-inĩ.,0.669630438,0.236116698,Misati,Mathomo nĩ marambĩrĩria rĩngĩ kwĩhingũra o ta ũrĩa matariĩ kĩambĩrĩria-inĩ.,0.669630438,0.236116698,Lavender,,
,Education,"Schools reopen on January 6, 2025 for Term 1 of the academic year.","Shule zinafunguliwa tena Januari 6, 2025 kwa Muhula wa 1 wa mwaka wa masomo.",Thukuru cia gũthondeka maũndũ nĩ ciathondekwo rĩngĩ tariki 6 mweri wa mbere mwaka wa 2025.,0.646164794,0.321860688,Misati,Thukuru cia gũthondeka maũndũ nĩ ciathondekwo rĩngĩ tariki 6 mweri wa mbere mwaka wa 2025.,0.646164794,0.321860688,Lavender,,
,Education,"Schools start third term August 25, 2025.","Shule zitaanza muhula wa tatu Agosti 25, 2025.",Thukuru cia kwambĩrĩria mwaka wa gatatũ wa mwaka wa mwaka wa 2025 nĩ August 25.,0.722888118,0.304740001,Misati,Thukuru cia kwambĩrĩria mwaka wa gatatũ wa mwaka wa mwaka wa 2025 nĩ August 25.,0.722888118,0.304740001,Lavender,,
,Education,Schools to hold mock elections every term new CBC requirement.,Shule kufanya uchaguzi wa majaribio kila muhula kama hitaji jipya la CBC.,Mathukuru nĩ magakorũo na ithurano cia maheeni o ihinda rĩothe.,0.680449657,0.365988826,Misati,Mathukuru nĩ magakorũo na ithurano cia maheeni o ihinda rĩothe.,0.680449657,0.365988826,Lavender,,
,Education,schools to remain closed for the rest of the year and reopen in 2021. All national exams to be taken in 2020 have been canceled.,Shule zitakuwa zimefungwa kwa mwaka mzima na kufunguliwa tena mwaka 2021.,cukuru cia gũikara irĩ mũhingũre mwaka ũyũ wothe na ciĩhingũre rĩngĩ mwaka wa 2021.,0.535718066,0.33316785,Misati,cukuru cia gũikara irĩ mũhingũre mwaka ũyũ wothe na ciĩhingũre rĩngĩ mwaka wa 2021.,0.535718066,0.33316785,Lavender,,
,Education,Secure data privacy 2021.,Kuweka data salama kwa mwaka 2021.,Kũgitĩra ũhoro wa bata wa data 2021.,0.323054503,0.46725782,Misati,Kũgitĩra ũhoro wa bata wa data 2021.,0.323054503,0.46725782,Lavender,,
,Education,Secure exam materials 2021.,Vifaa vya usalama vya mitihani 2021.,Thiĩ na mbere kũhingia gĩthomo kĩa 2021,0.414967747,0.343195318,Misati,Thiĩ na mbere kũhingia gĩthomo kĩa 2021,0.414967747,0.343195318,Lavender,,
,Education,Secure funding for bursaries 2025.,Kuweka usalama wa fedha za ruzuku za 2025.,Kũgĩa na mbeca cia kũheana mĩhothi ya kũheana mĩhothi ya kũheana mĩhothi ya kũheana mĩhothi ya kũheana mĩhothi ya kũheana mĩhothi ya kũheana mĩhothi ya kũheana mĩhothi ya kũheana mĩhothi ya kũheana mĩhothi ya kũheana mĩhothi ya kũheana mĩhothi ya kũheana mĩhothi ya kũheana mĩhothi ya kũheana mĩhothi ya kũheana mĩhothi ya kũheana mĩhothi ya kũheana mĩhothi ya kũheana.,0.229328043,0.59626231,Misati,Kũgĩa na mbeca cia kũheana mĩhothi ya kũheana mĩhothi ya kũheana mĩhothi ya kũheana mĩhothi ya kũheana mĩhothi ya kũheana mĩhothi ya kũheana mĩhothi ya kũheana mĩhothi ya kũheana mĩhothi ya kũheana mĩhothi ya kũheana mĩhothi ya kũheana mĩhothi ya kũheana mĩhothi ya kũheana mĩhothi ya kũheana mĩhothi ya kũheana mĩhothi ya kũheana mĩhothi ya kũheana mĩhothi ya kũheana.,0.229328043,0.59626231,Lavender,,
,Education,Secure nomads! Protect mobile schools from risks.,Kuwalinda wahamiaji!,Thondekaga cukuru cia gũtwarithia andũ na mbere kũgitĩra mũtego.,0.410491716,0.332549057,Misati,Thondekaga cukuru cia gũtwarithia andũ na mbere kũgitĩra mũtego.,0.410491716,0.332549057,Lavender,,
,Education,Secure schools against theft and vandalism 2021.,Kuweka shule salama dhidi ya wizi na uharibifu wa mali 2021.,Kũgitĩra cukuru kũgũkĩrĩra ũici na ũici wa indo cia kĩĩmwĩrĩ 2021.,0.580954037,0.393733645,Misati,Kũgitĩra cukuru kũgũkĩrĩra ũici na ũici wa indo cia kĩĩmwĩrĩ 2021.,0.580954037,0.393733645,Lavender,,
,Education,Secure schools! Implement terror prevention measures.,Kuweka shule salama kwa kutekeleza hatua za kuzuia ugaidi.,"Tĩaga cukuru na ũgitĩre, na ũhũthĩre njĩra cia kũgirĩrĩria ũgwati.",0.573314503,0.38887169,Misati,"Tĩaga cukuru na ũgitĩre, na ũhũthĩre njĩra cia kũgirĩrĩria ũgwati.",0.573314503,0.38887169,Lavender,,
,Education,Secure schools! Install fences to prevent banditry.,Weka mipaka ili kuzuia uhalifu.,Twaria thukuru na ũikĩrie mĩgogo nĩguo ũgirĩrĩrie maheni.,0.505072368,0.231656215,Misati,Twaria thukuru na ũikĩrie mĩgogo nĩguo ũgirĩrĩrie maheni.,0.505072368,0.231656215,Lavender,,
,Education,Secure schools! Install security measures against banditry,Imarisha usalama shuleni!,Tĩaga cukuru na ũgitĩri wa kũhũũra andũ arĩa angĩ,0.447771839,0.247835393,Misati,Tĩaga cukuru na ũgitĩri wa kũhũũra andũ arĩa angĩ,0.447771839,0.247835393,Lavender,,
,Education,Secure schools! Prepare for landslides in high-risk areas.,Jitayarishe kwa ajili ya mafuriko katika maeneo yenye hatari kubwa.,Ĩhaarĩria nĩguo ũgwati wa kũiyũrwo nĩ ithaka ũingĩhe.,0.611282593,0.317434173,Misati,Ĩhaarĩria nĩguo ũgwati wa kũiyũrwo nĩ ithaka ũingĩhe.,0.611282593,0.317434173,Lavender,,
,Education,Secure wireless networks 2021.,Mtandao salama wa wireless (Wi-Fi) 2021.,Kũhingia maũndũ ma wĩyathi wa gwĩthuurĩra 2021,0.543575103,0.317693472,Misati,Kũhingia maũndũ ma wĩyathi wa gwĩthuurĩra 2021,0.543575103,0.317693472,Lavender,,
,Education,Security audit in all national schools starts Monday; cooperate with officers!,Ukaguzi wa usalama katika shule zote za kitaifa unaanza Jumatatu; shirikiana na maafisa!,Gũcũrania ũhoro wa ũgitĩri cukuru-inĩ ciothe cia bũrũri nĩ gũgũkinyĩra mũthenya wa Monĩ; ũrũmagĩre na anene!,0.735478709,0.391683781,Misati,Gũcũrania ũhoro wa ũgitĩri cukuru-inĩ ciothe cia bũrũri nĩ gũgũkinyĩra mũthenya wa Monĩ; ũrũmagĩre na anene!,0.735478709,0.391683781,Lavender,,
,Education,Seek help! Access counselors after protest disruptions.,Tafuta msaada!,Rekei tũhote gũceerera andũ arĩa marutaga mataaro thutha wa kũrũa na morutani.,0.554917966,0.31278729,Misati,Rekei tũhote gũceerera andũ arĩa marutaga mataaro thutha wa kũrũa na morutani.,0.554917966,0.31278729,Lavender,,
,Education,Senior school fee guidelines: no increase in boarding fees for 2025.,Miongozo ya ada ya shule ya upili: hakuna ongezeko la ada ya shule za bweni kwa 2025.,Mawatho ma cukuru cia igũrũ: gũtirĩ wongerereku wa igoti rĩa gũikara thĩ mwaka wa 2025.,0.557031727,0.435175206,Misati,Mawatho ma cukuru cia igũrũ: gũtirĩ wongerereku wa igoti rĩa gũikara thĩ mwaka wa 2025.,0.557031727,0.435175206,Lavender,,
,Education,Series follows group of student voters,Mfululizo unafuatilia kikundi cha wapiga kura wanafunzi.,Gĩcunjĩ kĩu kĩrũmĩrĩire gĩkundi kĩa arutwo arĩa mathuuraga,0.672923885,0.500852344,Misati,Gĩcunjĩ kĩu kĩrũmĩrĩire gĩkundi kĩa arutwo arĩa mathuuraga,0.672923885,0.500852344,Lavender,,
,Education,Serve with pride! Enroll in hospitality vocational courses.,Tumikia kwa kiburi! Jiandikishe katika kozi za huduma kwa wateja (hospitality).,Wĩrute maũndũ megiĩ ũgeni.,0.52075805,0.454643699,Misati,Wĩrute maũndũ megiĩ ũgeni.,0.52075805,0.454643699,Lavender,,
,Education,Sew your future! Join textile vocational courses in Kitui.,Fanya kazi ya ushonaji nguo katika Kitui.,Ũka cukuru wa wĩra wa kũruga nguo thĩinĩ wa Kitui.,0.444059719,0.297464773,Misati,Ũka cukuru wa wĩra wa kũruga nguo thĩinĩ wa Kitui.,0.444059719,0.297464773,Lavender,,
,Education,Shade answers in circles on OMR sheets for KPSEA 2025.,Jaza duara (shade) kwenye karatasi za majibu za OMR kwa KPSEA 2025.,Macokio ma kĩĩruru marĩ mĩhĩrĩga-inĩ ya tũratathi twa OMR twa KPSEA 2025.,0.684716253,0.419589522,Misati,Macokio ma kĩĩruru marĩ mĩhĩrĩga-inĩ ya tũratathi twa OMR twa KPSEA 2025.,0.684716253,0.419589522,Lavender,,
,Education,Shape your future! Engage in youth civic forums.,Jenga maisha yako ya baadaye!,Ũka na mbere kũruta wĩra thĩinĩ wa ithurano cia andũ ethĩ.,0.3419145,0.337433939,Misati,Ũka na mbere kũruta wĩra thĩinĩ wa ithurano cia andũ ethĩ.,0.3419145,0.337433939,Lavender,,
,Education,Showcases stories of rights defenders,Maonyesho ya hadithi za watetezi wa haki.,Nĩ ĩronania ng'ano cia andũ arĩa maarũagĩra kĩhooto,0.713296301,0.424785411,Misati,Nĩ ĩronania ng'ano cia andũ arĩa maarũagĩra kĩhooto,0.713296301,0.424785411,Lavender,,
,Education,Sigalagala National Polytechnic opens AI training lab.,Chuo cha Kitaifa cha Sigalagala chafungua maabara ya mafunzo ya AI.,Kĩama kĩa National Polytechnic kĩa Sigalagalagala kĩhingũra kambũni ya kũmenyeria andũ arĩa marĩ na ũmenyo wa kĩĩmwĩrĩ.,0.74200433,0.446231576,Misati,Kĩama kĩa National Polytechnic kĩa Sigalagalagala kĩhingũra kambũni ya kũmenyeria andũ arĩa marĩ na ũmenyo wa kĩĩmwĩrĩ.,0.74200433,0.446231576,Lavender,,
,Education,Spark your career! Join electrical vocational programs.,Fanya kazi yako iwe rahisi!,Ũka ũrute wĩra na njĩra ya kũhũthĩra ũruti wa wĩra wa ũruti wa indo cia kĩara-inĩ.,0.361921571,0.246040856,Misati,Ũka ũrute wĩra na njĩra ya kũhũthĩra ũruti wa wĩra wa ũruti wa indo cia kĩara-inĩ.,0.361921571,0.246040856,Lavender,,
,Education,Speak up! Report abuse to teachers or call 116.,Ripoti unyanyasaji kwa walimu au piga simu 116.,"Ũria, ũrege mũrutani ũcio kana ũrie namba ya 116.",0.624356111,0.293365543,Misati,"Ũria, ũrege mũrutani ũcio kana ũrie namba ya 116.",0.624356111,0.293365543,Lavender,,
,Education,Special needs classrooms increased to 500. Apply for transfer before December 20!,Madarasa ya mahitaji maalum yameongezeka hadi 500. Omba uhamisho kabla ya Desemba 20!,Ciikaro cia arĩa marabatara ũteithio nĩ ciongererekete nginya 500. Hoya ũrutani wa gũcoka mũciĩ ũngĩ mbere ya Disemba 20.,0.582822871,0.373565353,Misati,Ciikaro cia arĩa marabatara ũteithio nĩ ciongererekete nginya 500. Hoya ũrutani wa gũcoka mũciĩ ũngĩ mbere ya Disemba 20.,0.582822871,0.373565353,Lavender,,
,Education,Special needs learners get free assistive devices; collect from county office!,Wanafunzi wenye mahitaji maalum kupata vifaa saidizi bila malipo; chukua kutoka ofisi ya kaunti!,Arĩa marutaga maũndũ ma bata nĩ marutaga indo cia kũmatetheesya na njĩra ya tũhũ; nĩ marenda gũcokerũo wĩra wabici-inĩ ya kaunti!,0.600695274,0.332635971,Misati,Arĩa marutaga maũndũ ma bata nĩ marutaga indo cia kũmatetheesya na njĩra ya tũhũ; nĩ marenda gũcokerũo wĩra wabici-inĩ ya kaunti!,0.600695274,0.332635971,Lavender,,
,Education,"Special needs learners apply for Ksh 50,000 annual grant before December 15.","Wanafunzi wenye mahitaji maalum kuomba msaada wa kila mwaka wa Ksh 50,000 kabla ya Desemba 15.","Arutwo arĩa marabatara ũteithio wa mwanya nĩ magĩrĩire kũheana ũteithio wa mwaka wa Ksh 50,000 mbere ya Dicemba 15.",0.665618102,0.518625755,Misati,"Arutwo arĩa marabatara ũteithio wa mwanya nĩ magĩrĩire kũheana ũteithio wa mwaka wa Ksh 50,000 mbere ya Dicemba 15.",0.665618102,0.518625755,Lavender,,
,Education,Start your business! Join TVET entrepreneurship courses.,Anzisha biashara yako! Jiunge na kozi ya ujasiriamali ya TVET.,Ambĩrĩria biacara yaku! Ũrũmĩrĩre maũndũ ma wĩyathi wa gwĩthuurĩra ma TVET.,0.629123201,0.440565414,Misati,Ambĩrĩria biacara yaku! Ũrũmĩrĩre maũndũ ma wĩyathi wa gwĩthuurĩra ma TVET.,0.629123201,0.440565414,Lavender,,
,Education,Stay alert! Avoid unsafe routes to school in banditry zones.,Epuka njia zisizo salama za kwenda shuleni katika maeneo yenye uhalifu.,"Wĩmenyerere, wĩtheme njĩra iria itarĩ na ũgitĩri cia gũthiĩ cukuru kũndũ kũrĩa andũ makoragwo marĩ maheni.",0.665082146,0.422100893,Misati,"Wĩmenyerere, wĩtheme njĩra iria itarĩ na ũgitĩri cia gũthiĩ cukuru kũndũ kũrĩa andũ makoragwo marĩ maheni.",0.665082146,0.422100893,Lavender,,
,Education,"Stay alert! Schools, monitor for abduction risks.",Shule kufuatilia hatari za utekaji nyara.,"Thukuru, geria ũgwati wa kũgũkua.",0.59527816,0.38300574,Misati,"Thukuru, geria ũgwati wa kũgũkua.",0.59527816,0.38300574,Lavender,,
,Education,Stay cautious! Avoid strangers and report risks to teachers.,"Kuwa mwangalifu, epuka watu usiowajua na uwaambie walimu kuhusu hatari yoyote.","Wĩmenyerere, wĩtheme andũ ũtamenyete na ũrege mogwati kũrĩ arutani.",0.586406722,0.571253569,Misati,"Wĩmenyerere, wĩtheme andũ ũtamenyete na ũrege mogwati kũrĩ arutani.",0.586406722,0.571253569,Lavender,,
,Education,Stay clean! Use school sanitation facilities to prevent cholera.,Tumia vifaa vya usafi shuleni ili kuzuia kipindupindu.,Tũthiĩ na mbere kũmenyerera!,0.643717562,0.352751901,Misati,Tũthiĩ na mbere kũmenyerera!,0.643717562,0.352751901,Lavender,,
,Education,Stay healthy! Ensure schools have clean water and sanitation.,"Kuwa na afya nzuri, na uhakikishe shule zina maji safi na usafi wa mazingira.",Tũũrai na ũgima wa mwĩrĩ!,0.567972476,0.444435484,Misati,Tũũrai na ũgima wa mwĩrĩ!,0.567972476,0.444435484,Lavender,,
,Education,Stay in school! Avoid protest zones for safety.,Baki shuleni! Epuka maeneo ya maandamano kwa usalama wako.,Ndũgathiĩ cukuru tondũ nĩ ũhũthũ.,0.669719244,0.350505592,Misati,Ndũgathiĩ cukuru tondũ nĩ ũhũthũ.,0.669719244,0.350505592,Lavender,,
,Education,Stay nourished! Enroll in schools with feeding programs.,Endelea kula! Jiandikishe katika shule zenye programu za chakula.,Thiĩ cukuru ũkarĩrie irio.,0.574025955,0.309063103,Misati,Thiĩ cukuru ũkarĩrie irio.,0.574025955,0.309063103,Lavender,,
,Education,Stay safe during protests! Avoid demonstration zones near schools.,Epuka maeneo ya maandamano karibu na shule.,Wĩmenyerere hĩndĩ ya mĩbango ya kwĩyonania!,0.775605819,0.368384096,Misati,Wĩmenyerere hĩndĩ ya mĩbango ya kwĩyonania!,0.775605819,0.368384096,Lavender,,
,Education,Stay safe online! Teach students to avoid cyber threats.,Wafundishe wanafunzi kuepuka vitisho vya mtandaoni.,Twarithia arutwo gwĩthema mogwati ma Intaneti.,0.683209226,0.451215333,Misati,Twarithia arutwo gwĩthema mogwati ma Intaneti.,0.683209226,0.451215333,Lavender,,
,Education,Stay safe! Follow evacuation plans during chemical spills.,Fuata mipango ya kujiokoa wakati wa kumwagika kwa kemikali.,Rũmĩrĩra mĩbango ya kũruta andũ arĩa marĩ kũu hĩndĩ ya mĩruru ya ndawa.,0.53795568,0.353932949,Misati,Rũmĩrĩra mĩbango ya kũruta andũ arĩa marĩ kũu hĩndĩ ya mĩruru ya ndawa.,0.53795568,0.353932949,Lavender,,
,Education,Stay safe! Know your school flood safety zones.,Jihadhari!,"Mwĩmenyererei, nĩ mũkũmenya kũrĩa mũkoragwo mũgitĩre mũingĩ.",0.387298753,0.315853701,Misati,"Mwĩmenyererei, nĩ mũkũmenya kũrĩa mũkoragwo mũgitĩre mũingĩ.",0.387298753,0.315853701,Lavender,,
,Education,Stay safe! Report strangers near schools to teachers or police.,Waarifu walimu au polisi kuhusu wageni wanaotiliwa shaka karibu na shule.,Twaria arutani kana borithi ũhoro wa andũ arĩa mataamenyete hakuhĩ na cukuru.,0.587788421,0.360108803,Misati,Twaria arutani kana borithi ũhoro wa andũ arĩa mataamenyete hakuhĩ na cukuru.,0.587788421,0.360108803,Lavender,,
,Education,"Stay safe! Schools, teach students about trafficking risks.","Shule, mfundishe wanafunzi kuhusu hatari za usafirishaji haramu.",Thukuru nĩ irutaga arutwo ũhoro wĩgiĩ mogwati ma kũhuthĩra andũ.,0.633812712,0.484743856,Misati,Thukuru nĩ irutaga arutwo ũhoro wĩgiĩ mogwati ma kũhuthĩra andũ.,0.633812712,0.484743856,Lavender,,
,Education,"Stay safe, students! Avoid protest areas near schools.","Jihadharini, wanafunzi! Epuka maeneo ya maandamano karibu na shule.",Mũtikareke mĩcemanio ĩgĩe hakuhĩ na cukuru.,0.729520415,0.392999286,Misati,Mũtikareke mĩcemanio ĩgĩe hakuhĩ na cukuru.,0.729520415,0.392999286,Lavender,,
,Education,Stay vigilant! Follow school safety protocols during terror alerts.,"Endelea kuwa macho, fuata kanuni za usalama wa shule wakati wa maonyo ya ugaidi.",Rũmĩrĩra mawatho ma thukuru hĩndĩ ya kũmenyithania andũ nĩ ũndũ wa ũgwati.,0.588020591,0.46289888,Misati,Rũmĩrĩra mawatho ma thukuru hĩndĩ ya kũmenyithania andũ nĩ ũndũ wa ũgwati.,0.588020591,0.46289888,Lavender,,
,Education,Stay vigilant! Report banditry threats near schools to police.,Kuwa macho! Ripoti vitisho feki karibu na shule kwa polisi.,Twaria thigari ũhoro wa mogwati ma kũhũũra andũ hakuhĩ na cukuru.,0.522444702,0.362276203,Misati,Twaria thigari ũhoro wa mogwati ma kũhũũra andũ hakuhĩ na cukuru.,0.522444702,0.362276203,Lavender,,
,Education,Stop GBV! Report gender-based violence in schools to 116.,Komesha ukatili wa kijinsia (GBV)! Ripoti unyanyasaji wa kijinsia shuleni kupitia 116.,Rekei 116 cione ũhoro wa ũhinya wa njorua cukuru-inĩ.,0.674582927,0.379119696,Misati,Rekei 116 cione ũhoro wa ũhinya wa njorua cukuru-inĩ.,0.674582927,0.379119696,Lavender,,
,Education,Stop GBV! Report school violence to authorities or call 116.,Komesha ukatili wa kijinsia (GBV)! Ripoti vurugu shuleni kwa mamlaka au piga simu 116.,Ũre na ũhinya mũingĩ cukuru kũrĩ anene a thirikari kana ũhũrĩre namba ya 116.,0.568665767,0.349642518,Misati,Ũre na ũhinya mũingĩ cukuru kũrĩ anene a thirikari kana ũhũrĩre namba ya 116.,0.568665767,0.349642518,Lavender,,
,Education,Study from home! Access online education platforms for rural students.,Jifunze ukiwa nyumbani! Pata fursa za elimu mtandaoni kwa wanafunzi wa vijijini.,Wĩrute kuuma mũciĩ!,0.572761174,0.501393217,Misati,Wĩrute kuuma mũciĩ!,0.572761174,0.501393217,Lavender,,
,Education,Submit TPAD by June 30 to avoid delays.,Wasilisha TPAD ifikapo Juni 30 ili kuepuka kuchelewa.,Twarithia TPAD nginya 30 Juni nĩguo ũtigatindĩke.,0.648689352,0.359577375,Misati,Twarithia TPAD nginya 30 Juni nĩguo ũtigatindĩke.,0.648689352,0.359577375,Lavender,,
,Education,Submit TPAD data by June 30 to avoid delays.,Wasilisha data ya TPAD ifikapo Juni 30 ili kuepuka kuchelewa.,Kũheana ũhoro wa TPAD nginya 30 Juni nĩguo gũtikagĩe na ihenya.,0.626670675,0.439692625,Misati,Kũheana ũhoro wa TPAD nginya 30 Juni nĩguo gũtikagĩe na ihenya.,0.626670675,0.439692625,Lavender,,
,Education,Submit TPAD data by June 30 to avoid payroll delays.,Wasilisha data ya TPAD ifikapo Juni 30 ili kuepuka kuchelewa kwa mshahara.,Rekereria ũhoro wa TPAD nginya 30 Juni nĩguo ũtigatũme mũcara ũtigatũme ũcoke.,0.572088908,0.291922197,Misati,Rekereria ũhoro wa TPAD nginya 30 Juni nĩguo ũtigatũme mũcara ũtigatũme ũcoke.,0.572088908,0.291922197,Lavender,,
,Education,Summit on Institutional Clean Cooking.,Mkutano wa Kilele wa Upikaji Safi (Clean Cooking Summit).,Ũkarũ wa Kĩbungo gĩa Kũruga Ũtarĩ na Ũthĩĩna.,0.454099797,0.350143208,Misati,Ũkarũ wa Kĩbungo gĩa Kũruga Ũtarĩ na Ũthĩĩna.,0.454099797,0.350143208,Lavender,,
,Education,Support adult literacy programs 2025.,Kuunga mkono mipango ya elimu ya watu wazima 2025.,Kũnyita mbaru mĩbango ya kũmenyeria andũ agima kwandĩka mwaka wa 2025.,0.658627503,0.606223643,Misati,Kũnyita mbaru mĩbango ya kũmenyeria andũ agima kwandĩka mwaka wa 2025.,0.658627503,0.606223643,Lavender,,
,Education,Support alumni networks 2025.,Kuunga mkono mitandao ya wahitimu 2025.,Kũnyita mbaru mbaru mbaru mbaru cia arutwo a gũthikĩrĩria mwaka wa 2025.,0.720610626,0.332680803,Misati,Kũnyita mbaru mbaru mbaru mbaru cia arutwo a gũthikĩrĩria mwaka wa 2025.,0.720610626,0.332680803,Lavender,,
,Education,Support distance learning 2024.,Kusaidia elimu ya masafa 2024.,Kũnyita mbaru ũrutani wa kũraihu 2024.,0.615849636,0.563927261,Misati,Kũnyita mbaru ũrutani wa kũraihu 2024.,0.615849636,0.563927261,Lavender,,
,Education,Support early childhood development 2020.,Kusaidia maendeleo ya elimu ya awali 2020.,Kũnyita mbaru ũrutani wa ciana cia tene mwaka wa 2020.,0.71896468,0.510130974,Misati,Kũnyita mbaru ũrutani wa ciana cia tene mwaka wa 2020.,0.71896468,0.510130974,Lavender,,
,Education,"Support education! Communities, fund school fees.","Kuunga mkono elimu! Jamii, fadhili shule.",Kũheana mbeca cia kũruta cukuru nĩ ũndũ wa mĩhothi ya andũ.,0.613295204,0.386160842,Misati,Kũheana mbeca cia kũruta cukuru nĩ ũndũ wa mĩhothi ya andũ.,0.613295204,0.386160842,Lavender,,
,Education,Support education! Pay school fees to keep learning alive.,Kuunga mkono elimu! Lipa ada ya shule ili masomo yaendelee.,Kũrĩha cukuru nĩguo ũikare wĩ na kĩyo.,0.602727812,0.413430262,Misati,Kũrĩha cukuru nĩguo ũikare wĩ na kĩyo.,0.602727812,0.413430262,Lavender,,
,Education,Support e-learning platforms 2021.,Kusaidia majukwaa ya kujifunzia mtandaoni 2021.,Kũnyita mbaru kĩhũngĩro kĩa e-learning 2021.,0.642685224,0.536442217,Misati,Kũnyita mbaru kĩhũngĩro kĩa e-learning 2021.,0.642685224,0.536442217,Lavender,,
,Education,Support girls' education in rural areas 2022.,Kuunga mkono elimu ya wasichana katika maeneo ya vijijini 2022.,Kũnyita mbaru ũrutani wa airĩtu matũũra-inĩ 2022.,0.822573925,0.614212457,Misati,Kũnyita mbaru ũrutani wa airĩtu matũũra-inĩ 2022.,0.822573925,0.614212457,Lavender,,
,Education,Support inclusion! Ensure schools have ramps and aids for disabled students.,Kuunga mkono ujumuishi! Hakikisha shule zina njia panda (ramps) na vifaa saidizi kwa wanafunzi wenye ulemavu.,Tĩaga kũingĩra thĩinĩ wa ciũngano!,0.587506385,0.277359266,Misati,Tĩaga kũingĩra thĩinĩ wa ciũngano!,0.587506385,0.277359266,Lavender,,
,Education,Support learning! Provide meals in drought-affected schools.,Kuunga mkono elimu!,Twaragĩria cukuru iria ciathumbũirũo nĩ ng'aragu irio.,0.384220683,0.474914737,Misati,Twaragĩria cukuru iria ciathumbũirũo nĩ ng'aragu irio.,0.384220683,0.474914737,Lavender,,
,Education,Support learning! Provide visual aids for blind students.,Saidia ujifunzaji! Toa vifaa vya kuona kwa wanafunzi wenye ulemavu wa macho.,Kũhe arutwo arĩa matarĩ na maitho ũteithio wa kuona.,0.589098866,0.481658606,Misati,Kũhe arutwo arĩa matarĩ na maitho ũteithio wa kuona.,0.589098866,0.481658606,Lavender,,
,Education,Support marginalized communities 2022.,Kusaidia jamii zilizotengwa 2022.,Kũnyita mbaru mĩhari ĩrĩa ĩtarĩ na ũhoti wa kũingĩra bũrũri-inĩ 2022.,0.513646259,0.374753245,Misati,Kũnyita mbaru mĩhari ĩrĩa ĩtarĩ na ũhoti wa kũingĩra bũrũri-inĩ 2022.,0.513646259,0.374753245,Lavender,,
,Education,Support nomadic education 2022.,Kuunga mkono elimu ya watu wanaohamahama 2022.,Kũnyita mbaru gĩthomo kĩa andũ arĩa matũũraga bũrũri-inĩ wa mabũrũri ma 2022,0.552366358,0.442955737,Misati,Kũnyita mbaru gĩthomo kĩa andũ arĩa matũũraga bũrũri-inĩ wa mabũrũri ma 2022,0.552366358,0.442955737,Lavender,,
,Education,Support nomadic learners 2023.,Kusaidia wanafunzi wanaohamahama 2023.,Kũnyita mbaru arutwo a bũrũri wa 2023 arĩa marĩ na ũrata na andũ arĩa marĩ na ũrata na Ngai.,0.485380401,0.324520411,Misati,Kũnyita mbaru arutwo a bũrũri wa 2023 arĩa marĩ na ũrata na andũ arĩa marĩ na ũrata na Ngai.,0.485380401,0.324520411,Lavender,,
,Education,Support nomads! Fund mobile schools for pastoralists.,Kuwaunga mkono wahamiaji!,"Tũngĩra andũ arĩa matũũraga kuo, na tũheane cukuru cia kũmenyeria arĩithi.",0.473213158,0.290475839,Misati,"Tũngĩra andũ arĩa matũũraga kuo, na tũheane cukuru cia kũmenyeria arĩithi.",0.473213158,0.290475839,Lavender,,
,Education,Support nomads! Fund programs for nomadic schools.,Kuwaunga mkono wanamgambo!,Tũngĩra mbarĩ cia bũrũri na tũhe mĩhothi ya gũthondeka cukuru cia mbarĩ cia bũrũri.,0.433993943,0.330217784,Misati,Tũngĩra mbarĩ cia bũrũri na tũhe mĩhothi ya gũthondeka cukuru cia mbarĩ cia bũrũri.,0.433993943,0.330217784,Lavender,,
,Education,Support orphans! Apply for education scholarships in your county.,Kuwaunga mkono yatima! Omba ufadhili wa masomo katika kaunti yako.,Twaragĩria ciana cia ndigwa ũteithio wa kũheo gĩthomo gĩthomo bũrũri-inĩ wanyu.,0.547662504,0.395642747,Misati,Twaragĩria ciana cia ndigwa ũteithio wa kũheo gĩthomo gĩthomo bũrũri-inĩ wanyu.,0.547662504,0.395642747,Lavender,,
,Education,Support refugee education 2021.,Kusaidia elimu ya wakimbizi 2021.,Kũnyita mbaru gĩthomo kĩa ageni 2021.,0.735687726,0.576980444,Misati,Kũnyita mbaru gĩthomo kĩa ageni 2021.,0.735687726,0.576980444,Lavender,,
,Education,Support refugees! Provide learning materials for refugee students.,Wasaidie wakimbizi! Wafundishe wanafunzi wakimbizi.,Ũteithie arutwo arĩa matũmĩtwo kũruta mabuku.,0.542204495,0.280155619,Misati,Ũteithie arutwo arĩa matũmĩtwo kũruta mabuku.,0.542204495,0.280155619,Lavender,,
,Education,Support research grants 2025.,Kusaidia ruzuku za utafiti 2025.,Kũnyita mbaru ũrutani wa mbeca mwaka wa 2025.,0.689633638,0.54299782,Misati,Kũnyita mbaru ũrutani wa mbeca mwaka wa 2025.,0.689633638,0.54299782,Lavender,,
,Education,Support rural electrification 2023.,Kusaidia mpango wa kusambaza umeme vijijini mwaka 2023.,Kũnyita mbaru ũhotani wa kũheana indo cia kũrĩma na ũhoti wa kũheana indo cia kũrĩma bũrũri-inĩ mwaka wa 2023.,0.656106604,0.369431135,Misati,Kũnyita mbaru ũhotani wa kũheana indo cia kũrĩma na ũhoti wa kũheana indo cia kũrĩma bũrũri-inĩ mwaka wa 2023.,0.656106604,0.369431135,Lavender,,
,Education,Support schools! Demand timely release of capitation funds.,Kuziunga mkono shule!,"Tĩaga kũruta wĩra wa kũruta cukuru, na ũheanage mbeca cia kũruta wĩra.",0.525098985,0.276460313,Misati,"Tĩaga kũruta wĩra wa kũruta cukuru, na ũheanage mbeca cia kũruta wĩra.",0.525098985,0.276460313,Lavender,,
,Education,Support schools! Fund education in drought-affected areas.,Kuziunga mkono shule! Kuunga mkono elimu katika maeneo yaliyoathiriwa na ukame.,"Kũheana mbeca cia kũruta wĩra wa gũthondeka cukuru, na kũruta wĩra wa gũthondeka gĩthomo gĩtheru kũndũ kũrĩa kũiyũirũo nĩ ng'aragu.",0.717762543,0.392430235,Misati,"Kũheana mbeca cia kũruta wĩra wa gũthondeka cukuru, na kũruta wĩra wa gũthondeka gĩthomo gĩtheru kũndũ kũrĩa kũiyũirũo nĩ ng'aragu.",0.717762543,0.392430235,Lavender,,
,Education,Support schools! Provide resources in drought areas.,Kuziunga mkono shule!,"Tũngĩra cukuru ũteithio, na tũhe indo cia kũhũthĩra kũrĩa kũtarĩ na maĩ.",0.460771631,0.316125489,Misati,"Tũngĩra cukuru ũteithio, na tũhe indo cia kũhũthĩra kũrĩa kũtarĩ na maĩ.",0.460771631,0.316125489,Lavender,,
,Education,Support special needs education 2024.,Kusaidia elimu ya mahitaji maalum 2024.,Kũnyita mbaru ũrutani wa bata wa mwanya mwaka wa 2024.,0.737315964,0.53802545,Misati,Kũnyita mbaru ũrutani wa bata wa mwanya mwaka wa 2024.,0.737315964,0.53802545,Lavender,,
,Education,Support students! Fund school mental health services.,Kuwaunga mkono wanafunzi!,Kũheana mbeca cia gũthondeka maũndũ ma gwĩciria cukuru-inĩ.,0.562323366,0.494595455,Misati,Kũheana mbeca cia gũthondeka maũndũ ma gwĩciria cukuru-inĩ.,0.562323366,0.494595455,Lavender,,
,Education,Support students! Provide counseling after protests.,Wasaidie wanafunzi!,Tũngĩteithia arutwo! Tũhe ũtaaro thutha wa mĩario ya kũregana na morutani.,0.424358655,0.396747561,Misati,Tũngĩteithia arutwo! Tũhe ũtaaro thutha wa mĩario ya kũregana na morutani.,0.424358655,0.396747561,Lavender,,
,Education,Support talent development 2022.,Kusaidia maendeleo ya vipaji 2022.,Kũnyita mbaru ũthii wa na mbere wa kĩyo 2022.,0.756889132,0.587737602,Misati,Kũnyita mbaru ũthii wa na mbere wa kĩyo 2022.,0.756889132,0.587737602,Lavender,,
,Education,Support teacher promotions 2020.,Kusaidia maendeleo ya walimu 2020.,Kũnyita mbaru gĩthomo kĩa arutani 2020.,0.494214299,0.568455589,Misati,Kũnyita mbaru gĩthomo kĩa arutani 2020.,0.494214299,0.568455589,Lavender,,
,Education,Support teacher unions 2022.,Kuunga mkono vyama vya walimu 2022.,Kũnyita mbaru mĩbango ya arutani mwaka wa 2022.,0.73593008,0.544952066,Misati,Kũnyita mbaru mĩbango ya arutani mwaka wa 2022.,0.73593008,0.544952066,Lavender,,
,Education,Support teacher welfare programs 2021.,Kusaidia mipango ya ustawi wa walimu 2021.,Kũnyita mbaru mĩbango ya mũtaratara wa ũgitĩri wa arutani mwaka wa 2021.,0.740503458,0.536302042,Misati,Kũnyita mbaru mĩbango ya mũtaratara wa ũgitĩri wa arutani mwaka wa 2021.,0.740503458,0.536302042,Lavender,,
,Education,Support teachers! Provide teaching aids and lesson plans.,Wasaidie walimu!,Ũteithie arutani!,0.48450239,0.355626203,Misati,Ũteithie arutani!,0.48450239,0.355626203,Lavender,,
,Education,Support teachers! Train educators for refugee students.,Wafundishe walimu wa wanafunzi wakimbizi.,Twaragĩria arutani wĩra wa kũmenyeria arutwo arĩa mathamĩire bũrũri wao.,0.499481388,0.357866759,Misati,Twaragĩria arutani wĩra wa kũmenyeria arutwo arĩa mathamĩire bũrũri wao.,0.499481388,0.357866759,Lavender,,
,Education,Support your child! Pay fees on time to avoid school closures.,Mtegemeze mtoto wako!,Ũrĩhe mwana waku ũteithio na ũkarĩha thabari cia cukuru na ihenya nĩguo ũtigatũme cukuru ĩgathira.,0.556059028,0.348943646,Misati,Ũrĩhe mwana waku ũteithio na ũkarĩha thabari cia cukuru na ihenya nĩguo ũtigatũme cukuru ĩgathira.,0.556059028,0.348943646,Lavender,,
,Education,"Talk openly! Schools, promote mental health awareness.",Shule kuendeleza uelewa wa afya ya akili.,"Thoma ũtarĩ na ũhinga! Thoma cukuru, ũtugie andũ ũmenyo wĩgiĩ ũgima wa meciria.",0.509947271,0.418428184,Misati,"Thoma ũtarĩ na ũhinga! Thoma cukuru, ũtugie andũ ũmenyo wĩgiĩ ũgima wa meciria.",0.509947271,0.418428184,Lavender,,
,Education,Targeted messages sent before county forums,Ujumbe maalum uliotumwa mbele ya vikao vya kaunti.,Ndũmĩrĩri ĩrĩa ĩratũmĩtwo mbere ya wabici cia kaunti,0.586999499,0.413554098,Misati,Ndũmĩrĩri ĩrĩa ĩratũmĩtwo mbere ya wabici cia kaunti,0.586999499,0.413554098,Lavender,,
,Education,Teach hygiene! Educate students on cholera prevention.,Wafundishe watoto kuhusu kuzuia ugonjwa wa kipindupindu.,Rutaga arutwo ũhoro wa kũgirĩrĩria mũrimũ wa gũkua.,0.542197019,0.38276917,Misati,Rutaga arutwo ũhoro wa kũgirĩrĩria mũrimũ wa gũkua.,0.542197019,0.38276917,Lavender,,
,Education,Teach safety! Include abduction prevention in curricula.,Fundisha usalama!,Ũrutani wa kũgitĩra andũ ũkoragwo na maũndũ ma ũgitĩri.,0.393737655,0.305413786,Misati,Ũrutani wa kũgitĩra andũ ũkoragwo na maũndũ ma ũgitĩri.,0.393737655,0.305413786,Lavender,,
,Education,Teach safety! Include trafficking prevention in school curricula.,Fundisha usalama!,Ũrutani wa kũgitĩra andũ ũhũthĩre maũndũ ma gwĩciria.,0.425767279,0.290059354,Misati,Ũrutani wa kũgitĩra andũ ũhũthĩre maũndũ ma gwĩciria.,0.425767279,0.290059354,Lavender,,
,Education,Teachers attend CBC training next week.,Walimu kuhudhuria mafunzo ya CBC wiki ijayo.,Arutani nĩ magathiaga CBC-inĩ kiumia kĩrĩa kĩroka.,0.749245356,0.467174931,Misati,Arutani nĩ magathiaga CBC-inĩ kiumia kĩrĩa kĩroka.,0.749245356,0.467174931,Lavender,,
,Education,Teachers attend CBC training starting next week.,Walimu kuhudhuria mafunzo ya CBC kuanzia wiki ijayo.,Arutani nĩ magathiaga CBC-inĩ kwambĩrĩria kiumia kĩrĩa kĩroka.,0.778493657,0.461610737,Misati,Arutani nĩ magathiaga CBC-inĩ kwambĩrĩria kiumia kĩrĩa kĩroka.,0.778493657,0.461610737,Lavender,,
,Education,Teachers attend in-service training annually.,Walimu huhudhuria mafunzo ya kazini kila mwaka.,Arutani magathiaga gĩthomo gĩa kũruta wĩra o mwaka.,0.722155168,0.471273564,Misati,Arutani magathiaga gĩthomo gĩa kũruta wĩra o mwaka.,0.722155168,0.471273564,Lavender,,
,Education,"Teachers must submit TPAD data by June 30, 2025 to avoid payroll delays.","Walimu wanapaswa kuwasilisha data ya TPAD ifikapo Juni 30, 2025 ili kuepuka kuchelewa kwa mshahara.","Arutani magĩrĩire kũruta ũhoro wa TPAD o nginya Juni 30, 2025, nĩguo matigatindĩke nĩ mũcaara.",0.692751809,0.433768396,Misati,"Arutani magĩrĩire kũruta ũhoro wa TPAD o nginya Juni 30, 2025, nĩguo matigatindĩke nĩ mũcaara.",0.692751809,0.433768396,Lavender,,
,Education,Teachers submit lesson plans for CBC 2023.,Walimu kuandaa mipango ya masomo (lesson plans) kwa ajili ya CBC 2023.,Arutani nĩ marutaga mĩbango ya maũndũ ma CBC 2023.,0.661236078,0.516493309,Misati,Arutani nĩ marutaga mĩbango ya maũndũ ma CBC 2023.,0.661236078,0.516493309,Lavender,,
,Education,"Teachers, stay alert! Monitor banditry risks near schools.","Walimu, tahadhari!","Arutani, ikaragaai mwĩiguĩte!",0.41200594,0.530989569,Misati,"Arutani, ikaragaai mwĩiguĩte!",0.41200594,0.530989569,Lavender,,
,Education,Teachers: Report any political interference in schools to 0800721524.,Walimu: Ripoti uingiliaji wowote wa kisiasa shuleni kwa kupiga 0800721524.,Arutani: Rekei mũingĩ ũmenyithie mũingĩ ũrĩa ũingĩragia maũndũ ma ũteti mathukuru-inĩ namba ya 0800721524.,0.664271237,0.423470117,Misati,Arutani: Rekei mũingĩ ũmenyithie mũingĩ ũrĩa ũingĩragia maũndũ ma ũteti mathukuru-inĩ namba ya 0800721524.,0.664271237,0.423470117,Lavender,,
,Education,Teachers: Submit list of unregistered Form 3  and 4 students to IEBC by Friday!,Walimu: Tuma orodha ya wanafunzi wa Kidato cha 3 na cha 4 ambao hawajasajiliwa kwa IEBC ifikapo Ijumaa!,Arutani: Ĩra IEBC rũthiomi rwa arutwo arĩa matarĩ maandĩkĩtwo kĩambĩrĩria-inĩ kĩa karathi ka 3 na ka 4 nginya mũthenya wa Kiumia!,0.535782674,0.444576983,Misati,Arutani: Ĩra IEBC rũthiomi rwa arutwo arĩa matarĩ maandĩkĩtwo kĩambĩrĩria-inĩ kĩa karathi ka 3 na ka 4 nginya mũthenya wa Kiumia!,0.535782674,0.444576983,Lavender,,
,Education,Teachers: Submit voter registration report by November 30 or face disciplinary action!,Walimu: Wasilisha ripoti ya usajili wa wapiga kura ifikapo Novemba 30 au mshtakiwe!,Arutani: Ĩka ũira wa kwĩyandĩkithia ateti nginya mweri wa Novemba 30 kana ũkarekererio!,0.489396306,0.365059092,Misati,Arutani: Ĩka ũira wa kwĩyandĩkithia ateti nginya mweri wa Novemba 30 kana ũkarekererio!,0.489396306,0.365059092,Lavender,,
,Education,Teachers: Train 50 students each on voter rights before November ends directive!,"Walimu: Wafunze wanafunzi 50 kila mmoja juu ya haki ya kupiga kura kabla ya Novemba, mwisho wa agizo!",Arutani: Mwĩmenyerie arutwo 50 o ũmwe ũhoro wĩgiĩ wĩyathi wa gũthuura mbere ya mweri wa gatano mweri wa ikũmi na ũmwe ũkinye mũthia wa watho!,0.593992117,0.486640318,Misati,Arutani: Mwĩmenyerie arutwo 50 o ũmwe ũhoro wĩgiĩ wĩyathi wa gũthuura mbere ya mweri wa gatano mweri wa ikũmi na ũmwe ũkinye mũthia wa watho!,0.593992117,0.486640318,Lavender,,
,Education,Train communities! Teach banditry prevention near schools.,Mafunzo ya kuzuia uhalifu karibu na shule.,Twarithia andũ kũrũgĩrĩra mahĩtia hakuhĩ na cukuru.,0.553161771,0.36694813,Misati,Twarithia andũ kũrũgĩrĩra mahĩtia hakuhĩ na cukuru.,0.553161771,0.36694813,Lavender,,
,Education,Train on child protection 2023.,Mafunzo juu ya ulinzi wa watoto 2023.,Gĩthomo gĩa Gũtongoria Ũgitĩri wa Ciana 2023.,0.644774889,0.458508398,Misati,Gĩthomo gĩa Gũtongoria Ũgitĩri wa Ciana 2023.,0.644774889,0.458508398,Lavender,,
,Education,Train on climate education 2023.,Mafunzo ya Mazingira na Tabianchi 2023.,Gĩthomo gĩa Gũthomithia Ũhoro wa Rĩera Mwaka wa 2023.,0.525411854,0.435205499,Misati,Gĩthomo gĩa Gũthomithia Ũhoro wa Rĩera Mwaka wa 2023.,0.525411854,0.435205499,Lavender,,
,Education,Train on conflict resolution 2021.,Mafunzo ya kutatua migogoro 2021.,Kũruta Ũũgĩ wa Kũhiũrania na Ithũĩro 2021,0.599340933,0.392170116,Misati,Kũruta Ũũgĩ wa Kũhiũrania na Ithũĩro 2021,0.599340933,0.392170116,Lavender,,
,Education,Train on data analysis 2024.,Mafunzo ya uchambuzi wa data 2024.,Kũruta wĩra wa gũthuthuria ũhoro wa data 2024.,0.629584568,0.470094087,Misati,Kũruta wĩra wa gũthuthuria ũhoro wa data 2024.,0.629584568,0.470094087,Lavender,,
,Education,Train on data management 2023.,Mafunzo juu ya usimamizi wa data 2023.,Gĩthomo gĩa Gũtongoria Ũhoro wa Kũmenyeria Andũ Mwaka wa 2023.,0.705898811,0.412799678,Misati,Gĩthomo gĩa Gũtongoria Ũhoro wa Kũmenyeria Andũ Mwaka wa 2023.,0.705898811,0.412799678,Lavender,,
,Education,Train on disaster preparedness in schools 2020.,Mafunzo ya kujiandaa na majanga shuleni 2020.,Kũmenyeria andũ kũringana na ũhaarĩria wa mĩnyamaro cukuru-inĩ mwaka wa 2020.,0.607873462,0.489407446,Misati,Kũmenyeria andũ kũringana na ũhaarĩria wa mĩnyamaro cukuru-inĩ mwaka wa 2020.,0.607873462,0.489407446,Lavender,,
,Education,Train on emergency response 2021.,Mafunzo ya kukabiliana na dharura 2021.,Gĩthomo gĩa Gũtwarithia Ũteithio wa Gĩthomo kĩa 2021,0.596433215,0.320823658,Misati,Gĩthomo gĩa Gũtwarithia Ũteithio wa Gĩthomo kĩa 2021,0.596433215,0.320823658,Lavender,,
,Education,Train on financial literacy 2020.,Mafunzo ya elimu ya kifedha 2020.,Gĩthomo kĩa Ũhoro wa Gũtonga 2020.,0.554334689,0.326077586,Misati,Gĩthomo kĩa Ũhoro wa Gũtonga 2020.,0.554334689,0.326077586,Lavender,,
,Education,Train on gender sensitivity 2021.,Mafunzo ya uhamasishaji wa kijinsia 2021.,Kũmenyeria andũ arĩa marĩ na ũmenyo wa ngomanio mwaka wa 2021.,0.439615523,0.400687985,Misati,Kũmenyeria andũ arĩa marĩ na ũmenyo wa ngomanio mwaka wa 2021.,0.439615523,0.400687985,Lavender,,
,Education,Train on inclusive teaching 2023.,Mafunzo ya kufundisha kwa pamoja 2023.,Kũmenyeria andũ maũndũ marĩa marenda ũrutani wa andũ othe 2023.,0.452438054,0.371067737,Misati,Kũmenyeria andũ maũndũ marĩa marenda ũrutani wa andũ othe 2023.,0.452438054,0.371067737,Lavender,,
,Education,Train on leadership 2023.,Mafunzo ya Uongozi 2023.,Kũmenyeria arĩa matongoragia mwaka wa 2023.,0.461777813,0.560816899,Misati,Kũmenyeria arĩa matongoragia mwaka wa 2023.,0.461777813,0.560816899,Lavender,,
,Education,Train on mental health for teachers 2021.,Mafunzo ya Afya ya Akili kwa Walimu 2021.,Kũmenyeria arutani ũhoro wa ũgima wa meciria 2021.,0.644978755,0.588739715,Misati,Kũmenyeria arutani ũhoro wa ũgima wa meciria 2021.,0.644978755,0.588739715,Lavender,,
,Education,Train on online safety 2021.,Mafunzo juu ya usalama mtandaoni 2021.,Gĩthomo kĩa Gĩthomo kĩa Ũgitĩri wa Intaneti 2021,0.621133379,0.364698979,Misati,Gĩthomo kĩa Gĩthomo kĩa Ũgitĩri wa Intaneti 2021,0.621133379,0.364698979,Lavender,,
,Education,Train on sustainability 2024.,Mafunzo ya Uendelevu 2024.,Gĩthomo gĩa Gũthiĩ na Mbere Mwaka wa 2024.,0.396723531,0.452720819,Misati,Gĩthomo gĩa Gũthiĩ na Mbere Mwaka wa 2024.,0.396723531,0.452720819,Lavender,,
,Education,Train staff! Address student unrest proactively.,Wafunze Wafanyakazi!,Twarĩria na kĩyo maũndũ marĩa marekĩka nĩ arutwo.,0.400055404,0.370604014,Misati,Twarĩria na kĩyo maũndũ marĩa marekĩka nĩ arutwo.,0.400055404,0.370604014,Lavender,,
,Education,Train staff! Prepare schools for landslide risks.,Wafunze wafanyakazi!,Twarithia cukuru kũhaarĩria mĩago ya gũcũnga bũrũri.,0.460422245,0.277018129,Misati,Twarithia cukuru kũhaarĩria mĩago ya gũcũnga bũrũri.,0.460422245,0.277018129,Lavender,,
,Education,Train staff! Teach fire safety protocols in schools.,Wafunze wafanyakazi! Kufundisha itifaki za usalama wa moto shuleni.,Arutani a thitima nĩ marutaga maũndũ megiĩ ũgitĩri wa mwaki cukuru-inĩ.,0.63973547,0.510158782,Misati,Arutani a thitima nĩ marutaga maũndũ megiĩ ũgitĩri wa mwaki cukuru-inĩ.,0.63973547,0.510158782,Lavender,,
,Education,Train students! Practice flood evacuation in schools.,Wafunze wanafunzi kujiokoa kutokana na mafuriko shuleni.,Twarithia arutwo kũruta wĩra wa kũniina mĩiyũro ya mĩiyũro.,0.570315157,0.375405926,Misati,Twarithia arutwo kũruta wĩra wa kũniina mĩiyũro ya mĩiyũro.,0.570315157,0.375405926,Lavender,,
,Education,Train students! Teach abduction prevention in schools.,Wafundishe kuzuia utekaji nyara shuleni.,Twarithia arutwo kũgitĩra andũ arĩa matunyĩtwo nĩ andũ cukuru.,0.638907884,0.284698353,Misati,Twarithia arutwo kũgitĩra andũ arĩa matunyĩtwo nĩ andũ cukuru.,0.638907884,0.284698353,Lavender,,
,Education,Train students! Teach cholera prevention in schools.,Wafundishe wanafunzi kuzuia ugonjwa wa kipindupindu shuleni.,"Kũmenyeria arutwo, na kũmaruta maũndũ megiĩ kũgirĩrĩria ng'aragu cukuru-inĩ.",0.538049884,0.493049494,Misati,"Kũmenyeria arutwo, na kũmaruta maũndũ megiĩ kũgirĩrĩria ng'aragu cukuru-inĩ.",0.538049884,0.493049494,Lavender,,
,Education,Train students! Teach GBV prevention in schools.,Wafundishe wanafunzi kuzuia ukatili wa kijinsia (GBV) shuleni.,Twarithia arutwo kũrũgĩrĩra mĩrimũ ya GBV cukuru-inĩ.,0.538773845,0.402707962,Misati,Twarithia arutwo kũrũgĩrĩra mĩrimũ ya GBV cukuru-inĩ.,0.538773845,0.402707962,Lavender,,
,Education,Train students! Teach trafficking prevention in schools.,Wafundishe wanafunzi kuzuia usafirishaji haramu wa watu shuleni.,"Kũmenyeria arutwo, na kũmaruta maũndũ megiĩ kũgirĩrĩria andũ gũtharĩkĩrũo cukuru-inĩ.",0.515535018,0.458613157,Misati,"Kũmenyeria arutwo, na kũmaruta maũndũ megiĩ kũgirĩrĩria andũ gũtharĩkĩrũo cukuru-inĩ.",0.515535018,0.458613157,Lavender,,
,Education,Train teachers! Address gender-based violence in schools.,Wafunze walimu! Tatua ukatili wa kijinsia shuleni.,Kũmenyeria arutani!,0.586242737,0.519416339,Misati,Kũmenyeria arutani!,0.586242737,0.519416339,Lavender,,
,Education,Train teachers! Educate on trafficking prevention.,Wafundishe walimu kuhusu kuzuia usafirishaji haramu wa watu.,Kũmenyeria arutani maũndũ megiĩ kũgirĩrĩria andũ gũtharĩkĩrũo.,0.499634133,0.492480295,Misati,Kũmenyeria arutani maũndũ megiĩ kũgirĩrĩria andũ gũtharĩkĩrũo.,0.499634133,0.492480295,Lavender,,
,Education,Train teachers! Ensure flood safety protocols in schools.,Wafunze walimu! Hakikisha kufuata itifaki za usalama wa mafuriko shuleni.,Twarithia arutani!,0.632799504,0.254333994,Misati,Twarithia arutani!,0.632799504,0.254333994,Lavender,,
,Education,Train teachers! Prepare for landslide safety in schools.,Wafundishe walimu!,Twarithia arutani!,0.43241383,0.279985195,Misati,Twarithia arutani!,0.43241383,0.279985195,Cynthia,,
,Education,Train teachers! Prepare for terror threats in schools.,Wafundishe walimu!,Ĩmenyeria arutani!,0.472492647,0.488423586,Misati,Ĩmenyeria arutani!,0.472492647,0.488423586,Cynthia,,
,Education,Train teachers! Support digital learning for all students.,Wazoeze walimu! Kuunga mkono kujifunza kwa digital kwa wanafunzi wote.,Kũmenyeria arutani! Kũnyita mbaru arutwo othe kwĩruta ũhoro wa digiti.,0.603098698,0.47009159,Misati,Kũmenyeria arutani! Kũnyita mbaru arutwo othe kwĩruta ũhoro wa digiti.,0.603098698,0.47009159,Cynthia,,
,Education,Train teachers! Support inclusive education for disabled students.,Wazoeze walimu!,Kũruta arutani! Kũnyita mbaru ũrutani wa arutwo arĩa marĩ na mawathe.,0.515228676,0.550207371,Misati,Kũruta arutani! Kũnyita mbaru ũrutani wa arutwo arĩa marĩ na mawathe.,0.515228676,0.550207371,Cynthia,,
,Education,Train teachers! Teach protest safety protocols.,Wafundishe walimu!,"Twaria na arutani, na tũrute andũ maũndũ megiĩ ũgitĩri.",0.427066193,0.31249725,Misati,"Twaria na arutani, na tũrute andũ maũndũ megiĩ ũgitĩri.",0.427066193,0.31249725,Cynthia,,
,Education,Travel safely! Use designated safe routes to school in conflict zones.,Tumia njia zilizowekwa salama za kwenda shuleni katika maeneo yenye vita.,Twaragĩria andũ arĩa marĩ na thĩna mũingĩ njĩra iria cionanagia atĩ nĩ cia kwĩhokeka nĩguo ũthiĩ cukuru.,0.562517316,0.315627368,Misati,Twaragĩria andũ arĩa marĩ na thĩna mũingĩ njĩra iria cionanagia atĩ nĩ cia kwĩhokeka nĩguo ũthiĩ cukuru.,0.562517316,0.315627368,Cynthia,,
,Education,Treasury gamifies budget learning for young audiences.,Wizara ya Hazina hufanya kujifunza bajeti kuwa rahisi kwa vijana.,Ũtungata wa mbeca ũkoragwo ũhingĩte maũndũ ma bata mũno harĩ andũ ethĩ.,0.413377418,0.298153536,Misati,Ũtungata wa mbeca ũkoragwo ũhingĩte maũndũ ma bata mũno harĩ andũ ethĩ.,0.413377418,0.298153536,Cynthia,,
,Education,Treasury introduces online tools for public finance monitoring.,Wizara ya Hazina inaanzisha zana za mtandaoni za kufuatilia fedha za umma.,Ũtungata wa thirikari nĩ ũheaga indo cia kũgerera mbeca cia thirikari.,0.709113718,0.41213209,Misati,Ũtungata wa thirikari nĩ ũheaga indo cia kũgerera mbeca cia thirikari.,0.709113718,0.41213209,Cynthia,,
,Education,Tune in EduTV 8:10 AM for CBC lessons.,Kufanya katika EduTV 8: 00:10 AM kwa ajili ya masomo CBC.,Thikĩrĩria EduTV 8: 10 rũcinĩ nĩ ũndũ wa maũndũ ma CBC.,0.448267992,0.415903879,Misati,Thikĩrĩria EduTV 8: 10 rũcinĩ nĩ ũndũ wa maũndũ ma CBC.,0.448267992,0.415903879,Cynthia,,
,Education,Tune in to EduTV Channel daily from 8:00 AM to 10:00 AM for CBC lessons.,Kuunganisha kwa EduTV Channel kila siku kutoka 8:00 AM hadi 10:00 AM kwa CBC masomo.,Hũthagĩra EduTV Channel o mũthenya kuuma thaa inyanya nginya thaa ikũmi cia rũcinĩ nĩ ũndũ wa maũndũ marĩa ũreruta CBC-inĩ.,0.622879463,0.540236401,Misati,Hũthagĩra EduTV Channel o mũthenya kuuma thaa inyanya nginya thaa ikũmi cia rũcinĩ nĩ ũndũ wa maũndũ marĩa ũreruta CBC-inĩ.,0.622879463,0.540236401,Cynthia,,
,Education,Tune in to EduTV daily 8:10 AM for CBC lessons.,Kuunganisha kwa EduTV kila siku 8: 00-10 AM kwa masomo CBC.,Hũthagĩra EduTV o mũthenya 8: 00 - 10:00 rũcinĩ nĩ ũndũ wa maũndũ ma CBC.,0.546455412,0.412259849,Misati,Hũthagĩra EduTV o mũthenya 8: 00 - 10:00 rũcinĩ nĩ ũndũ wa maũndũ ma CBC.,0.546455412,0.412259849,Cynthia,,
,Education,Tune in to Kenya Education Cloud for Grade 48 CBC lessons.,Kuunganisha katika Kenya Elimu Cloud kwa ajili ya darasa 4 ~ 8 CBC masomo.,Thoma Kenya Education Cloud nĩ ũndũ wa maũndũ ma CBC ma kĩrathi gĩa 4 8.,0.529027469,0.409355711,Misati,Thoma Kenya Education Cloud nĩ ũndũ wa maũndũ ma CBC ma kĩrathi gĩa 4 8.,0.529027469,0.409355711,Cynthia,,
,Education,Universities encouraged to develop and utilize Open Educational Resources (OER) for wider access to learning materials.,Vyuo vikuu vilihimizwa kuendeleza na kutumia rasilimali za elimu wazi (OER) kwa upatikanaji mpana wa vifaa vya kujifunza.,Maathi ma cukuru nĩ marĩkĩtie kũheana na kũhũthĩra indo cia gĩthomo iria ciĩhingĩirũo (OER) nĩguo andũ makorũo na ũhoti mũingĩ wa kwĩruta.,0.702839406,0.324023694,Misati,Maathi ma cukuru nĩ marĩkĩtie kũheana na kũhũthĩra indo cia gĩthomo iria ciĩhingĩirũo (OER) nĩguo andũ makorũo na ũhoti mũingĩ wa kwĩruta.,0.702839406,0.324023694,Cynthia,,
,Education,Universities urged to offer training on emerging technologies to prepare students for future job markets.,Vyuo vikuu viliombwa kutoa mafunzo juu ya teknolojia zinazoibuka ili kuwaandalia wanafunzi masoko ya ajira ya baadaye.,"O na kũrĩ ũguo, nĩ ũndũ wa kũhũthĩra njĩra ĩyo, nĩ kũbataranirie mũno kũruta andũ wĩra.",0.664821972,0.212938368,Misati,"O na kũrĩ ũguo, nĩ ũndũ wa kũhũthĩra njĩra ĩyo, nĩ kũbataranirie mũno kũruta andũ wĩra.",0.664821972,0.212938368,Cynthia,,
,Education,Update curriculum for emerging tech 2021.,Sasisha programu ya masomo kwa teknolojia ya kuibuka 2021.,Kũmenyeria mũtaratara wa gũthoma wa tekinoronjĩ ĩrĩa ĩrathiĩ na mbere mwaka wa 2021.,0.466577743,0.486929804,Misati,Kũmenyeria mũtaratara wa gũthoma wa tekinoronjĩ ĩrĩa ĩrathiĩ na mbere mwaka wa 2021.,0.466577743,0.486929804,Cynthia,,
,Education,Update exam policies 2021.,Sasisha sera za mitihani ya mwaka 2021.,Ũcokia mawatho ma gĩthomo kĩa 2021 na mbere.,0.740158524,0.360238155,Misati,Ũcokia mawatho ma gĩthomo kĩa 2021 na mbere.,0.740158524,0.360238155,Cynthia,,
,Education,Update health protocols 2021.,Sasisha itifaki za afya za mwaka 2021.,Ũcokia mawatho ma mũrimũ wa mwĩrĩ kũrĩ mwaka wa 2021.,0.65138056,0.289426752,Misati,Ũcokia mawatho ma mũrimũ wa mwĩrĩ kũrĩ mwaka wa 2021.,0.65138056,0.289426752,Cynthia,,
,Education,Update safety standards 2022.,Sasisha viwango vya usalama 2022.,Kũmenyeria ithimi cia ũgitĩri cia 2022.,0.7711964,0.502236997,Misati,Kũmenyeria ithimi cia ũgitĩri cia 2022.,0.7711964,0.502236997,Cynthia,,
,Education,Update school records digitally 2023.,Sasisha rekodi za shule kwa njia ya dijiti mwaka 2023.,Ũcokia ũhoro wa maũndũ marĩa marekĩka cukuru na njĩra ya kĩnanda mwaka wa 2023.,0.680556802,0.407787854,Misati,Ũcokia ũhoro wa maũndũ marĩa marekĩka cukuru na njĩra ya kĩnanda mwaka wa 2023.,0.680556802,0.407787854,Cynthia,,
,Education,Upgrade dorms! Install fire exits in schools.,Weka njia za kutokea moto katika shule.,Twarithia nyũmba cia gũkoma na ũgĩciara na njĩra ya kũhingia mĩbira ya mwaki.,0.415903184,0.227865538,Misati,Twarithia nyũmba cia gũkoma na ũgĩciara na njĩra ya kũhingia mĩbira ya mwaki.,0.415903184,0.227865538,Cynthia,,
,Education,Upgrade facilities for inclusive education 2024.,Kuboresha vifaa vya elimu ya pamoja 2024.,Kũgarũra indo cia gĩthomo kĩa andũ othe mwaka wa 2024.,0.634258957,0.483076619,Misati,Kũgarũra indo cia gĩthomo kĩa andũ othe mwaka wa 2024.,0.634258957,0.483076619,Cynthia,,
,Education,Upgrade facilities! Install clean water systems in schools.,Weka mifumo ya maji safi katika shule.,Twarithia gũthondeka indo cia gũthondeka maaĩ ma gũthondeka cukuru.,0.614388696,0.326466952,Misati,Twarithia gũthondeka indo cia gũthondeka maaĩ ma gũthondeka cukuru.,0.614388696,0.326466952,Cynthia,,
,Education,Upgrade ICT infrastructure 2021.,Kuboresha miundombinu ya ICT mwaka 2021.,Kũmenyeria ithondeka rĩa ICT mwaka wa 2021.,0.742887532,0.487625173,Misati,Kũmenyeria ithondeka rĩa ICT mwaka wa 2021.,0.742887532,0.487625173,Cynthia,,
,Education,Upgrade labs in secondary schools 2024.,Maabara ya kuboresha katika shule za sekondari 2024.,Kũgarũra mabururi ma gũthondeka maũndũ thĩinĩ wa cukuru cia sekondari 2024.,0.682482735,0.417167308,Misati,Kũgarũra mabururi ma gũthondeka maũndũ thĩinĩ wa cukuru cia sekondari 2024.,0.682482735,0.417167308,Cynthia,,
,Education,Upgrade sanitation! Provide safe toilets to prevent cholera.,"Ongeza usafi wa mazingira, toa vyoo salama ili kuzuia ugonjwa wa kipindupindu.","Twaragĩria ũgarũrũku wa ũgitĩri, na ũheage nyũmba cia gwĩthamba cia kũgitĩra nĩguo ũgirĩrĩrie mũrimũ wa kolera.",0.504230487,0.337805957,Misati,"Twaragĩria ũgarũrũku wa ũgitĩri, na ũheage nyũmba cia gwĩthamba cia kũgitĩra nĩguo ũgirĩrĩrie mũrimũ wa kolera.",0.504230487,0.337805957,Cynthia,,
,Education,Upgrade teacher salaries 2020.,Ongeza mshahara wa walimu 2020.,Kũrĩithia mũcara wa arutani 2020.,0.66127195,0.484360575,Misati,Kũrĩithia mũcara wa arutani 2020.,0.66127195,0.484360575,Cynthia,,
,Education,Use digital learning tools in classrooms 2024.,Tumia zana za kujifunza za digital katika madarasa 2024.,Kũhũthĩra indo cia kwĩruta cia digitarĩ thĩinĩ wa ciũngano 2024.,0.729679324,0.446484966,Misati,Kũhũthĩra indo cia kwĩruta cia digitarĩ thĩinĩ wa ciũngano 2024.,0.729679324,0.446484966,Cynthia,,
,Education,Vaccinate students against measles 2020.,Waua wanafunzi dhidi ya ugonjwa wa kuhara 2020.,Kũhe arutwo thiithi wa kũhũũra mũrimũ wa mũrimũ wa mũrimũ wa kũhiũrania na mũrimũ wa mũrimũ wa kũhiũrania na mũrimũ wa mũrimũ wa kũhiũrania na mũrimũ wa mũrimũ wa kũhiũrania na mũrimũ wa kũhiũrania na mũrimũ wa kũhiũrania na mũrimũ wa kũhiũrania na mũrimũ wa kũhiũrania na mũrimũ wa kũhiũrania na mũrimũ wa kũhiũrania na mũrimũ wa kũhiũrania na mũrimũ wa kũhiũrania na mũrimũ wa kũhiũrania na mũrimũ wa kũhiũrania na mũrimũ wa kũhiũrania na mũrimũ wa kũhiũrania na mũrimũ wa kũhiũ.,0.357459087,0.647449749,Misati,Kũhe arutwo thiithi wa kũhũũra mũrimũ wa mũrimũ wa mũrimũ wa kũhiũrania na mũrimũ wa mũrimũ wa kũhiũrania na mũrimũ wa mũrimũ wa kũhiũrania na mũrimũ wa mũrimũ wa kũhiũrania na mũrimũ wa kũhiũrania na mũrimũ wa kũhiũrania na mũrimũ wa kũhiũrania na mũrimũ wa kũhiũrania na mũrimũ wa kũhiũrania na mũrimũ wa kũhiũrania na mũrimũ wa kũhiũrania na mũrimũ wa kũhiũrania na mũrimũ wa kũhiũrania na mũrimũ wa kũhiũrania na mũrimũ wa kũhiũrania na mũrimũ wa kũhiũrania na mũrimũ wa kũhiũ.,0.357459087,0.647449749,Cynthia,,
,Education,Vaccinate your child before January 6 reopening; polio and measles jab mandatory!,Kumtia mtoto wako chanjo kabla ya Januari 6 kufunguliwa tena; chanjo ya polio na kuharisha ni lazima!,"Thondekera mwana waku mbere ya January 6, kũhingũra rĩngĩ; thigara ya gũkua nda na mũrimũ wa mũrimũ wa mũrimũ wa gũkua nda nĩ ya bata!",0.579241813,0.392385601,Misati,"Thondekera mwana waku mbere ya January 6, kũhingũra rĩngĩ; thigara ya gũkua nda na mũrimũ wa mũrimũ wa mũrimũ wa gũkua nda nĩ ya bata!",0.579241813,0.392385601,Cynthia,,
,Education,"Vaccination cards mandatory at school gate January 6; no jab, no entry!","Kadi za chanjo ni lazima katika lango la shule Januari 6; hakuna jab, hakuna kuingia!","Kũrĩ na marũa ma gũkinya cukuru ma kũhĩtũkĩra cukuru gatagatĩ ka January 6; gũtirĩ kĩndũ kĩũragwo, gũtirĩ mũndũ ũtoonyaga!",0.665505319,0.2716825,Misati,"Kũrĩ na marũa ma gũkinya cukuru ma kũhĩtũkĩra cukuru gatagatĩ ka January 6; gũtirĩ kĩndũ kĩũragwo, gũtirĩ mũndũ ũtoonyaga!",0.665505319,0.2716825,Cynthia,,
,Education,Vaccination mandatory for all boarding students before reopening.,Utiaji chanjo ni lazima kwa wanafunzi wote wa jengo la ndege kabla ya kufunguliwa upya.,Kũhĩtũkwo nĩ kũbataranĩtie harĩ arutwo othe a nyũmba ya gũikara mbere ya kũhingũra rĩngĩ.,0.502539987,0.413436335,Misati,Kũhĩtũkwo nĩ kũbataranĩtie harĩ arutwo othe a nyũmba ya gũikara mbere ya kũhingũra rĩngĩ.,0.502539987,0.413436335,Cynthia,,
,Education,Wash hands daily! Prevent cholera with proper hygiene.,Osha mikono kila siku! Epuka ugonjwa wa kipindupindu kwa kuwa na usafi wa kiuchumi.,Hagia moko o mũthenya na ũitĩre mũrimũ wa gũkua mũrimũ wa gũkua mũrimũ wa gũkua mũrimũ wa gũkua mũrimũ wa gũkua mũrimũ wa gũkua mũrimũ wa gũkua mũrimũ wa gũkua mũrimũ wa gũkua mũrimũ wa gũkua mũrimũ wa gũkua mũrimũ wa gũkua mũrimũ wa gũkua mũrimũ wa gũkua mũrimũ wa gũkua mũrimũ wa gũkua mũrimũ wa gũkua mũrimũ wa gũkua mũrimũ wa gũkua mũrimũ wa gũkua mũrimũ wa gũkua mũrimũ wa gũkua mũrimũ wa gũkua mũrimũ wa gũkua mũrimũ wa gũkua mũrimũ wa gũkua mũrimũ wa gũkua mũrimũ wa gũkua mũrimũ wa gũkua mũrimũ wa gũkua mũrimũ wa gũkua mũrimũ,0.564608214,0.615136605,Misati,Hagia moko o mũthenya na ũitĩre mũrimũ wa gũkua mũrimũ wa gũkua mũrimũ wa gũkua mũrimũ wa gũkua mũrimũ wa gũkua mũrimũ wa gũkua mũrimũ wa gũkua mũrimũ wa gũkua mũrimũ wa gũkua mũrimũ wa gũkua mũrimũ wa gũkua mũrimũ wa gũkua mũrimũ wa gũkua mũrimũ wa gũkua mũrimũ wa gũkua mũrimũ wa gũkua mũrimũ wa gũkua mũrimũ wa gũkua mũrimũ wa gũkua mũrimũ wa gũkua mũrimũ wa gũkua mũrimũ wa gũkua mũrimũ wa gũkua mũrimũ wa gũkua mũrimũ wa gũkua mũrimũ wa gũkua mũrimũ wa gũkua mũrimũ wa gũkua mũrimũ wa gũkua mũrimũ wa gũkua mũrimũ wa gũkua mũrimũ,0.564608214,0.615136605,Cynthia,,
,Education,"Wash hands, stay safe! Use clean water to prevent cholera in schools.","Osha mikono, uwe salama! Tumia maji safi ili kuzuia kipindupindu shuleni.","Hĩa moko na ũikare ũrĩ na ũgitĩri, na ũhũthĩre maĩ matheru kũgirĩrĩria mũrimũ wa gũkua ng'ombe cukuru-inĩ.",0.633501119,0.5032353,Misati,"Hĩa moko na ũikare ũrĩ na ũgitĩri, na ũhũthĩre maĩ matheru kũgirĩrĩria mũrimũ wa gũkua ng'ombe cukuru-inĩ.",0.633501119,0.5032353,Cynthia,,
,Education,Welcome all! Enroll refugee students in local schools.,Karibu wote! Waandikishe wanafunzi wakimbizi katika shule za mitaa.,Nĩ ndamũgeithia inyuothe!,0.656988066,0.426575894,Misati,Nĩ ndamũgeithia inyuothe!,0.656988066,0.426575894,Cynthia,,
,Education,Welcome refugees! Enroll refugee children in local schools.,Karibu wakimbizi! Waandikishe watoto wakimbizi katika shule za mitaa.,Twakũgeithia andũ arĩa matorete!,0.732231233,0.304483175,Misati,Twakũgeithia andũ arĩa matorete!,0.732231233,0.304483175,Cynthia,,
,Education,Work and learn! Join vocational training at Kiambu Industrial Park.,Fanya kazi na ujifunze! Jiunge na mafunzo ya kitaaluma katika Kiambu Industrial Park.,Ruta wĩra na wĩrute!,0.700793083,0.465396739,Misati,Ruta wĩra na wĩrute!,0.700793083,0.465396739,Cynthia,,
,Education,"Work together! Communities, ensure safe school environments.","Kazi pamoja! Jumuiya, kuhakikisha mazingira salama ya shule.",Rekei tũrutithanie wĩra!,0.681525715,0.45981995,Misati,Rekei tũrutithanie wĩra!,0.681525715,0.45981995,Cynthia,,
,Education,You're not alone! Visit school counselors for support.,"Usikose peke yako, tembelea washauri wa shule ili upate msaada.","Ndũrĩ wiki, thiĩ kũrĩ athuri a cukuru nĩguo ũheo ũteithio.",0.526949688,0.444623106,Misati,"Ndũrĩ wiki, thiĩ kũrĩ athuri a cukuru nĩguo ũheo ũteithio.",0.526949688,0.444623106,Cynthia,,
,Education,Your vote counts! Learn about elections in school programs.,Soma kuhusu uchaguzi katika programu za shule.,Wĩrute ũhoro wa ithurano cia cukuru.,0.634917323,0.495054936,Misati,Wĩrute ũhoro wa ithurano cia cukuru.,0.634917323,0.495054936,Cynthia,,
,Education,Youth Agenda challenges youth to create civic tech solutions.,Agenda ya Vijana inawashambulia vijana kuunda suluhisho za teknolojia ya raia.,"Ũrĩa kũrĩ nĩ atĩ, andũ aingĩ nĩ matindanagĩra na ũrutani wa tekinoronjĩ.",0.535948883,0.296824193,Misati,"Ũrĩa kũrĩ nĩ atĩ, andũ aingĩ nĩ matindanagĩra na ũrutani wa tekinoronjĩ.",0.535948883,0.296824193,Cynthia,,
,Education,Youth voter registration drive: Visit your school for free ID processing.,Kuendesha gari la usajili wa wapiga kura vijana: Tembelea shule yako kwa ajili ya usindikaji wa kitambulisho bure.,Kũnyita mbaru andũ ethĩ arĩa mathuuraga: Thiĩ cukuru-inĩ yaku ũmenye ũmenyeru wa mũndũ hatarĩ marĩhi.,0.590681058,0.381848739,Misati,Kũnyita mbaru andũ ethĩ arĩa mathuuraga: Thiĩ cukuru-inĩ yaku ũmenye ũmenyeru wa mũndũ hatarĩ marĩhi.,0.590681058,0.381848739,Cynthia,,
,Health,"We are advising all health workers to ensure they are wearing masks and PPEs at all times.
Please take all the measures we have announced seriously.",Tunawashauri wafanyakazi wote wa afya kuhakikisha wanavaa masks na PPE wakati wote.,Tũkĩra aruti a wĩra othe a ũrigitani mone atĩ nĩ mekũhumba mahũtia na PPE mahinda mothe.,0.619387119,0.411737507,Misati,Tũkĩra aruti a wĩra othe a ũrigitani mone atĩ nĩ mekũhumba mahũtia na PPE mahinda mothe.,0.619387119,0.411737507,Cynthia,,
,Health,"We are advising members of the public to put on masks when getting into a matatu one is advised to put on a mask.
Local production of masks and PPEs has began",Tunawashauri watu waweke mask wakati wa kuingia kwenye matatu mtu anashauriwa kuvaa mask.,Nĩ tũraatha andũ maingĩ mehumbĩre mahũtia rĩrĩa maraingĩra matatu mũndũ nĩ araatha ahumbĩre mahũtia.,0.446618997,0.332337943,Misati,Nĩ tũraatha andũ maingĩ mehumbĩre mahũtia rĩrĩa maraingĩra matatu mũndũ nĩ araatha ahumbĩre mahũtia.,0.446618997,0.332337943,Cynthia,,
,Health,Alcohol and Smoking will increase the risks of having high blood pressure. While you STAY AT HOME reduce alcohol intake and smoking.,Kunywa pombe na kuvuta sigara kunaweza kuongeza hatari ya kupata shinikizo la damu.,Kũnyua njohi na kũnyua thigara no gũtũme mũndũ akorũo na mogarũrũku ma thakame maingĩ.,0.66134904,0.529841895,Misati,Kũnyua njohi na kũnyua thigara no gũtũme mũndũ akorũo na mogarũrũku ma thakame maingĩ.,0.66134904,0.529841895,Cynthia,,
,Health,"Health CS Mutahi Kagwe says total lockdown on the table if coronavirus cases escalate, urges Kenyans to limit social interactions.","CS wa Afya Mutahi Kagwe anasema kufungwa kabisa kwenye meza ikiwa visa vya coronavirus vinaongezeka, anawahimiza Wakenya kupunguza mwingiliano wa kijamii.","CS wa ugima wa mwiri Mutahi Kagwe augite thibitari ya kũhingia maũndũ nĩ ĩgakorwo ĩgĩteithia mũno angĩkorwo mũrimũ wa corona nĩ ũingĩha, na akĩra akenya kũgirĩrĩria mĩikaranĩrio ya andũ.",0.642965783,0.361904245,Misati,"CS wa ugima wa mwiri Mutahi Kagwe augite thibitari ya kũhingia maũndũ nĩ ĩgakorwo ĩgĩteithia mũno angĩkorwo mũrimũ wa corona nĩ ũingĩha, na akĩra akenya kũgirĩrĩria mĩikaranĩrio ya andũ.",0.642965783,0.361904245,Cynthia,,
,Health,"Key causes of TB include undernutrition, HIV, alcohol use disorders, smoking, and diabetes. Get the word out! We can eradicate TB together","Sababu kuu za kifua kikuu ni utapiamlo wa kutosha, VVU, matatizo ya kutumia kileo, kuvuta sigara, na ugonjwa wa kisukari.","Maũndũ marĩa matũmaga andũ manyamarĩke nĩ ta kwaga irio njega, HIV, kũnyua njohi, kũnyua thigara, na cukari.",0.687315854,0.59573444,Misati,"Maũndũ marĩa matũmaga andũ manyamarĩke nĩ ta kwaga irio njega, HIV, kũnyua njohi, kũnyua thigara, na cukari.",0.687315854,0.59573444,Cynthia,,
,Health,Coughing! Fever! Night sweats! Chest pains! Weight loss! You could have TB. Testing and treatment are free at all public hospitals!Get tested today!,Kuhofu! homa! kuchomwa usiku! maumivu ya kifua! kupoteza uzito! Unaweza kuwa na kifua kikuu. Uchunguzi na matibabu ni bure katika hospitali zote za umma!,Ũgũkũma! Ng'aragu! Ũgũkoma ũtukũ! Ngoro cia nda! Ũgũkora! Ũngĩa na thibitarĩ. Gũthiĩ thibitarĩ na ũrigitani nĩ gwa tũhũ thibitarĩ-inĩ ciothe cia mũingĩ!,0.602701505,0.377392073,Misati,Ũgũkũma! Ng'aragu! Ũgũkoma ũtukũ! Ngoro cia nda! Ũgũkora! Ũngĩa na thibitarĩ. Gũthiĩ thibitarĩ na ũrigitani nĩ gwa tũhũ thibitarĩ-inĩ ciothe cia mũingĩ!,0.602701505,0.377392073,Cynthia,,
,Health,"Key points to stop Mpox spread: Avoid close contact with individuals showing symptoms. Do not share personal items like towels, utensils, or clothing. Maintain good hygiene by washing hands frequently.","Mambo muhimu ya kuzuia kuenea kwa Mpox: Epuka kuwasiliana kwa karibu na watu walio na dalili. Epuka kugawanya vitu vya kibinafsi kama vile matandiko, vyombo, au nguo. Dumisha usafi wa kimwili kwa kuosha mikono mara nyingi.","Maũndũ marĩa mangĩgũteithia kũgirĩrĩria Mpox kũhunja: Wĩtheme gũikarania na andũ arĩa marĩ na marakara. Ndũgacigayanie indo ta tũtuali, indo cia kũruga, kana nguo.",0.640057522,0.45389639,Misati,"Maũndũ marĩa mangĩgũteithia kũgirĩrĩria Mpox kũhunja: Wĩtheme gũikarania na andũ arĩa marĩ na marakara. Ndũgacigayanie indo ta tũtuali, indo cia kũruga, kana nguo.",0.640057522,0.45389639,Cynthia,,
,Health,"Mpox symptoms include fever, rash, and swollen lymph nodes. Seek medical care immediately if you notice any of these.","Dalili za Mpox ni kama homa, kupasuka kwa ngozi, na kuvimba kwa tishu za lymph.","Maũndũ marĩa maronania atĩ nĩ ũrarwara Mpox nĩ ta kũhiũha, kũhiũha, na kũhuha kwa mĩhũmũ ya lymph nodes.",0.534795535,0.360441691,Misati,"Maũndũ marĩa maronania atĩ nĩ ũrarwara Mpox nĩ ta kũhiũha, kũhiũha, na kũhuha kwa mĩhũmũ ya lymph nodes.",0.534795535,0.360441691,Cynthia,,
,Health,I have invoked the public health act after it was declared a pandemic. Thoroughly wash hands and use alcohol based sanitizers. Keep 1-meter distance from a person who is sneezing or coughing. A person who is coughing or sneezing should stay at home and avoid crowds,Nimeitikia sheria ya afya ya umma baada ya kutangaza kuwa ni janga. Nawa mikono kwa makini na utumie dawa za kusafisha kwa kutumia pombe. Weka umbali wa mita moja kutoka kwa mtu anayepiga kelele au kuhofu. Mtu anayehofu au kuhofu anapaswa kukaa nyumbani na kuepuka umati,Nĩ ndetire watho wa ũrigitani wa andũ thutha wa ũtuĩria wa mũrimũ wa kũingĩha. Hũthia moko wega na ũhũthĩre indo cia gũtheria iria ciumanĩte na njohi. Gũtũũrania na mũndũ ũrĩ na ũraihu wa mita ĩmwe na mũndũ ũrĩa ũraruta kana kũhĩa. Mũndũ ũrĩa ũrĩ na ũraihu kana kũhĩa agĩrĩirũo gũikara mũciĩ na gwĩthema kĩrĩndĩ.,0.556320672,0.426134305,Misati,Nĩ ndetire watho wa ũrigitani wa andũ thutha wa ũtuĩria wa mũrimũ wa kũingĩha. Hũthia moko wega na ũhũthĩre indo cia gũtheria iria ciumanĩte na njohi. Gũtũũrania na mũndũ ũrĩ na ũraihu wa mita ĩmwe na mũndũ ũrĩa ũraruta kana kũhĩa. Mũndũ ũrĩa ũrĩ na ũraihu kana kũhĩa agĩrĩirũo gũikara mũciĩ na gwĩthema kĩrĩndĩ.,0.556320672,0.426134305,Cynthia,,
,Health,"If you fee unweel, have a cold, a cough or fever, please call 719 or text *719#","Ikiwa una homa, kikohozi au homa, tafadhali piga simu 719 au tuma ujumbe *719#","Ũngĩigua ũrakara, ũrarĩ na mũrimũ wa kũhiũha mwĩrĩ, kana ũrarĩ na ng'aragu, hũra thimũ kana ũtũme thimũ *719#",0.651477771,0.468833734,Misati,"Ũngĩigua ũrakara, ũrarĩ na mũrimũ wa kũhiũha mwĩrĩ, kana ũrarĩ na ng'aragu, hũra thimũ kana ũtũme thimũ *719#",0.651477771,0.468833734,Cynthia,,
,Health,Announcement encouraging daily consumption of five fruit/veg portions for wellness and disease prevention.,Tangazo la kutia moyo matumizi ya kila siku ya sehemu tano za matunda/vijani kwa ajili ya afya na kuzuia magonjwa.,Kũmenyithia atĩ nĩ kũrekererio kũhũthĩrũo irio ithano cia matunda na mĩmera ya mĩthemba mĩrongo ĩtano o mũthenya nĩguo andũ magĩe na ũgima mwega wa mwĩrĩ na magegania na mĩrimũ.,0.675919592,0.410062443,Misati,Kũmenyithia atĩ nĩ kũrekererio kũhũthĩrũo irio ithano cia matunda na mĩmera ya mĩthemba mĩrongo ĩtano o mũthenya nĩguo andũ magĩe na ũgima mwega wa mwĩrĩ na magegania na mĩrimũ.,0.675919592,0.410062443,Cynthia,,
,Health,"Kakamega County Government orders closure of all public mortuaries, Governor Oparanya advises residents to bury their dead immediately.","Serikali ya Kaunti ya Kakamega iliamuru kufungwa kwa makaburi yote ya umma, Gavana Oparanya aliwashauri wakazi wa makaburi yao wazikwe mara moja.","Thirikari ya Kaunti ya Kakamega nĩ ĩgwatĩte atĩ ciikaro ciothe cia mathiko cia mũingĩ cihingwo, na ngavana Oparanya akĩra aikari a bũrũri ũcio mathike arĩa makuĩte o narua.",0.637184197,0.474845399,Misati,"Thirikari ya Kaunti ya Kakamega nĩ ĩgwatĩte atĩ ciikaro ciothe cia mathiko cia mũingĩ cihingwo, na ngavana Oparanya akĩra aikari a bũrũri ũcio mathike arĩa makuĩte o narua.",0.637184197,0.474845399,Cynthia,,
,Health,Government orders Mama Mbogas to stop chopping vegetables for customers over COVID-19 fears,Serikali inaamuru Mama Mbogas kuacha kukata mboga kwa wateja kwa sababu ya hofu ya COVID-19,Thirikari nĩ ĩgwatĩte Mama Mbogas kũrũgamia kũgaacĩra mĩtĩ ya mĩtĩ nĩ ũndũ wa guoya wa COVID-19,0.693961555,0.426215631,Misati,Thirikari nĩ ĩgwatĩte Mama Mbogas kũrũgamia kũgaacĩra mĩtĩ ya mĩtĩ nĩ ũndũ wa guoya wa COVID-19,0.693961555,0.426215631,Cynthia,,
,Health,"Government now calls for wearing of masks, vaccination as Kenya faces 6th COVID-19 wave","Serikali sasa inataka kuvaa masks, chanjo wakati Kenya inakabiliwa na wimbi la sita la COVID-19","Thirikari rĩu nĩ ĩrabatara kwĩhumba mahũtia, kũhuthĩra andũ marũe marũe marũe marũe marũe marũe marũe marũe marũe marũe marũe marũe marũe marũe marũe marũe marũe marũe marũe marũe marũe marũe marũe marũe marũe marũe marũe marũe marũe marũe marũe marũe marũe marũe marũe marũe marũe marũe marũe marũe marũe marũe marũe marũe marũe marũe marũe marũe marũe marũe marũe marũe marũe marũe marũe marũe marũe marũe marũe marũ",0.674117433,0.568966979,Misati,"Thirikari rĩu nĩ ĩrabatara kwĩhumba mahũtia, kũhuthĩra andũ marũe marũe marũe marũe marũe marũe marũe marũe marũe marũe marũe marũe marũe marũe marũe marũe marũe marũe marũe marũe marũe marũe marũe marũe marũe marũe marũe marũe marũe marũe marũe marũe marũe marũe marũe marũe marũe marũe marũe marũe marũe marũe marũe marũe marũe marũe marũe marũe marũe marũe marũe marũe marũe marũe marũe marũe marũe marũe marũe marũ",0.674117433,0.568966979,Cynthia,,
,Health,"Over 80% of patients are asymptomatic and can be treated from home. MoH has completed process of home-based care protocols. I appeal to Kenyans, that when we release the protocols and we see people coming home, there is no need for stigmatization","Zaidi ya asilimia 80 ya wagonjwa hawana dalili na wanaweza kutibiwa nyumbani. Wizara ya afya imekamilisha mchakato wa itifaki za huduma za nyumbani. Ninawaomba Wakenya, kwamba tunapowaachia huru itifaki na kuona watu wakija nyumbani, hakuna haja ya kuathiriwa","Makĩria ma 80% ma arwaru nĩ matirĩ na marakara na no magerio kuuma kwao. MoH nĩ ĩhingirie mũtaratara wa kũrũmbũiya andũ mĩciĩ. Nĩ ngwĩta andũ a Kenya atĩ rĩrĩa tũkũruta marakara macio na tũkoona andũ magĩcoka kwao, gũtirĩ bata wa kũmenwo.",0.589097295,0.403801576,Misati,"Makĩria ma 80% ma arwaru nĩ matirĩ na marakara na no magerio kuuma kwao. MoH nĩ ĩhingirie mũtaratara wa kũrũmbũiya andũ mĩciĩ. Nĩ ngwĩta andũ a Kenya atĩ rĩrĩa tũkũruta marakara macio na tũkoona andũ magĩcoka kwao, gũtirĩ bata wa kũmenwo.",0.589097295,0.403801576,Cynthia,,
,Health,"Nairobi, Kajiado, Machakos, Kiambu  and Nakuru counties are individually and collectively declared a disease infected area. There shall be a cessation of movement by road, rail, air in to  and out of these areas effective midnight","Nairobi, Kajiado, Machakos, Kiambu na Nakuru counties ni binafsi na kwa pamoja kutangaza eneo maambukizo ya ugonjwa.","Nairobi, Kajiado, Machakos, Kiambu na Nakuru nĩ magwetetwo marĩ gĩcigo kĩarĩ na mũrimũ ũcio na nĩ magwetetwo marĩ hamwe.",0.621475347,0.454583003,Misati,"Nairobi, Kajiado, Machakos, Kiambu na Nakuru nĩ magwetetwo marĩ gĩcigo kĩarĩ na mũrimũ ũcio na nĩ magwetetwo marĩ hamwe.",0.621475347,0.454583003,Cynthia,,
,Health,"We encourage people to seek treatment at health care facilities once they experience any symptoms. When you seek treatment early, you protect yourself against severe malaria.",Tunatia moyo watu waende kutafuta matibabu katika vituo vya afya mara tu wanapopata dalili zozote.,Tũheaga andũ ngoro maroragĩre thibitari cia ũrigitani o rĩrĩa marĩ na marakara.,0.553514736,0.406405327,Misati,Tũheaga andũ ngoro maroragĩre thibitari cia ũrigitani o rĩrĩa marĩ na marakara.,0.553514736,0.406405327,Cynthia,,
,Health,"When we open up and talk about what is affecting our mental health, those issues become bearable. They become less distressing, less overwhelming and less worrying. Reach out to us on 1199 and we will be there for you.","Tunapofungua na kuzungumza juu ya kile kinachoathiri afya yetu ya akili, masuala hayo huwa yaweza kustahimiliwa.","Rĩrĩa tũkũhingũra ngoro na tũkarĩrĩria maũndũ marĩa marakumba ũgima witũ wa meciria, maũndũ macio nĩ matingĩhota kũrekererio, matingĩgũthumbũra mũno, na matingĩgũtanga.",0.551525051,0.358103296,Misati,"Rĩrĩa tũkũhingũra ngoro na tũkarĩrĩria maũndũ marĩa marakumba ũgima witũ wa meciria, maũndũ macio nĩ matingĩhota kũrekererio, matingĩgũthumbũra mũno, na matingĩgũtanga.",0.551525051,0.358103296,Cynthia,,
,Health,Connect with others and be part of positive relationships.Building positive associations with people is good for your mental well-being,Ungana na wengine na uwe sehemu ya uhusiano mzuri. Kujenga uhusiano mzuri na watu ni muhimu kwa afya yako ya akili,Kũgĩa na ũrata na andũ arĩa angĩ na gũkorũo na ũrata mwega nao nĩ kũrehaga ũgima mwega wa meciria,0.606147538,0.556741793,Misati,Kũgĩa na ũrata na andũ arĩa angĩ na gũkorũo na ũrata mwega nao nĩ kũrehaga ũgima mwega wa meciria,0.606147538,0.556741793,Cynthia,,
,Health,Its not unmanly to struggle.Check on the men in your life.,Si mbaya kwa wanaume kupigana. Angalia wanaume katika maisha yako.,Nĩ wega kũrũa na andũ. Rora andũ arĩa ũrĩ nao.,0.545434353,0.355735079,Misati,Nĩ wega kũrũa na andũ. Rora andũ arĩa ũrĩ nao.,0.545434353,0.355735079,Cynthia,,
,Health,"This World Mental Health Day, let's prioritize mental well-being at work! A supportive environment is key to a healthy workplace. Check in on your colleagues today!","Siku hii ya afya ya akili duniani, hebu tuweke kipaumbele ustawi wa akili kazini! Mazingira ya kusaidia ni muhimu kwa mahali pa kazi salama. Angalia wenzako leo!","Mũthenya ũyũ wa Ũgima wa Mwĩrĩ wa Thĩ, rekei tũtue ũgima wa meciria wa wĩra wa mbere! Rĩera rĩega nĩ rĩa bata harĩ kũgĩa na handũ ha wĩra hega. Rora wone ũrĩa andũ arĩa ũrutaga wĩra nao marutaga wĩra ũmũthĩ!",0.596194731,0.469050315,Misati,"Mũthenya ũyũ wa Ũgima wa Mwĩrĩ wa Thĩ, rekei tũtue ũgima wa meciria wa wĩra wa mbere! Rĩera rĩega nĩ rĩa bata harĩ kũgĩa na handũ ha wĩra hega. Rora wone ũrĩa andũ arĩa ũrutaga wĩra nao marutaga wĩra ũmũthĩ!",0.596194731,0.469050315,Cynthia,,
,Health,Mental well-being is essential for a productive and healthy workplace. Prioritize mental health just as you would physical health.,Afya ya akili ni muhimu ili uwe na mahali pa kazi pawezapo kuwa na matokeo na afya.,"Nĩ ũndũ wa gũkorũo na wĩra mwega na ũrĩ na ũgima wa mwĩrĩ, nĩ wagĩrĩire gũkorũo na ũgima wa meciria o ta ũrĩa ũngĩenda gũkorũo na ũgima wa mwĩrĩ.",0.49749102,0.550420451,Misati,"Nĩ ũndũ wa gũkorũo na wĩra mwega na ũrĩ na ũgima wa mwĩrĩ, nĩ wagĩrĩire gũkorũo na ũgima wa meciria o ta ũrĩa ũngĩenda gũkorũo na ũgima wa mwĩrĩ.",0.49749102,0.550420451,Cynthia,,
,Health,Talking about mental health breaks the stigma and helps others open up. Let's create a supportive environment for all.,Kuzungumza juu ya afya ya akili huvunja stigma na kuwasaidia wengine kufungua. Hebu tufanye mazingira ya kusaidia kwa wote.,Kũaria ũhoro wa ũgima wa mwĩrĩ nĩ kũhũũraga kĩeha na gũteithia arĩa angĩ meyumĩrie. Rekei tũrute mũthiũrũrũko wa kũnyita andũ othe mbaru.,0.635906112,0.480430622,Misati,Kũaria ũhoro wa ũgima wa mwĩrĩ nĩ kũhũũraga kĩeha na gũteithia arĩa angĩ meyumĩrie. Rekei tũrute mũthiũrũrũko wa kũnyita andũ othe mbaru.,0.635906112,0.480430622,Cynthia,,
,Health,"Religious leaders under World Council of Churches urge governments and donor countries to increase Global Fund support, to aid sustainable responses to HIV, tuberculosis, and malaria.","Viongozi wa kidini chini ya Baraza la Makanisa Ulimwenguni wanawahimiza serikali na nchi zinazotoa michango ziongeze msaada wa Mfuko wa Ulimwenguni, ili kusaidia kukabiliana na virusi vya UKIMWI, kifua kikuu, na malaria kwa muda mrefu.","Atongoria a ndini arĩa matongoretio nĩ Kanitha wa Thĩ nĩ mekagĩra thirikari na mabũrũri marĩa marutaga ũteithio ngoro wongerere ũteithio wa Mũhothi wa Thĩ, nĩguo ũteithie kũhiũrania na mũrimũ wa HIV, ũrimũ wa ndwari, na malaria.",0.712287059,0.547739522,Misati,"Atongoria a ndini arĩa matongoretio nĩ Kanitha wa Thĩ nĩ mekagĩra thirikari na mabũrũri marĩa marutaga ũteithio ngoro wongerere ũteithio wa Mũhothi wa Thĩ, nĩguo ũteithie kũhiũrania na mũrimũ wa HIV, ũrimũ wa ndwari, na malaria.",0.712287059,0.547739522,Cynthia,,
,Health,"Kenya confirms two new Mpox cases in Kericho and Taita Taveta counties, raising total to 33; Health Ministry urges schools to enhance safety measures to curb spread.","Kenya imethibitisha visa viwili vipya vya Mpox katika wilaya za Kericho na Taita Taveta, na kuongeza jumla hadi 33; Wizara ya Afya inawasihi shule kuongeza hatua za usalama kuzuia kuenea.","Kenya nĩ ĩmenyithanagia atĩ nĩ kũrĩ andũ erĩ marakĩrwo nĩ Mpox kaunti-inĩ cia Kericho na Taita Taveta, na ũndũ ũcio ũgĩtigĩrĩria mũigana wa andũ 33 arĩa marĩ mũrimũ ũcio.",0.676326049,0.434105709,Misati,"Kenya nĩ ĩmenyithanagia atĩ nĩ kũrĩ andũ erĩ marakĩrwo nĩ Mpox kaunti-inĩ cia Kericho na Taita Taveta, na ũndũ ũcio ũgĩtigĩrĩria mũigana wa andũ 33 arĩa marĩ mũrimũ ũcio.",0.676326049,0.434105709,Cynthia,,
,Health,"Kenya's Ministry of Health has urged citizens to strictly adhere to mpox preventive measures as the number of cases continues to rise, with children being particularly vulnerable.","Wizara ya Afya ya Kenya imewahimiza raia kufuata madaraka ya kuzuia mpox kwa kuwa idadi ya visa inaendelea kuongezeka, na watoto ni hatari sana.","Ministry ya Ũrigitani ya Kenya nĩ ĩringithĩrĩirie andũ kũhingia biũ mĩbango ya kũgirĩrĩria mpox tondũ mũigana wa andũ arĩa marĩ mũrimũ ũyũ nĩ ũrathiĩ na mbere kwongerereka, na ciana nĩ ikoragwo irĩ na ũgwati mũingĩ.",0.550956763,0.477463012,Misati,"Ministry ya Ũrigitani ya Kenya nĩ ĩringithĩrĩirie andũ kũhingia biũ mĩbango ya kũgirĩrĩria mpox tondũ mũigana wa andũ arĩa marĩ mũrimũ ũyũ nĩ ũrathiĩ na mbere kwongerereka, na ciana nĩ ikoragwo irĩ na ũgwati mũingĩ.",0.550956763,0.477463012,Cynthia,,
,Health,Government calls for wearing of masks as country battles 6th Covid-19 wave,Serikali yaomba kuvaa masks wakati nchi inapigana na wimbi la sita la Covid-19,Thirikari kuuga andũ mahũthĩre mahũtia ma kwĩhumba mĩtwe nĩ ũndũ wa mbaara ya ikũmi na ĩmwe ya Covid-19,0.523118492,0.355816449,Misati,Thirikari kuuga andũ mahũthĩre mahũtia ma kwĩhumba mĩtwe nĩ ũndũ wa mbaara ya ikũmi na ĩmwe ya Covid-19,0.523118492,0.355816449,Cynthia,,
,Health,"Your health is our priority! No one should face TB alone. Get tested early and access FREE treatment at your nearest public health facility.
Together, we can end TB in Kenya!","Afya yako ni kipaumbele chetu! Hakuna mtu anayepaswa kukabiliana na kifua kikuu peke yake. Fanya uchunguzi mapema na upate matibabu ya BURE katika kituo chako cha afya ya umma. Pamoja, tunaweza kumaliza kifua kikuu nchini Kenya!","Ũhoro wa kũhingia ũrigitani nĩ atĩ, mũndũ no ahote kũhingia ũrigitani wake arĩ wiki, na nĩ ũndũ ũcio no mũhaka ahingie ũrigitani wake arĩ hakuhĩ na mũciĩ wake.",0.694851238,0.282713094,Misati,"Ũhoro wa kũhingia ũrigitani nĩ atĩ, mũndũ no ahote kũhingia ũrigitani wake arĩ wiki, na nĩ ũndũ ũcio no mũhaka ahingie ũrigitani wake arĩ hakuhĩ na mũciĩ wake.",0.694851238,0.282713094,Cynthia,,
,Health,"By recognizing the humanity of individuals with mental illnesses, we can cultivate a more compassionate and understanding society.
If you or someone you know needs psychosocial support, please don't hesitate to reach out to us at our toll-free number, 1199","Kwa kutambua ubinadamu wa watu wenye magonjwa ya akili, tunaweza kukuza jamii yenye huruma zaidi na kuelewa. Ikiwa wewe au mtu unayemjua anahitaji msaada wa kisaikolojia, tafadhali usisite kuwasiliana nasi kwa nambari yetu ya bure, 1199","Kũmenya ũmenyo wa andũ arĩa marĩ na mĩrimũ ya meciria no gũtũteithie kũgĩa na andũ marĩ na tha na mataũkĩrũo nĩ maũndũ. Angĩkorũo wee kana mũndũ ũngĩ ũmenyaga nĩ arabatara ũteithio wa kĩĩmwĩrĩ, ndaga kũngĩaga na nganja gũtũhũrĩra thimũ ya tũhũ ya 1199",0.77762144,0.500236664,Misati,"Kũmenya ũmenyo wa andũ arĩa marĩ na mĩrimũ ya meciria no gũtũteithie kũgĩa na andũ marĩ na tha na mataũkĩrũo nĩ maũndũ. Angĩkorũo wee kana mũndũ ũngĩ ũmenyaga nĩ arabatara ũteithio wa kĩĩmwĩrĩ, ndaga kũngĩaga na nganja gũtũhũrĩra thimũ ya tũhũ ya 1199",0.77762144,0.500236664,Cynthia,,
,Health,"Take a journal and note down how your days are and how you're feeling.

Examine your thoughts written over time and soon they become clearer and hidden thoughts and feelings come to the surface to bring a more complete light to the situation.",Chunguza mawazo yako yaliyoandikwa kwa muda na upesi yatakuwa wazi zaidi na mawazo na hisia zilizofichwa zitakuja kwenye uso ili kuleta nuru kamili zaidi ya hali hiyo.,"Wĩrute ũrĩa wĩiguaga na ũrĩa ũrathiĩ na mbere gũcũthĩrĩria, na ũcũthĩrĩrie ũrĩa wĩiguaga na ũrĩa ũrathiĩ na mbere gũcũthĩrĩria, na thutha wa kahinda kanini nĩ ũgaacĩra, na ciĩranĩro na meciria marĩa mahithĩtwo magatuĩka ma bata mũno harĩ mũndũ.",0.589507193,0.391002748,Misati,"Wĩrute ũrĩa wĩiguaga na ũrĩa ũrathiĩ na mbere gũcũthĩrĩria, na ũcũthĩrĩrie ũrĩa wĩiguaga na ũrĩa ũrathiĩ na mbere gũcũthĩrĩria, na thutha wa kahinda kanini nĩ ũgaacĩra, na ciĩranĩro na meciria marĩa mahithĩtwo magatuĩka ma bata mũno harĩ mũndũ.",0.589507193,0.391002748,Cynthia,,
,Health,"Take a deep breath and relax. Listen to your body. If you're really tired, give yourself time to sleep. Without good sleep, our mental health suffers and our concentration goes downhill. Sometimes the world can wait.","Chukua pumzi ya kina na kupumzika. Sikiliza mwili wako. Kama wewe ni kweli uchovu, kutoa mwenyewe muda wa kulala. bila usingizi mzuri, afya yetu ya akili huzuni na umakini wetu kwenda chini. Wakati mwingine dunia inaweza kusubiri.","Ũkĩhũmũka na ũhurũke. Thikĩrĩria mwĩrĩ waku. Ũngĩkorũo nĩ ũnogete mũno, wĩhe mahinda ma gũkoma. Ũtarĩ na toro mwega, ũgima witũ wa meciria nĩ ũnyamarĩkaga na ũigananĩrie witũ nĩ ũnyihĩkaga. Rĩmwe na rĩmwe thĩ no ĩtegũtigĩrĩra.",0.653002622,0.482360218,Misati,"Ũkĩhũmũka na ũhurũke. Thikĩrĩria mwĩrĩ waku. Ũngĩkorũo nĩ ũnogete mũno, wĩhe mahinda ma gũkoma. Ũtarĩ na toro mwega, ũgima witũ wa meciria nĩ ũnyamarĩkaga na ũigananĩrie witũ nĩ ũnyihĩkaga. Rĩmwe na rĩmwe thĩ no ĩtegũtigĩrĩra.",0.653002622,0.482360218,Cynthia,,
,Health,Responding to mental health issues for people with disabilities is critical.Do you know someone who would need someone to talk to?SMS support to 20767 to get access to a counsellor.,"Kujibu matatizo ya afya ya akili kwa watu wenye ulemavu ni muhimu.Je, unajua mtu ambaye anahitaji mtu wa kuzungumza naye?SMS msaada kwa 20767 kupata huduma ya mshauri.",Kũmenyithia andũ arĩa marĩ na mawathe ũhoro wa mathĩna ma mwĩrĩ nĩ ũndũ wa bata mũno.Ũĩ mũndũ ũngĩenda mũndũ wa kwaranĩria nake?Tũmĩra ũteithio wa SMS kũrĩ 20767 nĩguo ũhote kũgĩa na ũtaaro.,0.707748691,0.490875557,Misati,Kũmenyithia andũ arĩa marĩ na mawathe ũhoro wa mathĩna ma mwĩrĩ nĩ ũndũ wa bata mũno.Ũĩ mũndũ ũngĩenda mũndũ wa kwaranĩria nake?Tũmĩra ũteithio wa SMS kũrĩ 20767 nĩguo ũhote kũgĩa na ũtaaro.,0.707748691,0.490875557,Cynthia,,
,Health,Healthy minds create healthy workplaces. Let's foster environments that prioritize mental health and support employees' well-being,Akili yenye afya huunda mahali pa kazi pa afya. Hebu tuendeleza mazingira ambayo huweka afya ya akili kipaumbele na kusaidia ustawi wa wafanyikazi,Nĩ tũkũria mĩikaro ĩrĩa ĩgĩteithia andũ kũgĩa na ũgima wa mwĩrĩ na kũnyita mbaru ũgima wa athuri na arĩa angĩ.,0.597422343,0.338781351,Misati,Nĩ tũkũria mĩikaro ĩrĩa ĩgĩteithia andũ kũgĩa na ũgima wa mwĩrĩ na kũnyita mbaru ũgima wa athuri na arĩa angĩ.,0.597422343,0.338781351,Cynthia,,
,Health,Set boundaries and fuel your mind with positive vibes,Weka mipaka na uchochee akili yako kuwa na hisia nzuri,Ĩgĩra mĩhaka na ũhe meciria maku maũndũ mega,0.580789262,0.355567225,Misati,Ĩgĩra mĩhaka na ũhe meciria maku maũndũ mega,0.580789262,0.355567225,Cynthia,,
,Health,"Feeling low? Reaching for alcohol won't lift you up ' it's a depressant that can make things worse.

Choose real healing: talk to a counselor, join a support group, or reach out for help.","Kujihisi umeshuka moyo? Kuvuta kileo hakutakuinua - ni dawa ya kushuka moyo ambayo inaweza kufanya mambo kuwa mabaya zaidi. Chagua uponyaji halisi: zungumza na mshauri, jiunge na kikundi cha msaada, au utafute msaada.","Gũthiĩ na mbere kũhũthĩra njohi gũgũtũme ũiganĩre, nĩ ũndũ nĩ kũngĩtũma maũndũ mathũkie. Thuura ũrigitani wa ma: warie na mũndũ ũkũrũnga maũndũ, wĩthomere gĩkundi kĩa andũ, kana ũcarie ũteithio.",0.58560536,0.381324207,Misati,"Gũthiĩ na mbere kũhũthĩra njohi gũgũtũme ũiganĩre, nĩ ũndũ nĩ kũngĩtũma maũndũ mathũkie. Thuura ũrigitani wa ma: warie na mũndũ ũkũrũnga maũndũ, wĩthomere gĩkundi kĩa andũ, kana ũcarie ũteithio.",0.58560536,0.381324207,Cynthia,,
,Health,Consider therapy or counseling. A mental health professional can provide strategies to cope with stigma and help you develop a positive self-image,Mtaalamu wa afya ya akili anaweza kukupa mashauri ya jinsi ya kukabiliana na hali hiyo na kukusaidia kuwa na maoni yanayofaa kuhusu wewe mwenyewe,Mũrori wa maũndũ ma ũgima wa meciria no akũhe ũtaaro ũrĩa ũngĩhiũrania na maũndũ marĩa mangĩtũma ũkorũo na mawoni moru na agũteithie gũkorũo na mawoni mega megiĩ ũrĩa ũtagĩrĩire,0.569337765,0.431836162,Misati,Mũrori wa maũndũ ma ũgima wa meciria no akũhe ũtaaro ũrĩa ũngĩhiũrania na maũndũ marĩa mangĩtũma ũkorũo na mawoni moru na agũteithie gũkorũo na mawoni mega megiĩ ũrĩa ũtagĩrĩire,0.569337765,0.431836162,Cynthia,,
,Health,Understanding mental health issues can empower you to challenge misconceptions. Share accurate information with friends and family to promote awareness and reduce stigma,Kuelewa matatizo ya afya ya akili kunaweza kukupa nguvu za kukabiliana na maoni yasiyofaa.,Kũmenya mathĩna ma mwĩrĩ no gũgũteithie kũhiũrania na mawoni marĩa matarĩ ma ma Bibilia.,0.653050438,0.562863824,Misati,Kũmenya mathĩna ma mwĩrĩ no gũgũteithie kũhiũrania na mawoni marĩa matarĩ ma ma Bibilia.,0.653050438,0.562863824,Cynthia,,
,Health,Engage in activities that promote mental health awareness and advocacy. This can help create a sense of belonging and purpose.,Kujihusisha katika shughuli zinazoendeleza ufahamu na utetezi wa afya ya akili.,Gwĩka maũndũ marĩa marateithia andũ kũmenya ũhoro wa ũgima wa meciria na kũrũĩrĩra maũndũ macio no kũmatũme mone atĩ nĩ marĩ bata na marĩ na muoroto.,0.605823111,0.369003611,Misati,Gwĩka maũndũ marĩa marateithia andũ kũmenya ũhoro wa ũgima wa meciria na kũrũĩrĩra maũndũ macio no kũmatũme mone atĩ nĩ marĩ bata na marĩ na muoroto.,0.605823111,0.369003611,Cynthia,,
,Health,Ensure there are confidential channels for employees to seek mental health support without fear of retaliation or judgment,Hakikisha kuna njia za siri kwa wafanyakazi kutafuta msaada wa afya ya akili bila hofu ya kisasi au hukumu,Kũmenyeria atĩ nĩ kũrĩ njĩra cia hitho cia kũheana ũteithio wa ũgima wa meciria kũrĩ aruti a wĩra matarĩ na guoya wa gũcokererio kana gũtuĩrũo ciira,0.690971025,0.518693465,Misati,Kũmenyeria atĩ nĩ kũrĩ njĩra cia hitho cia kũheana ũteithio wa ũgima wa meciria kũrĩ aruti a wĩra matarĩ na guoya wa gũcokererio kana gũtuĩrũo ciira,0.690971025,0.518693465,Cynthia,,
,Health,"Make sure employees are aware of resources available to them, such as Employee Assistance Programs (EAPs), mental health hotlines, or counseling services","Hakikisha wafanyakazi wanajua rasilimali zinazopatikana kwao, kama vile Programu za Msaada wa Wafanyakazi (EAPs), simu za afya ya akili, au huduma za ushauri","Nĩguo ũmenye atĩ andũ arĩa marutaga wĩra nĩ mamenyaga ũhoro wa indo iria irĩ ho, ta Programu cia Ũteithio wa Aruti a Wĩra (EAP), thimũ cia kũhonokia andũ arĩa marĩ na mathĩna ma mwĩrĩ, kana maũndũ ma ũtaaro",0.717672584,0.447704122,Misati,"Nĩguo ũmenye atĩ andũ arĩa marutaga wĩra nĩ mamenyaga ũhoro wa indo iria irĩ ho, ta Programu cia Ũteithio wa Aruti a Wĩra (EAP), thimũ cia kũhonokia andũ arĩa marĩ na mathĩna ma mwĩrĩ, kana maũndũ ma ũtaaro",0.717672584,0.447704122,Cynthia,,
,Health,"Develop routines for nutrition, exercise, and sleep. This promotes physical and mental health, contributing to a balanced lifestyle.","Kufanya mazoezi, kula chakula, na kulala kunaweza kukuza afya yako ya kimwili na ya kiakili na hivyo kuimarisha maisha yako.","Gĩa na mĩtugo mĩega ya kũrĩa irio, kwĩhema, na gũkoma.",0.444676668,0.461124365,Misati,"Gĩa na mĩtugo mĩega ya kũrĩa irio, kwĩhema, na gũkoma.",0.444676668,0.461124365,Cynthia,,
,Health,Expectant mothers are urged to start antenatal care visits during the first trimester of pregnancy to monitor both mother and baby's health. Early check-ups help identify risks and ensure safe delivery.,Wanawake wanaotarajiwa wanahimizwa waanze ziara za utunzaji wa kabla ya kuzaliwa wakati wa miezi mitatu ya kwanza ya ujauzito ili kufuatilia afya ya mama na mtoto.,Aciari arĩa magatuĩka ciana nĩ mekĩragwo ngoro mambĩrĩrie gũceerera ciana mbere ya gũciarũo hĩndĩ ya ihinda rĩa maita matatũ ma nda nĩguo maroragie ũgima wa mwĩrĩ wa nyina na wa mwana.,0.623483692,0.45032795,Misati,Aciari arĩa magatuĩka ciana nĩ mekĩragwo ngoro mambĩrĩrie gũceerera ciana mbere ya gũciarũo hĩndĩ ya ihinda rĩa maita matatũ ma nda nĩguo maroragie ũgima wa mwĩrĩ wa nyina na wa mwana.,0.623483692,0.45032795,Cynthia,,
,Health,Health centers are offering free iron and folic acid supplements to all pregnant women to prevent anemia and birth defects. Visit your nearest facility today.,Vituo vya afya vinatoa virutubisho vya bure vya chuma na asidi foliki kwa wanawake wote wajawazito ili kuzuia upungufu wa damu na kasoro za kuzaliwa.,Ciũngano cia ũrigitani nĩ iratwarĩra atumia othe arĩa marĩ na nda irio cia cuma na cia folic acid hatarĩ marĩhi nĩguo mage gũtigana na kwaga thakame wega na gũtigana na mĩrimũ ya gũciara.,0.713894954,0.441761016,Misati,Ciũngano cia ũrigitani nĩ iratwarĩra atumia othe arĩa marĩ na nda irio cia cuma na cia folic acid hatarĩ marĩhi nĩguo mage gũtigana na kwaga thakame wega na gũtigana na mĩrimũ ya gũciara.,0.713894954,0.441761016,Cynthia,,
,Health,Mothers are advised to exclusively breastfeed their babies for the first six months without giving water or food. Breastmilk provides all the nutrients and protection a baby needs.,Mama hupendekezwa kumnyonyesha mtoto wao kwa njia ya pekee kwa miezi sita ya kwanza bila kumpa maji au chakula.,"Maitũ nĩ moigĩrĩtwo atĩ maaheage ciana ciao iria ciarĩ na nda ihinda rĩa mĩeri ĩtandatũ ya mbere, hatarĩ irio kana maaĩ.",0.567048249,0.417357099,Misati,"Maitũ nĩ moigĩrĩtwo atĩ maaheage ciana ciao iria ciarĩ na nda ihinda rĩa mĩeri ĩtandatũ ya mbere, hatarĩ irio kana maaĩ.",0.567048249,0.417357099,Cynthia,,
,Health,"All pregnant women are encouraged to create a birth preparedness plan including identifying a health facility, arranging transport, and saving funds.","Wanawake wote wajawazito wanatiwa moyo wafanye mpango wa kujiandaa kwa ajili ya kuzaa, kutia ndani kutambua kituo cha afya, kupanga usafiri, na kuokoa fedha.","Atumia othe arĩa marĩ na nda nĩ mekĩragwo ngoro meyumĩrie ũndũ wa kũhaarĩria kũgĩa mwana, na njĩra ĩyo magĩe na handũ ha gũikara, magacoke metereire maũndũ ma gũkuua, na magacoke metigĩre mbeca.",0.639894793,0.375322455,Misati,"Atumia othe arĩa marĩ na nda nĩ mekĩragwo ngoro meyumĩrie ũndũ wa kũhaarĩria kũgĩa mwana, na njĩra ĩyo magĩe na handũ ha gũikara, magacoke metereire maũndũ ma gũkuua, na magacoke metigĩre mbeca.",0.639894793,0.375322455,Cynthia,,
,Health,"Caregivers should follow the national immunization schedule to protect children against deadly diseases such as measles, polio, and tuberculosis.","Walezi wanapaswa kufuata ratiba ya taifa ya chanjo ili kuwalinda watoto kutokana na magonjwa hatari kama vile kuharisha, polio, na kifua kikuu.","Arĩa marera ciana ciao magĩrĩirũo kũrũmĩrĩra mũtaratara wa thigara wa bũrũri nĩ getha ciana ciũre kuuma kũrĩ mĩrimũ ĩtarĩ mĩega ta mũrimũ wa mũrimũ wa kũhũũra mwĩrĩ, ũrũaru wa nda, na ũrimũ wa ndwari.",0.656822156,0.414782234,Misati,"Arĩa marera ciana ciao magĩrĩirũo kũrũmĩrĩra mũtaratara wa thigara wa bũrũri nĩ getha ciana ciũre kuuma kũrĩ mĩrimũ ĩtarĩ mĩega ta mũrimũ wa mũrimũ wa kũhũũra mwĩrĩ, ũrũaru wa nda, na ũrimũ wa ndwari.",0.656822156,0.414782234,Cynthia,,
,Health,"For low birth weight babies, Kangaroo Mother Care ' skin-to-skin contact ' is recommended to regulate body temperature, improve breastfeeding, and boost survival.","Kwa watoto waliozaliwa wakiwa na uzito mdogo, 'Kangaroo Mother Care' - kuwasiliana ngozi kwa ngozi' - inapendekezwa ili kudhibiti joto la mwili, kuboresha kunyonyesha, na kuongeza uhai.","Kwa ciana iria ciciarĩtwo irĩ na ũritũ mũnini, kambũ ya kũmenyeria andũ arĩa angĩ nĩ ĩgĩtĩkĩrĩka kũmenyeria arĩa angĩ 'nĩguo kũmenyeria arĩa angĩ, na kũmatongoria kũgĩa na hinya wa mwĩrĩ, na kũmatongoria kũgĩa na hinya wa kũgĩa na hinya wa kũgĩa na hinya wa mwĩrĩ.",0.63938199,0.346758487,Misati,"Kwa ciana iria ciciarĩtwo irĩ na ũritũ mũnini, kambũ ya kũmenyeria andũ arĩa angĩ nĩ ĩgĩtĩkĩrĩka kũmenyeria arĩa angĩ 'nĩguo kũmenyeria arĩa angĩ, na kũmatongoria kũgĩa na hinya wa mwĩrĩ, na kũmatongoria kũgĩa na hinya wa kũgĩa na hinya wa kũgĩa na hinya wa mwĩrĩ.",0.63938199,0.346758487,Cynthia,,
,Health,"Pregnant women should seek immediate care if they experience severe headaches, swelling, blurred vision, or bleeding. These may be signs of serious complications.","Wanawake wajawazito wanapaswa kutafuta matibabu mara moja ikiwa wana maumivu makali ya kichwa, uvimbe, maono yasiyo wazi, au kutokwa damu.","Atumia arĩa marĩ na nda magĩrĩirũo kũhoya ũteithio o rĩu mangĩigua ruo rwa mũtwe, kũhuha, kuona na gũkua thakame, na mangĩigua ta marĩ na mathĩna manene.",0.666361619,0.438942859,Misati,"Atumia arĩa marĩ na nda magĩrĩirũo kũhoya ũteithio o rĩu mangĩigua ruo rwa mũtwe, kũhuha, kuona na gũkua thakame, na mangĩigua ta marĩ na mathĩna manene.",0.666361619,0.438942859,Cynthia,,
,Health,Mothers and newborns should attend postnatal check-ups within 48 hours after birth to detect any complications and promote healthy recovery.,Mama na watoto wapya wanapaswa kuhudhuria uchunguzi wa baada ya kuzaliwa ndani ya saa 48 baada ya kuzaliwa ili kugundua matatizo yoyote na kuendeleza kupona kwa afya.,Maitũ na ciana iria ciciarĩtwo nĩ igĩrĩirũo gũthiĩ thigari cia gũthuthuria ciana thutha wa gũciarũo mathaa 48 thutha wa gũciarũo nĩguo cione mathĩna mothe na ciongerere ũhonokio mwega.,0.723239126,0.446372654,Misati,Maitũ na ciana iria ciciarĩtwo nĩ igĩrĩirũo gũthiĩ thigari cia gũthuthuria ciana thutha wa gũciarũo mathaa 48 thutha wa gũciarũo nĩguo cione mathĩna mothe na ciongerere ũhonokio mwega.,0.723239126,0.446372654,Cynthia,,
,Health,"Pregnant women are encouraged to sleep under insecticide-treated nets and take preventive medication to avoid malaria, which poses risks to both mother and baby.","Wanawake wajawazito wanatiwa moyo kulala chini ya mitaro iliyotiwa dawa za kuua wadudu na kuchukua dawa za kuzuia malaria, ambayo ni hatari kwa mama na mtoto.","Atumia arĩa marĩ na nda nĩ mekĩragwo ngoro makome rungu rwa neti iria ciũragwo na ndawa cia kũhũũnia, na magĩe na ndawa cia kũgirĩrĩria malaria, iria ĩkoragwo ĩrĩ mogwati harĩ nyina na mwana.",0.623377587,0.448243981,Misati,"Atumia arĩa marĩ na nda nĩ mekĩragwo ngoro makome rungu rwa neti iria ciũragwo na ndawa cia kũhũũnia, na magĩe na ndawa cia kũgirĩrĩria malaria, iria ĩkoragwo ĩrĩ mogwati harĩ nyina na mwana.",0.623377587,0.448243981,Cynthia,,
,Health,Men are encouraged to accompany their partners to antenatal clinics and support them during pregnancy and after childbirth. Male involvement improves outcomes.,Wanaume wanahimizwa waandamani wao kwenda kwenye kliniki za kabla ya kuzaa na kuwasaidia wakati wa ujauzito na baada ya kujifungua.,Athuri nĩ mekĩragwo ngoro marũmĩrĩre atumia ao thĩinĩ wa kambĩ cia kũheana ciana mbere ya gũciara na mamateithie hĩndĩ ya nda na thutha wa gũciara.,0.626235269,0.520926724,Misati,Athuri nĩ mekĩragwo ngoro marũmĩrĩre atumia ao thĩinĩ wa kambĩ cia kũheana ciana mbere ya gũciara na mamateithie hĩndĩ ya nda na thutha wa gũciara.,0.626235269,0.520926724,Cynthia,,
,Health,"Pregnant women should consume a balanced diet rich in iron, protein, and vitamins to support fetal development and maternal health.","Wanawake wajawazito wanapaswa kula chakula chenye usawaziko chenye chuma, protini, na vitamini ili kusaidia ukuzi wa kijusi na afya ya mama.","Atumia arĩa marĩ na nda nĩ magĩrĩirũo kũgĩa na irio njega cia kũrĩa iria irĩ na ithingi nyingĩ cia kĩgera, protein, na vitamini nĩguo ciongerereke mwana na ciongerereke ũgima wa mwĩrĩ wa nyina.",0.71146217,0.463773133,Misati,"Atumia arĩa marĩ na nda nĩ magĩrĩirũo kũgĩa na irio njega cia kũrĩa iria irĩ na ithingi nyingĩ cia kĩgera, protein, na vitamini nĩguo ciongerereke mwana na ciongerereke ũgima wa mwĩrĩ wa nyina.",0.71146217,0.463773133,Cynthia,,
,Health,Children aged 1 to 5 should be dewormed every six months to prevent worm infections that can lead to malnutrition and stunted growth.,Watoto wenye umri wa miaka 1 hadi 5 wanapaswa kuondolewa wadudu kila baada ya miezi sita ili kuzuia maambukizo ya wadudu yanayoweza kusababisha utapiamlo na kukosekana kwa ukuzi.,Ciana cia mĩaka 1 nginya 5 nĩ igĩrĩirũo kũhonio mĩrimũ o mweri ta ĩtandatũ nĩguo ciĩgirĩrĩrie mĩrimũ ya mĩrimũ ĩrĩa ĩngĩtũma ciĩhe irio itarĩ njega na ciĩgirĩke.,0.676481178,0.389534391,Misati,Ciana cia mĩaka 1 nginya 5 nĩ igĩrĩirũo kũhonio mĩrimũ o mweri ta ĩtandatũ nĩguo ciĩgirĩrĩrie mĩrimũ ya mĩrimũ ĩrĩa ĩngĩtũma ciĩhe irio itarĩ njega na ciĩgirĩke.,0.676481178,0.389534391,Cynthia,,
,Health,Caregivers are advised to keep the umbilical cord clean and dry. Do not apply substances like ash or herbs as they may cause infections.,Watunzaji wanashauriwa waendelee na kamba ya pua kuwa safi na kavu.,Arĩa marera arĩa angĩ nĩ maraheo ũtaaro wa kũiga mũtaratara wa mbĩrĩra ũrĩ mũtheru na ũrĩ na ũhurũko.,0.445982781,0.355537033,Misati,Arĩa marera arĩa angĩ nĩ maraheo ũtaaro wa kũiga mũtaratara wa mbĩrĩra ũrĩ mũtheru na ũrĩ na ũhurũko.,0.445982781,0.355537033,Cynthia,,
,Health,"Communities should educate and support adolescents to avoid early pregnancies through life skills, counseling, and access to reproductive health services.","Jumuiya zinapaswa kuwaelimisha na kuwasaidia vijana kuepuka mimba za mapema kupitia ujuzi wa maisha, ushauri, na upatikanaji wa huduma za afya ya uzazi.","Andũ a mĩciĩ ĩyo magĩrĩirũo kũmenyeria na kũmatongoria nĩguo matikae kũgĩa nda ihinda-inĩ rĩa mbere, kũgerera ũmenyo wa ũtũũro, ũtaaro, na kũgĩa na ũhoti wa kũgĩa ciana.",0.684382392,0.447053634,Misati,"Andũ a mĩciĩ ĩyo magĩrĩirũo kũmenyeria na kũmatongoria nĩguo matikae kũgĩa nda ihinda-inĩ rĩa mbere, kũgerera ũmenyo wa ũtũũro, ũtaaro, na kũgĩa na ũhoti wa kũgĩa ciana.",0.684382392,0.447053634,Cynthia,,
,Health,Children under five should receive vitamin A drops every six months to boost immunity and reduce child mortality.,Watoto walio chini ya miaka mitano wanapaswa kupokea matone ya vitamini A kila baada ya miezi sita ili kuongeza kinga na kupunguza vifo vya watoto.,Ciana iria itarĩ na mĩaka ĩtano nĩ ciagĩrĩirũo kũheo ndawa cia gũitĩrĩra cia vitamin A o mĩeri ĩtandatũ nĩguo ciongerere ũgitĩri na ciongerere gĩkuũ kĩa ciana.,0.774608888,0.512603051,Misati,Ciana iria itarĩ na mĩaka ĩtano nĩ ciagĩrĩirũo kũheo ndawa cia gũitĩrĩra cia vitamin A o mĩeri ĩtandatũ nĩguo ciongerere ũgitĩri na ciongerere gĩkuũ kĩa ciana.,0.774608888,0.512603051,Cynthia,,
,Health,Some cultural practices during pregnancy and childbirth may endanger lives. Communities are urged to adopt evidence-based health practices.,Baadhi ya mazoea ya kitamaduni wakati wa ujauzito na kujifungua yanaweza kuhatarisha uhai.,Maũndũ mamwe marĩa andũ mekaga hĩndĩ ya nda na hĩndĩ ya gũciara no mathũkie muoyo wa andũ.,0.740870019,0.499359127,Misati,Maũndũ mamwe marĩa andũ mekaga hĩndĩ ya nda na hĩndĩ ya gũciara no mathũkie muoyo wa andũ.,0.740870019,0.499359127,Cynthia,,
,Health,"Caregivers should wash hands with soap before handling babies, after changing diapers, and before feeding to prevent infections.","Ili kuzuia maambukizo, wale wanaowajali watoto wanapaswa kunawa mikono kwa sabuni kabla ya kuwatumia watoto, baada ya kubadili diapers, na kabla ya kula.","Arĩa marera ciana ciao nĩ magĩrĩirũo gũthambia moko na thabuni mbere ya gũteithia ciana ciao, thutha wa kũgarũra diapers, na mbere ya kũheana irio nĩguo mage kũgĩa na ũrimũ.",0.621818926,0.469281212,Misati,"Arĩa marera ciana ciao nĩ magĩrĩirũo gũthambia moko na thabuni mbere ya gũteithia ciana ciao, thutha wa kũgarũra diapers, na mbere ya kũheana irio nĩguo mage kũgĩa na ũrimũ.",0.621818926,0.469281212,Cynthia,,
,Health,Fast breathing and chest indrawing in children may signal pneumonia. Seek medical care immediately.,"Watoto wanapopumua haraka na kuvuta kifua chao, huenda wakawa na dalili za kuugua mapafu.",Ciana kũhuha na ihenya na kũhuha nda no gũtũme cione ũrũrũ wa nda.,0.419923766,0.387125279,Misati,Ciana kũhuha na ihenya na kũhuha nda no gũtũme cione ũrũrũ wa nda.,0.419923766,0.387125279,Cynthia,,
,Health,Parents should register the birth of their child at the nearest civil registration office. A birth certificate secures a child's legal identity and access to services.,Wazazi wanapaswa kusajili kuzaliwa kwa mtoto wao katika ofisi ya kusajili raia ya karibu.,Aciari magĩrĩirũo kũbanga gũciarũo kwa mwana wao wabici-inĩ ĩrĩa ĩrĩ hakuhĩ ya kwandĩkithia ciana.,0.60527403,0.562909126,Misati,Aciari magĩrĩirũo kũbanga gũciarũo kwa mwana wao wabici-inĩ ĩrĩa ĩrĩ hakuhĩ ya kwandĩkithia ciana.,0.60527403,0.562909126,Cynthia,,
,Health,Delivering at home without skilled help puts both mother and baby at risk. Always deliver at a health facility with trained personnel.,Kuzaa nyumbani bila msaada wa kitaalamu huhatarisha mama na mtoto.,Gũciara mũciĩ hatarĩ ũteithio wa mũndũ mũgĩ nĩ kũheaga nyina na mwana mũgwati.,0.62690892,0.388866651,Misati,Gũciara mũciĩ hatarĩ ũteithio wa mũndũ mũgĩ nĩ kũheaga nyina na mwana mũgwati.,0.62690892,0.388866651,Cynthia,,
,Health,Pregnant women living with HIV should attend clinic early to receive antiretroviral therapy and prevent transmission to the baby.,Wanawake wajawazito walio na VVU wanapaswa kwenda kliniki mapema ili wapate matibabu ya kupambana na virusi vya kulevya na kuzuia kupitishwa kwa virusi vya kulevya kwa mtoto.,Atumia arĩa marĩ na nda arĩa marĩ na mũrimũ wa HIV magĩrĩirũo gũthiĩ thibitarĩ tene nĩguo magĩe na ũrigitani wa antiretroviral na matige gũtheremia mwana.,0.638324147,0.568394191,Misati,Atumia arĩa marĩ na nda arĩa marĩ na mũrimũ wa HIV magĩrĩirũo gũthiĩ thibitarĩ tene nĩguo magĩe na ũrigitani wa antiretroviral na matige gũtheremia mwana.,0.638324147,0.568394191,Cynthia,,
,Health,Pregnant women in their second trimester should receive deworming medication to improve nutrition and reduce complications.,Wanawake wajawazito katika miezi yao ya pili ya ujauzito wanapaswa kupokea dawa za kuondoa wadudu ili kuboresha lishe na kupunguza matatizo.,Atumia arĩa marĩ na nda ihinda-inĩ rĩa mĩaka ĩtatũ ya muoyo nĩ magĩrĩire kũheo ndawa cia kũniina mĩrimũ nĩguo magĩe na irio njega na matikagĩe na mathĩna maingĩ.,0.709593649,0.440468202,Misati,Atumia arĩa marĩ na nda ihinda-inĩ rĩa mĩaka ĩtatũ ya muoyo nĩ magĩrĩire kũheo ndawa cia kũniina mĩrimũ nĩguo magĩe na irio njega na matikagĩe na mathĩna maingĩ.,0.709593649,0.440468202,Cynthia,,
,Health,New mothers are encouraged to discuss family planning options with health providers to allow proper spacing of pregnancies and ensure maternal recovery.,Mama wapya wanahimizwa wazungumze na wataalamu wa afya kuhusu njia za kupanga familia ili waweze kugawa mimba kwa usahihi na kuhakikisha kwamba mama anapona.,Aciari arĩa marakĩgĩa nda marĩkĩrũo ngoro kwarĩrĩria maũndũ marĩa mangĩhũthĩrũo kũbanga famĩlĩ na arĩa marenda kũmenyeria arĩa angĩ nĩ getha magĩe na ihinda rĩega rĩa kũgĩa nda na nĩguo magĩe na ũhonokio.,0.519096135,0.386269551,Misati,Aciari arĩa marakĩgĩa nda marĩkĩrũo ngoro kwarĩrĩria maũndũ marĩa mangĩhũthĩrũo kũbanga famĩlĩ na arĩa marenda kũmenyeria arĩa angĩ nĩ getha magĩe na ihinda rĩega rĩa kũgĩa nda na nĩguo magĩe na ũhonokio.,0.519096135,0.386269551,Cynthia,,
,Health,"At six months, introduce soft, nutrient-rich foods while continuing breastfeeding. Avoid sugary snacks and ensure hygiene during feeding.","Baada ya miezi sita, waachie watoto chakula chenye lishe na chenye lishe nyingi huku ukiendelea kunyonyesha. Epuka kula chakula chenye sukari na uwe na usafi wa kimwili wakati wa kula.","Rĩrĩa ũrĩ na mĩeri ĩtandatũ, thomaga irio njega na irĩ na indo nyingĩ cia kũigana rĩrĩa ũrarĩa.",0.472471229,0.370289958,Misati,"Rĩrĩa ũrĩ na mĩeri ĩtandatũ, thomaga irio njega na irĩ na indo nyingĩ cia kũigana rĩrĩa ũrarĩa.",0.472471229,0.370289958,Cynthia,,
,Health,"Adolescent mothers need extra emotional, nutritional, and medical support. Communities are urged to reduce stigma and promote inclusive care.","Mama vijana wanahitaji msaada wa kihisia, lishe, na matibabu zaidi.","Aciari arĩa marĩ na mĩaka ya ũkũrũ wa gatatũ nĩ marabatara kũheo ũteithio makĩria wa kĩĩmwĩrĩ, wa irio, na wa ũrigitani.",0.553396833,0.473844351,Misati,"Aciari arĩa marĩ na mĩaka ya ũkũrũ wa gatatũ nĩ marabatara kũheo ũteithio makĩria wa kĩĩmwĩrĩ, wa irio, na wa ũrigitani.",0.553396833,0.473844351,Cynthia,,
,Health,Pregnant women should receive tetanus toxoid vaccination to protect themselves and their babies from neonatal tetanus.,Wanawake wajawazito wanapaswa kupokea chanjo ya tetanus toxoid ili kujilinda na watoto wao kutokana na tetanus ya watoto wachanga.,Atumia arĩa marĩ na nda magĩrĩirũo gwĩkĩrũo thiithi wa tetanus toxoid nĩguo magitĩre na ciana ciao kuuma harĩ nda ya mwana.,0.774123186,0.459428199,Misati,Atumia arĩa marĩ na nda magĩrĩirũo gwĩkĩrũo thiithi wa tetanus toxoid nĩguo magitĩre na ciana ciao kuuma harĩ nda ya mwana.,0.774123186,0.459428199,Cynthia,,
,Health,"New mothers experiencing sadness, withdrawal, or hopelessness should seek mental health support. Postpartum depression is treatable.","Mama wapya wanaokabili huzuni, kujitenga na mtoto, au kukosa tumaini wanapaswa kutafuta msaada wa afya ya akili.",Aciari arĩa maraciarũo nĩ thutha wa gũciara nĩ magĩrĩirũo kũhoya ũteithio wa kĩĩmwĩrĩ.,0.572554638,0.40041721,Misati,Aciari arĩa maraciarũo nĩ thutha wa gũciara nĩ magĩrĩirũo kũhoya ũteithio wa kĩĩmwĩrĩ.,0.572554638,0.40041721,Cynthia,,
,Health,Regular weight checks at clinics help detect growth issues early. Caregivers are encouraged to attend monthly child welfare clinics.,Uchunguzi wa kawaida wa uzito katika kliniki husaidia kutambua matatizo ya ukuzi mapema.,Kũgerekania na ũtaratara wa gũthuthuria ũritũ wa mwĩrĩ thĩinĩ wa thibitarĩ nĩ gũteithagia kuona mathĩna ma gũkũra kahinda kanini.,0.666255858,0.384867821,Misati,Kũgerekania na ũtaratara wa gũthuthuria ũritũ wa mwĩrĩ thĩinĩ wa thibitarĩ nĩ gũteithagia kuona mathĩna ma gũkũra kahinda kanini.,0.666255858,0.384867821,Cynthia,,
,Health,A toll-free maternal health helpline is available for advice and emergency referrals. Dial 1195 anytime.,Huduma ya afya ya mama ya bure inapatikana kwa ushauri na marejeleo ya dharura. Piga 1195 wakati wowote.,Kũrĩ na thimũ ya ũteithio wa ũrigitani wa ciana na ũtarĩ na thiirĩ wa kũheana ũtaaro na kũheana ũhoro wa kũhiũrania na mogwati.,0.643265121,0.343630359,Misati,Kũrĩ na thimũ ya ũteithio wa ũrigitani wa ciana na ũtarĩ na thiirĩ wa kũheana ũtaaro na kũheana ũhoro wa kũhiũrania na mogwati.,0.643265121,0.343630359,Cynthia,,
,Health,"Families are encouraged to identify emergency transport options in advance, in case labor begins unexpectedly. Delays in reaching the hospital can lead to complications.","Familia zinatiwa moyo kujua mapema njia za usafiri wa dharura, ikiwa mtoto ataanza kuzaa bila kutarajia.","Famĩlĩ nĩ ĩgĩkĩrũo ngoro cione mbere ya ihinda njĩra cia kũruta wĩra cia kũruta ciana, tondũ kũragarara gũkinya thibitarĩ no gũtũme maũndũ mathũkie.",0.571962481,0.301817328,Misati,"Famĩlĩ nĩ ĩgĩkĩrũo ngoro cione mbere ya ihinda njĩra cia kũruta wĩra cia kũruta ciana, tondũ kũragarara gũkinya thibitarĩ no gũtũme maũndũ mathũkie.",0.571962481,0.301817328,Cynthia,,
,Health,"Mothers who express breast milk should ensure clean containers, proper refrigeration, and correct warming procedures to prevent contamination.","Mama wanaotumia maziwa ya mama wanapaswa kuhakikisha kwamba vyombo viko safi, vijani vinavyoweza kufungwa vizuri, na njia sahihi za kupasha joto ili kuzuia uchafuzi.","Aciari arĩa marutaga iria rĩa nyina magĩrĩirũo kũmenyeria indo iria ciarĩ na thahabu, kũhiũha na njĩra njega, na kũmenyeria arĩa angĩ nĩguo matikareke magĩe na thaahu.",0.476422526,0.318844991,Misati,"Aciari arĩa marutaga iria rĩa nyina magĩrĩirũo kũmenyeria indo iria ciarĩ na thahabu, kũhiũha na njĩra njega, na kũmenyeria arĩa angĩ nĩguo matikareke magĩe na thaahu.",0.476422526,0.318844991,Cynthia,,
,Health,A high fever in a child could be a sign of malaria or infection. Visit the nearest clinic without delay to prevent complications.,Huenda homa kali katika mtoto ikawa ishara ya malaria au maambukizo.,Mwana arĩ na mũrimũ mũnene wa kũhiũha mwĩrĩ no akorũo arĩ na mũrimũ wa malaria kana ũrimũ ũngĩmũtuĩria.,0.580680005,0.493842675,Misati,Mwana arĩ na mũrimũ mũnene wa kũhiũha mwĩrĩ no akorũo arĩ na mũrimũ wa malaria kana ũrimũ ũngĩmũtuĩria.,0.580680005,0.493842675,Cynthia,,
,Health,Postpartum women should take deworming medication to improve nutrition and milk quality.,Wanawake waliozaliwa baada ya kujifungua wanapaswa kuchukua dawa za kuondoa wadudu ili kuboresha lishe na ubora wa maziwa.,Atumia arĩa maraciarũo nĩ magĩrĩirũo kũhũthĩra ndawa cia kũniina tũng'aurũ nĩguo magĩe na irio njega na macoke macoke macoke macoke macoke macoke macoke macoke macoke macoke macoke macoke macoke macoke macoke macoke macoke macoke macoke macoke macoke macoke macoke macoke macoke macoke macoke macoke macoke macoke macoke macoke macoke macoke macoke macoke macoke macoke macoke macoke macoke macoke macoke macoke macoke macoke macoke macoke macoke macoke macoke macoke macoke macoke macoke macoke macoke macoke macoke macoke macoke macoke macoke macoke macoke macoke macoke macoke macoke macoke macoke macoke macoke macoke macoke macoke macoke macoke macoke macoke macoke macoke macoke macoke macoke,0.728330604,0.682237167,Misati,Atumia arĩa maraciarũo nĩ magĩrĩirũo kũhũthĩra ndawa cia kũniina tũng'aurũ nĩguo magĩe na irio njega na macoke macoke macoke macoke macoke macoke macoke macoke macoke macoke macoke macoke macoke macoke macoke macoke macoke macoke macoke macoke macoke macoke macoke macoke macoke macoke macoke macoke macoke macoke macoke macoke macoke macoke macoke macoke macoke macoke macoke macoke macoke macoke macoke macoke macoke macoke macoke macoke macoke macoke macoke macoke macoke macoke macoke macoke macoke macoke macoke macoke macoke macoke macoke macoke macoke macoke macoke macoke macoke macoke macoke macoke macoke macoke macoke macoke macoke macoke macoke macoke macoke macoke macoke macoke macoke,0.728330604,0.682237167,Cynthia,,
,Health,"Swollen feet, thin limbs, or constant fatigue in a child may be signs of malnutrition. Seek help immediately.","Huenda miguu iliyovimba, viungo vidogo, au uchovu wa kila wakati kwa mtoto ukawaida ukawa ishara za upungufu wa chakula.","Makinya marĩa marumĩte, mĩromo ĩrĩa mĩnini, kana kũnoga kaingĩ no gũkorũo kũrĩ ciĩranĩro cia kwaga irio njega.",0.536567835,0.317978673,Misati,"Makinya marĩa marumĩte, mĩromo ĩrĩa mĩnini, kana kũnoga kaingĩ no gũkorũo kũrĩ ciĩranĩro cia kwaga irio njega.",0.536567835,0.317978673,Cynthia,,
,Health,Do not apply substances to the cord. Keep it dry and clean until it falls off naturally.,"Usiweke vitu kwenye kamba, endelea kuiweka kavu na safi mpaka itakapokuwa imeanguka.","Ndũgathondeke kĩndũ gĩtarĩ na thahu, rũmia na ũigie gĩtheru nginya rĩrĩa gĩgathumbũka.",0.450193128,0.298746047,Misati,"Ndũgathondeke kĩndũ gĩtarĩ na thahu, rũmia na ũigie gĩtheru nginya rĩrĩa gĩgathumbũka.",0.450193128,0.298746047,Cynthia,,
,Health,"Always keep your child's health card and birth certificate safe for school, healthcare, and legal needs.","Daima uhifadhi kadi ya mtoto wako ya afya na cheti cha kuzaliwa kwa ajili ya shule, huduma za afya, na mahitaji ya kisheria.","Hũthĩra kaadi ya mwana waku ya ũrigitani na kaati ya gũciarũo nĩguo ũhote kũhũthĩra kaati ĩyo thukuru-inĩ, ũrigitani-inĩ, na kũhingia maũndũ marĩa ũrabatara kũhingia watho.",0.697499723,0.4603654,Misati,"Hũthĩra kaadi ya mwana waku ya ũrigitani na kaati ya gũciarũo nĩguo ũhote kũhũthĩra kaati ĩyo thukuru-inĩ, ũrigitani-inĩ, na kũhingia maũndũ marĩa ũrabatara kũhingia watho.",0.697499723,0.4603654,Cynthia,,
,Health,"If your child is not sitting, crawling, or speaking by the expected age, visit a pediatric clinic for evaluation","Ikiwa mtoto wako hawezi kuketi, kutambaa, au kuzungumza kufikia umri unaotarajiwa, tembelea kliniki ya watoto ili upate uchunguzi","Mwana waku angĩkorũo ndarĩ na ũkũrũ wa kũikara thĩ, kana wa gũcanga, kana wa kwaria, thiĩ kambĩ-inĩ ya ciana nĩguo ũmenyithanie",0.633955149,0.440195702,Misati,"Mwana waku angĩkorũo ndarĩ na ũkũrũ wa kũikara thĩ, kana wa gũcanga, kana wa kwaria, thiĩ kambĩ-inĩ ya ciana nĩguo ũmenyithanie",0.633955149,0.440195702,Cynthia,,
,Health,Teen mothers should be encouraged and supported to continue their education after childbirth.,Wanawake vijana wanapaswa kutiwa moyo na kutegemezwa ili waendelee na elimu yao baada ya kujifungua.,Maitũ arĩa marĩ na mĩaka ya ũkũrũ wa ikũmi na ũmwe nĩ magĩrĩirũo gwĩkĩrũo ngoro na kũnyitwo mbaru nĩguo mathiĩ na mbere na gĩthomo kĩao thutha wa gũciara.,0.715982935,0.535858585,Misati,Maitũ arĩa marĩ na mĩaka ya ũkũrũ wa ikũmi na ũmwe nĩ magĩrĩirũo gwĩkĩrũo ngoro na kũnyitwo mbaru nĩguo mathiĩ na mbere na gĩthomo kĩao thutha wa gũciara.,0.715982935,0.535858585,Cynthia,,
,Health,Expectant mothers are strongly advised to avoid all alcohol. Drinking during pregnancy can lead to fetal alcohol syndrome and developmental delays.,Wanawake wanaotaka kuzaa wanashauriwa sana waepuke pombe zote.,Atumia arĩa magaakũra nĩ maraheo ũtaaro wa kũregana na njohi ciothe.,0.523168495,0.396228618,Misati,Atumia arĩa magaakũra nĩ maraheo ũtaaro wa kũregana na njohi ciothe.,0.523168495,0.396228618,Cynthia,,
,Health,Hormonal changes during pregnancy can affect oral health. Visit a dentist for check-ups and maintain oral hygiene.,Mabadiliko ya homoni wakati wa ujauzito yanaweza kuathiri afya ya mdomo.,"Nĩ ũndũ wa mogarũrũku ma mwĩrĩ rĩrĩa ũrĩ na nda, no ũkorũo ũrĩ ũndũ mũhũthũ gũikara ũrĩ na ũgima wa mwĩrĩ.",0.826268671,0.427635039,Misati,"Nĩ ũndũ wa mogarũrũku ma mwĩrĩ rĩrĩa ũrĩ na nda, no ũkorũo ũrĩ ũndũ mũhũthũ gũikara ũrĩ na ũgima wa mwĩrĩ.",0.826268671,0.427635039,Cynthia,,
,Health,Yellowing of the skin and eyes in newborns should be checked by a health worker. Severe jaundice can affect brain development.,Uvuvi wa ngozi na macho katika watoto wachanga unapaswa kuchunguzwa na mtaalamu wa afya.,Mũrũri wa mwĩrĩ agĩrĩirũo nĩ kũmenyeria atĩ nda ya mwana nĩ ĩgũthumbũrũka na maitho na mwĩrĩ.,0.570067969,0.239096435,Misati,Mũrũri wa mwĩrĩ agĩrĩirũo nĩ kũmenyeria atĩ nda ya mwana nĩ ĩgũthumbũrũka na maitho na mwĩrĩ.,0.570067969,0.239096435,Cynthia,,
,Health,Caregivers should change diapers frequently and clean the baby's skin gently to avoid rashes and infections.,Watunzaji wanapaswa kubadili diapers mara kwa mara na kusafisha ngozi ya mtoto kwa upole ili kuepuka maambukizi na maambukizi.,Arĩa marera mwana nĩ magĩrĩirũo kũgarũra mathangũ maita maingĩ na gũtheria mwĩrĩ wake wega nĩguo mage kũgĩa na ngarari na gũkua.,0.671876566,0.360089393,Misati,Arĩa marera mwana nĩ magĩrĩirũo kũgarũra mathangũ maita maingĩ na gũtheria mwĩrĩ wake wega nĩguo mage kũgĩa na ngarari na gũkua.,0.671876566,0.360089393,Cynthia,,
,Health,Pregnant women should eat small meals several times a day to manage nausea and maintain energy levels.,Wanawake wajawazito wanapaswa kula vyakula vidogo mara kadhaa kwa siku ili kudhibiti kichefuchefu na kudumisha nishati.,Atumia arĩa marĩ na nda magĩrĩirũo kũrĩa irio nini maita maingĩ o mũthenya nĩguo mahũthĩre kũhiũrania na mĩrimũ na kũiga hinya.,0.751416737,0.52753447,Misati,Atumia arĩa marĩ na nda magĩrĩirũo kũrĩa irio nini maita maingĩ o mũthenya nĩguo mahũthĩre kũhiũrania na mĩrimũ na kũiga hinya.,0.751416737,0.52753447,Cynthia,,
,Health,"Fathers are encouraged to be active in bathing, changing, and comforting their newborns to promote bonding and family well-being.","Akina baba wanatiwa moyo wawe wenye bidii katika kuoga, kubadili nguo, na kuwafariji watoto wao wapya ili kuimarisha uhusiano na familia.","Athuri nĩ mekĩragwo ngoro makorũo na kĩyo harĩ gũthambia, kũgarũra nguo, na kũũmĩrĩria ciana ciao nĩguo ciongerereke ũrũmwe na ũgitĩri thĩinĩ wa famĩlĩ.",0.627595959,0.535452364,Misati,"Athuri nĩ mekĩragwo ngoro makorũo na kĩyo harĩ gũthambia, kũgarũra nguo, na kũũmĩrĩria ciana ciao nĩguo ciongerereke ũrũmwe na ũgitĩri thĩinĩ wa famĩlĩ.",0.627595959,0.535452364,Cynthia,,
,Health,Mothers are urged to visit immunization booths during market days for convenient access to childhood vaccines.,Wanawake wanahimizwa kutembelea vituo vya chanjo wakati wa siku za soko ili kupata chanjo za watoto kwa urahisi.,Aciari nĩ mekĩragwo ngoro mathiĩ kambĩ-inĩ cia kũhe ndawa cia kũhonio hĩndĩ ya thikũ cia thoko nĩguo magĩe na ũhoti wa kũheo ndawa cia kũhonio ciana.,0.65280141,0.436411608,Misati,Aciari nĩ mekĩragwo ngoro mathiĩ kambĩ-inĩ cia kũhe ndawa cia kũhonio hĩndĩ ya thikũ cia thoko nĩguo magĩe na ũhoti wa kũheo ndawa cia kũhonio ciana.,0.65280141,0.436411608,Cynthia,,
,Health,Children struggling to speak or recognize sounds may have learning difficulties. Seek assessment from child specialists early.,Watoto wanaokabili matatizo ya kuzungumza au kutambua sauti huenda wakawa na matatizo ya kujifunza.,Ciana iria itangĩhota kwaria kana kũmenya mĩgambo no ikorũo na mathĩna ma kwĩruta.,0.601345275,0.594888771,Misati,Ciana iria itangĩhota kwaria kana kũmenya mĩgambo no ikorũo na mathĩna ma kwĩruta.,0.601345275,0.594888771,Cynthia,,
,Health,Babies should never be exposed to cigarette smoke. Secondhand smoke increases the risk of asthma and sudden infant death syndrome.,Watoto hawapaswi kamwe kuathiriwa na moshi wa sigara kwa sababu moshi wa sigara unaongeza hatari ya kupatwa na kiharusi na ugonjwa wa kifo cha ghafula cha watoto.,Ciana itiagĩrĩirũo kũhĩtũkwo nĩ ndogo ya thigara.,0.608869758,0.463460643,Misati,Ciana itiagĩrĩirũo kũhĩtũkwo nĩ ndogo ya thigara.,0.608869758,0.463460643,Cynthia,,
,Health,Pregnant women should start antenatal care in the first trimester to detect and manage any health concerns early.,Wanawake wajawazito wanapaswa kuanza huduma ya kabla ya kuzaa katika miezi mitatu ya kwanza ili kugundua na kudhibiti matatizo yoyote ya afya mapema.,Atumia arĩa marĩ na nda magĩrĩirũo kwambĩrĩria kũrũmbũiya ciana mbere ya gũciarũo ihinda-inĩ rĩa gatatũ rĩa mũtino nĩguo magĩe na ũhoti wa kũmenya na kũmenyeria mathĩna mothe ma mwĩrĩ.,0.711545227,0.498900724,Misati,Atumia arĩa marĩ na nda magĩrĩirũo kwambĩrĩria kũrũmbũiya ciana mbere ya gũciarũo ihinda-inĩ rĩa gatatũ rĩa mũtino nĩguo magĩe na ũhoti wa kũmenya na kũmenyeria mathĩna mothe ma mwĩrĩ.,0.711545227,0.498900724,Cynthia,,
,Health,Help children understand the arrival of a new sibling to reduce jealousy and promote bonding.,Wasaidie watoto kuelewa kuanzishwa kwa ndugu au dada mpya ili kupunguza wivu na kuimarisha uhusiano.,Teithia ciana ciaku ciĩtaũkĩrũo nĩ ũrĩa mũrũ kana mwarĩ wa Ithe witũ ũngĩoka nĩguo ciikare irĩ na ũiru na ciongerere ũrata.,0.584144902,0.458488796,Misati,Teithia ciana ciaku ciĩtaũkĩrũo nĩ ũrĩa mũrũ kana mwarĩ wa Ithe witũ ũngĩoka nĩguo ciikare irĩ na ũiru na ciongerere ũrata.,0.584144902,0.458488796,Cynthia,,
,Health,"Taking time for yourself is not a luxury, it's a necessity. Remember to prioritize your mental, emotional, and physical health.","Kutoa wakati kwa ajili yako mwenyewe si jambo la kifahari, bali ni jambo la lazima.","Ririkana atĩ nĩ wagĩrĩirũo nĩ kũiga ũgima waku wa mwĩrĩ, wa meciria, na wa ngoro mbere.",0.581134461,0.58905772,Misati,"Ririkana atĩ nĩ wagĩrĩirũo nĩ kũiga ũgima waku wa mwĩrĩ, wa meciria, na wa ngoro mbere.",0.581134461,0.58905772,Cynthia,,
,Health,"This Father's Day, let's shine a light on men's mental health. To all the dads out there, your well-being matters. Take time to prioritize your mental health and reach out for support when needed.","Siku hii ya Baba, hebu tuangalie afya ya akili ya wanaume. Kwa baba wote huko nje, ustawi wako ni muhimu. Chukua muda wa kuweka afya yako ya akili kipaumbele na kutafuta msaada wakati inahitajika.","Mũthenya ũyũ wa Aciari, rekei tũthuthurie wega ũgima wa meciria wa athuri.",0.64411953,0.562998171,Misati,"Mũthenya ũyũ wa Aciari, rekei tũthuthurie wega ũgima wa meciria wa athuri.",0.64411953,0.562998171,Cynthia,,
,Health,You are not alone. Reach out to loved ones or mental health professionals for support.,Tafuta msaada kutoka kwa wapendwa wako au wataalamu wa afya ya akili.,Nĩ ũrabatara ũteithio kuuma kũrĩ andũ arĩa wendete kana arĩa marutaga wĩra wa gũteithia andũ arĩa matarĩ na mathĩna ma mwĩrĩ.,0.737236576,0.410089889,Misati,Nĩ ũrabatara ũteithio kuuma kũrĩ andũ arĩa wendete kana arĩa marutaga wĩra wa gũteithia andũ arĩa matarĩ na mathĩna ma mwĩrĩ.,0.737236576,0.410089889,Cynthia,,
,Health,"Take care of your mental health by practicing self-care, maintaining healthy relationships, and seeking professional help when needed","Linda afya yako ya akili kwa kujitunza, kudumisha uhusiano mzuri, na kutafuta msaada wa mtaalamu unapohitaji","Wĩmenyerere ũgima waku wa meciria na njĩra ya kwĩmenyerera, gũtũũria ũrata mwega, na gwetha ũteithio wa athomi rĩrĩa kwahoteka",0.671898851,0.608912852,Misati,"Wĩmenyerere ũgima waku wa meciria na njĩra ya kwĩmenyerera, gũtũũria ũrata mwega, na gwetha ũteithio wa athomi rĩrĩa kwahoteka",0.671898851,0.608912852,Cynthia,,
,Health,"May is a reminder to prioritize self-care and nurture your mental health. Practice mindfulness, engage in activities that bring you joy, and seek support when needed",Mei ni ukumbusho wa kutanguliza kujitunza na kutunza afya yako ya akili.,Nĩ ũririkanaga atĩ nĩ wagĩrĩirũo kũiga maũndũ marĩa magĩrĩire mbere na kũiga ũgima waku wa meciria na wa mwĩrĩ.,0.637277136,0.404332676,Misati,Nĩ ũririkanaga atĩ nĩ wagĩrĩirũo kũiga maũndũ marĩa magĩrĩire mbere na kũiga ũgima waku wa meciria na wa mwĩrĩ.,0.637277136,0.404332676,Cynthia,,
,Health,"Mothers should return for postnatal checkups within 48 hours, 7 days, and 6 weeks after delivery.","Mama wanapaswa kurudi kwa uchunguzi wa baada ya kujifungua ndani ya masaa 48, siku 7 na wiki 6 baada ya kujifungua.","Maitũ magĩrĩirũo gũcoka gũthuthuria mwana thutha wa gũciara thutha wa mathaa 48, matukũ 7, na ciumia 6 thutha wa gũciara.",0.702464398,0.59933718,Misati,"Maitũ magĩrĩirũo gũcoka gũthuthuria mwana thutha wa gũciara thutha wa mathaa 48, matukũ 7, na ciumia 6 thutha wa gũciara.",0.702464398,0.59933718,Cynthia,,
,Health,Some traditional herbs can be harmful during pregnancy. Always consult a qualified health worker before use.,"Nyakati za ujauzito, mimea fulani ya jadi inaweza kuwa hatari.",Mĩmera ĩmwe ya kanitha no ĩkorũo ĩrĩ na moimĩrĩro moru hĩndĩ ya nda.,0.572991154,0.509037419,Misati,Mĩmera ĩmwe ya kanitha no ĩkorũo ĩrĩ na moimĩrĩro moru hĩndĩ ya nda.,0.572991154,0.509037419,Cynthia,,
,Health,"Breastfeeding is natural and should be supported in public. Communities should offer safe, clean spaces for mothers.",Kuwanyonyesha watoto kwa mama ni jambo la kawaida na linapaswa kuungwa mkono hadharani.,Kũheana ciana iria ciarĩ na ciana nĩ ũndũ wa ndũire na nĩ wagĩrĩire gwĩkwo kũndũ kũrĩ andũ othe.,0.519140137,0.421028792,Misati,Kũheana ciana iria ciarĩ na ciana nĩ ũndũ wa ndũire na nĩ wagĩrĩire gwĩkwo kũndũ kũrĩ andũ othe.,0.519140137,0.421028792,Cynthia,,
,Health,"At six months, introduce soft foods while continuing to breastfeed. Ensure food is safe, nutritious, and age-appropriate.","Baada ya miezi sita, waambie wale watoto wako waendelee kunyonyesha kwa kutumia vyakula vya aina ya ""mwenye afya"", na kuhakikisha kwamba chakula hicho ni salama, chenye lishe, na kinafaa umri.","Rĩrĩa ũrĩ na mĩeri ĩtandatũ, thomaga irio njega na iria irĩ na ũhoti wa kũheana.",0.348109864,0.344707892,Misati,"Rĩrĩa ũrĩ na mĩeri ĩtandatũ, thomaga irio njega na iria irĩ na ũhoti wa kũheana.",0.348109864,0.344707892,Cynthia,,
,Health,Teenage mothers are at higher risk of complications. Encourage young girls to stay in school and delay pregnancy.,Wazazi vijana wana hatari kubwa ya kupata matatizo ya afya.,Atumia ethĩ nĩ makoragwo marĩ na mogwati maingĩ ma kũgĩa na mathĩna macio.,0.404413249,0.463250682,Misati,Atumia ethĩ nĩ makoragwo marĩ na mogwati maingĩ ma kũgĩa na mathĩna macio.,0.404413249,0.463250682,Cynthia,,
,Health,Mothers should receive vitamin A after delivery to boost immunity and improve breast milk quality.,Wanawake wanapaswa kupokea vitamini A baada ya kujifungua ili kuongeza kinga na kuboresha ubora wa maziwa ya mama.,Aciari magĩrĩirũo kũheo vitamini A thutha wa kũheo mwana nĩguo magĩe na ũhoti wa kũgitĩra na magĩe na ũgitĩri na magĩe na ũgitĩri wa kũheagwo iria rĩa mama.,0.774001668,0.43872706,Misati,Aciari magĩrĩirũo kũheo vitamini A thutha wa kũheo mwana nĩguo magĩe na ũhoti wa kũgitĩra na magĩe na ũgitĩri na magĩe na ũgitĩri wa kũheagwo iria rĩa mama.,0.774001668,0.43872706,Cynthia,,
,Health,"Wrap babies in warm clothes and avoid exposing them to cold air, especially in early months.","Weka nguo za joto na uepuke kuwaacha kwenye hewa baridi, hasa katika miezi ya kwanza.","Thondekera twana nguo cia gwĩthima na ũtigatwarĩre rĩera rĩhiũhĩte, makĩria mĩeri-inĩ ya mbere.",0.49728678,0.426123806,Misati,"Thondekera twana nguo cia gwĩthima na ũtigatwarĩre rĩera rĩhiũhĩte, makĩria mĩeri-inĩ ya mbere.",0.49728678,0.426123806,Cynthia,,
,Health,"Store sharp, toxic, or breakable items out of children's reach to prevent injuries.","Weka vitu vyenye makali, vyenye sumu, au vinavyoweza kuvunjika mbali na watoto ili kuepuka kuumia.","Githondeka indo iria irĩ na ũgwati, cia ũrimũ, kana iria ciathũkaga, itigakorũo ciikaraga ciikaraga ciikaraga ciikaraga ciikaraga ciikaraga ciikaraga ciikaraga ciikaraga ciikaraga ciikaraga ciikaraga ciikaraga ciikaraga ciikaraga ciikaraga ciikaraga ciikaraga ciikaraga ciikaraga ciikaraga ciikaraga ciikaraga ciikaraga ciikaraga ciikaraga ciikaraga ciikaraga ciikaraga ciikaraga ciikaraga ciikaraga ciikaraga ciikaraga ciikaraga ciikaraga ciikaraga ciikaraga ciikaraga ciikaraga ciikaraga ciikaraga ciikaraga.",0.668118762,0.461874324,Misati,"Githondeka indo iria irĩ na ũgwati, cia ũrimũ, kana iria ciathũkaga, itigakorũo ciikaraga ciikaraga ciikaraga ciikaraga ciikaraga ciikaraga ciikaraga ciikaraga ciikaraga ciikaraga ciikaraga ciikaraga ciikaraga ciikaraga ciikaraga ciikaraga ciikaraga ciikaraga ciikaraga ciikaraga ciikaraga ciikaraga ciikaraga ciikaraga ciikaraga ciikaraga ciikaraga ciikaraga ciikaraga ciikaraga ciikaraga ciikaraga ciikaraga ciikaraga ciikaraga ciikaraga ciikaraga ciikaraga ciikaraga ciikaraga ciikaraga ciikaraga ciikaraga.",0.668118762,0.461874324,Cynthia,,
,Health,Employers should provide breastfeeding breaks and spaces to support maternal and child health.,Waajiri wanapaswa kutoa mapumziko ya kunyonyesha na nafasi za kusaidia afya ya mama na mtoto.,Arĩa matwarithagia wĩra magĩrĩirũo kũheana mĩikaro ya kũheana ciana iria ciarĩ na nda na handũ ha kũheana ciana iria ciarĩ na nda nĩguo ciĩhotithie kũgĩa na ũgima wa mwĩrĩ wa nyina na wa mwana.,0.728616063,0.408021224,Misati,Arĩa matwarithagia wĩra magĩrĩirũo kũheana mĩikaro ya kũheana ciana iria ciarĩ na nda na handũ ha kũheana ciana iria ciarĩ na nda nĩguo ciĩhotithie kũgĩa na ũgima wa mwĩrĩ wa nyina na wa mwana.,0.728616063,0.408021224,Cynthia,,
,Health,Always use boiled or treated water when preparing infant food to prevent diarrhea.,Daima utumie maji yaliyochemshwa au yaliyochoshwa wakati wa kutayarisha chakula cha watoto wachanga ili kuzuia kuharisha.,Hũthĩra maaĩ marutagwo kana marĩa marutagwo hĩndĩ ĩrĩa ũraha irio cia ciana nĩguo ũgirĩrĩrie gũkua.,0.593570469,0.397547461,Misati,Hũthĩra maaĩ marutagwo kana marĩa marutagwo hĩndĩ ĩrĩa ũraha irio cia ciana nĩguo ũgirĩrĩrie gũkua.,0.593570469,0.397547461,Cynthia,,
,Health,Each child must have a vaccination card. Keep it safe and bring it to every health visit.,"Kila mtoto anapaswa kuwa na kadi ya chanjo, na kuiweka salama na kuipeleka kwenye kila ziara ya afya.","Mwana o wothe no mũhaka akorũo na kaadi ya kũhĩtũkĩra, na nĩ wagĩrĩirũo kũmĩrũmĩrĩra na njĩra ya ũgitĩri na kũmĩrehe hĩndĩ ciothe rĩrĩa ũraceera thibitari.",0.592254527,0.359907272,Misati,"Mwana o wothe no mũhaka akorũo na kaadi ya kũhĩtũkĩra, na nĩ wagĩrĩirũo kũmĩrũmĩrĩra na njĩra ya ũgitĩri na kũmĩrehe hĩndĩ ciothe rĩrĩa ũraceera thibitari.",0.592254527,0.359907272,Cynthia,,
,Health,"Tight clothes can interfere with circulation and cause discomfort. Choose loose, breathable attire.",Mavazi yenye kufungwa yanaweza kuathiri mzunguko wa damu na kusababisha wasiwasi.,Nĩ wega kwĩhumba nguo cia kũhumba na cia kũhumba.,0.502786483,0.309226598,Misati,Nĩ wega kwĩhumba nguo cia kũhumba na cia kũhumba.,0.502786483,0.309226598,Cynthia,,
,Health,Fathers are encouraged to accompany partners to ANC and child wellness clinics.,Wazazi wanahimizwa wasafiri pamoja na washirika wao kwenye kliniki za ANC na za afya ya watoto.,Athuri nĩ mekĩragwo ngoro marũmĩrĩre arĩa marutaga wĩra nao kambĩ-inĩ cia ANC na cia ciana.,0.582248954,0.493402898,Misati,Athuri nĩ mekĩragwo ngoro marũmĩrĩre arĩa marutaga wĩra nao kambĩ-inĩ cia ANC na cia ciana.,0.582248954,0.493402898,Cynthia,,
,Health,Applying herbs or substances to the baby's soft spot is dangerous and should be avoided.,Kutumia mimea au vitu kwenye sehemu ya mtoto iliyo dhaifu ni hatari na inapaswa kuepukwa.,Kũhũthĩra mĩtĩ kana indo iria ciĩtagwo magego kũhũthagĩra handũ harĩa mwana arĩ na hinya nĩ kũrĩ mogwati na nĩ wega kũregana namo.,0.618317505,0.327887618,Misati,Kũhũthĩra mĩtĩ kana indo iria ciĩtagwo magego kũhũthagĩra handũ harĩa mwana arĩ na hinya nĩ kũrĩ mogwati na nĩ wega kũregana namo.,0.618317505,0.327887618,Cynthia,,
,Health,Keep hot drinks and cooking pots away from children's reach to prevent burn injuries.,Weka vinywaji moto na sufuria mbali na watoto ili kuepuka majeraha ya kuchomwa.,Gĩaga na indo cia kũnyua na cia kũruga irĩ haraya na ciana nĩguo itigakorũo na mahĩtia ma kũhĩa.,0.624027418,0.384193535,Misati,Gĩaga na indo cia kũnyua na cia kũruga irĩ haraya na ciana nĩguo itigakorũo na mahĩtia ma kũhĩa.,0.624027418,0.384193535,Cynthia,,
,Health,Use a calendar or reminder app to keep track of ANC appointments and medications.,Tumia programu ya kalenda au ukumbusho kufuatilia miadi ya ANC na dawa.,Hũthĩra programu ya kũririkana kana kalenda nĩguo ũmenye maũndũ marĩa ũrarĩ na ihinda rĩa gũcaria ndawa cia kũgũithia mwĩrĩ.,0.665085083,0.296531806,Misati,Hũthĩra programu ya kũririkana kana kalenda nĩguo ũmenye maũndũ marĩa ũrarĩ na ihinda rĩa gũcaria ndawa cia kũgũithia mwĩrĩ.,0.665085083,0.296531806,Cynthia,,
,Health,Protect your baby's hearing by keeping them away from loud environments.,Linda kusikia kwa mtoto wako kwa kuwaweka mbali na mazingira yenye kelele.,Gathondeka gũthikĩrĩria kwa mwana waku na njĩra ya kũmũtongoria atarĩ na mĩgambo mĩingĩ.,0.689311214,0.361368478,Misati,Gathondeka gũthikĩrĩria kwa mwana waku na njĩra ya kũmũtongoria atarĩ na mĩgambo mĩingĩ.,0.689311214,0.361368478,Cynthia,,
,Health,Excessive screen use affects attention and sleep in young children. Encourage physical play instead.,Kutumia skrini kupita kiasi huathiri usikivu na usingizi wa watoto wadogo.,Kũhũthĩra mbica cia kwĩrorera mũno nĩ gũteithagia ciana gũikara irĩ na ũmenyo na gũikara itekũhurũka.,0.694911217,0.368049457,Misati,Kũhũthĩra mbica cia kwĩrorera mũno nĩ gũteithagia ciana gũikara irĩ na ũmenyo na gũikara itekũhurũka.,0.694911217,0.368049457,Cynthia,,
,Health,Secondhand smoke harms both the mother and the unborn baby. Keep homes and public spaces smoke-free.,Moshi wa sigara unaumiza mama na mtoto ambaye hajazaliwa.,Kũnyua thigara ya indo iria itarĩ cia bata nĩ gũthũkia nyina na mwana ũrĩa ũtarĩ mũciare.,0.575561806,0.431524061,Misati,Kũnyua thigara ya indo iria itarĩ cia bata nĩ gũthũkia nyina na mwana ũrĩa ũtarĩ mũciare.,0.575561806,0.431524061,Cynthia,,
,Health,All medications should be kept out of reach to prevent accidental poisoning in children.,Dawa zote zinapaswa kuzuiwa ili kuzuia sumu zisizotarajiwa kwa watoto.,Mĩrimũ yothe yagĩrĩirũo kũigwo ĩrĩ nja ya gũkinya nĩguo gũteethwo ũrimũ wa gũkua njohi harĩ ciana.,0.588331124,0.362241885,Misati,Mĩrimũ yothe yagĩrĩirũo kũigwo ĩrĩ nja ya gũkinya nĩguo gũteethwo ũrimũ wa gũkua njohi harĩ ciana.,0.588331124,0.362241885,Cynthia,,
,Health,Expectant mothers should pack a clean birth kit by the 7th month of pregnancy for emergencies.,Mama wanaotarajia kuzaliwa wanapaswa kuweka kitia safi cha kuzaliwa kabla ya mwezi wa 7 wa ujauzito kwa ajili ya hali za dharura.,Atumia arĩa magaakũra nĩ magĩrĩirũo kũruta kĩndũ kĩega gĩa gũciarĩra o mweri wa mũgwanja wa nda nĩguo magĩe na maũndũ ma mĩtũkĩ.,0.527961263,0.373278458,Misati,Atumia arĩa magaakũra nĩ magĩrĩirũo kũruta kĩndũ kĩega gĩa gũciarĩra o mweri wa mũgwanja wa nda nĩguo magĩe na maũndũ ma mĩtũkĩ.,0.527961263,0.373278458,Cynthia,,
,Health,Never shake a baby. It can cause brain injury or death. Comfort them gently instead.,"Usimshambulie mtoto, kwa kuwa anaweza kuumia ubongo au kufa.",Ndũkariganĩrie mwana tondũ no atũme akorũo na hathara ya meciria kana akue.,0.431508448,0.454656323,Misati,Ndũkariganĩrie mwana tondũ no atũme akorũo na hathara ya meciria kana akue.,0.431508448,0.454656323,Cynthia,,
,Health,Continue breastfeeding during the night to meet baby's nutrition needs and maintain milk supply.,Endelea kunyonyesha usiku ili kukidhi mahitaji ya mtoto na kudumisha maziwa.,Thiĩ na mbere kũheana iria ũtukũ nĩguo ũhingie mabataro ma mwana na ũgitĩre ũria ũheagwo iria.,0.635150752,0.435973795,Misati,Thiĩ na mbere kũheana iria ũtukũ nĩguo ũhingie mabataro ma mwana na ũgitĩre ũria ũheagwo iria.,0.635150752,0.435973795,Cynthia,,
,Health,Always wash and boil baby bottles and nipples to kill germs before each use,Pua na kuoka kila wakati chupa za mtoto na matiti ili kuua vimelea kabla ya kila matumizi,Hĩa na ũhũũre tũtarĩ twa kaana na tũtarĩ twa kaana mbere ya kũhũthĩra,0.513927591,0.326316985,Misati,Hĩa na ũhũũre tũtarĩ twa kaana na tũtarĩ twa kaana mbere ya kũhũthĩra,0.513927591,0.326316985,Cynthia,,
,Health,Use proper baby carriers to support baby's neck and hips. Always ensure baby's face is visible and uncovered.,Tumia vyombo vya kutosha vya kubeba watoto ili kutegemeza shingo na mapafu ya mtoto.,Hũthĩra indo cia kũrehe mwana iria ciagĩrĩire gũteithĩrĩria ngingo na itulũ cia mwana.,0.454060571,0.315777855,Misati,Hũthĩra indo cia kũrehe mwana iria ciagĩrĩire gũteithĩrĩria ngingo na itulũ cia mwana.,0.454060571,0.315777855,Cynthia,,
,Health,Delay bathing a newborn for at least 24 hours to protect the skin's natural defenses.,Acha mtoto mchanga atachwe kwa angalau saa 24 ili kulinda kinga ya ngozi.,"Nĩguo ũgĩe na hinya wa gwĩthema, no ũtigane na mwana ũciarĩtwo na thutha wa ihinda ta rĩa mathaa 24 nĩguo ũgitĩre mwĩrĩ.",0.493555409,0.314291601,Misati,"Nĩguo ũgĩe na hinya wa gwĩthema, no ũtigane na mwana ũciarĩtwo na thutha wa ihinda ta rĩa mathaa 24 nĩguo ũgitĩre mwĩrĩ.",0.493555409,0.314291601,Cynthia,,
,Health,Persistent nausea and vomiting during pregnancy can lead to dehydration and weight loss. Seek medical care.,Kuwa na kichefuchefu na kutopona kwa muda mrefu wakati wa ujauzito kunaweza kusababisha kutowa na maji na kupoteza uzito.,Kũigua ũcamba na kũhũũra hĩndĩ ya nda no gũtũme mũndũ ahũke na atũme aremwo nĩ kũgĩa na maĩ.,0.546125049,0.302350955,Misati,Kũigua ũcamba na kũhũũra hĩndĩ ya nda no gũtũme mũndũ ahũke na atũme aremwo nĩ kũgĩa na maĩ.,0.546125049,0.302350955,Cynthia,,
,Health,Start with mashed fruits and vegetables. Introduce one new food at a time to watch for allergies.,"Anza kwa kutumia matunda na mboga zilizotiwa chachu, kisha uanze kwa chakula kimoja kwa wakati mmoja ili uweze kuepuka allergies.",Ambĩrĩria na matunda na mboga iria ciĩhumbĩtwo na mũtarũ na mũtarũ na irio imwe cia kũigana nĩguo ũtigane na ngarari.,0.412014129,0.263337371,Misati,Ambĩrĩria na matunda na mboga iria ciĩhumbĩtwo na mũtarũ na mũtarũ na irio imwe cia kũigana nĩguo ũtigane na ngarari.,0.412014129,0.263337371,Cynthia,,
,Health,Wash hands with soap and water before handling a baby to prevent infections.,Osha mikono yako kwa sabuni na maji kabla ya kumshika mtoto ili kuzuia maambukizo.,Hagia moko na thabuni na maaĩ mbere ya gũteithia mwana nĩguo ũgirĩrĩrie gũkua.,0.720127724,0.440890751,Misati,Hagia moko na thabuni na maaĩ mbere ya gũteithia mwana nĩguo ũgirĩrĩrie gũkua.,0.720127724,0.440890751,Cynthia,,
,Health,Take your child for regular weight and height checks to detect growth issues early.,Mchunguze mtoto wako kwa ukawaida ili aone uzito na kimo chake ili kugundua matatizo ya ukuzi mapema.,Twarana na mwana waku kaingĩ nĩguo ũmenye mathĩna ma gũkũra.,0.560072818,0.337041747,Misati,Twarana na mwana waku kaingĩ nĩguo ũmenye mathĩna ma gũkũra.,0.560072818,0.337041747,Cynthia,,
,Health,Excessive bleeding after childbirth is life-threatening. Seek immediate emergency care.,Mimba nyingi baada ya kujifungua ni hatari kwa uhai.,Kũruta thakame mũno thutha wa gũciara nĩ kũrĩ mogwati ma muoyo.,0.431591655,0.486098897,Misati,Kũruta thakame mũno thutha wa gũciara nĩ kũrĩ mogwati ma muoyo.,0.431591655,0.486098897,Cynthia,,
,Health,Register your child's birth early to secure legal identity and access to services.,Kuandikisha kuzaliwa kwa mtoto wako mapema ili kupata utambulisho wa kisheria na kupata huduma.,Gatua kũruta mwana waku kĩhĩĩ kĩhĩĩ kĩhĩĩ kĩhĩĩ kĩhĩĩ kĩhĩĩ kĩhĩĩ kĩhĩĩ kĩhĩĩ kĩhĩĩ kĩhĩĩ kĩhĩĩ kĩhĩĩ kĩhĩĩ kĩhĩĩ kĩhĩĩ kĩhĩĩ kĩhĩĩ kĩhĩĩ kĩhĩĩ kĩhĩĩ kĩhĩĩ kĩhĩĩ kĩhĩĩ kĩhĩĩ kĩhĩĩ kĩhĩĩ kĩhĩĩ kĩhĩĩ kĩhĩĩ kĩhĩĩ kĩhĩĩ kĩhĩĩ kĩhĩĩ kĩhĩĩ kĩhĩĩ kĩhĩĩ kĩhĩĩ kĩhĩĩ kĩhĩĩ kĩhĩĩ kĩhĩĩ kĩhĩĩ kĩhĩĩ kĩhĩĩ kĩhĩĩ kĩhĩĩ kĩhĩĩ kĩhĩĩ kĩhĩĩ kĩhĩĩ kĩhĩĩ kĩhĩĩ kĩhĩĩ kĩhĩĩ kĩhĩĩ kĩhĩĩ kĩhĩĩ kĩhĩĩ kĩhĩĩ kĩhĩĩ kĩhĩĩ kĩhĩĩ kĩhĩĩ,0.641596077,0.568405904,Misati,Gatua kũruta mwana waku kĩhĩĩ kĩhĩĩ kĩhĩĩ kĩhĩĩ kĩhĩĩ kĩhĩĩ kĩhĩĩ kĩhĩĩ kĩhĩĩ kĩhĩĩ kĩhĩĩ kĩhĩĩ kĩhĩĩ kĩhĩĩ kĩhĩĩ kĩhĩĩ kĩhĩĩ kĩhĩĩ kĩhĩĩ kĩhĩĩ kĩhĩĩ kĩhĩĩ kĩhĩĩ kĩhĩĩ kĩhĩĩ kĩhĩĩ kĩhĩĩ kĩhĩĩ kĩhĩĩ kĩhĩĩ kĩhĩĩ kĩhĩĩ kĩhĩĩ kĩhĩĩ kĩhĩĩ kĩhĩĩ kĩhĩĩ kĩhĩĩ kĩhĩĩ kĩhĩĩ kĩhĩĩ kĩhĩĩ kĩhĩĩ kĩhĩĩ kĩhĩĩ kĩhĩĩ kĩhĩĩ kĩhĩĩ kĩhĩĩ kĩhĩĩ kĩhĩĩ kĩhĩĩ kĩhĩĩ kĩhĩĩ kĩhĩĩ kĩhĩĩ kĩhĩĩ kĩhĩĩ kĩhĩĩ kĩhĩĩ kĩhĩĩ kĩhĩĩ kĩhĩĩ kĩhĩĩ,0.641596077,0.568405904,Cynthia,,
,Health,"Fast breathing, chest indrawing, or cough may signal pneumonia. Take the child to a clinic.","Kupumua haraka, kuvuta kifua, au kuumwa na kikohozi kunaweza kuonyesha kwamba mtoto ana homa ya mapafu.","Kũhuha na ihenya, kũhuha nda, kana kũhĩa no gũtũme mwana akorũo na ũcamba.",0.476600791,0.392877315,Misati,"Kũhuha na ihenya, kũhuha nda, kana kũhĩa no gũtũme mwana akorũo na ũcamba.",0.476600791,0.392877315,Cynthia,,
,Health,Breast milk contains nutrients vital for a baby's brain development.,Maziwa ya mama yana virutubisho muhimu kwa maendeleo ya ubongo wa mtoto.,Ũũkĩ wa mama ũrĩ na indo cia bata harĩ gũkũria ũgĩ wa mwana.,0.772856116,0.440252613,Misati,Ũũkĩ wa mama ũrĩ na indo cia bata harĩ gũkũria ũgĩ wa mwana.,0.772856116,0.440252613,Cynthia,,
,Health,Jerky movements or eye twitching in newborns may indicate seizures. Seek urgent care.,Huenda watoto wachanga wakaanza kutembea kwa njia isiyofaa au macho yao yakitetemeka.,"Ciana iria ciciarĩtwo nĩ ikoragwo na mĩhang'o mĩũru kana ikoragwo na maitho marerete, na no cionanie atĩ nĩ irĩ na ngucanio.",0.346831219,0.312025231,Misati,"Ciana iria ciciarĩtwo nĩ ikoragwo na mĩhang'o mĩũru kana ikoragwo na maitho marerete, na no cionanie atĩ nĩ irĩ na ngucanio.",0.346831219,0.312025231,Cynthia,,
,Health,"Households should provide safe, low-level toilets to encourage hygiene in toddlers.",Nyumba za nyumbani zinapaswa kuwa na vyoo salama na vya hali ya chini ili kuchochea usafi wa watoto wachanga.,Mĩciĩ-inĩ yagĩrĩirũo kũheana tũnyũmba twa gwĩthamba tũtarĩ na ũgwati nĩgetha ciana ciĩhumbĩrĩre ũmenyo wa mwĩrĩ.,0.539209868,0.415336967,Misati,Mĩciĩ-inĩ yagĩrĩirũo kũheana tũnyũmba twa gwĩthamba tũtarĩ na ũgwati nĩgetha ciana ciĩhumbĩrĩre ũmenyo wa mwĩrĩ.,0.539209868,0.415336967,Cynthia,,
,Health,Learn correct positioning and latching techniques from health workers during pregnancy.,Jifunze njia sahihi za kuweka vitu mahali na kuzifunga kutoka kwa wafanyakazi wa afya wakati wa ujauzito.,Wĩrute njĩra cia kũiga na kũiga wega cia kũiga na kũiga wega nĩ arĩa marutaga wĩra wa ũrigitani hĩndĩ ya nda.,0.611245808,0.310657277,Misati,Wĩrute njĩra cia kũiga na kũiga wega cia kũiga na kũiga wega nĩ arĩa marutaga wĩra wa ũrigitani hĩndĩ ya nda.,0.611245808,0.310657277,Cynthia,,
,Health,Place babies on their tummies while awake and supervised to build neck and motor strength.,Weka watoto kwenye tumbo lao wakiwa macho na wakifuatwa ili kujenga nguvu ya shingo na ya kusonga.,Ciana ciathirwo nda-inĩ ciaku ikĩũrũkĩte na ikĩrũgĩrĩrio nĩguo ciongererũo hinya wa mũtwe na wa gũtwarithia na mbere.,0.512091667,0.334377761,Misati,Ciana ciathirwo nda-inĩ ciaku ikĩũrũkĩte na ikĩrũgĩrĩrio nĩguo ciongererũo hinya wa mũtwe na wa gũtwarithia na mbere.,0.512091667,0.334377761,Cynthia,,
,Health,Coughing for more than two weeks? Pregnant women should get tested for TB early.,Wanawake wajawazito wanapaswa kuchunguzwa mapema ili kuona ikiwa kuna kifua kikuu.,Atumia arĩa marĩ na nda nĩ magĩrĩirũo gwĩkwo ũtuĩria wa ũrimũ wa thibeti o tene.,0.64457925,0.48498726,Misati,Atumia arĩa marĩ na nda nĩ magĩrĩirũo gwĩkwo ũtuĩria wa ũrimũ wa thibeti o tene.,0.64457925,0.48498726,Cynthia,,
,Health,Cracked bottles can harbor germs. Replace damaged feeding equipment promptly.,Vioo vilivyochanjwa vinaweza kuwa na viini na vifaa vilivyoharibiwa vya kulisha vinaweza kubadilishwa mara moja.,Mabotolo marĩa mahutũkĩtwo no magĩe na tũtarata.,0.478098434,0.31085965,Misati,Mabotolo marĩa mahutũkĩtwo no magĩe na tũtarata.,0.478098434,0.31085965,Cynthia,,
,Health,"Strong soaps can irritate baby's skin. Use mild, unscented options.",Sabuni zenye nguvu zinaweza kuchochea ngozi ya mtoto.,Mĩthemba mĩũru ya kũhũthĩra thabuni no ĩhũthie mwĩrĩ wa mwana.,0.677658907,0.382054748,Misati,Mĩthemba mĩũru ya kũhũthĩra thabuni no ĩhũthie mwĩrĩ wa mwana.,0.677658907,0.382054748,Cynthia,,
,Health,Repeated ear infections can cause hearing loss. Visit a health worker promptly.,Kuathiriwa mara kwa mara na kusikia kunaweza kusababisha upotezaji wa kusikia.,Kũhĩtũkĩra matũ maita maingĩ no gũtũme mũndũ aage kũigua.,0.529071229,0.440502075,Misati,Kũhĩtũkĩra matũ maita maingĩ no gũtũme mũndũ aage kũigua.,0.529071229,0.440502075,Cynthia,,
,Health,"If the cord stump bleeds or oozes pus, seek medical attention immediately.","Ikiwa kipande cha kamba ya mshipi kinakosa damu au kinatoka pus, tafuta matibabu mara moja.","Ũngĩigua thumu ya rũrigi ĩruma kana ĩgĩthira, rora thibitarĩ o narua.",0.424089444,0.298401255,Misati,"Ũngĩigua thumu ya rũrigi ĩruma kana ĩgĩthira, rora thibitarĩ o narua.",0.424089444,0.298401255,Cynthia,,
,Health,"Play is vital for a child's emotional, physical, and cognitive development.","Kucheza ni muhimu sana kwa ukuzi wa kihisia, kimwili, na utambuzi wa mtoto.","Kũhũũra nĩ kwa bata harĩ gũkũria ngoro, mwĩrĩ, na ũmenyo wa mwana.",0.720924906,0.582639459,Misati,"Kũhũũra nĩ kwa bata harĩ gũkũria ngoro, mwĩrĩ, na ũmenyo wa mwana.",0.720924906,0.582639459,Cynthia,,
,Health,"If sharing a bed with a baby, ensure the space is firm, flat, and free of pillows or loose bedding.","Ikiwa unashiriki kitanda na mtoto, hakikisha kwamba mahali hapo pana utulivu, ni tambarare, na hakuna vitambaa au vitanda vya kulala.","Ũngĩrĩkia kũiga gĩtanda hamwe na kaana, geria handũ kau gakĩkorũo ga kĩigano, ga kũiganania, na hatarĩ na mĩgongo kana nguo cia kũhũũra.",0.56737267,0.272857108,Misati,"Ũngĩrĩkia kũiga gĩtanda hamwe na kaana, geria handũ kau gakĩkorũo ga kĩigano, ga kũiganania, na hatarĩ na mĩgongo kana nguo cia kũhũũra.",0.56737267,0.272857108,Cynthia,,
,Health,Guide older children to handle babies gently to prevent unintentional harm.,Waongoze watoto wakubwa kushughulikia watoto kwa upole ili kuepuka madhara yasiyotarajiwa.,Tongoria ciana iria irĩ na ũkũrũ kũhiũrania na ciana ciaku na njĩra ya ũhooreri nĩguo itigathumbũrio.,0.637608895,0.497053127,Misati,Tongoria ciana iria irĩ na ũkũrũ kũhiũrania na ciana ciaku na njĩra ya ũhooreri nĩguo itigathumbũrio.,0.637608895,0.497053127,Cynthia,,
,Health,"A mother's diet during pregnancy influences her child's long-term health. Eat diverse, nutritious foods.",Chakula cha mama wakati wa ujauzito huathiri afya ya mtoto wake kwa muda mrefu.,Mwĩrĩ ũrĩa nyina arĩaga arĩ na nda nĩ ũhutagia ũgima wa mwĩrĩ wa mwana wake ihinda iraya.,0.759549614,0.546729051,Misati,Mwĩrĩ ũrĩa nyina arĩaga arĩ na nda nĩ ũhutagia ũgima wa mwĩrĩ wa mwana wake ihinda iraya.,0.759549614,0.546729051,Cynthia,,
,Health,Select toys that are safe and suitable for your child's age to prevent choking and injury.,Chagua vitu vya kuchezea ambavyo ni salama na vinafaa kwa umri wa mtoto wako ili kuzuia kufadhaika na kuumia.,Thuura indo cia gũthũkia iria irĩ na ũgitĩri na ciagĩrĩire mĩaka ya mwana waku nĩguo ũgirĩrĩrie kũhũrwo na kũgũa.,0.677765077,0.4199593,Misati,Thuura indo cia gũthũkia iria irĩ na ũgitĩri na ciagĩrĩire mĩaka ya mwana waku nĩguo ũgirĩrĩrie kũhũrwo na kũgũa.,0.677765077,0.4199593,Cynthia,,
,Health,"Stay calm, call for help, and follow safe delivery steps if birth begins unexpectedly.","Kaa ukiwa mtulivu, omba msaada, na ufuate hatua za usalama za kujifungua ikiwa kuzaa huanza bila kutarajiwa.","Ndũgatindĩke mũrakaru, ũrie ũteithio, na ũtue ikinya rĩa kũgĩa mwana angĩkorũo nĩ ũrarĩĩkia gũciara.",0.572943528,0.34037688,Misati,"Ndũgatindĩke mũrakaru, ũrie ũteithio, na ũtue ikinya rĩa kũgĩa mwana angĩkorũo nĩ ũrarĩĩkia gũciara.",0.572943528,0.34037688,Cynthia,,
,Health,Give children aged 6 months to 5 years vitamin A supplements every 6 months to strengthen immunity.,Wape watoto wenye umri wa miezi 6 hadi miaka 5 virutubisho vya vitamini A kila baada ya miezi 6 ili kuimarisha kinga.,He ciana cia mĩaka 6 nginya 5 maiganaine ma vitamini A o mweri 6 nĩguo ciongerere ũgitĩri.,0.799575905,0.463285425,Misati,He ciana cia mĩaka 6 nginya 5 maiganaine ma vitamini A o mweri 6 nĩguo ciongerere ũgitĩri.,0.799575905,0.463285425,Cynthia,,
,Health,Some over-the-counter drugs can harm your unborn baby. Always consult a health worker.,Dawa fulani zisizoweza kutolewa zinaweza kumdhuru mtoto wako asiyetoka kuzaliwa.,Mĩtaratara ĩmwe ya ndawa cia kũgũra ĩtarĩ ya kwandĩkwo no ĩkorũo ĩgũmĩire mwana waku ũrĩa ũtarĩ mũciare.,0.578782657,0.437904443,Misati,Mĩtaratara ĩmwe ya ndawa cia kũgũra ĩtarĩ ya kwandĩkwo no ĩkorũo ĩgũmĩire mwana waku ũrĩa ũtarĩ mũciare.,0.578782657,0.437904443,Cynthia,,
,Health,"Include iron-rich foods like spinach, liver, and beans in the diet to prevent anemia.","Ili kuzuia upungufu wa damu, ulaze chakula chenye chuma kama vile spinach, ini, na maharagwe.","Nĩguo ũgirĩrĩrie kwaga thakame ya mwĩrĩ, gĩa kũrĩa irio iria irĩ na ithima ta spinach, kĩimba, na mbegũ.",0.563870035,0.424872422,Misati,"Nĩguo ũgirĩrĩrie kwaga thakame ya mwĩrĩ, gĩa kũrĩa irio iria irĩ na ithima ta spinach, kĩimba, na mbegũ.",0.563870035,0.424872422,Cynthia,,
,Health,"Bleeding, severe headaches, blurred vision, or swelling are danger signs. Seek care immediately.","Damu, maumivu makali ya kichwa, kuona vibaya, au kuvimba ni ishara za hatari. - Tafuta matibabu mara moja.","Kũruta thakame, kũigua mũtwe ũrĩ na ruo rũnene, kuona na gũkua, kana kũhuha nĩ maũndũ marĩa mangĩtũma mũndũ akorũo na mũgwati. - Caria na ũrigitani o rĩu.",0.662019899,0.395290703,Misati,"Kũruta thakame, kũigua mũtwe ũrĩ na ruo rũnene, kuona na gũkua, kana kũhuha nĩ maũndũ marĩa mangĩtũma mũndũ akorũo na mũgwati. - Caria na ũrigitani o rĩu.",0.662019899,0.395290703,Cynthia,,
,Health,Stick to the national immunization schedule to protect children from deadly diseases.,Shikamana na ratiba ya chanjo ya kitaifa ili kuwalinda watoto kutokana na magonjwa hatari.,Rũmĩrĩra mũtaratara wa thigara wa bũrũri nĩ getha ciana itigakue na mĩrimũ ĩngĩtũma ciũre.,0.689791233,0.442077321,Misati,Rũmĩrĩra mũtaratara wa thigara wa bũrũri nĩ getha ciana itigakue na mĩrimũ ĩngĩtũma ciũre.,0.689791233,0.442077321,Cynthia,,
,Health,Postpartum depression is real. Encourage new mothers to seek help and talk openly.,Waalike akina mama wapya waombe msaada na wazungumze waziwazi.,Kũgĩa na ruo rwa thutha wa gũciara nĩ ũndũ wa ma.,0.565189403,0.451120378,Misati,Kũgĩa na ruo rwa thutha wa gũciara nĩ ũndũ wa ma.,0.565189403,0.451120378,Cynthia,,
,Health,"Feed your baby when they show hunger signs, not on a strict schedule. Watch for cues.","Mlishe mtoto wako anapokuwa na ishara za njaa, si kwa ratiba kali.","Ũhe mwana waku irio rĩrĩa arĩ na ng'aragu, no ti kũringana na mũtaratara ũrĩa wagĩrĩire.",0.492892281,0.512316225,Misati,"Ũhe mwana waku irio rĩrĩa arĩ na ng'aragu, no ti kũringana na mũtaratara ũrĩa wagĩrĩire.",0.492892281,0.512316225,Cynthia,,
,Health,Always boil and cool water used for preparing baby formula to avoid infections.,Daima chemsha na kuifanya maji ya baridi yatumiwe kutengeneza dawa ya mtoto ili kuepuka maambukizi.,Hĩa na ũtherie maaĩ marĩa marutagwo kũruga irio cia kũruga nĩguo ũgirĩke.,0.453981785,0.302862225,Misati,Hĩa na ũtherie maaĩ marĩa marutagwo kũruga irio cia kũruga nĩguo ũgirĩke.,0.453981785,0.302862225,Cynthia,,
,Health,Wash baby feeding items with soap and clean water to prevent diarrheal diseases.,Osha chakula cha mtoto kwa sabuni na maji safi ili kuzuia magonjwa ya kupasuka.,Hagia indo cia kũhe mwana irio na thabuni na maaĩ matheru nĩguo ũgirĩrĩrie gũkua nĩ ũndũ wa kũhiũrania na mĩrimũ ya kũhiũrania na ruo.,0.669457485,0.502232748,Misati,Hagia indo cia kũhe mwana irio na thabuni na maaĩ matheru nĩguo ũgirĩrĩrie gũkua nĩ ũndũ wa kũhiũrania na mĩrimũ ya kũhiũrania na ruo.,0.669457485,0.502232748,Cynthia,,
,Health,"Sunken eyes, dry mouth, and less urine may indicate dehydration. Give fluids and seek care.","Macho yaliyoshuka, mdomo uliokauka, na mkojo mdogo huenda ukaonyesha kwamba umepata maji ya kutosha.","Maitho marĩa maanyitirũo nĩ maĩ, kanua gakĩuma, na kũhũthĩra kĩhumo kĩnini gĩa kũhutia maaĩ no gũtũme mũndũ ahũre.",0.45650298,0.309747653,Misati,"Maitho marĩa maanyitirũo nĩ maĩ, kanua gakĩuma, na kũhũthĩra kĩhumo kĩnini gĩa kũhutia maaĩ no gũtũme mũndũ ahũre.",0.45650298,0.309747653,Cynthia,,
,Health,Giving herbs to infants can delay proper treatment and worsen illness. Seek medical advice.,Kutoa mimea kwa watoto wachanga kunaweza kuchelewesha matibabu yanayofaa na kufanya magonjwa yawe mabaya zaidi.,Kũhe ciana indo cia kũmenyeria no gũtũme ũrigitani ũkorũo ũtarĩ mwega na ũgatũma ciĩga ciongerereke.,0.643709649,0.411431756,Misati,Kũhe ciana indo cia kũmenyeria no gũtũme ũrigitani ũkorũo ũtarĩ mwega na ũgatũma ciĩga ciongerereke.,0.643709649,0.411431756,Cynthia,,
,Health,Keep the umbilical cord stump dry and clean to prevent infection.,Weka kamba ya umbilio kavu na safi ili kuzuia maambukizo.,Rũmia mũtaratara wa mbembe ũrĩ mũtheru na ũrĩ mũtheru nĩguo ũgirĩrĩrie ũrimũ.,0.518574519,0.341871781,Misati,Rũmia mũtaratara wa mbembe ũrĩ mũtheru na ũrĩ mũtheru nĩguo ũgirĩrĩrie ũrimũ.,0.518574519,0.341871781,Cynthia,,
,Health,Violence harms pregnant women physically and mentally. Support and refer survivors for help.,Jeuri huumiza kimwili na kiakili wanawake wajawazito.,Kũnyararwo nĩ andũ arĩa marĩ na nda nĩ kũhinyĩrĩrĩka mwĩrĩ na meciria.,0.676818204,0.343349937,Misati,Kũnyararwo nĩ andũ arĩa marĩ na nda nĩ kũhinyĩrĩrĩka mwĩrĩ na meciria.,0.676818204,0.343349937,Cynthia,,
,Health,"Teach girls about periods, hygiene, and body changes before puberty starts.","Wafundishe wasichana kuhusu hedhi, usafi, na mabadiliko ya mwili kabla ya kubalehe kuanza.","Arutithia airĩtu ũhoro wa ihinda rĩa gũikara, gũthondeka mĩtugo na mogarũrũku ma mwĩrĩ mbere ya ihinda rĩa gũkinya mĩaka ya ũkũrũ.",0.7373805,0.426597971,Misati,"Arutithia airĩtu ũhoro wa ihinda rĩa gũikara, gũthondeka mĩtugo na mogarũrũku ma mwĩrĩ mbere ya ihinda rĩa gũkinya mĩaka ya ũkũrũ.",0.7373805,0.426597971,Cynthia,,
,Health,"There is no shame in seeking help for depression. In fact, seeking help is a sign of strength, not weakness. If you or someone you know is struggling with depression, please reach out to a mental health professional or a crisis hotline","Ikiwa wewe au mtu unayemjua ana ugonjwa wa kushuka moyo, tafadhali wasiliana na mtaalamu wa afya ya akili au simu ya simu ya dharura","Gũtirĩ ũndũ wa thoni wa gũcaria ũteithio harĩ kũhiũrania na ihooru. Ma nĩ atĩ, gũcaria ũteithio nĩ kĩmenyithia kĩa hinya, ti wa ũgwati.",0.645500159,0.506855437,Misati,"Gũtirĩ ũndũ wa thoni wa gũcaria ũteithio harĩ kũhiũrania na ihooru. Ma nĩ atĩ, gũcaria ũteithio nĩ kĩmenyithia kĩa hinya, ti wa ũgwati.",0.645500159,0.506855437,Cynthia,,
,Health,The COVID-19 pandemic may be causing extra stress for many people. Learn the common signs of a mental health crisis and ways you can help.,Janga la COVID-19 linaweza kuwafanya watu wengi wawe na mkazo zaidi. Jifunze ishara za kawaida za mgogoro wa afya ya akili na njia unazoweza kusaidia.,Ũhoro wĩgiĩ kũhiũrania na mũrimũ wa kũhiũrania na mũrimũ wa kũhiũrania na mũrimũ wa kũhiũrania na mũrimũ wa kũhiũrania na mũrimũ wa kũhiũrania na mũrimũ wa kũhiũrania na mũrimũ wa kũhiũrania na mũrimũ wa kũhiũrania na mũrimũ wa kũhiũrania na mũrimũ wa kũhiũrania na mũrimũ wa kũhiũrania na mũrimũ wa kũhiũrania na mũrimũ wa kũhiũrania na mũrimũ wa kũhiũrania na mũrimũ wa kũhiũrania na mũrimũ wa kũhiũrania na mũrimũ wa kũhiũrania na mũrimũ wa kũhiũrania na mũrimũ wa kũhiũrania na mũrimũ wa kũhiũrania na mũrimũ wa kũhiũrania na mũrimũ wa kũhiũrania na mũrimũ wa kũhiũrania na mũrimũ wa kũhiũrania,0.66936755,0.683087126,Misati,Ũhoro wĩgiĩ kũhiũrania na mũrimũ wa kũhiũrania na mũrimũ wa kũhiũrania na mũrimũ wa kũhiũrania na mũrimũ wa kũhiũrania na mũrimũ wa kũhiũrania na mũrimũ wa kũhiũrania na mũrimũ wa kũhiũrania na mũrimũ wa kũhiũrania na mũrimũ wa kũhiũrania na mũrimũ wa kũhiũrania na mũrimũ wa kũhiũrania na mũrimũ wa kũhiũrania na mũrimũ wa kũhiũrania na mũrimũ wa kũhiũrania na mũrimũ wa kũhiũrania na mũrimũ wa kũhiũrania na mũrimũ wa kũhiũrania na mũrimũ wa kũhiũrania na mũrimũ wa kũhiũrania na mũrimũ wa kũhiũrania na mũrimũ wa kũhiũrania na mũrimũ wa kũhiũrania na mũrimũ wa kũhiũrania na mũrimũ wa kũhiũrania,0.66936755,0.683087126,Cynthia,,
,Health,"Let's talk mental health! If they stopped talking, please check on them.",Hebu tuzungumze juu ya afya ya akili!,"Angĩkorũo nĩ marekire kwaria, tũthuthurie ũrĩa marathiĩ.",0.64130895,0.405339923,Misati,"Angĩkorũo nĩ marekire kwaria, tũthuthurie ũrĩa marathiĩ.",0.64130895,0.405339923,Cynthia,,
,Health,"Cervical cancer is one of the most preventable and treatable cancers when detected early. This month, let's join hands to raise awareness, encourage regular screenings, and support initiatives for prevention and early diagnosis","Kansa ya shingo ya uzazi ni mojawapo ya aina za kansa zinazoweza kuepukwa na kutibiwa zaidi wakati zinagunduliwa mapema. Mwezi huu, hebu tushirikiane kuongeza ufahamu, kuhamasisha uchunguzi wa kawaida, na kusaidia mipango ya kuzuia na utambuzi wa mapema","Cancer ya thiithi wa nda nĩ ĩmwe ya mĩthemba ya cancer ĩrĩa ĩgiragĩrũo na ĩgagĩrũo mũno rĩrĩa ĩgetherio tene. Mweri ũyũ, rekei tũnyitanĩre gũteithia andũ, kũheana ũhoti wa gũthuthuria, na kũnyita mbaru mĩbango ya kũgirĩrĩria na gũtuĩria andũ tene",0.617757753,0.418018157,Misati,"Cancer ya thiithi wa nda nĩ ĩmwe ya mĩthemba ya cancer ĩrĩa ĩgiragĩrũo na ĩgagĩrũo mũno rĩrĩa ĩgetherio tene. Mweri ũyũ, rekei tũnyitanĩre gũteithia andũ, kũheana ũhoti wa gũthuthuria, na kũnyita mbaru mĩbango ya kũgirĩrĩria na gũtuĩria andũ tene",0.617757753,0.418018157,Cynthia,,
,Health,Everyone deserves respect and support in their mental health journey. Let's break the stigma and build a world where we prioritize well-being for all.,Kila mtu anastahili heshima na msaada katika safari yao ya afya ya akili. Hebu tuvunje stigma na kujenga ulimwengu ambapo tunaweka kipaumbele ustawi wa wote.,O mũndũ nĩ agĩrĩire kũheagwo gĩtĩo na ũteithio rũgendo-inĩ rwake rwa ũgima wa meciria. Rekei tũhũre kĩhĩnga kĩu na twake thĩ ĩrĩa tũgĩteithia andũ othe magĩe na ũgima mwega.,0.675794864,0.512959839,Misati,O mũndũ nĩ agĩrĩire kũheagwo gĩtĩo na ũteithio rũgendo-inĩ rwake rwa ũgima wa meciria. Rekei tũhũre kĩhĩnga kĩu na twake thĩ ĩrĩa tũgĩteithia andũ othe magĩe na ũgima mwega.,0.675794864,0.512959839,Cynthia,,
,Health,"As we stay home  and celebrate Easter holiday, we are reminded about our mental health. Be keen on what you consume as information during these troubled times, be mindful about your health  and that of others. Share love, not panic  and fear","Tunapoishi nyumbani na kusherehekea sikukuu ya Pasaka, tunakumbushwa kuhusu afya yetu ya akili. Uwe mwangalifu kuhusu kile unachotumia kama habari wakati huu wenye matatizo, uwe mwangalifu kuhusu afya yako na ya wengine.","Rĩrĩa tũrarũgama mũciĩ tũkarĩĩa thigũkũ ya Isita, nĩ tũririkanaga ũrĩa tũkoragwo na ũgima wa meciria.",0.683779226,0.551244167,Misati,"Rĩrĩa tũrarũgama mũciĩ tũkarĩĩa thigũkũ ya Isita, nĩ tũririkanaga ũrĩa tũkoragwo na ũgima wa meciria.",0.683779226,0.551244167,Cynthia,,
,Health,"Drug or alcohol addiction can exacerbate feelings of hopelessness, worsen mental health conditions, impair decision-making, and increase the risk of suicidal thoughts. Avoid drugs and substance abuse","Uvutaji wa dawa za kulevya au pombe unaweza kufanya mtu ahisi kwamba hana tumaini, kufanya afya ya akili iwe mbaya zaidi, kufanya maamuzi mabaya, na kuongezeka kwa hatari ya kufikiri kujiua.","Kũhũthĩra ndawa cia kũrebia kana njohi kũngĩgĩtũma mũndũ aigue arĩ mũgwati, agĩe na mathĩna ma mwĩrĩ, agĩe na mawathe ma gũtua matua, na agĩe na mogarũrũku maingĩ ma gwĩciria kwĩyũraga.",0.554664881,0.517230935,Misati,"Kũhũthĩra ndawa cia kũrebia kana njohi kũngĩgĩtũma mũndũ aigue arĩ mũgwati, agĩe na mathĩna ma mwĩrĩ, agĩe na mawathe ma gũtua matua, na agĩe na mogarũrũku maingĩ ma gwĩciria kwĩyũraga.",0.554664881,0.517230935,Cynthia,,
,Agriculture,"Access accurate weather forecasts for your area to plan dairy farming like planting, spraying, or harvesting effectively.","Pata utabiri sahihi wa hali ya hewa kwa eneo lako ili upange kwa ufanisi kilimo cha maziwa kama vile kupanda, kunyunyizia, au kuvuna.","Wĩrute ũhoro wa ihinda rĩrĩa rĩothe rĩgaakorũo rĩrĩ hakuhĩ nĩguo ũhote kũhaanda iria, ta kũrĩma, gũtheremia, kana kũgetha.",0.659823533,0.374649955,Misati,"Wĩrute ũhoro wa ihinda rĩrĩa rĩothe rĩgaakorũo rĩrĩ hakuhĩ nĩguo ũhote kũhaanda iria, ta kũrĩma, gũtheremia, kana kũgetha.",0.659823533,0.374649955,Cynthia,,
,Agriculture,Access early warning information on flooding from KMD to prepare and protect your livestock.,Pata habari za onyo la mapema kuhusu mafuriko kutoka KMD ili kuandaa na kulinda mifugo yako.,Ũngĩgunĩka nĩ ũhoro wa kũmenyeria andũ tene ũhoro-inĩ wĩgiĩ mĩiyũro ya KMD nĩguo ũhote kũhaarĩria na kũgitĩra mahiũ maku.,0.703765215,0.467501961,Misati,Ũngĩgunĩka nĩ ũhoro wa kũmenyeria andũ tene ũhoro-inĩ wĩgiĩ mĩiyũro ya KMD nĩguo ũhote kũhaarĩria na kũgitĩra mahiũ maku.,0.703765215,0.467501961,Cynthia,,
,Agriculture,Adapt your farming practices on the fish pond to cope with climate change impacts like drought. Learn about resilient varieties and techniques.,Fanya mazoezi yako ya kilimo kwenye bwawa la samaki ili kukabiliana na athari za mabadiliko ya hali ya hewa kama vile ukame.,Wĩrute ũhoro wa mĩthemba na njĩra cia kũhiũrania na mogarũrũku ma ihuhũkanio ta ng'aragu.,0.63616874,0.532682338,Misati,Wĩrute ũhoro wa mĩthemba na njĩra cia kũhiũrania na mogarũrũku ma ihuhũkanio ta ng'aragu.,0.63616874,0.532682338,Cynthia,,
,Agriculture,Adding value to mushrooms can significantly increase your income. Explore simple processing techniques and market opportunities for value-added products.,Kuongeza thamani ya uyoga kunaweza kuongeza sana mapato yako.,Kũongerera mbeca cia mbembe nĩ kũrĩhotaga kũongerera mbeca ciaku mũno.,0.634358607,0.412330215,Misati,Kũongerera mbeca cia mbembe nĩ kũrĩhotaga kũongerera mbeca ciaku mũno.,0.634358607,0.412330215,Cynthia,,
,Agriculture,Adding value to vegetables can significantly increase your income. Explore simple processing techniques and market opportunities for value-added products.,Kuongeza thamani ya mboga kunaweza kuongeza sana mapato yako.,Kũongerera indo iria irĩ na goro no gũtũme wongerere mbeca ciaku mũno.,0.636971749,0.441191351,Misati,Kũongerera indo iria irĩ na goro no gũtũme wongerere mbeca ciaku mũno.,0.636971749,0.441191351,Cynthia,,
,Agriculture,Adopt best practices in aquaculture (fish farming) for species like catfish to maximize yields and profitability sustainably.,Kuchukua mazoea bora katika kilimo cha maji (kulima samaki) kwa spishi kama vile samaki wa paka ili kuongeza mavuno na faida kwa njia endelevu.,Kũhũthĩra njĩra njega mũno cia kũruta wĩra wa gũciara iria-inĩ (kuuriaga thamaki) harĩ mĩthemba ta ya thamaki cia gĩkũyũ nĩguo kũgĩe na ũgarũrũku mũnene wa maciaro na mbeca na njĩra ya gũtũũra.,0.625510644,0.360640496,Misati,Kũhũthĩra njĩra njega mũno cia kũruta wĩra wa gũciara iria-inĩ (kuuriaga thamaki) harĩ mĩthemba ta ya thamaki cia gĩkũyũ nĩguo kũgĩe na ũgarũrũku mũnene wa maciaro na mbeca na njĩra ya gũtũũra.,0.625510644,0.360640496,Cynthia,,
,Agriculture,Adopt sustainable intercropping methods to protect the environment and ensure the long-term productivity of your small farm.,Tumia mbinu za kudumu za kuzalisha mazao ya kati ili kulinda mazingira na kuhakikisha uzalishaji wa muda mrefu wa shamba lako dogo.,Gĩa na njĩra cia kũruta mĩgũnda mĩingĩ na njĩra ya kũgitĩra mũthiũrũrũko na kũiga indo iria irĩ thĩinĩ wa mũgũnda waku.,0.515148568,0.345116577,Misati,Gĩa na njĩra cia kũruta mĩgũnda mĩingĩ na njĩra ya kũgitĩra mũthiũrũrũko na kũiga indo iria irĩ thĩinĩ wa mũgũnda waku.,0.515148568,0.345116577,Cynthia,,
,Agriculture,"Adopt the 'One Health' approach recognizing the link between human, animal, and environmental health in managing foodborne illnesses.","Kufuata mbinu ya ""Usafi Mmoja"" ikitambua uhusiano kati ya afya ya binadamu, wanyama, na mazingira katika kudhibiti magonjwa yanayosababishwa na chakula.","Gũkĩra mũtaratara wa 'One Health' ũmenyaga ũkuruhanu gatagatĩ ka andũ, nyamũ, na ũgitĩri wa mũthiũrũrũko harĩ kũhiũrania na mĩrimũ ĩrĩa ĩtheranagwo nĩ irio.",0.651626597,0.533074544,Misati,"Gũkĩra mũtaratara wa 'One Health' ũmenyaga ũkuruhanu gatagatĩ ka andũ, nyamũ, na ũgitĩri wa mũthiũrũrũko harĩ kũhiũrania na mĩrimũ ĩrĩa ĩtheranagwo nĩ irio.",0.651626597,0.533074544,Cynthia,,
,Agriculture,"Adopt the 'One Health' approach, recognizing the interconnectedness of human, animal, and environmental health, especially in managing foodborne illnesses.","Kufuata mbinu ya ""Usafi Mmoja"", ikitambua uhusiano wa afya ya binadamu, wanyama, na mazingira, hasa katika kudhibiti magonjwa yanayosababishwa na chakula.","Gũkĩra mũtaratara wa 'One Health', kũmenyaga ũrĩa ũhutanĩtie na andũ, nyamũ, na ũgitĩri wa mũthiũrũrũko, makĩria harĩ kũrũgamĩrĩra mĩrimũ ĩrĩa ĩtheranagwo nĩ irio.",0.638470503,0.468576816,Misati,"Gũkĩra mũtaratara wa 'One Health', kũmenyaga ũrĩa ũhutanĩtie na andũ, nyamũ, na ũgitĩri wa mũthiũrũrũko, makĩria harĩ kũrũgamĩrĩra mĩrimũ ĩrĩa ĩtheranagwo nĩ irio.",0.638470503,0.468576816,Cynthia,,
,Agriculture,"Adopt the 'One Health' approach, recognizing the interconnectedness of human, animal, and environmental health, especially in managing zoonotic diseases.","Kufuata mbinu ya ""Usafi Mmoja"", ikitambua uhusiano wa afya ya binadamu, wanyama, na mazingira, hasa katika usimamizi wa magonjwa ya wanyama.","Gũkĩra mũtaratara wa 'One Health', kũmenyaga ũrata wa andũ, nyamũ, na ũgitĩri wa mũthiũrũrũko, makĩria harĩ kũrũgamĩrĩra mĩrimũ ya nyamũ.",0.645746742,0.492540749,Misati,"Gũkĩra mũtaratara wa 'One Health', kũmenyaga ũrata wa andũ, nyamũ, na ũgitĩri wa mũthiũrũrũko, makĩria harĩ kũrũgamĩrĩra mĩrimũ ya nyamũ.",0.645746742,0.492540749,Cynthia,,
,Agriculture,Agricultural insurance protects against risks like drought. Learn about available insurance products for dairy cattle and how to access them.,Jifunze kuhusu bidhaa za bima za mifugo ya maziwa zinazopatikana na jinsi ya kuzipata.,Wĩruti wa indo cia kũrĩma nĩ ũgitagĩra andũ kũhiũrania na mogwati ta ng'aragu.,0.637826901,0.440970386,Misati,Wĩruti wa indo cia kũrĩma nĩ ũgitagĩra andũ kũhiũrania na mogwati ta ng'aragu.,0.637826901,0.440970386,Cynthia,,
,Agriculture,Agricultural insurance protects against risks like pest outbreak. Learn about available insurance products for poultry and how to access them.,Jifunze kuhusu bidhaa za bima za kuku zinazopatikana na jinsi ya kuzipata.,Wĩyathi wa kũruta wĩra wa ũgũri nĩ ũgitagĩra mũingĩ ũtarĩ na ũgwati ta wa kũruta wĩra wa kũruta wĩra wa ũgũri.,0.581172242,0.348519578,Misati,Wĩyathi wa kũruta wĩra wa ũgũri nĩ ũgitagĩra mũingĩ ũtarĩ na ũgwati ta wa kũruta wĩra wa kũruta wĩra wa ũgũri.,0.581172242,0.348519578,Cynthia,,
,Agriculture,"Are there export opportunities for your fruits? Learn about international standards, certifications, and potential buyers for Kenyan produce.","Je, kuna fursa za kuuza nje matunda yako? Jifunze kuhusu viwango vya kimataifa, vyeti, na wanunuzi wanaoweza kununua bidhaa za Kenya.","Wĩrute ũhoro wĩgiĩ mabũrũri marĩa marakĩhũthĩra indo cia Kenya, marĩa marĩĩtĩkanĩtie na indo icio, na arĩa mangĩgũra indo icio.",0.688195731,0.335237913,Misati,"Wĩrute ũhoro wĩgiĩ mabũrũri marĩa marakĩhũthĩra indo cia Kenya, marĩa marĩĩtĩkanĩtie na indo icio, na arĩa mangĩgũra indo icio.",0.688195731,0.335237913,Cynthia,,
,Agriculture,"Boost productivity in poultry farming through improved breeds, feeding, housing, and healthcare practices.","Kuongeza tija katika kilimo cha kuku kupitia mbegu bora, kulisha, makao, na mazoea ya huduma ya afya.","Kũongerera ũrutaga wĩra wa kũruta nyũnyi cia ng'ombe kũgerera kũgarũra mĩthemba ya mĩmera, kũheana irio, kũiga mĩciĩ, na kũmenyeria andũ.",0.627822871,0.410680967,Misati,"Kũongerera ũrutaga wĩra wa kũruta nyũnyi cia ng'ombe kũgerera kũgarũra mĩthemba ya mĩmera, kũheana irio, kũiga mĩciĩ, na kũmenyeria andũ.",0.627822871,0.410680967,Cynthia,,
,Agriculture,Branding helps differentiate your vegetables. Learn how to create a simple brand identity and market your vegetables effectively.,Kufanya biashara ya chapa husaidia kutofautisha mboga zako. Jifunze jinsi ya kuunda utambulisho rahisi wa chapa na kuuza mboga zako kwa ufanisi.,Kũhũthĩra marangi nĩ gũteithagia mĩmera yaku ĩkorũo ĩrĩ ngũrani. Wĩrute ũrĩa ũngĩgĩa na marangi marĩkũ na ũhote kũmarĩithia wega.,0.632879719,0.350953468,Misati,Kũhũthĩra marangi nĩ gũteithagia mĩmera yaku ĩkorũo ĩrĩ ngũrani. Wĩrute ũrĩa ũngĩgĩa na marangi marĩkũ na ũhote kũmarĩithia wega.,0.632879719,0.350953468,Cynthia,,
,Agriculture,"Build drought resilience through practices like water harvesting, drought-tolerant crops (sweet potatoes), and strategic storage.","Kujenga upinzani wa ukame kupitia mazoea kama vile kuvuna maji, mazao yanayovumilia ukame (mbegu tamu), na uhifadhi wa kimkakati.","Kũgĩa na ũhoti wa kũhiũrania na mang'ũrĩ kũgerera njĩra ta kũgetha maĩ, kũgetha mĩmera ĩtarĩ na mang'ũrĩ (mĩmera ya macungwa), na kũiga indo na njĩra ya bata.",0.672238194,0.443723107,Misati,"Kũgĩa na ũhoti wa kũhiũrania na mang'ũrĩ kũgerera njĩra ta kũgetha maĩ, kũgetha mĩmera ĩtarĩ na mang'ũrĩ (mĩmera ya macungwa), na kũiga indo na njĩra ya bata.",0.672238194,0.443723107,Cynthia,,
,Agriculture,Conduct a cost-benefit analysis before adopting new practices like drip irrigation to ensure they are financially viable for your poultry rearing.,Fanya uchambuzi wa gharama na faida kabla ya kupitisha mazoea mapya kama umwagiliaji wa matone ili kuhakikisha kuwa yanafaa kiuchumi kwa ajili ya kilimo chako cha kuku.,Thiĩ na ũthuthuria wa thogora na ũguni mbere ya gwĩkĩra njĩra njerũ ta gũthereria mbũri na tũcungwa nĩguo wone atĩ nĩ cia bata ũthii wa na mbere harĩ kũrera ng'ombe ciaku.,0.70555037,0.414393824,Misati,Thiĩ na ũthuthuria wa thogora na ũguni mbere ya gwĩkĩra njĩra njerũ ta gũthereria mbũri na tũcungwa nĩguo wone atĩ nĩ cia bata ũthii wa na mbere harĩ kũrera ng'ombe ciaku.,0.70555037,0.414393824,Cynthia,,
,Agriculture,Connect with institutional buyers like hospitals to supply your vegetables consistently. Understand their requirements.,Ungana na wanunuzi wa taasisi kama vile hospitali ili uandae mboga zako kwa utaratibu.,"Nĩguo ũhote kũheana mboga ciaku na njĩra ĩrĩa ĩtaagĩrĩire, hũthagĩra mahinda na njĩra ya kũiguithania na arĩa marĩ na indo ta thibitarĩ.",0.618440279,0.324768668,Misati,"Nĩguo ũhote kũheana mboga ciaku na njĩra ĩrĩa ĩtaagĩrĩire, hũthagĩra mahinda na njĩra ya kũiguithania na arĩa marĩ na indo ta thibitarĩ.",0.618440279,0.324768668,Cynthia,,
,Agriculture,"Connect with institutional buyers like hotels to supply your milk regularly. Understand their quality, quantity, and delivery requirements.",Ungana na wanunuzi wa taasisi kama vile hoteli ili uongeze maziwa yako kwa ukawaida.,"Nĩ ũgũkorũo na ũrata na arĩa makũragĩra iria, ta hoteri, nĩguo ũmenye ũrĩa ũragĩa iria, na ũrĩa ũragĩa na ũhoti wa kũheana iria.",0.600919695,0.312325012,Misati,"Nĩ ũgũkorũo na ũrata na arĩa makũragĩra iria, ta hoteri, nĩguo ũmenye ũrĩa ũragĩa iria, na ũrĩa ũragĩa na ũhoti wa kũheana iria.",0.600919695,0.312325012,Cynthia,,
,Agriculture,"Conserve biodiversity on your farm by protecting native plants, creating wildlife corridors, and using diverse crop/livestock varieties.","Weka mazingira ya kilimo chako kwa kulinda mimea ya asili, kuunda njia za wanyama wa mwituni, na kutumia aina mbalimbali za mazao na wanyama.","Gũtũũria ũingĩ wa indo iria irĩ muoyo arĩmi-inĩ maku na njĩra ya kũgitĩra mĩmera ya kũu, kũhingia mĩhĩrĩga ya nyamũ cia gĩthaka, na kũhũthĩra mĩthemba mĩingĩ ya mĩmera na nyamũ cia gĩthaka.",0.485057514,0.502707168,Misati,"Gũtũũria ũingĩ wa indo iria irĩ muoyo arĩmi-inĩ maku na njĩra ya kũgitĩra mĩmera ya kũu, kũhingia mĩhĩrĩga ya nyamũ cia gĩthaka, na kũhũthĩra mĩthemba mĩingĩ ya mĩmera na nyamũ cia gĩthaka.",0.485057514,0.502707168,Cynthia,,
,Agriculture,"Conserve water on your farm through techniques like mulching, rainwater harvesting, and drought-resistant crops like millet.","Weka maji kwenye shamba lako kwa kutumia mbinu kama vile kuokota masalio, kukusanya maji ya mvua, na mazao yanayoweza kukabiliana na ukame kama vile millet.","Ũrĩmĩ ũtegũthũkia ũtegũthiĩ na mbere kũruta wĩra wa kũruga, kũruta maĩ ma mbura, na kũruta mĩmera ĩtarĩ na mang'ũrĩ ta nyũngũ.",0.528560993,0.321447898,Misati,"Ũrĩmĩ ũtegũthũkia ũtegũthiĩ na mbere kũruta wĩra wa kũruga, kũruta maĩ ma mbura, na kũruta mĩmera ĩtarĩ na mang'ũrĩ ta nyũngũ.",0.528560993,0.321447898,Cynthia,,
,Agriculture,"Conserve water on your farm through techniques like mulching, rainwater harvesting, and drought-resistant crops like sweet potatoes.","Weka maji kwenye shamba lako kwa kutumia mbinu kama vile kuokota masalio, kukusanya maji ya mvua, na mazao yenye kukabiliana na ukame kama vile viazi tamu.","Ũrĩmĩ ũtegũthũkia ũtegũthiĩ na mbere kũruta wĩra wa kũruga, kũruta maĩ ma mbura, na kũruta mĩmera ĩtarĩ na mang'ũrĩ ta mbembe.",0.56085079,0.325020181,Misati,"Ũrĩmĩ ũtegũthũkia ũtegũthiĩ na mbere kũruta wĩra wa kũruga, kũruta maĩ ma mbura, na kũruta mĩmera ĩtarĩ na mang'ũrĩ ta mbembe.",0.56085079,0.325020181,Cynthia,,
,Agriculture,Control coffee berry disease in an environmentally friendly way using Integrated Pest Management (IPM) techniques suitable for rice.,Kudhibiti ugonjwa wa matunda ya kahawa kwa njia ya mazingira kwa kutumia mbinu za Usimamizi wa Wadudu wa Pamoja (IPM) zinazofaa kwa mchele.,Kũrũa na mũrimũ wa kabuni wa kabuni na njĩra ya ũgitĩri wa mũthiithũ kũgerera njĩra cia kũmenyeria mĩrimũ ĩrĩa ĩhũthĩrĩtwo kũmenyeria mũtu wa mũtu wa mũtu wa mũtu.,0.659508972,0.351066942,Misati,Kũrũa na mũrimũ wa kabuni wa kabuni na njĩra ya ũgitĩri wa mũthiithũ kũgerera njĩra cia kũmenyeria mĩrimũ ĩrĩa ĩhũthĩrĩtwo kũmenyeria mũtu wa mũtu wa mũtu wa mũtu.,0.659508972,0.351066942,Cynthia,,
,Agriculture,Control fall armyworm in an environmentally friendly way using Integrated Pest Management (IPM) techniques suitable for onions.,Kudhibiti kuanguka armyworm kwa njia ya mazingira rafiki kwa kutumia Integrated Pest Management (IPM) mbinu zinazofaa kwa viazi.,Kũrũnga mũbira wa mũbira wa mũbira wa mũbira wa mũbira na njĩra ya ũgitĩri wa mũthiũrũrũko kũgerera njĩra cia kũmenyeria mĩmera ĩrĩa ĩhũthĩkaga kũmenyeria mĩmera ya mũbira wa mũbira wa mũbira wa mũbira wa mũbira wa mũbira wa mũbira wa mũbira wa mũbira wa mũbira wa mũbira wa mũbira wa mũbira wa mũbira wa mũbira wa mũbira wa mũbira wa mũbira wa mũbira wa mũbira wa mũbira wa mũbira wa mũbira wa mũbira wa mũbira wa mũbira wa mũbira wa mũbira wa mũbira wa mũbira wa mũbira wa mũbira wa mũbira wa mũbira wa mũbira wa mũbira wa mũbira wa mũbira wa mũbira wa mũbira wa mũbira wa mũbira wa mũbira wa mũbira wa mũbira wa mũbira wa mũbira wa mũbira wa mũ,0.652288811,0.609906594,Misati,Kũrũnga mũbira wa mũbira wa mũbira wa mũbira wa mũbira na njĩra ya ũgitĩri wa mũthiũrũrũko kũgerera njĩra cia kũmenyeria mĩmera ĩrĩa ĩhũthĩkaga kũmenyeria mĩmera ya mũbira wa mũbira wa mũbira wa mũbira wa mũbira wa mũbira wa mũbira wa mũbira wa mũbira wa mũbira wa mũbira wa mũbira wa mũbira wa mũbira wa mũbira wa mũbira wa mũbira wa mũbira wa mũbira wa mũbira wa mũbira wa mũbira wa mũbira wa mũbira wa mũbira wa mũbira wa mũbira wa mũbira wa mũbira wa mũbira wa mũbira wa mũbira wa mũbira wa mũbira wa mũbira wa mũbira wa mũbira wa mũbira wa mũbira wa mũbira wa mũbira wa mũbira wa mũbira wa mũbira wa mũbira wa mũbira wa mũbira wa mũbira wa mũ,0.652288811,0.609906594,Cynthia,,
,Agriculture,Control weeds in an environmentally friendly way using Integrated Pest Management (IPM) techniques suitable for onions.,Kudhibiti magugu kwa njia ya mazingira kwa kutumia mbinu za Usimamizi wa Wadudu Wenye Kujiunga (IPM) zinazofaa kwa viazi.,Kũrũnga mĩmera mĩũru na njĩra ya ũgitĩri wa mũthiithũ wa mũthiithũ kũgerera njĩra cia kũmenyeria mĩmera mĩũru (IPM) iria ciagĩrĩire kũmenyerera mbembe.,0.615085326,0.463433494,Misati,Kũrũnga mĩmera mĩũru na njĩra ya ũgitĩri wa mũthiithũ wa mũthiithũ kũgerera njĩra cia kũmenyeria mĩmera mĩũru (IPM) iria ciagĩrĩire kũmenyerera mbembe.,0.615085326,0.463433494,Cynthia,,
,Agriculture,Develop a clear business plan for your irrigation or dairy unit. Learn the essential components and how it helps in securing finance.,"Panga mpango wa biashara wazi kwa ajili ya kiwanda chako cha umwagiliaji au maziwa, jifunze mambo muhimu na jinsi inavyoweza kukusaidia kupata fedha.",Wĩrute maũndũ marĩa ma bata na ũrĩa ũteithagia kũgĩa na mbeca.,0.530268223,0.467645237,Misati,Wĩrute maũndũ marĩa ma bata na ũrĩa ũteithagia kũgĩa na mbeca.,0.530268223,0.467645237,Cynthia,,
,Agriculture,Develop your agribusiness enterprise by focusing on land use to improve profitability and sustainability in grains.,Kuendeleza biashara yako ya kilimo kwa kuzingatia matumizi ya ardhi ili kuboresha faida na uendelevu wa nafaka.,Ũkũria biacara yaku ya biacara ya ũrĩmi na njĩra ya kũhũthĩra thĩ kũongerera mbeca na ũgitĩri wa ngano.,0.749198925,0.413872866,Misati,Ũkũria biacara yaku ya biacara ya ũrĩmi na njĩra ya kũhũthĩra thĩ kũongerera mbeca na ũgitĩri wa ngano.,0.749198925,0.413872866,Cynthia,,
,Agriculture,Differentiate your free-range eggs in the market by creating a strong brand identity. Learn basic branding principles and marketing techniques.,Tofautisha mayai yako ya aina ya bure katika soko kwa kujenga utambulisho wa bidhaa yenye nguvu. Jifunze kanuni za msingi za utambulisho na mbinu za masoko.,Menya njĩra iria ciagĩrĩire cia kũhũthĩra marĩĩtwa ma bata na njĩra ya kũmenyeria arĩa marenda marĩĩtwa macio.,0.602891219,0.303815963,Misati,Menya njĩra iria ciagĩrĩire cia kũhũthĩra marĩĩtwa ma bata na njĩra ya kũmenyeria arĩa marenda marĩĩtwa macio.,0.602891219,0.303815963,Cynthia,,
,Agriculture,Differentiate your fresh milk in the market by creating a strong brand identity. Learn basic branding principles and marketing techniques.,Tofautisha maziwa yako safi kwenye soko kwa kuunda utambulisho wa chapa yenye nguvu. Jifunze kanuni za msingi za chapa na mbinu za uuzaji.,Menya ũrĩa ũgũteithagia iria rĩaku rĩrĩa rĩtarĩ rĩega na njĩra ya kũgĩa na ũmenyo wa wega wa marika. Wĩrute ithimi cia mũthingi cia kũhũthĩra marangi na njĩra ya kũhũthĩra njĩra cia kũheana.,0.699043345,0.347215092,Misati,Menya ũrĩa ũgũteithagia iria rĩaku rĩrĩa rĩtarĩ rĩega na njĩra ya kũgĩa na ũmenyo wa wega wa marika. Wĩrute ithimi cia mũthingi cia kũhũthĩra marangi na njĩra ya kũhũthĩra njĩra cia kũheana.,0.699043345,0.347215092,Cynthia,,
,Agriculture,"Discover the benefits of forming farmers' cooperatives. Learn how collective action can improve bargaining power, reduce costs, and access services.","Jifunze faida za kuunda makampuni ya wakulima na jinsi ambavyo kufanya kazi pamoja kunaweza kuboresha uwezo wa kusuluhisha, kupunguza gharama, na kupata huduma.","Wĩrute ũrĩa kũgĩa na kambũni cia kũrĩithia arĩmi kũngĩtũma tũgunĩke, na ũrĩa kũgĩa na kambuni cia kũrĩithia arĩmi kũngĩtũma tũhote kũiguithania, kũniina mbeca, na kũhingia ũtungata.",0.536050027,0.510458906,Misati,"Wĩrute ũrĩa kũgĩa na kambũni cia kũrĩithia arĩmi kũngĩtũma tũgunĩke, na ũrĩa kũgĩa na kambuni cia kũrĩithia arĩmi kũngĩtũma tũhote kũiguithania, kũniina mbeca, na kũhingia ũtungata.",0.536050027,0.510458906,Cynthia,,
,Agriculture,"Discover the numerous benefits of joining or forming input, including bulk purchasing, shared marketing, and access to credit.","Pata faida nyingi za kujiunga au kuunda bidhaa, kutia ndani kununua kwa wingi, uuzaji wa pamoja, na upatikanaji wa mikopo.","Menya ũguni wa kũingĩra kana kũgĩa na indo, ta kũgũra indo nyingĩ, kũheana indo na njĩra ya kũheana, na kũgĩa na mbeca cia kũhotithia andũ.",0.556319795,0.409561628,Misati,"Menya ũguni wa kũingĩra kana kũgĩa na indo, ta kũgũra indo nyingĩ, kũheana indo na njĩra ya kũheana, na kũgĩa na mbeca cia kũhotithia andũ.",0.556319795,0.409561628,Cynthia,,
,Agriculture,Enroll in an upcoming course on bee hive management to upgrade your skills and knowledge in beekeeping.,Jiandikishe katika kozi inayokuja ya usimamizi wa mifugo ya nyuki ili upate ujuzi na ujuzi katika kilimo cha nyuki.,Wĩrute gĩthomo kĩa kũmenyeria nyuki cia ng'ombe nĩguo ũhote kũmenyeria ũhoti na ũmenyo waku harĩ kũmenyeria nyuki.,0.612814286,0.449816028,Misati,Wĩrute gĩthomo kĩa kũmenyeria nyuki cia ng'ombe nĩguo ũhote kũmenyeria ũhoti na ũmenyo waku harĩ kũmenyeria nyuki.,0.612814286,0.449816028,Cynthia,,
,Agriculture,Ensure occupational health and safety on your farm for workers handling marketing. Know the basic safety protocols.,Hakikisha afya na usalama wa kazi kwenye shamba lako kwa wafanyakazi wanaoshughulikia masoko.,Nĩ ũmenyagĩrĩra atĩ wĩra wa kũruta wĩra nĩ ũhũthũ harĩ arĩa marutaga wĩra mũgũnda-inĩ waku.,0.662662012,0.351591029,Misati,Nĩ ũmenyagĩrĩra atĩ wĩra wa kũruta wĩra nĩ ũhũthũ harĩ arĩa marutaga wĩra mũgũnda-inĩ waku.,0.662662012,0.351591029,Cynthia,,
,Agriculture,Ensuring fair pricing for cooperative members is vital. Learn how to assess the true value of your grain and negotiate effectively with consumers.,Kuhakikisha bei za haki kwa washiriki wa ushirika ni muhimu. Jifunze jinsi ya kutathmini thamani halisi ya nafaka yako na kujadili kwa ufanisi na watumiaji.,Nĩ ũndũ wa bata mũno kũhingia thogora ũrĩa wagĩrĩire harĩ arĩa marĩ ngwatanĩro-inĩ ĩyo.,0.697416458,0.476352414,Misati,Nĩ ũndũ wa bata mũno kũhingia thogora ũrĩa wagĩrĩire harĩ arĩa marĩ ngwatanĩro-inĩ ĩyo.,0.697416458,0.476352414,Cynthia,,
,Agriculture,"Explore digital tools like M-Farm that can help small-scale farmers with market prices, weather forecasts, extension advice, and mobile transactions.","Chunguza zana za dijiti kama M-Farm ambazo zinaweza kusaidia wakulima wadogo na bei za soko, utabiri wa hali ya hewa, ushauri wa upanuzi, na shughuli za rununu.","Wĩrute ũhoro wa indo cia digitar ta M-Farm iria ingĩteithia arĩmi arĩa anini mũno kũgĩa na thogora wa thoko, ũrathi wa ihuhũ, ũtaaro wa kũingĩria wĩra, na maũndũ ma kũhũthĩra thimũ.",0.786854468,0.421707463,Misati,"Wĩrute ũhoro wa indo cia digitar ta M-Farm iria ingĩteithia arĩmi arĩa anini mũno kũgĩa na thogora wa thoko, ũrathi wa ihuhũ, ũtaaro wa kũingĩria wĩra, na maũndũ ma kũhũthĩra thimũ.",0.786854468,0.421707463,Cynthia,,
,Agriculture,Explore loan schemes tailored for expansion of enterprise from Cooperative Bank. Compare interest rates and terms.,Kuchunguza mikakati mikopo iliyoundwa kwa ajili ya upanuzi wa biashara kutoka Cooperative Bank.,Wĩrute ũhoro wa mbeca iria ciarutirũo nĩ ũndũ wa kũgarũra biacara kuuma kũrĩ bengi ya kũrutĩra andũ wĩra.,0.670712867,0.298094519,Misati,Wĩrute ũhoro wa mbeca iria ciarutirũo nĩ ũndũ wa kũgarũra biacara kuuma kũrĩ bengi ya kũrutĩra andũ wĩra.,0.670712867,0.298094519,Cynthia,,
,Agriculture,Explore loan schemes tailored for expansion of enterprise from Kenya Post Office Savings Bank. Compare interest rates and terms.,Chunguza mikakati ya mkopo iliyoundwa kwa ajili ya upanuzi wa biashara kutoka Kenya Post Office Savings Bank. Linganisha viwango vya riba na masharti.,Wĩrute ũhoro wa mbeca iria ciarutirũo nĩ bengi ya Kenya Post Office Savings Bank nĩguo ciongererũo.,0.734060796,0.396062718,Misati,Wĩrute ũhoro wa mbeca iria ciarutirũo nĩ bengi ya Kenya Post Office Savings Bank nĩguo ciongererũo.,0.734060796,0.396062718,Cynthia,,
,Agriculture,"Explore opportunities for your dairy farm or cooperative to supply fresh eggs to colleges (schools, hospitals) for their feeding programs.","Chunguza fursa kwa ajili ya shamba lako la maziwa au ushirika wa kuzalisha mayai safi kwa vyuo vikuu (masomo, hospitali) kwa ajili ya programu zao za kulisha.","Wĩrute ũrĩa ũrĩ na mĩeke ya kũhe cukuru (thukuru, thibitarĩ) maya manyerũ nĩguo makorũo makĩheana irio.",0.654901263,0.385240399,Misati,"Wĩrute ũrĩa ũrĩ na mĩeke ya kũhe cukuru (thukuru, thibitarĩ) maya manyerũ nĩguo makorũo makĩheana irio.",0.654901263,0.385240399,Cynthia,,
,Agriculture,"Explore opportunities for your small farm or cooperative to supply fresh meat to hospitals (schools, hospitals) for their feeding programs.","Chunguza fursa kwa shamba lako ndogo au shirika la ushirika kutoa nyama safi kwa hospitali (masomo, hospitali) kwa ajili ya programu zao za kulisha.","Thoma wone ũrĩa mũgũnda waku mũnini kana kambuni ya kũgũra nyama ingĩ irĩa irĩ njega cia kũhe thibitarĩ (thukuru, thibitarĩ) irio.",0.653097884,0.410264738,Misati,"Thoma wone ũrĩa mũgũnda waku mũnini kana kambuni ya kũgũra nyama ingĩ irĩa irĩ njega cia kũhe thibitarĩ (thukuru, thibitarĩ) irio.",0.653097884,0.410264738,Cynthia,,
,Agriculture,Explore options for long-term storage of eggs to take advantage of better market prices or bridge supply gaps.,Chunguza njia za kuhifadhi mayai kwa muda mrefu ili kutumia faida za bei bora za soko au kuziba pengo la ugavi.,Wĩrute njĩra cia kũiga maya ihinda iraya nĩguo ũgunĩke nĩ thogora mwega wa thoko kana kũhingia ngucanio cia indo.,0.619110253,0.47078671,Misati,Wĩrute njĩra cia kũiga maya ihinda iraya nĩguo ũgunĩke nĩ thogora mwega wa thoko kana kũhingia ngucanio cia indo.,0.619110253,0.47078671,Cynthia,,
,Agriculture,Farmers encouraged to register for subsidized animal feeds program.,Wakulima walitiwa moyo kujiandikisha katika programu ya malisho ya wanyama yenye misaada.,Arimi nĩ meekĩrirũo ngoro mathiĩ mabatiĩ kũhũthĩra mbeca cia kũheana irio cia nyamũ.,0.63891676,0.380456902,Misati,Arimi nĩ meekĩrirũo ngoro mathiĩ mabatiĩ kũhũthĩra mbeca cia kũheana irio cia nyamũ.,0.63891676,0.380456902,Cynthia,,
,Agriculture,Farmers invited to attend workshops on smart agriculture technologies.,Wakulima waliombwa kuhudhuria semina kuhusu teknolojia za kilimo cha akili.,Arimi nĩ maathokire gũthiĩ mĩcemanio ya ũhoro wa thekinoroji cia ũrĩmi.,0.623878086,0.387788891,Misati,Arimi nĩ maathokire gũthiĩ mĩcemanio ya ũhoro wa thekinoroji cia ũrĩmi.,0.623878086,0.387788891,Cynthia,,
,Agriculture,Farmers urged to adopt pest-resistant crops to curb yield losses.,Wakulima walihimizwa watumie mazao yasiyoweza kuharibiwa na wadudu ili kupunguza kupoteza mavuno.,Arimi nĩ maathĩrĩirio kũhũthĩra mĩmera ĩtarĩ na mĩmera ya gũtaria mĩmera nĩguo matige kũgũa.,0.57259935,0.341288922,Misati,Arimi nĩ maathĩrĩirio kũhũthĩra mĩmera ĩtarĩ na mĩmera ya gũtaria mĩmera nĩguo matige kũgũa.,0.57259935,0.341288922,Cynthia,,
,Agriculture,Farmers urged to form cooperatives to enhance market access for horticultural products.,Wakulima waliombwa kuunda ushirika ili kuongeza upatikanaji wa soko kwa bidhaa za bustani.,Arimi nĩ mecirĩirio gwaka kambuni cia kũruta wĩra cia kũruta wĩra wa mũgũnda.,0.592129095,0.306899465,Misati,Arimi nĩ mecirĩirio gwaka kambuni cia kũruta wĩra cia kũruta wĩra wa mũgũnda.,0.592129095,0.306899465,Cynthia,,
,Agriculture,"Find out about funding opportunities, grants, or low-interest loans specifically available for registered dairy groups.","Pata kujua kuhusu fursa za fedha, misaada, au mikopo ya riba ya chini ambayo yanapatikana hasa kwa makundi ya maziwa yaliyoandikishwa.","Menya ũhoro wa mĩhothi ya kũheana mbeca, mĩhothi, kana mbeca cia mbeca cia goro iria cionekaga kũringana na ikundi cia iria cia ng'ombe.",0.67409604,0.440870221,Misati,"Menya ũhoro wa mĩhothi ya kũheana mbeca, mĩhothi, kana mbeca cia mbeca cia goro iria cionekaga kũringana na ikundi cia iria cia ng'ombe.",0.67409604,0.440870221,Cynthia,,
,Agriculture,"Find out about funding opportunities, grants, or low-interest loans specifically available for registered farmers' groups.","Pata kujua kuhusu fursa za fedha, misaada, au mikopo ya riba ya chini inayopatikana hasa kwa vikundi vya wakulima waliojiandikisha.","Menya ũhoro wa mĩhothi ya kũheana mbeca, mĩhothi, kana mbeca cia mbeca cia goro iria cionekaga kũringana na ikundi cia arĩmi arĩa maandĩkĩtwo.",0.683789957,0.501421804,Misati,"Menya ũhoro wa mĩhothi ya kũheana mbeca, mĩhothi, kana mbeca cia mbeca cia goro iria cionekaga kũringana na ikundi cia arĩmi arĩa maandĩkĩtwo.",0.683789957,0.501421804,Cynthia,,
,Agriculture,Find the nearest aggregation points where buyers collect avocados in bulk. This can reduce transport costs and improve market access for women farmers.,Tafuta maeneo ya karibu ya kukusanya ambapo wanunuzi hukusanya avocados kwa wingi. Hii inaweza kupunguza gharama za usafirishaji na kuboresha upatikanaji wa soko kwa wakulima wanawake.,Menya kũndũ kũrĩa andũ arĩa mathooyaga avocados makoragwo marĩ hakuhĩ na kũrĩa magethaga avocado. Ũndũ ũcio no ũnyihe mbeca cia gũthiĩ na mbere na ũgatũma arimi a atumia makorũo na ũhoti wa kũhingia thoko.,0.70420872,0.312858877,Misati,Menya kũndũ kũrĩa andũ arĩa mathooyaga avocados makoragwo marĩ hakuhĩ na kũrĩa magethaga avocado. Ũndũ ũcio no ũnyihe mbeca cia gũthiĩ na mbere na ũgatũma arimi a atumia makorũo na ũhoti wa kũhingia thoko.,0.70420872,0.312858877,Cynthia,,
,Agriculture,Find the nearest aggregation points where buyers collect tea in bulk. This can reduce transport costs and improve market access for smallholder producers.,Tafuta maeneo ya karibu ya kukusanya ambapo wanunuzi hukusanya chai kwa wingi. Hii inaweza kupunguza gharama za usafirishaji na kuboresha upatikanaji wa soko kwa wazalishaji wa wakulima wadogo.,"Menya kũndũ kũrĩa andũ arĩa mathooyaga ndibei makoragwo makoragwo, na ũndũ ũcio no ũhote kuongerera ngarama cia gũthiĩ na kũongerera ahũthĩri a indo iria irĩ indo nini kũhingia thoko.",0.720984267,0.288616179,Misati,"Menya kũndũ kũrĩa andũ arĩa mathooyaga ndibei makoragwo makoragwo, na ũndũ ũcio no ũhote kuongerera ngarama cia gũthiĩ na kũongerera ahũthĩri a indo iria irĩ indo nini kũhingia thoko.",0.720984267,0.288616179,Cynthia,,
,Agriculture,"Focused cow and calf vaccinations, quality colostrum, and herd-specific programs improve calf health and reduce mortality.","Chanjo za ng'ombe na ndama, chakula cha juu cha kula, na programu za kundi zinazokazia afya ya ndama na kupunguza vifo.","Kũheana ndawa cia kũhũũnia ng'ombe na ndegwa, kũheana colostrum ya bata, na kũheana mĩbango ya kũhũũnia ndegwa nĩ gũtũmaga ikorũo na ũgima mwega wa mwĩrĩ na ĩgĩe na andũ aingĩ arĩa makuaga.",0.45288616,0.398833559,Misati,"Kũheana ndawa cia kũhũũnia ng'ombe na ndegwa, kũheana colostrum ya bata, na kũheana mĩbango ya kũhũũnia ndegwa nĩ gũtũmaga ikorũo na ũgima mwega wa mwĩrĩ na ĩgĩe na andũ aingĩ arĩa makuaga.",0.45288616,0.398833559,Cynthia,,
,Agriculture,"Get your soil tested by KALRO Soil Testing Lab to understand its nutrient levels and pH, guiding you on the right fertilization for beans.","Fanya udongo wako upimwe na KALRO Soil Testing Lab ili kuelewa viwango vyake vya virutubisho na pH, na kukuongoza kwenye mbolea sahihi kwa maharagwe.","Thiĩ ũgerekiei wa kĩruka gĩaku nĩ kambuni ya KALRO Soil Testing Lab nĩguo ũmenye ũrĩa irio ciaku irĩ na pH, na ũgũteithie kũgĩa na mbeũ njega cia kũheana.",0.611287121,0.353951657,Misati,"Thiĩ ũgerekiei wa kĩruka gĩaku nĩ kambuni ya KALRO Soil Testing Lab nĩguo ũmenye ũrĩa irio ciaku irĩ na pH, na ũgũteithie kũgĩa na mbeũ njega cia kũheana.",0.611287121,0.353951657,Cynthia,,
,Agriculture,"Get your soil tested by KEPHIS to understand its nutrient status and pH, guiding effective fertilization for bananas.","Fanya mtihani wa KEPHIS wa udongo wako ili uelewe hali ya virutubisho na pH yake, na uelekeze uzazi mzuri wa matango.","Twaria mũgũnda waku ũgeranio nĩ KEPHIS nĩguo ũmenye ũrĩa ũkoragwo na irio na pH, na ũhote kũruta mũgũnda wa mĩmera.",0.541775656,0.345717761,Misati,"Twaria mũgũnda waku ũgeranio nĩ KEPHIS nĩguo ũmenye ũrĩa ũkoragwo na irio na pH, na ũhote kũruta mũgũnda wa mĩmera.",0.541775656,0.345717761,Cynthia,,
,Agriculture,"Grants are available for setting up a greenhouse. Find out eligibility criteria, application process, and deadlines from SMEA.",Hizo ni ziada za kuanzisha nyumba ya joto.,"Kũrĩ mĩhothi ya kũhingia nyũmba ya gũcina indo. Menya maũndũ marĩa magĩrĩire kũhingia wĩra, mũbango wa kũheana mĩhothi, na mahinda marĩa magĩrĩire kuuma kũrĩ SMEA.",0.309018295,0.377970529,Misati,"Kũrĩ mĩhothi ya kũhingia nyũmba ya gũcina indo. Menya maũndũ marĩa magĩrĩire kũhingia wĩra, mũbango wa kũheana mĩhothi, na mahinda marĩa magĩrĩire kuuma kũrĩ SMEA.",0.309018295,0.377970529,Cynthia,,
,Agriculture,"Grow maize alongside banana (intercropping) to maximize land use, reduce pests, and diversify produce and income.","Kupanda mahindi pamoja na ndizi (kulima) ili kuongeza matumizi ya ardhi, kupunguza wadudu, na kupanua mazao na mapato.","Kũrĩma mbũri hamwe na mũtarakwa (kũgathondeka mĩmera) nĩgetha kũhũthĩrũo mũno bũrũri, kũniina mĩmera, na kũgarũra indo iria ciarutirũo na mbeca.",0.586913059,0.351275188,Misati,"Kũrĩma mbũri hamwe na mũtarakwa (kũgathondeka mĩmera) nĩgetha kũhũthĩrũo mũno bũrũri, kũniina mĩmera, na kũgarũra indo iria ciarutirũo na mbeca.",0.586913059,0.351275188,Cynthia,,
,Agriculture,"Grow maize alongside sweet potato (intercropping) to maximize land use, reduce pests, and diversify produce and income.","Kupanda mahindi pamoja na viazi (kulima) ili kuongeza matumizi ya ardhi, kupunguza wadudu, na kupanua mazao na mapato.","Kũrĩma mbembe hamwe na mbembe cia kũrĩa irio (kũgathondeka mĩmera) nĩgetha kũhũthĩrũo mũno bũrũri, kũniina mĩmera, na kũgarũra indo iria ciarutirũo na mbeca.",0.595672818,0.356655447,Misati,"Kũrĩma mbembe hamwe na mbembe cia kũrĩa irio (kũgathondeka mĩmera) nĩgetha kũhũthĩrũo mũno bũrũri, kũniina mĩmera, na kũgarũra indo iria ciarutirũo na mbeca.",0.595672818,0.356655447,Cynthia,,
,Agriculture,"Grow tea even in limited space using container gardening methods on balconies, terraces, or small plots.","Panda chai hata katika nafasi ndogo kwa kutumia mbinu za bustani za chombo kwenye balconi, terasi, au mashamba madogo.","Kũrĩma chai o na kũrĩa kũrĩ na mĩgũnda mĩnini kũgerera njĩra cia kũhaanda indo iria irĩ na indo cia kũhaanda, kũhaanda nyũmba-inĩ cia kũhaanda, kana kũhaanda mĩgũnda mĩnini.",0.497819936,0.320644708,Misati,"Kũrĩma chai o na kũrĩa kũrĩ na mĩgũnda mĩnini kũgerera njĩra cia kũhaanda indo iria irĩ na indo cia kũhaanda, kũhaanda nyũmba-inĩ cia kũhaanda, kana kũhaanda mĩgũnda mĩnini.",0.497819936,0.320644708,Cynthia,,
,Agriculture,"Harness renewable energy like solar for lighting needs like powering water pumps, lighting, or storage facilities.","Tumia nishati inayoweza kuboreshwa kama vile nishati ya jua kwa ajili ya mahitaji ya taa kama vile kuendesha pampu za maji, taa, au vifaa vya kuhifadhi.","Kũhũthĩra hinya ũrĩa ũtherũkaga ta hinya wa riũa kũhingia mabataro ma ũtheri ta kũhe andũ maĩ, ũtheri, kana indo cia kũiga.",0.650967025,0.487560376,Misati,"Kũhũthĩra hinya ũrĩa ũtherũkaga ta hinya wa riũa kũhingia mabataro ma ũtheri ta kũhe andũ maĩ, ũtheri, kana indo cia kũiga.",0.650967025,0.487560376,Cynthia,,
,Agriculture,Implement disaster risk reduction measures on your small farm to minimize potential losses from events like drought.,Tumia hatua za kupunguza hatari ya misiba katika shamba lako ndogo ili kupunguza hasara zinazoweza kutokea kutokana na matukio kama ukame.,Ũka ũhũthĩre njĩra cia kũniina mũgwati wa mĩnyamaro ũrĩmi-inĩ waku mũnini nĩguo ũhote kũniina mũgwati wa mĩnyamaro ta ng'aragu.,0.701782256,0.451907533,Misati,Ũka ũhũthĩre njĩra cia kũniina mũgwati wa mĩnyamaro ũrĩmi-inĩ waku mũnini nĩguo ũhote kũniina mũgwati wa mĩnyamaro ta ng'aragu.,0.701782256,0.451907533,Cynthia,,
,Agriculture,Implement strict biosecurity measures on your poultry unit to prevent the introduction and spread of pests and diseases affecting poultry.,Tumia hatua kali za usalama wa kibaolojia kwenye kitengo chako cha kuku ili kuzuia kuingizwa na kuenea kwa wadudu na magonjwa yanayoathiri kuku.,Hũthĩra ũgitĩri wa bio ũingĩrie mũbira waku wa nyũnyi cia ng'ombe nĩguo ũgirĩrĩrie mĩrimũ na mĩrimũ ĩrĩa ĩhĩtũkagia nyũnyi cia ng'ombe kũingĩra na kũtheremia.,0.670611727,0.378754066,Misati,Hũthĩra ũgitĩri wa bio ũingĩrie mũbira waku wa nyũnyi cia ng'ombe nĩguo ũgirĩrĩrie mĩrimũ na mĩrimũ ĩrĩa ĩhĩtũkagia nyũnyi cia ng'ombe kũingĩra na kũtheremia.,0.670611727,0.378754066,Cynthia,,
,Agriculture,"Integrate trees into your vegetable garden (agroforestry) for multiple benefits like shade, windbreaks, fruits, timber, and improved soil health.","Unganisha miti katika bustani yako ya mboga (mashamba ya kilimo) kwa faida nyingi kama kivuli, upepo, matunda, mbao, na afya bora ya udongo.","Ũngĩenda kũhũthĩra mĩtĩ kũiga mĩmera thĩinĩ wa mũgũnda waku (agroforestry) nĩ ũgũteithagia mũno, ta kĩĩruru, rũhuho, matunda, ngũ, na ũgũteithia mũgũnda ũkorũo na ũgima mwega.",0.698659338,0.437160235,Misati,"Ũngĩenda kũhũthĩra mĩtĩ kũiga mĩmera thĩinĩ wa mũgũnda waku (agroforestry) nĩ ũgũteithagia mũno, ta kĩĩruru, rũhuho, matunda, ngũ, na ũgũteithia mũgũnda ũkorũo na ũgima mwega.",0.698659338,0.437160235,Cynthia,,
,Agriculture,"Integrate trees with your livestock farming (agroforestry) for shade, windbreaks, fruit, timber, and improved soil health.","Unganisha miti na kilimo chako cha mifugo (mashamba ya kilimo) ili upate kivuli, upepo, matunda, mbao, na afya bora ya udongo.","Ũngĩenda kũruta mĩtĩ na ũgũre indo cia kũrĩma (agroforestry), ũhũthĩre mĩtĩ ĩyo kũruta kĩĩruru, kũruta matunda, kũruta ngũ, na kũrehe ũgima mwega wa mĩgũnda.",0.668061368,0.343178382,Misati,"Ũngĩenda kũruta mĩtĩ na ũgũre indo cia kũrĩma (agroforestry), ũhũthĩre mĩtĩ ĩyo kũruta kĩĩruru, kũruta matunda, kũruta ngũ, na kũrehe ũgima mwega wa mĩgũnda.",0.668061368,0.343178382,Cynthia,,
,Agriculture,"Interested in organic farming? Understand the certification process, standards, and market opportunities for organic mushrooms.","Unapendezwa na kilimo cha kikaboni? Kuelewa mchakato wa udhibitisho, viwango, na fursa za soko kwa uyoga wa kikaboni.",Nĩ ũrenda kũmenya ũrĩa mũgũnda wa mĩgũnda ya mĩtĩ ya magegania ũrutaga wĩra?,0.697947327,0.326176483,Misati,Nĩ ũrenda kũmenya ũrĩa mũgũnda wa mĩgũnda ya mĩtĩ ya magegania ũrutaga wĩra?,0.697947327,0.326176483,Cynthia,,
,Agriculture,"Invest in cold storage to significantly extend the shelf life of perishable fruits, allowing you to sell at better prices and reduce waste.","Weka katika kuhifadhi baridi ili kuongeza sana muda wa kuhifadhi matunda yanayoweza kuharibika, na hivyo kuweza kuuza kwa bei nzuri na kupunguza taka.",Ũkũhũthĩra mbeca kũiga indo iria ciathondekagwo na njĩra ya kũhiũha kũiga indo iria ciathondekagwo na njĩra ya kũhiũha kũiga indo iria ciathondekagwo na njĩra ya kũiga indo iria ciathondekagwo na njĩra ya kũiga indo iria ciathondekagwo na njĩra ya kũiga indo iria ciathondekagwo na njĩra ya kũiga indo iria ciathondekagwo na njĩra ya kũiga indo iria ciathondekagwo na njĩra ya kũiga indo iria ciathondekagwo.,0.578116625,0.39626944,Misati,Ũkũhũthĩra mbeca kũiga indo iria ciathondekagwo na njĩra ya kũhiũha kũiga indo iria ciathondekagwo na njĩra ya kũhiũha kũiga indo iria ciathondekagwo na njĩra ya kũiga indo iria ciathondekagwo na njĩra ya kũiga indo iria ciathondekagwo na njĩra ya kũiga indo iria ciathondekagwo na njĩra ya kũiga indo iria ciathondekagwo na njĩra ya kũiga indo iria ciathondekagwo na njĩra ya kũiga indo iria ciathondekagwo.,0.578116625,0.39626944,Cynthia,,
,Agriculture,"Learn about extension services available in your area from KALRO. Know how to access advice, training, and support.",Jifunze kuhusu huduma za upanuzi zinazopatikana katika eneo lako kutoka KALRO.,"Wĩrute ũhoro wa ũtungata wa kũingĩhia maũndũ thĩinĩ wa gĩcigo gĩaku kuuma KALRO. Wĩrute ũrĩa ũngĩgĩa na ũtaaro, ũmenyeru, na ũteithio.",0.732540443,0.547817805,Misati,"Wĩrute ũhoro wa ũtungata wa kũingĩhia maũndũ thĩinĩ wa gĩcigo gĩaku kuuma KALRO. Wĩrute ũrĩa ũngĩgĩa na ũtaaro, ũmenyeru, na ũteithio.",0.732540443,0.547817805,Cynthia,,
,Agriculture,"Learn about Plant Variety Protection rights and how they encourage the development of new, improved maize varieties.",Jifunze kuhusu haki za Kulinda Aina za Mazao na jinsi zinavyochochea ukuzaji wa aina mpya za mahindi zilizoboreshwa.,Wĩrute ũhoro wa mawatho ma kũgitĩra mĩthemba ya mĩmera na ũrĩa mathugundaga kũgĩa na mĩthemba mĩerũ ya mũtu.,0.629133122,0.533308993,Misati,Wĩrute ũhoro wa mawatho ma kũgitĩra mĩthemba ya mĩmera na ũrĩa mathugundaga kũgĩa na mĩthemba mĩerũ ya mũtu.,0.629133122,0.533308993,Cynthia,,
,Agriculture,"Learn about Plant Variety Protection rights and how they encourage the development of new, improved mangoes varieties.",Jifunze kuhusu haki za Kulinda Aina za Mimea na jinsi zinavyochochea ukuzaji wa aina mpya za mango zilizoboreshwa.,Wĩrute ũhoro wĩgiĩ mawatho ma kũgitĩra mĩthemba ya mĩmera na ũrĩa mathugundaga kũgĩa na mĩthemba mĩerũ ya mangũ.,0.618695293,0.513862453,Misati,Wĩrute ũhoro wĩgiĩ mawatho ma kũgitĩra mĩthemba ya mĩmera na ũrĩa mathugundaga kũgĩa na mĩthemba mĩerũ ya mangũ.,0.618695293,0.513862453,Cynthia,,
,Agriculture,"Learn how agriculture can contribute to school feeding programmes by supplying fresh, local produce like kales.",Jifunze jinsi kilimo kinavyoweza kuchangia katika programu za kulisha shule kwa kutoa bidhaa safi za ndani kama vile kales.,Wĩrute ũrĩa ũgũri ũngĩteithia kũheana irio cia cukuru na njĩra ya kũheana indo cia kũrĩa na iria irĩ njega ta karoni.,0.625482181,0.415228694,Misati,Wĩrute ũrĩa ũgũri ũngĩteithia kũheana irio cia cukuru na njĩra ya kũheana indo cia kũrĩa na iria irĩ njega ta karoni.,0.625482181,0.415228694,Cynthia,,
,Agriculture,Learn how farmers can earn carbon credits by adopting practices on the dairy farm that remove carbon dioxide from the atmosphere.,Jifunze jinsi wakulima wanavyoweza kupata mikopo ya kaboni kwa kufuata mazoea katika shamba la maziwa ambayo huondoa kaboni dioksidi kutoka katika angahewa.,Wĩrute ũrĩa arĩmi mangĩgĩa na mbeca cia carbon credit na njĩra ya kũhũthĩra njĩra iria cionekaga mũgũnda-inĩ wa iria iria ciarutaga carbon dioxide rĩera-inĩ.,0.721080371,0.476681231,Misati,Wĩrute ũrĩa arĩmi mangĩgĩa na mbeca cia carbon credit na njĩra ya kũhũthĩra njĩra iria cionekaga mũgũnda-inĩ wa iria iria ciarutaga carbon dioxide rĩera-inĩ.,0.721080371,0.476681231,Cynthia,,
,Agriculture,Learn how farmers can participate in carbon credit programs by adopting practices that sequester carbon in dairy farm.,Jifunze jinsi wakulima wanavyoweza kushiriki katika programu za mkopo wa kaboni kwa kufuata mazoea ya kuhifadhi kaboni katika shamba la maziwa.,Wĩrute ũrĩa arĩmi mangĩnyitanĩra na programu cia kũheana mbeca cia carbon na njĩra ya kũhũthĩra njĩra iria cionanagia atĩ kũrĩ na mbeca cia carbon iria ciĩhũthagĩra kũruta mahiũ.,0.708158585,0.405692955,Misati,Wĩrute ũrĩa arĩmi mangĩnyitanĩra na programu cia kũheana mbeca cia carbon na njĩra ya kũhũthĩra njĩra iria cionanagia atĩ kũrĩ na mbeca cia carbon iria ciĩhũthagĩra kũruta mahiũ.,0.708158585,0.405692955,Cynthia,,
,Agriculture,Learn how farmers can participate in carbon credit programs by adopting practices that sequester carbon in poultry unit.,Jifunze jinsi wakulima wanavyoweza kushiriki katika programu za mikopo ya kaboni kwa kutumia mazoea ya kuhifadhi kaboni katika kiwanda cha kuku.,Wĩrute ũrĩa arĩmi mangĩnyitanĩra na programu cia mbeca cia carbon kũgerera njĩra iria cionanagia atĩ nĩ kũrĩ indo cia kũruga.,0.655404599,0.386868279,Misati,Wĩrute ũrĩa arĩmi mangĩnyitanĩra na programu cia mbeca cia carbon kũgerera njĩra iria cionanagia atĩ nĩ kũrĩ indo cia kũruga.,0.655404599,0.386868279,Cynthia,,
,Agriculture,Learn how to access agricultural extension services in your area from providers like for advice and training.,Jifunze jinsi ya kupata huduma za upanuzi wa kilimo katika eneo lako kutoka kwa watoa huduma kama ushauri na mafunzo.,Wĩrute ũrĩa ũngĩgĩa na ũhoti wa kũhũthĩra njĩra cia ũgarũri wa ũrĩmi kũrĩa ũikaraga kuuma kũrĩ arĩa marutagĩra maũndũ ta ũtaaro na ũmenyeru.,0.827661807,0.423055529,Misati,Wĩrute ũrĩa ũngĩgĩa na ũhoti wa kũhũthĩra njĩra cia ũgarũri wa ũrĩmi kũrĩa ũikaraga kuuma kũrĩ arĩa marutagĩra maũndũ ta ũtaaro na ũmenyeru.,0.827661807,0.423055529,Cynthia,,
,Agriculture,Learn how to access agricultural extension services in your area from providers like County Extension Officers for advice and training.,Jifunze jinsi ya kupata huduma za upanuzi wa kilimo katika eneo lako kutoka kwa watoa huduma kama vile Maafisa wa Upanuzi wa Wilaya kwa ushauri na mafunzo.,"Wĩrute ũrĩa ũngĩgĩa na ũhoti wa kũruta wĩra wa kũingĩria ũgunyũ wa ũrĩmi kũrĩa ũrĩ, kuuma kũrĩ arĩa marutaga wĩra ta anene a kũingĩria ũgunyũ wa kaunti nĩ ũndũ wa ũtaaro na ũmenyeru.",0.788718291,0.417120497,Misati,"Wĩrute ũrĩa ũngĩgĩa na ũhoti wa kũruta wĩra wa kũingĩria ũgunyũ wa ũrĩmi kũrĩa ũrĩ, kuuma kũrĩ arĩa marutaga wĩra ta anene a kũingĩria ũgunyũ wa kaunti nĩ ũndũ wa ũtaaro na ũmenyeru.",0.788718291,0.417120497,Cynthia,,
,Agriculture,Learn how to access agricultural extension services in your area from providers like Private Consultants for advice and training.,Jifunze jinsi ya kupata huduma za upanuzi wa kilimo katika eneo lako kutoka kwa watoa huduma kama vile Washauri wa Kibinafsi kwa ushauri na mafunzo.,"Wĩrute ũrĩa ũngĩgĩa na ũhoti wa kũhũthĩra ũtungata wa kũgarũra ũgunyũ wa ũrĩmi kũrĩa ũrĩ, kuuma kũrĩ arĩa marutaga ũtaaro ta wa andũ arĩa marutaga wĩra na arĩa marutaga wĩra.",0.813477171,0.305067468,Misati,"Wĩrute ũrĩa ũngĩgĩa na ũhoti wa kũhũthĩra ũtungata wa kũgarũra ũgunyũ wa ũrĩmi kũrĩa ũrĩ, kuuma kũrĩ arĩa marutaga ũtaaro ta wa andũ arĩa marutaga wĩra na arĩa marutaga wĩra.",0.813477171,0.305067468,Cynthia,,
,Agriculture,Linking directly with food processors can offer stable markets. Learn how to meet processor requirements for meat.,Kuunganisha moja kwa moja na viwanda vya kutengeneza chakula kunaweza kutoa masoko yenye utulivu. Jifunze jinsi ya kukidhi mahitaji ya viwanda vya kutengeneza nyama.,Kũgĩa na ũrata wa ĩmwe kwa ĩmwe na arĩa marutaga wĩra na indo cia kũrĩa irio no gũtũhe thĩ njerũ.,0.683961169,0.37974506,Misati,Kũgĩa na ũrata wa ĩmwe kwa ĩmwe na arĩa marutaga wĩra na indo cia kũrĩa irio no gũtũhe thĩ njerũ.,0.683961169,0.37974506,Cynthia,,
,Agriculture,"Maintain soil health through testing, organic matter addition, and avoiding harmful practices for better sweet potatoes growth.","Kudumisha afya ya udongo kwa kufanya majaribio, kuongeza vitu vya kikaboni, na kuepuka mazoea yenye madhara ili kukuza viazi vizuri.","Gũtũũria mĩgũnda ĩrĩ na ũgima wa mwĩrĩ kũgerera gũthuthuria, kũongerera indo cia ũũmbi, na gwĩthema mĩtugo mĩũru nĩguo mbembe cia kũrĩa ciakĩre.",0.647004993,0.438358946,Misati,"Gũtũũria mĩgũnda ĩrĩ na ũgima wa mwĩrĩ kũgerera gũthuthuria, kũongerera indo cia ũũmbi, na gwĩthema mĩtugo mĩũru nĩguo mbembe cia kũrĩa ciakĩre.",0.647004993,0.438358946,Cynthia,,
,Agriculture,"Maintaining good animal health is vital. Learn about common diseases, vaccination schedules, and biosecurity for chickens.","Jifunze kuhusu magonjwa ya kawaida, ratiba ya chanjo, na usalama wa viumbe wa kuku.","Nĩ ũndũ wa bata mũno kũmenyeria nyamũ wega, wĩrute ũhoro wa mĩrimũ ĩrĩa ĩkoragwo kuo, mahinda ma kũhĩtũkĩra, na ũrĩa ngũkũ irĩ na ũgitĩri wa kĩĩmwĩrĩ.",0.715929723,0.457711941,Misati,"Nĩ ũndũ wa bata mũno kũmenyeria nyamũ wega, wĩrute ũhoro wa mĩrimũ ĩrĩa ĩkoragwo kuo, mahinda ma kũhĩtũkĩra, na ũrĩa ngũkũ irĩ na ũgitĩri wa kĩĩmwĩrĩ.",0.715929723,0.457711941,Cynthia,,
,Agriculture,"Mark your calendar for Devolution Conference, a major gathering for stakeholders in the aquaculture sector to network and learn.","Andika kalenda yako kwa ajili ya Mkutano wa Uendelezaji, mkutano mkubwa wa washirika katika sekta ya kilimo cha maji ili kuungana na kujifunza.","Tiganĩra mũtaratara waku wa kũrũgamĩrĩra mũcemanio wa Devolution Conference, ũrĩa ũrĩ mũcemanio mũnene wa arĩa marakũruta wĩra wa kũruta wĩra wa gũcũrania na kũruta ũhoro.",0.59222741,0.341862052,Misati,"Tiganĩra mũtaratara waku wa kũrũgamĩrĩra mũcemanio wa Devolution Conference, ũrĩa ũrĩ mũcemanio mũnene wa arĩa marakũruta wĩra wa kũruta wĩra wa gũcũrania na kũruta ũhoro.",0.59222741,0.341862052,Cynthia,,
,Agriculture,"Mark your calendars for the upcoming Agricultural Show, a key event for stakeholders in the livestock sector.","Andika kalenda zako kwa ajili ya Maonyesho ya Kilimo, tukio muhimu kwa mashirika ya mifugo.","Tiganĩra maũndũ marĩa ũrarĩrirĩria hĩndĩ ya Kĩrũgano kĩa Ũrĩmi kĩrĩa kĩroka, kĩrũgano kĩa bata harĩ arĩa marutaga wĩra wa gũitĩra mahiũ.",0.593275292,0.318116883,Misati,"Tiganĩra maũndũ marĩa ũrarĩrirĩria hĩndĩ ya Kĩrũgano kĩa Ũrĩmi kĩrĩa kĩroka, kĩrũgano kĩa bata harĩ arĩa marutaga wĩra wa gũitĩra mahiũ.",0.593275292,0.318116883,Cynthia,,
,Agriculture,"Maximize your returns from coffee by understanding market demands, reducing post-harvest losses, and exploring value addition opportunities.","Punguza faida za kahawa kwa kuelewa mahitaji ya soko, kupunguza hasara baada ya mavuno, na kuchunguza fursa za kuongeza thamani.","Ũka ũhote kũruta cai na njĩra ya kũmenya ũrĩa thoko ĩrenda, kũniina ngarara iria ũkaaona thutha wa kũgetha, na ũgerie kuona ũrĩa ũngĩongerera indo.",0.726436746,0.325215751,Misati,"Ũka ũhote kũruta cai na njĩra ya kũmenya ũrĩa thoko ĩrenda, kũniina ngarara iria ũkaaona thutha wa kũgetha, na ũgerie kuona ũrĩa ũngĩongerera indo.",0.726436746,0.325215751,Cynthia,,
,Agriculture,Ministry urges farmers to adopt water harvesting irrigation techniques.,Wizara inawasihi wakulima waweke mbinu za umwagiliaji wa maji.,Ũtungata wa ũmi wa maaĩ nĩ ũragĩrĩria arĩmi gwĩkĩra indo cia kũgetha maaĩ na njĩra ya ũhianĩri wa maaĩ.,0.526121402,0.317285704,Misati,Ũtungata wa ũmi wa maaĩ nĩ ũragĩrĩria arĩmi gwĩkĩra indo cia kũgetha maaĩ na njĩra ya ũhianĩri wa maaĩ.,0.526121402,0.317285704,Cynthia,,
,Agriculture,"Mitigate flood risks through proper land preparation, drainage, and crop choices suitable for flood-prone areas like sweet potatoes.","Punguza hatari za mafuriko kwa kutayarisha ardhi kwa njia inayofaa, kuondoa maji, na kuchagua mazao yanayofaa kwa maeneo yanayoweza kupatwa na mafuriko kama vile viazi tamu.","Kũniina mogwati ma mĩiyũro ya maaĩ kũgerera kũhaarĩria bũrũri wega, gũthondeka mĩiyũro ya maaĩ, na gũthuura mĩmera ĩrĩa yagĩrĩire mĩciĩ-inĩ ĩrĩa ĩkoragwo na mĩiyũro ta mbembe.",0.619054266,0.523121323,Misati,"Kũniina mogwati ma mĩiyũro ya maaĩ kũgerera kũhaarĩria bũrũri wega, gũthondeka mĩiyũro ya maaĩ, na gũthuura mĩmera ĩrĩa yagĩrĩire mĩciĩ-inĩ ĩrĩa ĩkoragwo na mĩiyũro ta mbembe.",0.619054266,0.523121323,Cynthia,,
,Agriculture,Packaging protects beans and adds value. Find out what types of packaging are suitable for selling in export markets.,Ufungaji huwalinda maharagwe na kuongeza thamani.,Kũhuthĩra indo kũgitagĩra mbegũ na gũgĩcoka kũongerera bata.,0.518291153,0.308552192,Misati,Kũhuthĩra indo kũgitagĩra mbegũ na gũgĩcoka kũongerera bata.,0.518291153,0.308552192,Cynthia,,
,Agriculture,Packaging protects your produce and adds value. Discover suitable packaging materials and methods for selling in export markets.,Ufungashaji unalinda bidhaa zako na kuongeza thamani.,Kũhuthĩra indo nĩ kũgitagĩra indo ciaku na nĩ kũgũtongorio.,0.587364548,0.314685375,Misati,Kũhuthĩra indo nĩ kũgitagĩra indo ciaku na nĩ kũgũtongorio.,0.587364548,0.314685375,Cynthia,,
,Agriculture,Packaging protects your produce and adds value. Discover suitable packaging materials and methods for selling in local markets.,Kupaka bidhaa huhifadhi bidhaa zako na kuongeza thamani.,Kũhuthĩra indo nĩ kũgitagĩra indo ciaku na nĩ kũgũtongorio.,0.362633255,0.312195875,Misati,Kũhuthĩra indo nĩ kũgitagĩra indo ciaku na nĩ kũgũtongorio.,0.362633255,0.312195875,Cynthia,,
,Agriculture,Pay attention to early warning systems for hail issued by KMD to prepare and protect your dairy cattle and assets.,Uwe makini na mifumo ya onyo la mapema la mvua ya mawe iliyotolewa na KMD ili kuandaa na kulinda ng'ombe na mali zako za maziwa.,Thoma gũthoma macini cia kũmenyithania mbere ya mbura ya mbura iria ciarutirũo nĩ KMD nĩguo ũmenye na ũgitĩre mahiũ maku na indo ciaku cia iria.,0.650765306,0.394171655,Misati,Thoma gũthoma macini cia kũmenyithania mbere ya mbura ya mbura iria ciarutirũo nĩ KMD nĩguo ũmenye na ũgitĩre mahiũ maku na indo ciaku cia iria.,0.650765306,0.394171655,Cynthia,,
,Agriculture,Protect your agricultural innovations and new varieties by understanding Intellectual Property (IP) rights like patents and plant breeders' rights.,Kulinda uvumbuzi wako wa kilimo na aina mpya kwa kuelewa haki za miliki (IP) kama vile hati miliki na haki za wafugaji wa mimea.,Gathondeka ũgĩ wa indo cia ũrĩmi na mĩthemba mĩerũ na njĩra ya kũmenyerera kĩhooto kĩa indo cia ũũgĩ ta patenti na kĩhooto kĩa arĩa marera mĩmera.,0.733563118,0.373919933,Misati,Gathondeka ũgĩ wa indo cia ũrĩmi na mĩthemba mĩerũ na njĩra ya kũmenyerera kĩhooto kĩa indo cia ũũgĩ ta patenti na kĩhooto kĩa arĩa marera mĩmera.,0.733563118,0.373919933,Cynthia,,
,Agriculture,Protect your livestock investment with agricultural insurance. Understand the types of cover available and how to make a claim.,Linda uwekezaji wako wa mifugo kwa bima ya kilimo.,"Wĩmenyerere ũhũthĩri wa mbeca cia ũgũri wa indo cia mũgũnda, ũmenye mĩthemba ya mbeca iria ũgũkorũo nacio na ũrĩa ũngĩenda kũruta mũhothi.",0.653073567,0.376622121,Misati,"Wĩmenyerere ũhũthĩri wa mbeca cia ũgũri wa indo cia mũgũnda, ũmenye mĩthemba ya mbeca iria ũgũkorũo nacio na ũrĩa ũngĩenda kũruta mũhothi.",0.653073567,0.376622121,Cynthia,,
,Agriculture,Public advisory on adopting drip irrigation to conserve water in dry zones.,Ushauri wa umma juu ya kupitishwa kwa umwagiliaji wa matone ili kuhifadhi maji katika maeneo kavu.,Ũtaaro wa andũ kũhũthĩra ũrigithathi wa gũtheremia nĩguo ũhonokie maĩ kũrĩa kũhũũrĩte.,0.726878649,0.301633685,Misati,Ũtaaro wa andũ kũhũthĩra ũrigithathi wa gũtheremia nĩguo ũhonokie maĩ kũrĩa kũhũũrĩte.,0.726878649,0.301633685,Cynthia,,
,Agriculture,Public advisory on use of certified seeds to boost national food production.,Ushauri wa umma kuhusu matumizi ya mbegu zilizothibitishwa ili kuongeza uzalishaji wa chakula wa kitaifa.,Ũtaaro wa andũ ũhoro wa kũhũthĩra mbeũ iria ciathĩrĩirio kũongerera ũũmbi wa irio bũrũriinĩ.,0.754599864,0.423594432,Misati,Ũtaaro wa andũ ũhoro wa kũhũthĩra mbeũ iria ciathĩrĩirio kũongerera ũũmbi wa irio bũrũriinĩ.,0.754599864,0.423594432,Cynthia,,
,Agriculture,Public notice: Registration open for digital agri-skills certification.,Tangazo la umma: Usajili wazi kwa ajili ya udhibitisho wa digital ya ujuzi wa kilimo.,Kũmenyithia andũ: Kũhingũra marũa ma kwandĩkithia ũhoro wa ũmenyo wa kĩama gĩa gĩthomo kĩa bũrũri.,0.593305431,0.339351073,Misati,Kũmenyithia andũ: Kũhingũra marũa ma kwandĩkithia ũhoro wa ũmenyo wa kĩama gĩa gĩthomo kĩa bũrũri.,0.593305431,0.339351073,Cynthia,,
,Agriculture,Ready to register your group? Follow this guide to understand the legal requirements and process for registering a cooperative in Kenya.,"Je, uko tayari kujiandikisha? Fuata mwongozo huu ili kuelewa mahitaji ya kisheria na mchakato wa kujiandikisha shirika katika Kenya.",Nĩ ũrabatara kwandĩka mũruri waku? Tũmĩra ũtaaro ũyũ nĩguo ũtaũkĩrũo nĩ maũndũ marĩa mabataire na ũrĩa mũndũ angĩenda kwandĩka mũruri ũmwe Kenya.,0.647219887,0.391935077,Misati,Nĩ ũrabatara kwandĩka mũruri waku? Tũmĩra ũtaaro ũyũ nĩguo ũtaũkĩrũo nĩ maũndũ marĩa mabataire na ũrĩa mũndũ angĩenda kwandĩka mũruri ũmwe Kenya.,0.647219887,0.391935077,Cynthia,,
,Agriculture,"Reduce post-harvest losses for fruits through better handling, storage, and processing techniques from harvest to market.","Kupunguza hasara za matunda baada ya kuvuna kwa kutumia mbinu bora za kushughulikia, kuhifadhi, na kutengeneza matunda kutoka mavuno hadi soko.","Kũniina ngarari cia matunda thutha wa kũgetha kũgerera njĩra cia kũmenyeria, kũiga na kũmenyeria wega kuuma hĩndĩ ya kũgetha nginya hĩndĩ ya kũgũra.",0.636055269,0.519273302,Misati,"Kũniina ngarari cia matunda thutha wa kũgetha kũgerera njĩra cia kũmenyeria, kũiga na kũmenyeria wega kuuma hĩndĩ ya kũgetha nginya hĩndĩ ya kũgũra.",0.636055269,0.519273302,Cynthia,,
,Agriculture,"Save precious water resources by installing drip irrigation for your sweet potatoes. Learn about system types, installation, and maintenance.","Uhifadhi maji kwa kuweka maji ya kunywa kwa matone ya viazi, ujifunze kuhusu aina za mfumo, usanikishaji, na matengenezo.","Ũngĩiga maĩ maingĩ na njĩra ya kũiga ũrigithathi wa gũtheremia mbembe, wĩrute ũhoro wa mĩthemba ya indo iria ciathondekagwo, kũiga na kũigĩrĩra.",0.4370662,0.297063071,Misati,"Ũngĩiga maĩ maingĩ na njĩra ya kũiga ũrigithathi wa gũtheremia mbembe, wĩrute ũhoro wa mĩthemba ya indo iria ciathondekagwo, kũiga na kũigĩrĩra.",0.4370662,0.297063071,Cynthia,,
,Agriculture,"See how intercropping empowers smallholder farmers in rural communities, improving livelihoods and food security.","Ona jinsi mazao ya kati yanavyowawezesha wakulima wadogo katika jamii za vijijini, na hivyo kuboresha maisha na usalama wa chakula.","Wĩrute ũrĩa kũruta mĩgũnda ya kũgũra irio kũheaga arĩmi arĩa marĩ mĩgũnda-inĩ mĩnini hinya, na ũndũ ũcio ũgatũma andũ magĩe na ũtũũro mwega na makorũo na irio njega.",0.639927767,0.44023258,Misati,"Wĩrute ũrĩa kũruta mĩgũnda ya kũgũra irio kũheaga arĩmi arĩa marĩ mĩgũnda-inĩ mĩnini hinya, na ũndũ ũcio ũgatũma andũ magĩe na ũtũũro mwega na makorũo na irio njega.",0.639927767,0.44023258,Cynthia,,
,Agriculture,"Set up a soil-less hydroponic system to grow sweet potatoes efficiently using less water and space, ideal for urban or intensive farming.","Kuanzisha mfumo wa maji usio na udongo ili kukuza viazi tamu kwa ufanisi kwa kutumia maji na nafasi kidogo, ambayo ni bora kwa ajili ya kilimo cha mijini au kina.","Kũhingia mũtaratara wa gũthondeka mĩtĩ ya gũthondeka mĩtĩ ya kũrĩa irio na kũruta mbembe na njĩra njega na kũhũthĩra maĩ manini na handũ hanini, na ũndũ ũcio nĩ mwega harĩ ũgũri wa taũni kana wa ũgũri wa ũingĩ.",0.583408641,0.292727443,Misati,"Kũhingia mũtaratara wa gũthondeka mĩtĩ ya gũthondeka mĩtĩ ya kũrĩa irio na kũruta mbembe na njĩra njega na kũhũthĩra maĩ manini na handũ hanini, na ũndũ ũcio nĩ mwega harĩ ũgũri wa taũni kana wa ũgũri wa ũingĩ.",0.583408641,0.292727443,Cynthia,,
,Agriculture,"Start or improve your beekeeping business. Learn about hive management, honey harvesting, and marketing bee products.","Anza au uboreshe biashara yako ya kulea nyuki. Jifunze kuhusu usimamizi wa makundi ya nyuki, kuvuna asali, na kuuza bidhaa za nyuki.","Wĩrute ũhoro wa kũmenyeria ng'ombe, kũgetha ũũkĩ, na kũgũra indo cia kũgũra.",0.659951915,0.472308997,Misati,"Wĩrute ũhoro wa kũmenyeria ng'ombe, kũgetha ũũkĩ, na kũgũra indo cia kũgũra.",0.659951915,0.472308997,Cynthia,,
,Agriculture,Stay informed about current market prices for vegetables in major markets like Mombasa. Knowledge is power in negotiations.,Endelea kuwa na habari kuhusu bei za sasa za soko kwa mboga katika masoko makubwa kama Mombasa.,Wĩmenyerere ũhoro wa thogora wa indo cia mĩtĩ ya mĩtĩ ĩrĩa ĩrĩ thĩinĩ wa thĩ nene ta Mombasa.,0.658155884,0.37894529,Misati,Wĩmenyerere ũhoro wa thogora wa indo cia mĩtĩ ya mĩtĩ ĩrĩa ĩrĩ thĩinĩ wa thĩ nene ta Mombasa.,0.658155884,0.37894529,Cynthia,,
,Agriculture,Stay updated on the latest research findings from Egerton University on topics like new crop varieties relevant to your dairy farming.,Endelea kuwa na habari kuhusu matokeo ya hivi karibuni ya utafiti kutoka Chuo Kikuu cha Egerton juu ya mada kama vile aina mpya za mazao muhimu kwa kilimo chako cha maziwa.,Thiĩ na mbere na ũmenyo wa maũndũ marĩa marekĩka thutha wa ũrutani kuuma kũrĩ Yunivasiti ya Egerton wĩgiĩ indo ta mĩthemba mĩerũ ya mĩmera ĩrĩa ĩhutanĩtie na ũgũri waku wa iria.,0.692235663,0.44417956,Misati,Thiĩ na mbere na ũmenyo wa maũndũ marĩa marekĩka thutha wa ũrutani kuuma kũrĩ Yunivasiti ya Egerton wĩgiĩ indo ta mĩthemba mĩerũ ya mĩmera ĩrĩa ĩhutanĩtie na ũgũri waku wa iria.,0.692235663,0.44417956,Cynthia,,
,Agriculture,"Thinking of forming a group? Learn the step-by-step process of starting a credit cooperative, from member recruitment to registration.","Kufikiria kuanzisha kikundi? Jifunze hatua kwa hatua jinsi ya kuanzisha ushirika wa mkopo, kuanzia kuajiri washiriki hadi kujiandikisha.","Wĩrute ũrĩa ũngĩambĩrĩria kambuni ya kũheana mbeca, kuuma kũruta andũ wĩra nginya kwandĩkwo.",0.625675867,0.432441243,Misati,"Wĩrute ũrĩa ũngĩambĩrĩria kambuni ya kũheana mbeca, kuuma kũruta andũ wĩra nginya kwandĩkwo.",0.625675867,0.432441243,Cynthia,,
,Agriculture,"Traceability builds trust. Learn how simple record-keeping can help track your beans from farm to market, pleasing buyers and consumers.","Kufuatilia mbegu zako kunaweza kukufanya uwe na uhakika na kujua jinsi ambavyo kuhifadhi rekodi rahisi kunavyoweza kukusaidia kufuatilia mbegu zako kutoka shambani hadi sokoni, na hivyo kuwafurahisha wanunuzi na watumiaji.","Wĩrute ũrĩa kũiga rekodi hũthũ kũngĩteithia mũndũ kũrora mbeũ ciake kuuma mũgũnda nginya thoko, na kũkenia arĩa marĩ nacio na arĩa marĩ nacio.",0.53961905,0.414784574,Misati,"Wĩrute ũrĩa kũiga rekodi hũthũ kũngĩteithia mũndũ kũrora mbeũ ciake kuuma mũgũnda nginya thoko, na kũkenia arĩa marĩ nacio na arĩa marĩ nacio.",0.53961905,0.414784574,Cynthia,,
,Agriculture,Transform your raw coffee beans into a higher-value cassava chips. Discover simple processing methods and potential markets.,Geuza nafaka yako ya kahawa kuwa chip za manii zenye thamani kubwa.,Ũgĩrie mbegũ ciaku cia kahua iria itarĩ cia kũruga ũgĩcigarũre ciĩke mbegũ cia maniji cia goro mũno.,0.429541829,0.306183324,Misati,Ũgĩrie mbegũ ciaku cia kahua iria itarĩ cia kũruga ũgĩcigarũre ciĩke mbegũ cia maniji cia goro mũno.,0.429541829,0.306183324,Cynthia,,
,Agriculture,Transform your raw grains into a higher-value honey wine. Discover simple processing methods and potential markets.,Geuza nafaka yako ya unga kuwa divai ya asali yenye thamani kubwa zaidi.,"Ũgĩrie ngano ciaku iria itarĩ cia kũruga ũgĩcigarũre maguta ma goro mũno ma kũruga, ũmenye njĩra hũthũ cia kũruga na ũmenye kũgĩa na thoko.",0.548601014,0.303081387,Misati,"Ũgĩrie ngano ciaku iria itarĩ cia kũruga ũgĩcigarũre maguta ma goro mũno ma kũruga, ũmenye njĩra hũthũ cia kũruga na ũmenye kũgĩa na thoko.",0.548601014,0.303081387,Cynthia,,
,Agriculture,Transform your raw mangoes into a higher-value cassava chips. Discover simple processing methods and potential markets.,Geuza mango yako ya unga kuwa chipsi za manii zenye thamani kubwa.,Ũgĩrie mangũ ciaku iria itarĩ cia kũruga ũgĩcigarũre ciĩke tũng'ombe twa maniji twa goro mũno.,0.370413758,0.24925681,Misati,Ũgĩrie mangũ ciaku iria itarĩ cia kũruga ũgĩcigarũre ciĩke tũng'ombe twa maniji twa goro mũno.,0.370413758,0.24925681,Cynthia,,
,Agriculture,"Understand the importance of using certified seeds for tea to ensure high germination, varietal purity, and yield potential.","Kuelewa umuhimu wa kutumia mbegu zilizothibitishwa kwa ajili ya chai ili kuhakikisha kuota kwa juu, usafi wa aina, na uwezo wa mavuno.","Nĩ ũkuona bata wa kũhũthĩra mbeũ cia chai iria ciarĩ na kĩhooto nĩguo cione ũrĩa cĩtĩ icio ciĩhaandaga wega, ũrĩa mĩthemba ya cio ĩkoragwo ĩrĩ theru, na ũrĩa cingĩgĩa na maciaro maingĩ.",0.64196712,0.335387034,Misati,"Nĩ ũkuona bata wa kũhũthĩra mbeũ cia chai iria ciarĩ na kĩhooto nĩguo cione ũrĩa cĩtĩ icio ciĩhaandaga wega, ũrĩa mĩthemba ya cio ĩkoragwo ĩrĩ theru, na ũrĩa cingĩgĩa na maciaro maingĩ.",0.64196712,0.335387034,Cynthia,,
,Agriculture,Urban gardening allows city dwellers to grow food. Explore techniques like container gardening and vertical growing for avocados.,Ulimaji wa bustani unawawezesha wakazi wa jiji kukua chakula.,Kũruta mĩgũnda ya maguta nĩ kũhotithagia aikari a taũni kũruta irio.,0.477598764,0.465069407,Misati,Kũruta mĩgũnda ya maguta nĩ kũhotithagia aikari a taũni kũruta irio.,0.477598764,0.465069407,Cynthia,,
,Agriculture,Urban gardening allows city dwellers to grow food. Explore techniques like container gardening and vertical growing for goats.,Ulimaji wa bustani unawawezesha wakazi wa jiji kukua chakula.,Kũruta mĩgũnda ya matũũra nĩ gũtũmaga andũ a matũũra manene makũre irio.,0.467152128,0.42725052,Misati,Kũruta mĩgũnda ya matũũra nĩ gũtũmaga andũ a matũũra manene makũre irio.,0.467152128,0.42725052,Cynthia,,
,Agriculture,Urban gardening allows city dwellers to grow food. Explore techniques like container gardening and vertical growing for onions.,Ulimaji wa bustani unawawezesha wakazi wa jiji kukua chakula.,Kũruta mĩgũnda ya matũũra nĩ gũtũmaga andũ a matũũra manene makũre irio.,0.470517524,0.427360304,Misati,Kũruta mĩgũnda ya matũũra nĩ gũtũmaga andũ a matũũra manene makũre irio.,0.470517524,0.427360304,Cynthia,,
,Agriculture,"Use fertilizers effectively for your beans by understanding soil needs, choosing the right type, and applying the correct amount at the right time.","Tumia mbolea kwa ufanisi kwa ajili ya maharagwe yako kwa kuelewa mahitaji ya udongo, kuchagua aina inayofaa, na kutumia kiasi kinachofaa kwa wakati unaofaa.","Ũhũthĩre mĩmera ya mĩmera yaku na njĩra njega na njĩra ya kũmenya ũrĩa tĩĩri ũbataraga, gũthuura mũthemba ũrĩa wagĩrĩire, na kũhũthĩra mũigana ũrĩa wagĩrĩire hĩndĩ ĩrĩa yagĩrĩire.",0.726898221,0.53629698,Misati,"Ũhũthĩre mĩmera ya mĩmera yaku na njĩra njega na njĩra ya kũmenya ũrĩa tĩĩri ũbataraga, gũthuura mũthemba ũrĩa wagĩrĩire, na kũhũthĩra mũigana ũrĩa wagĩrĩire hĩndĩ ĩrĩa yagĩrĩire.",0.726898221,0.53629698,Cynthia,,
,Agriculture,Use fertilizers wisely to maximize nutrient uptake by maize and minimize environmental impact. Learn about soil testing and balanced fertilization.,Tumia mbolea kwa hekima ili kuongeza kiasi cha lishe ambacho mahindi huchukua na kupunguza athari za mazingira.,Tumiaga mĩmera na ũũgĩ nĩguo mũtuĩke mũingĩ wa irio iria mũtuuaga na ũhote kũniina ũgwati wa indo iria ciumanaga na mũthiithũ.,0.612782391,0.291595209,Misati,Tumiaga mĩmera na ũũgĩ nĩguo mũtuĩke mũingĩ wa irio iria mũtuuaga na ũhote kũniina ũgwati wa indo iria ciumanaga na mũthiithũ.,0.612782391,0.291595209,Cynthia,,
,Agriculture,Use social media effectively to market your free-range eggs. Tips on creating content and engaging with customers online.,Tumia mitandao ya kijamii kwa ufanisi kuuza mayai yako ya bure. Vidokezo juu ya kuunda maudhui na kushirikiana na wateja mtandaoni.,Hũthĩra njĩra cia kũmenyeria arĩa angĩ na njĩra njega nĩguo ũgũre indo ciaku cia kũmenyeria arĩa angĩ.,0.744655511,0.407087914,Misati,Hũthĩra njĩra cia kũmenyeria arĩa angĩ na njĩra njega nĩguo ũgũre indo ciaku cia kũmenyeria arĩa angĩ.,0.744655511,0.407087914,Cynthia,,
,Security,"Floods are common in Kenya during rainy seasons. Learn evacuation routes, store emergency supplies, and avoid flooded areas to protect lives and property.","Jifunze njia za kuhama, uhifadhi vifaa vya dharura, na epuka maeneo yaliyojaa maji ili kulinda uhai na mali.","Nĩ ũndũ wa kũmenyeria andũ arĩa marĩ na mĩgwate, wĩrute njĩra cia kũmatongoria, ũige indo cia kũmatungatĩra, na wĩtheme kũndũ kũrĩa kũiyũirũo nĩ maaĩ nĩguo ũgitĩre andũ na indo ciao.",0.601367187,0.444414463,Misati,"Nĩ ũndũ wa kũmenyeria andũ arĩa marĩ na mĩgwate, wĩrute njĩra cia kũmatongoria, ũige indo cia kũmatungatĩra, na wĩtheme kũndũ kũrĩa kũiyũirũo nĩ maaĩ nĩguo ũgitĩre andũ na indo ciao.",0.601367187,0.444414463,Cynthia,,
,Security,Informal settlements are prone to fires due to congested housing and illegal electricity connections. Report hazards and use fire-safe cooking methods.,Makao yasiyo rasmi huwa na hatari ya moto kwa sababu ya nyumba zilizojaa watu na kuunganishwa kwa umeme bila sheria.,Andũ aingĩ matũũraga kũndũ kũtarĩ kwa mũingĩ nĩ magĩaga na mwaki tondũ wa mĩciĩ mĩingĩ na kũgĩa na ũhũthĩri wa hinya wa kũheana ũhoti wa kũheana ũhoti wa kũheana ũhoti wa kũheana ũhoti wa kũheana ũhoti wa kũheana ũhoti wa kũheana ũhoti wa kũheana ũhoti wa kũheana ũhoti wa kũheana ũhoti wa kũheana ũhoti wa kũheana ũhoti wa kũheana ũhoti wa kũheana ũhoti wa kũheana ũhoti wa kũheana ũhoti wa kũheana ũhoti wa kũheana ũhoti wa kũheana ũhoti wa kũheana ũhoti wa kũheana ũhoti wa kũheana ũhoti wa kũheana ũhoti wa kũheana ũhoti wa kũheana ũhoti wa kũheana ũhoti wa kũheana ũhoti wa kũheana ũ,0.485067526,0.453646323,Misati,Andũ aingĩ matũũraga kũndũ kũtarĩ kwa mũingĩ nĩ magĩaga na mwaki tondũ wa mĩciĩ mĩingĩ na kũgĩa na ũhũthĩri wa hinya wa kũheana ũhoti wa kũheana ũhoti wa kũheana ũhoti wa kũheana ũhoti wa kũheana ũhoti wa kũheana ũhoti wa kũheana ũhoti wa kũheana ũhoti wa kũheana ũhoti wa kũheana ũhoti wa kũheana ũhoti wa kũheana ũhoti wa kũheana ũhoti wa kũheana ũhoti wa kũheana ũhoti wa kũheana ũhoti wa kũheana ũhoti wa kũheana ũhoti wa kũheana ũhoti wa kũheana ũhoti wa kũheana ũhoti wa kũheana ũhoti wa kũheana ũhoti wa kũheana ũhoti wa kũheana ũhoti wa kũheana ũhoti wa kũheana ũhoti wa kũheana ũ,0.485067526,0.453646323,Cynthia,,
,Security,Droughts devastate livestock and livelihoods. The government provides water trucking and livestock feeds. Report severe cases to county disaster committees.,Ukame unaharibu mifugo na maisha. Serikali hutoa maji kwa ajili ya magari na chakula kwa mifugo. Ripoti kesi kali kwa kamati za kasoro za wilaya.,"Nĩ ũndũ wa mĩnyamaro ya bũrũri, andũ aingĩ nĩ makoragwo na mathĩna ma mwĩrĩ, na nĩ ũndũ wa ũguo nĩ magĩrĩirũo nĩ kũruta wĩra mũingĩ.",0.466506626,0.234627015,Misati,"Nĩ ũndũ wa mĩnyamaro ya bũrũri, andũ aingĩ nĩ makoragwo na mathĩna ma mwĩrĩ, na nĩ ũndũ wa ũguo nĩ magĩrĩirũo nĩ kũruta wĩra mũingĩ.",0.466506626,0.234627015,Cynthia,,
,Security,"Though rare, earthquakes can occur. Drop, Cover, and Hold during tremors. Avoid buildings with cracks and report structural weaknesses to authorities.","Ingawa huenda ikawa nadra, huenda ikawa na matetemeko ya ardhi.","O na gũtuĩka nĩ ti kaingĩ gũkoragwo na ithingithia, no ciume, ciume, na ciume hĩndĩ ya ithingithia, ciume nyũmba iria irĩ na mĩnyororo na ũige atĩ nĩ ciakoragwo na mĩako mĩũru.",0.520076797,0.381242543,Misati,"O na gũtuĩka nĩ ti kaingĩ gũkoragwo na ithingithia, no ciume, ciume, na ciume hĩndĩ ya ithingithia, ciume nyũmba iria irĩ na mĩnyororo na ũige atĩ nĩ ciakoragwo na mĩako mĩũru.",0.520076797,0.381242543,Cynthia,,
,Security,"Save critical numbers: *719# for Red Cross, 999 for police, and 112 for ambulance services during disasters. Share with family and neighbors.","Weka namba muhimu: *719# kwa ajili ya Msalaba Mwekundu, 999 kwa ajili ya polisi, na 112 kwa ajili ya huduma za dharura wakati wa misiba. Shiriki na familia na majirani.","Hũthĩra namba cia bata mũno: *719# cia Mũtheru, 999 cia mbũtũ cia thigari, na 112 cia ambulance hĩndĩ ya mĩnyamaro.",0.772992278,0.480288731,Misati,"Hũthĩra namba cia bata mũno: *719# cia Mũtheru, 999 cia mbũtũ cia thigari, na 112 cia ambulance hĩndĩ ya mĩnyamaro.",0.772992278,0.480288731,Cynthia,,
,Security,Hilly areas like Murang'a are prone to landslides. Avoid building on steep slopes and heed evacuation warnings during heavy rains.,Maeneo yenye milima kama Murang'a huwa na mlipuko wa ardhi. Epuka kujenga kwenye vilima vya mteremko na usikilize maonyo ya kuhama wakati wa mvua kubwa.,"Ndũgakome kũndũ kũrĩa kũrĩ irĩma ta Murang'a, na nĩ wagĩrĩirũo gwĩthema gwaka nyũmba na igũrũ na kũigua mũkaana wa gũcoka kũndũ kũngĩ rĩrĩa kũrĩ mbura nene.",0.560460706,0.375269354,Misati,"Ndũgakome kũndũ kũrĩa kũrĩ irĩma ta Murang'a, na nĩ wagĩrĩirũo gwĩthema gwaka nyũmba na igũrũ na kũigua mũkaana wa gũcoka kũndũ kũngĩ rĩrĩa kũrĩ mbura nene.",0.560460706,0.375269354,Cynthia,,
,Security,"During floods, cholera spreads through contaminated water. Boil drinking water, wash hands, and report symptoms to health facilities immediately.","Wakati wa mafuriko, cholera huenea kupitia maji machafu.","Hĩndĩ ya mĩiyũro, mũrimũ wa kolera ũtheragĩrũo na maĩ marĩ na thahu.",0.715726304,0.437297979,Misati,"Hĩndĩ ya mĩiyũro, mũrimũ wa kolera ũtheragĩrũo na maĩ marĩ na thahu.",0.715726304,0.437297979,Cynthia,,
,Security,Human activities cause most wildfires. Avoid open flames in forests and report smoke sightings to Kenya Forest Service.,Usikate moto wazi katika misitu na uwaarifu Huduma ya Misitu ya Kenya kuhusu uvumbuzi wa moshi.,"Nĩ ũndũ wa maũndũ marĩa andũ mekagwo, nĩ magĩrĩire kũgirĩrĩria mwaki ũgĩcina mĩtitũ na ũrege andũ arĩa monete ndogo kũrĩ mũbango wa Kenya Forest Service.",0.463772502,0.305080361,Misati,"Nĩ ũndũ wa maũndũ marĩa andũ mekagwo, nĩ magĩrĩire kũgirĩrĩria mwaki ũgĩcina mĩtitũ na ũrege andũ arĩa monete ndogo kũrĩ mũbango wa Kenya Forest Service.",0.463772502,0.305080361,Cynthia,,
,Security,Coastal communities should recognize tsunami warning signs (receding water) and move to higher ground immediately.,Jumuiya za pwani zinapaswa kutambua ishara za onyo za tsunami (maji yanayopungua) na kuhamia kwenye eneo lenye maji ya juu mara moja.,Andũ arĩa matũũraga mabũrũri-inĩ marĩa marĩ hũgũrũrũ-inĩ cia iria magĩrĩirũo kũmenya maũndũ marĩa maronania atĩ tsunami nĩ ĩrathiĩ na mbere na kũingĩha na ihenya.,0.598161791,0.466087783,Misati,Andũ arĩa matũũraga mabũrũri-inĩ marĩa marĩ hũgũrũrũ-inĩ cia iria magĩrĩirũo kũmenya maũndũ marĩa maronania atĩ tsunami nĩ ĩrathiĩ na mbere na kũingĩha na ihenya.,0.598161791,0.466087783,Cynthia,,
,Security,Disasters disproportionately affect people with disabilities. Families should plan accessible evacuation routes in advance.,Watu wenye ulemavu hupatwa na misiba kwa njia isiyo ya haki. Familia zinapaswa kupanga mapema njia za kutoroka ambazo zinaweza kupatikana.,Andũ arĩa marĩ na mawathe nĩ mahutĩkio mũno nĩ icanjama.,0.561690659,0.504898959,Misati,Andũ arĩa marĩ na mawathe nĩ mahutĩkio mũno nĩ icanjama.,0.561690659,0.504898959,Cynthia,,
,Security,Drought-affected families can access government relief food. Report hunger cases to the National Drought Management Authority.,Familia zilizoathiriwa na ukame zinaweza kupata chakula cha serikali. Ripoti kesi za njaa kwa Mamlaka ya Kitaifa ya Usimamizi wa Ukame.,Famĩlĩ iria cianyamarĩkaga nĩ ng'aragu no cione irio cia ũteithio cia thirikari.,0.720442935,0.543809895,Misati,Famĩlĩ iria cianyamarĩkaga nĩ ng'aragu no cione irio cia ũteithio cia thirikari.,0.720442935,0.543809895,Cynthia,,
,Security,Counties have designated evacuation centers. Locate your nearest shelter and keep emergency kits ready.,"Wilaya zimeweka vituo vya kuondoka, pata makao ya karibu zaidi na uwe tayari kuweka vifaa vya dharura.","Thirikari nĩ ĩhũthagĩra kambũni ya gũteithũra andũ, na nĩ ĩgĩteithia andũ gũikara marĩ na indo cia kũmatungatĩra.",0.484982003,0.301968218,Misati,"Thirikari nĩ ĩhũthagĩra kambũni ya gũteithũra andũ, na nĩ ĩgĩteithia andũ gũikara marĩ na indo cia kũmatungatĩra.",0.484982003,0.301968218,Cynthia,,
,Security,"After floods, water sources may be contaminated. Use water purification tablets or boil water before drinking.","Baada ya mafuriko, huenda maji ya maji yakachafuliwa.","Thutha wa mĩiyũro, maĩ no mathire.",0.625781413,0.45964675,Misati,"Thutha wa mĩiyũro, maĩ no mathire.",0.625781413,0.45964675,Cynthia,,
,Security,"Schools should conduct regular fire drills and have emergency plans for floods, fires, and conflicts.","Shule zinapaswa kufanya mazoezi ya kawaida ya kuwasha moto na kuwa na mipango ya dharura ya mafuriko, moto, na migogoro.","Mathukuru magĩrĩirũo gũkorũo na maũndũ ma gũcina mwaki na magĩe na mĩbango ya kũhiũrania na mĩiyũro, mwaki, na ngũĩ.",0.672546696,0.498208569,Misati,"Mathukuru magĩrĩirũo gũkorũo na maũndũ ma gũcina mwaki na magĩe na mĩbango ya kũhiũrania na mĩiyũro, mwaki, na ngũĩ.",0.672546696,0.498208569,Cynthia,,
,Security,Subscribe to SMS alerts from the Meteorological Department to receive real-time flood warnings in your area.,Jiandikishe kwenye maonyo ya SMS kutoka Idara ya Hali ya Hewa ili upate maonyo ya mafuriko katika eneo lako.,"Nĩguo ũheo mũkaana wa hĩndĩ ya ma wĩgiĩ mĩiyũro kũrĩa ũikaraga, hũra thimũ ũmenyithio nĩ rũhonge rwa maũndũ ma rũhuho rwa rũhuho rwa rũhuho rwa rũhuho rwa rũhuho rwa rũhuho rwa rũhuho.",0.629085001,0.426205472,Misati,"Nĩguo ũheo mũkaana wa hĩndĩ ya ma wĩgiĩ mĩiyũro kũrĩa ũikaraga, hũra thimũ ũmenyithio nĩ rũhonge rwa maũndũ ma rũhuho rwa rũhuho rwa rũhuho rwa rũhuho rwa rũhuho rwa rũhuho rwa rũhuho.",0.629085001,0.426205472,Cynthia,,
,Security,Local committees help coordinate rescue efforts and resource distribution during emergencies. Volunteer with your village committee.,Halmashauri za eneo hilo husaidia kuhariri jitihada za kuokoa na kusambaza rasilimali wakati wa dharura.,Kamĩtĩ cia kũrĩa ũikaraga nĩ iratungatagĩra kũrũgamĩrĩra wĩra wa kũhonokia andũ na kũgayũkania indo hĩndĩ ya mathĩĩna.,0.596474221,0.460613208,Misati,Kamĩtĩ cia kũrĩa ũikaraga nĩ iratungatagĩra kũrũgamĩrĩra wĩra wa kũhonokia andũ na kũgayũkania indo hĩndĩ ya mathĩĩna.,0.596474221,0.460613208,Cynthia,,
,Security,Improper handling of corpses risks disease outbreaks. Follow Textlines from health authorities during mass fatalities.,Kuwatunza vibaya maiti kunaweza kusababisha kuenea kwa magonjwa.,Kũhũthĩra ũũru ciimba nĩ kũrĩ ũgwati wa kũgĩa na mĩrimũ.,0.537674517,0.440334093,Misati,Kũhũthĩra ũũru ciimba nĩ kũrĩ ũgwati wa kũgĩa na mĩrimũ.,0.537674517,0.440334093,Cynthia,,
,Security,Criminals may exploit chaos. Secure your property and report looters to police immediately.,Wahalifu wanaweza kutumia ghasia ili kuokoa mali yako na kuwajulisha polisi mara moja waporaji.,"Andũ arĩa mahĩtia no mahũthĩre maũndũ ma ũgwati, na nĩ megũkũgitĩra na magakũhe ũhoro wa arĩa maranyitĩte indo ciao kũrĩ borithi o rĩmwe.",0.476452848,0.257123614,Misati,"Andũ arĩa mahĩtia no mahũthĩre maũndũ ma ũgwati, na nĩ megũkũgitĩra na magakũhe ũhoro wa arĩa maranyitĩte indo ciao kũrĩ borithi o rĩmwe.",0.476452848,0.257123614,Cynthia,,
,Security,Livestock are critical for livelihoods. Report distressed animals to veterinary officers for feed and medical support.,Wanyama wa mifugo ni muhimu sana kwa maisha. Waeleze wazalishaji wa wanyama walio katika hali ya shida kwa maofisa wa afya ya wanyama ili wapate chakula na msaada wa matibabu.,Nyamũ cia gũciara nĩ cia bata mũno harĩ kũgĩa na ũtũũro.,0.473939022,0.386167857,Misati,Nyamũ cia gũciara nĩ cia bata mũno harĩ kũgĩa na ũtũũro.,0.473939022,0.386167857,Cynthia,,
,Security,Use flashlights instead of candles to prevent fires during blackouts. Report downed power lines to Kenya Power.,Tumia taa za taa badala ya mishumaa ili kuzuia moto wakati wa kuzimwa.,Tumiaga matawa handũ ha macani kũgirĩrĩria mwaki hĩndĩ ya kũniina macini.,0.581824013,0.379393664,Misati,Tumiaga matawa handũ ha macani kũgirĩrĩria mwaki hĩndĩ ya kũniina macini.,0.581824013,0.379393664,Cynthia,,
,Security,Avoid driving through flooded roads. Just 30cm of water can sweep away vehicles. Use alternative routes.,"Epuka kuendesha gari kwenye barabara zilizojaa maji, maji yenye urefu wa sentimita 30 tu yanaweza kuondoa magari.","Ndũgatwarĩre barabara iria ciiyũrĩtwo nĩ maaĩ, tondũ o na maaĩ ma sentimita 30 no matũme ngari ciĩre.",0.510359769,0.324447228,Misati,"Ndũgatwarĩre barabara iria ciiyũrĩtwo nĩ maaĩ, tondũ o na maaĩ ma sentimita 30 no matũme ngari ciĩre.",0.510359769,0.324447228,Cynthia,,
,Security,"Companies should have continuity plans, backup generators, and employee safety training for emergencies.","Kampuni zinapaswa kuwa na mipango ya kuendelea, jenereta za kuhifadhi, na mafunzo ya usalama wa wafanyakazi kwa ajili ya dharura.","Kambuni nĩ igĩrĩirũo gũkorũo na mĩbango ya gũtũũra na mbere, macini cia kũiga indo cia kũiga, na ũmenyeru wa wĩra wa kũgitĩra andũ arĩa marĩ na thĩna wa mĩtũkĩ.",0.69229685,0.359420618,Misati,"Kambuni nĩ igĩrĩirũo gũkorũo na mĩbango ya gũtũũra na mbere, macini cia kũiga indo cia kũiga, na ũmenyeru wa wĩra wa kũgitĩra andũ arĩa marĩ na thĩna wa mĩtũkĩ.",0.69229685,0.359420618,Cynthia,,
,Security,"Internally Displaced Persons (IDPs) are vulnerable to diseases. Ensure clean water, sanitation, and medical supplies in camps.",Watu waliofukuzwa kutoka nchi zao (IDPs) wanaathiriwa na magonjwa.,Andũ arĩa matũũraga bũrũri wa kwao (IDPs) nĩ magĩrĩire kũhiũrania na mĩrimũ.,0.383149811,0.407804405,Misati,Andũ arĩa matũũraga bũrũri wa kwao (IDPs) nĩ magĩrĩire kũhiũrania na mĩrimũ.,0.383149811,0.407804405,Cynthia,,
,Security,Improper generator use causes carbon monoxide poisoning. Operate generators outdoors and away from windows.,Kutumia jenereta vibaya husababisha sumu ya monoksidi ya kaboni.,Kũhũthĩra wega macini cia kũũmbũra macini cia kũũmbũra macini cia kũũmbũra macini cia kũũmbũra macini cia kũũmbũra macini cia kũũmbũra macini cia kũũmbũra macini cia kũũmbũra macini cia kũũmbũra macini cia kũũmbũra macini cia kũũmbũra macini cia kũũmbũra macini cia kũũmbũra macini cia kũũmbũra macini cia kũũmbũra macini cia macini cia kũũmbũra macini cia kũũmbũra macini cia kũũmbũra macini cia kũũmbũra macini cia kũũmbũra macini cia kũũmbũra macini.,0.696150191,0.552800515,Misati,Kũhũthĩra wega macini cia kũũmbũra macini cia kũũmbũra macini cia kũũmbũra macini cia kũũmbũra macini cia kũũmbũra macini cia kũũmbũra macini cia kũũmbũra macini cia kũũmbũra macini cia kũũmbũra macini cia kũũmbũra macini cia kũũmbũra macini cia kũũmbũra macini cia kũũmbũra macini cia kũũmbũra macini cia kũũmbũra macini cia macini cia kũũmbũra macini cia kũũmbũra macini cia kũũmbũra macini cia kũũmbũra macini cia kũũmbũra macini cia kũũmbũra macini.,0.696150191,0.552800515,Cynthia,,
,Security,Trained volunteers assist in rescue operations. Register with Kenya Red Cross or local disaster committees.,Wajitoleaji waliozoezwa husaidia katika shughuli za uokoaji. Jiandikishe katika Msalaba Mwekundu wa Kenya au katika halmashauri za eneo hilo za misiba.,Arĩa marutaga wĩra wa kwĩrutĩra nĩ mateithagĩrĩria kũhonokia andũ.,0.669124503,0.510275724,Misati,Arĩa marutaga wĩra wa kwĩrutĩra nĩ mateithagĩrĩria kũhonokia andũ.,0.669124503,0.510275724,Cynthia,,
,Security,Children are highly vulnerable. Ensure they know emergency contacts and have identification tags in crowded shelters.,Watoto ni wenye uharibifu sana. Hakikisha wanajua watu wa dharura na wana vitambulisho vya kitambulisho katika makao ya kukimbilia yenye watu wengi.,Ciana nĩ ciĩhĩtie mũno. Hinga ũmenye arĩa marĩ na ũrata wa mĩtũkĩ na makorũo na marĩĩtwa ma kũmenyithania thĩinĩ wa nyũmba cia kũhonokania cia andũ aingĩ.,0.539588441,0.371505023,Misati,Ciana nĩ ciĩhĩtie mũno. Hinga ũmenye arĩa marĩ na ũrata wa mĩtũkĩ na makorũo na marĩĩtwa ma kũmenyithania thĩinĩ wa nyũmba cia kũhonokania cia andũ aingĩ.,0.539588441,0.371505023,Cynthia,,
,Security,"After floods, disinfect homes to prevent mold and diseases. Wear protective gear during cleanup.","Baada ya mafuriko, kinga nyumba ili kuzuia kuvu na magonjwa.","Thutha wa mĩiyũro, thondekaga indo cia gũtheria nyũmba nĩguo ũgirĩrĩrie mĩrimũ na mĩrimũ.",0.61195747,0.442984578,Misati,"Thutha wa mĩiyũro, thondekaga indo cia gũtheria nyũmba nĩguo ũgirĩrĩrie mĩrimũ na mĩrimũ.",0.61195747,0.442984578,Cynthia,,
,Security,"During prolonged disasters, preserve food by drying, salting, or using airtight containers to avoid spoilage.","Wakati wa misiba ya muda mrefu, uhifadhi chakula kwa kukausha, kuchoma chumvi, au kutumia vyombo visivyo na hewa ili kuepuka kuharibika.","Rĩrĩa kũrĩ na mĩnyamaro, gwatĩra irio na njĩra ya gũciũmia, gũcicina, kana kũhũthĩra indo iria itangĩahotithĩka nĩgetha itigathũkie.",0.643930411,0.326585851,Misati,"Rĩrĩa kũrĩ na mĩnyamaro, gwatĩra irio na njĩra ya gũciũmia, gũcicina, kana kũhũthĩra indo iria itangĩahotithĩka nĩgetha itigathũkie.",0.643930411,0.326585851,Cynthia,,
,Security,Rumors worsen panic. Rely on official updates from government agencies and verified media outlets.,"Habari hizo zinaongeza hofu, na husaidia kutegemea habari za serikali na vyombo vya habari.","Nĩ ũndũ wa kũigua ũhoro wa maũndũ marĩa marekĩka, nĩ tũkoragwo na nganja atĩ nĩ tũrathoma ũhoro wa maũndũ marĩa marekĩka nĩ thirikari na ngathĩti cia mohoro.",0.339697413,0.32818931,Misati,"Nĩ ũndũ wa kũigua ũhoro wa maũndũ marĩa marekĩka, nĩ tũkoragwo na nganja atĩ nĩ tũrathoma ũhoro wa maũndũ marĩa marekĩka nĩ thirikari na ngathĩti cia mohoro.",0.339697413,0.32818931,Cynthia,,
,Security,Snakes seek shelter in homes during floods. Use torches at night and avoid walking barefoot.,Nyoka hujificha katika nyumba wakati wa mafuriko.,Nyoka nĩ ciĩagĩra mĩciĩ-inĩ hĩndĩ ya mĩiyũro.,0.671460508,0.468009652,Misati,Nyoka nĩ ciĩagĩra mĩciĩ-inĩ hĩndĩ ya mĩiyũro.,0.671460508,0.468009652,Cynthia,,
,Security,"Insurance mitigates financial losses from floods, fires, or storms. Explore affordable micro-insurance options.","Kuhusu bima, unaweza kupunguza hasara za kifedha zinazoletwa na mafuriko, moto, au dhoruba.","Ũteithio wa kũhingia mbeca nĩ kũhingia indo iria cianangĩkaga nĩ ũndũ wa mĩiyũro, mwaki, kana mĩiyũro.",0.545548734,0.426482607,Misati,"Ũteithio wa kũhingia mbeca nĩ kũhingia indo iria cianangĩkaga nĩ ũndũ wa mĩiyũro, mwaki, kana mĩiyũro.",0.545548734,0.426482607,Cynthia,,
,Security,Vulnerable families can access government cash aid during disasters via mobile money platforms.,Familia zilizo hatarini zinaweza kupata msaada wa fedha kutoka kwa serikali wakati wa misiba kupitia majukwaa ya fedha za simu.,Famĩlĩ iria irĩ na thĩna wa mogarũrũku no ihingie ũteithio wa thirikari hĩndĩ ya mĩnyamaro kũgerera mbeca cia kũhũthĩra thimũ.,0.601880276,0.482073711,Misati,Famĩlĩ iria irĩ na thĩna wa mogarũrũku no ihingie ũteithio wa thirikari hĩndĩ ya mĩnyamaro kũgerera mbeca cia kũhũthĩra thimũ.,0.601880276,0.482073711,Cynthia,,
,Security,Avoid rebuilding in landslide-prone areas. Government offers alternative land for affected families.,Epuka kujenga upya katika maeneo yenye uharibifu wa ardhi.,"Nĩ ũndũ ũcio, nĩ wega gwĩthema gwaka rĩngĩ kũndũ kũrĩa kũkoragwo na mĩiyũro ya thĩ.",0.569596243,0.381440796,Misati,"Nĩ ũndũ ũcio, nĩ wega gwĩthema gwaka rĩngĩ kũndũ kũrĩa kũkoragwo na mĩiyũro ya thĩ.",0.569596243,0.381440796,Cynthia,,
,Security,Free fire safety training is available for communities to prevent and respond to fire outbreaks.,Mafunzo ya bure ya usalama wa moto yanapatikana kwa jamii ili kuzuia na kujibu milipuko ya moto.,Kũmenyeria andũ maũndũ megiĩ ũgitĩri wa mwaki nĩ kũrĩ mũhothi wa tũhũ harĩ andũ a mĩciĩ yao kũgirĩrĩria na kũhiũrania na mĩrimũ ya mwaki.,0.70606344,0.448398231,Misati,Kũmenyeria andũ maũndũ megiĩ ũgitĩri wa mwaki nĩ kũrĩ mũhothi wa tũhũ harĩ andũ a mĩciĩ yao kũgirĩrĩria na kũhiũrania na mĩrimũ ya mwaki.,0.70606344,0.448398231,Cynthia,,
,Security,Water conducts electricity. Avoid touching power lines or electrical appliances during floods.,Maji husafirisha umeme. Epuka kugusa nyaya za umeme au vifaa vya umeme wakati wa mafuriko.,Maaĩ nĩ matwaragĩra ũrutaga wa hinya.,0.747542347,0.229578256,Misati,Maaĩ nĩ matwaragĩra ũrutaga wa hinya.,0.747542347,0.229578256,Cynthia,,
,Security,Farmers should adopt drought-resistant crops and water conservation techniques to mitigate climate shocks.,Wakulima wanapaswa kutumia mazao yanayopinga ukame na mbinu za kuhifadhi maji ili kupunguza mshtuko wa hali ya hewa.,Arimi magĩrĩirũo gwĩkĩra indo iria itangĩhiũrania na mũiyũro wa maaĩ na njĩra ya kũiga maĩ wega nĩguo magĩe na ũhoti wa kũgirĩrĩria mĩiyũro ya ihuhũkanio.,0.744374076,0.420983827,Misati,Arimi magĩrĩirũo gwĩkĩra indo iria itangĩhiũrania na mũiyũro wa maaĩ na njĩra ya kũiga maĩ wega nĩguo magĩe na ũhoti wa kũgirĩrĩria mĩiyũro ya ihuhũkanio.,0.744374076,0.420983827,Cynthia,,
,Security,Learn to build temporary shelters using locally available materials for displaced families.,Jifunze kujenga makao ya muda kwa kutumia vifaa vinavyopatikana katika eneo hilo kwa ajili ya familia zilizohama.,Wĩrute gũthondeka nyũmba cia kũigĩrĩra andũ arĩa mathamakiire na njĩra ya kũhũthĩra indo iria cionekaga kũrĩa ũikaraga.,0.666954759,0.423348691,Misati,Wĩrute gũthondeka nyũmba cia kũigĩrĩra andũ arĩa mathamakiire na njĩra ya kũhũthĩra indo iria cionekaga kũrĩa ũikaraga.,0.666954759,0.423348691,Cynthia,,
,Security,Stampedes worsen disasters. Follow authorities' instructions and avoid panic during mass evacuations.,Kufuata maagizo ya mamlaka na kuepuka hofu wakati wa kuhama kwa wingi.,"Kũgerera marakara, athuri nĩ marendaga kũhũthĩra marakara ma andũ arĩa marĩ na ũgwati na nĩ mangĩahotire gwĩthema gwĩtigĩra hĩndĩ ya kũrutwo kwa andũ aingĩ.",0.495146013,0.252834485,Misati,"Kũgerera marakara, athuri nĩ marendaga kũhũthĩra marakara ma andũ arĩa marĩ na ũgwati na nĩ mangĩahotire gwĩthema gwĩtigĩra hĩndĩ ya kũrutwo kwa andũ aingĩ.",0.495146013,0.252834485,Cynthia,,
,Security,Learn to recognize trauma symptoms and provide psychological first aid to disaster survivors.,Jifunze kutambua dalili za kupatwa na majeraha na kutoa msaada wa kwanza wa kisaikolojia kwa waliookoka misiba.,Wĩrute kũmenya maũndũ marĩa maronania atĩ mũndũ nĩ ahinyĩrĩirio nĩ kĩeha na ũhe ũteithio wa bata harĩ arĩa mahonokete mũgwati.,0.675905808,0.426872865,Misati,Wĩrute kũmenya maũndũ marĩa maronania atĩ mũndũ nĩ ahinyĩrĩirio nĩ kĩeha na ũhe ũteithio wa bata harĩ arĩa mahonokete mũgwati.,0.675905808,0.426872865,Cynthia,,
,Security,Ensure LPG cylinders are stored in well-ventilated areas and check for leaks regularly.,Hakikisha kuwa vifurushi vya LPG vimehifadhiwa katika maeneo yenye hewa safi na uangalie kwa ukawaida uvujaji.,Nĩ wega kũmenyeria atĩ tũcũmbĩrĩ twa LPG tũigĩrũo kũndũ kũrĩa kũkoragwo na ũhinga mwega wa rĩera-inĩ na ũgerie gũthuthuria kana nĩ kũrĩ na ũhinga wa rĩera-inĩ.,0.557651177,0.360754156,Misati,Nĩ wega kũmenyeria atĩ tũcũmbĩrĩ twa LPG tũigĩrũo kũndũ kũrĩa kũkoragwo na ũhinga mwega wa rĩera-inĩ na ũgerie gũthuthuria kana nĩ kũrĩ na ũhinga wa rĩera-inĩ.,0.557651177,0.360754156,Cynthia,,
,Security,Older adults need tailored evacuation plans. Identify caregivers and accessible shelters in advance.,"Wazee wanahitaji kupanga mapema jinsi ya kuondoka, na kutambua wale wanaowajali na makao yanayoweza kupatikana.",Andũ agima nĩ marabatara kũmenyeria arĩa maramatungata na kũmenyeria andũ arĩa angĩ.,0.428535261,0.319868376,Misati,Andũ agima nĩ marabatara kũmenyeria arĩa maramatungata na kũmenyeria andũ arĩa angĩ.,0.428535261,0.319868376,Cynthia,,
,Security,Chemicals and fuels should be stored away from homes to prevent fires and environmental contamination.,"Ili kuzuia moto na uchafuzi wa mazingira, kemikali na mafuta yanapaswa kuhifadhiwa mbali na nyumba.","Nĩguo gwĩthema mwaki na ũtarũkio wa mũthiũrũrũko, indo cia gũthondeka na maguta cia gũthondeka ciagĩrĩire kũigwo handũ harĩa itarĩ nyũmba.",0.705406102,0.364190154,Misati,"Nĩguo gwĩthema mwaki na ũtarũkio wa mũthiũrũrũko, indo cia gũthondeka na maguta cia gũthondeka ciagĩrĩire kũigwo handũ harĩa itarĩ nyũmba.",0.705406102,0.364190154,Cynthia,,
,Security,Stagnant water breeds mosquitoes. Use bed nets and report mosquito infestations to health authorities.,"Maji ya utulivu huzaa mbu, hutumia wavu wa kulala, na kuarifu wenye mamlaka za afya kuhusu kuambukizwa na mbu.",Kũrĩ maĩ ma gũcũma nĩ kũheaga nguu.,0.416588414,0.211045559,Misati,Kũrĩ maĩ ma gũcũma nĩ kũheaga nguu.,0.416588414,0.211045559,Cynthia,,
,Security,Communities should invest in boreholes and rainwater harvesting to ensure water access during droughts.,Jumuiya zinapaswa kuwekeza katika mashimo ya kuchimba na kukusanya maji ya mvua ili kuhakikisha upatikanaji wa maji wakati wa ukame.,Andũ a ndũrĩrĩ magĩrĩirũo kũruta mbeca cia gũthondeka mĩbira na kũruta maaĩ ma mbura nĩguo magĩe na ũhoti wa kũhũthĩra maaĩ hĩndĩ ya ng'aragu.,0.743765061,0.517039165,Misati,Andũ a ndũrĩrĩ magĩrĩirũo kũruta mbeca cia gũthondeka mĩbira na kũruta maaĩ ma mbura nĩguo magĩe na ũhoti wa kũhũthĩra maaĩ hĩndĩ ya ng'aragu.,0.743765061,0.517039165,Cynthia,,
,Security,Kenya's policy framework ensures coordinated disaster management. Understand your rights and government obligations.,Mfumo wa sera ya Kenya unahakikisha usimamizi wa misiba uliopangwa kwa upatano.,Ũtongoria wa Kenya nĩ ũhotithagia andũ kũmenyerera mĩcemanio ya mĩnyamaro.,0.550014978,0.430119971,Misati,Ũtongoria wa Kenya nĩ ũhotithagia andũ kũmenyerera mĩcemanio ya mĩnyamaro.,0.550014978,0.430119971,Cynthia,,
,Security,Child protection systems must prevent sexual abuse and exploitation and provide full support for affected children.,Mifumo ya ulinzi wa watoto lazima kuzuia unyanyasaji wa kingono na utumiaji na kutoa msaada kamili kwa watoto walioathiriwa.,Mĩthemba ya kũgitĩra ciana nĩ yagĩrĩirũo nĩ gwĩthema kũhinyĩrĩrio na kũgunĩka kwa ngomanio na kũheana ũteithio mũkinyanĩru harĩ ciana iria ciathumbũrio.,0.728997576,0.54118732,Misati,Mĩthemba ya kũgitĩra ciana nĩ yagĩrĩirũo nĩ gwĩthema kũhinyĩrĩrio na kũgunĩka kwa ngomanio na kũheana ũteithio mũkinyanĩru harĩ ciana iria ciathumbũrio.,0.728997576,0.54118732,Cynthia,,
,Security,"Educational institutions must implement prevention programs that address harassment, assault, and exploitation in learning environments.","Taasisi za elimu lazima zitekeleze mipango ya kuzuia ambayo inakabiliana na unyanyasaji, mashambulizi, na utumiaji katika mazingira ya kujifunza.","Ciũngano cia gĩthomo nĩ igĩrĩirũo kũhũthĩra mĩbango ya kũgirĩrĩria mĩtugo ya kũhinyĩrĩria andũ, kũhinyĩrĩria andũ, na kũhũthĩra ũũru maũndũ marĩa marekĩka thĩinĩ wa ũrutani.",0.643440061,0.453073117,Misati,"Ciũngano cia gĩthomo nĩ igĩrĩirũo kũhũthĩra mĩbango ya kũgirĩrĩria mĩtugo ya kũhinyĩrĩria andũ, kũhinyĩrĩria andũ, na kũhũthĩra ũũru maũndũ marĩa marekĩka thĩinĩ wa ũrutani.",0.643440061,0.453073117,Cynthia,,
,Security,Economic abuse limits financial independence. Financial institutions should recognize warning signs and support affected customers.,Matumizi mabaya ya pesa huzuia uhuru wa kifedha.,Kũhinyĩrĩria andũ kũingĩhaga ũtonga nĩ kũnyiitaga mbaru ũritũ wao wa kĩĩmbeca.,0.484876319,0.372715248,Misati,Kũhinyĩrĩria andũ kũingĩhaga ũtonga nĩ kũnyiitaga mbaru ũritũ wao wa kĩĩmbeca.,0.484876319,0.372715248,Cynthia,,
,Security,Persons with disabilities face higher risks of violence. Services must meet accessibility needs and provide inclusive support.,Watu wenye ulemavu wanakabiliwa na hatari kubwa ya vurugu. Huduma lazima zikidhi mahitaji ya upatikanaji na kutoa msaada wa pamoja.,Andũ arĩa marĩ na mawathe nĩ makoragwo na mogwati maingĩ ma kũhiũrania na ũhinya.,0.724060557,0.562918194,Misati,Andũ arĩa marĩ na mawathe nĩ makoragwo na mogwati maingĩ ma kũhiũrania na ũhinya.,0.724060557,0.562918194,Cynthia,,
,Security,Correctional facilities must prevent sexual violence and respond effectively to any incidents.,Vifaa vya kuondokana na uhalifu vinapaswa kuzuia jeuri ya kingono na kukabiliana kwa ufanisi na visa vyovyote.,Ciiko cia kũrũnga ciĩga cia kũrũnga ciana cia arĩa angĩ nĩ igĩrĩirũo kũgirĩrĩria ũhinya wa ngomanio na gũhiũrania na maũndũ marĩa mangĩgũkora.,0.500452581,0.367521566,Misati,Ciiko cia kũrũnga ciĩga cia kũrũnga ciana cia arĩa angĩ nĩ igĩrĩirũo kũgirĩrĩria ũhinya wa ngomanio na gũhiũrania na maũndũ marĩa mangĩgũkora.,0.500452581,0.367521566,Cynthia,,
,Security,"Institutions must coordinate across sectors to provide effective, compassionate responses to survivors.",Taasisi lazima zisaidiane katika sekta mbalimbali ili kutoa majibu yenye ufanisi na yenye huruma kwa waliookoka.,Ciũngano nĩ ciabataraga kũharũrũkana kũgerera itanda nĩgetha iheo andũ arĩa maranyamarĩka na magĩe na ũiguano na arĩa maranyamarĩka.,0.574546272,0.353669353,Misati,Ciũngano nĩ ciabataraga kũharũrũkana kũgerera itanda nĩgetha iheo andũ arĩa maranyamarĩka na magĩe na ũiguano na arĩa maranyamarĩka.,0.574546272,0.353669353,Cynthia,,
,Security,Healthcare facilities must screen for violence and provide safe and comprehensive responses for survivors.,Vituo vya afya vinapaswa kuchunguza jeuri na kutoa majibu salama na ya kina kwa waliookoka.,Ciiko cia ũrigitani nĩ igĩrĩirũo gũtuĩria andũ maũndũ ma ũhinya na kũheana macokio ma ũgitĩri na ma kũigana harĩ arĩa marakĩhonoka.,0.661385164,0.364088377,Misati,Ciiko cia ũrigitani nĩ igĩrĩirũo gũtuĩria andũ maũndũ ma ũhinya na kũheana macokio ma ũgitĩri na ma kũigana harĩ arĩa marakĩhonoka.,0.661385164,0.364088377,Cynthia,,
,Security,Public transport systems must address harassment through staff training and appropriate response measures.,Mifumo ya usafiri wa umma lazima ishughulikie mateso kupitia mafunzo ya wafanyakazi na hatua za kukabiliana na hali hiyo.,Mĩbango ya ngari cia mũingĩ nĩ ĩgĩrĩirũo kũhiũrania na mĩnyamaro kũgerera kũmenyeria andũ na njĩra ya kũhũthĩra njĩra cia kũhiũrania na mĩnyamaro ĩyo.,0.626844696,0.477886781,Misati,Mĩbango ya ngari cia mũingĩ nĩ ĩgĩrĩirũo kũhiũrania na mĩnyamaro kũgerera kũmenyeria andũ na njĩra ya kũhũthĩra njĩra cia kũhiũrania na mĩnyamaro ĩyo.,0.626844696,0.477886781,Cynthia,,
,Security,Women in agriculture face distinct risks. Cooperatives should adopt prevention policies and reporting options.,Wanawake katika kilimo wanakabiliwa na hatari tofauti.,Atumia arĩa matungataga arĩmi-inĩ magĩrĩirũo kũhiũrania na mogwati ma mwanya.,0.692233367,0.426803244,Misati,Atumia arĩa matungataga arĩmi-inĩ magĩrĩirũo kũhiũrania na mogwati ma mwanya.,0.692233367,0.426803244,Cynthia,,
,Security,"Sports programs must prevent harassment, abuse, and hazing through clear boundaries and reporting procedures.","Programu za michezo zinapaswa kuzuia unyanyasaji, unyanyasaji, na kuvuta sigara kupitia mipaka wazi na taratibu za kuripoti.","Mĩbango ya mathako nĩ yagĩrĩirũo kũgirĩrĩria kũhinyĩrĩrio, kũhinyĩrĩrio, na kũhinyĩrĩrio nĩ ũndũ wa mĩhaka ĩrĩa yagĩrĩire na njĩra ya kũruta riboti.",0.585949108,0.52126382,Misati,"Mĩbango ya mathako nĩ yagĩrĩirũo kũgirĩrĩria kũhinyĩrĩrio, kũhinyĩrĩrio, na kũhinyĩrĩrio nĩ ũndũ wa mĩhaka ĩrĩa yagĩrĩire na njĩra ya kũruta riboti.",0.585949108,0.52126382,Cynthia,,
,Security,Hospitality venues should recognize and address risks such as trafficking and harassment while protecting guests and staff.,Mahali pa kukaribisha wageni lazima kutambua na kukabiliana na hatari kama vile biashara ya watu na unyanyasaji wakati huohuo kulinda wageni na wafanyakazi.,"Ciikaro cia ũgeni nĩ igĩrĩirũo kũmenya na kũhiũrania na mogwati ta kũnyitanĩra na andũ na kũnyararwo, o na ikĩgitĩra ageni na andũ arĩa marutaga wĩra kuo.",0.585248258,0.478253053,Misati,"Ciikaro cia ũgeni nĩ igĩrĩirũo kũmenya na kũhiũrania na mogwati ta kũnyitanĩra na andũ na kũnyararwo, o na ikĩgitĩra ageni na andũ arĩa marutaga wĩra kuo.",0.585248258,0.478253053,Cynthia,,
,Security,Market environments must establish reporting systems and committees to prevent harassment and extortion.,Mazingira ya soko lazima kuanzisha mifumo ya kuripoti na halmashauri ili kuzuia unyanyasaji na ulaghai.,Mĩcemanio ya thoko nĩ yagĩrĩirũo kũgĩa na mĩthemba ya kũruta riboti na kamĩtĩ cia kũgirĩrĩria kũhinyĩrĩrio na kũhinyĩrĩrio.,0.643652682,0.444854164,Misati,Mĩcemanio ya thoko nĩ yagĩrĩirũo kũgĩa na mĩthemba ya kũruta riboti na kamĩtĩ cia kũgirĩrĩria kũhinyĩrĩrio na kũhinyĩrĩrio.,0.643652682,0.444854164,Cynthia,,
,Security,Higher education institutions must address campus sexual violence through comprehensive strategies and anonymous reporting.,Taasisi za elimu ya juu lazima zilishughulikie vurugu za kijinsia kwenye vyuo vikuu kupitia mikakati kamili na kuripoti bila majina.,Ciũngano cia gĩthomo kĩa igũrũ nĩ igĩrĩirũo kũhiũrania na ũhinya wa ngomanio thĩinĩ wa kambũni ya cukuru kũgerera njĩra cia kũmenyeria andũ na njĩra ya kũmenyithia andũ matarĩ a thiritũ yao.,0.643106991,0.434142226,Misati,Ciũngano cia gĩthomo kĩa igũrũ nĩ igĩrĩirũo kũhiũrania na ũhinya wa ngomanio thĩinĩ wa kambũni ya cukuru kũgerera njĩra cia kũmenyeria andũ na njĩra ya kũmenyithia andũ matarĩ a thiritũ yao.,0.643106991,0.434142226,Cynthia,,
,Security,"Refugee camps must prioritize safety planning, adequate lighting, and women's participation in governance.","Makambi ya wakimbizi lazima yawe na kipaumbele katika kupanga usalama, taa sahihi, na ushiriki wa wanawake katika utawala.","Makampu ma andũ arĩa matũũraga kuo nĩ magĩrĩirũo kũheana ũhoti wa kũbanga ũgitĩri, kũhe ũtheri ũrĩa wagĩrĩire, na kũruta wĩra wa atumia.",0.622742301,0.375959626,Misati,"Makampu ma andũ arĩa matũũraga kuo nĩ magĩrĩirũo kũheana ũhoti wa kũbanga ũgitĩri, kũhe ũtheri ũrĩa wagĩrĩire, na kũruta wĩra wa atumia.",0.622742301,0.375959626,Cynthia,,
,Security,"Government workplaces must maintain zero tolerance for harassment through training, accountability, and independent reporting systems.","Mahali pa kazi pa serikali lazima ziendelee kuwa na uvumilivu wa sifuri kwa unyanyasaji kupitia mafunzo, uwajibikaji, na mifumo ya kutoa ripoti ya kujitegemea.","Kũruta wĩra nĩ kũbataraga atĩ thirikari itigakorũo na ũkirĩrĩria wa kũhũthĩra maũndũ ta kũmenyeria andũ, kũruta wĩra, na kũruta wĩra na njĩra ya ũira.",0.621929359,0.311750853,Misati,"Kũruta wĩra nĩ kũbataraga atĩ thirikari itigakorũo na ũkirĩrĩria wa kũhũthĩra maũndũ ta kũmenyeria andũ, kũruta wĩra, na kũruta wĩra na njĩra ya ũira.",0.621929359,0.311750853,Cynthia,,
,Security,Climate disasters increase risks of violence. Preparedness must include violence risk assessments and mitigation actions.,Majanga ya hali ya hewa huongeza hatari za vurugu.,Mĩcemanio ya mĩcemanio ya ndũire nĩ ĩgũthiĩ na mbere na kũingĩha.,0.612498817,0.352019462,Misati,Mĩcemanio ya mĩcemanio ya ndũire nĩ ĩgũthiĩ na mbere na kũingĩha.,0.612498817,0.352019462,Cynthia,,
,Security,"Children face online risks. Parents should monitor use, apply controls, and teach safe behavior.","Watoto wanakabili hatari za kutumia Intaneti, na wazazi wanapaswa kuwachunguza watoto wao, kuwazuia, na kuwafundisha kuwa na tabia nzuri.","Aciari magĩrĩirũo kũrora ũrĩa ciana ciĩhũthĩra Intaneti, kũiga mĩtugo mĩega, na kũiga ciana ciĩhũthagĩra Intaneti.",0.490533134,0.429165807,Misati,"Aciari magĩrĩirũo kũrora ũrĩa ciana ciĩhũthĩra Intaneti, kũiga mĩtugo mĩega, na kũiga ciana ciĩhũthagĩra Intaneti.",0.490533134,0.429165807,Cynthia,,
,Security,Suspected child abuse should be reported immediately to police or through the *116# anonymous helpline.,Mtu anapofikiria kutendwa vibaya kwa watoto anapaswa kuripotiwa mara moja kwa polisi au kupitia simu ya simu ya simu ya *116#.,Kũhinyĩrĩria ciana kũngĩgĩrĩire kũheanwo riboti o rĩmwe kũrĩ borithi kana kũgerera thimũ ya ũteithio ya *116#.,0.473553562,0.461545482,Misati,Kũhinyĩrĩria ciana kũngĩgĩrĩire kũheanwo riboti o rĩmwe kũrĩ borithi kana kũgerera thimũ ya ũteithio ya *116#.,0.473553562,0.461545482,Cynthia,,
,Security,Child trafficking remains a major threat. Communities should report suspicious activity to authorities.,Uuzaji wa watoto bado ni tishio kubwa.,Kũhuthĩra ciana nĩ gũtũũraga kũrĩ mũgwate mũnene.,0.538599158,0.313685934,Misati,Kũhuthĩra ciana nĩ gũtũũraga kũrĩ mũgwate mũnene.,0.538599158,0.313685934,Cynthia,,
,Security,"Schools must implement protection policies, anti-bullying systems, and counseling services to safeguard learners.","Shule zinapaswa kutekeleza sera za ulinzi, mifumo ya kupambana na uonevu, na huduma za ushauri ili kuwalinda wanafunzi.","Ciũngano nĩ igĩrĩirũo kũhũthĩra mawatho ma kũgitĩra, kũrũa na kũgeria kũgeria kũgeria kũgeria kũgeria kũgeria kũgeria kũgeria kũgeria kũgeria kũgeria kũgeria kũgeria kũgeria kũgeria kũgeria kũgeria kũgeria kũgeria kũgeria kũgeria kũgeria kũgeria kũgeria kũgeria kũgeria kũgeria kũgeria kũgeria kũgeria kũgeria kũgeria kũgeria kũgeria kũgeria kũgeria kũgeria kũgeria kũgeria kũgeria kũgeria kũgeria kũgeria kũgeria kũgeria kũgeria kũgeria kũgeria kũgeria kũgeria kũgeria kũgeria kũgeria kũgeria kũgeria kũgeria kũgeria kũgeria kũgeria kũgeria kũgeria kũgeria kũgeria kũgeria kũgeria kũgeria kũgeria kũgeria kũgeria kũgeria kũgeria kũgeria kũgeria kũgeria kũgeria kũgeria kũgeria kũgeria kũgeria kũgeria kũgeria kũgeria kũgeria kũgeria kũgeria kũgeria kũgeria kũgeria kũgeria kũgeria",0.744512194,0.358100464,Misati,"Ciũngano nĩ igĩrĩirũo kũhũthĩra mawatho ma kũgitĩra, kũrũa na kũgeria kũgeria kũgeria kũgeria kũgeria kũgeria kũgeria kũgeria kũgeria kũgeria kũgeria kũgeria kũgeria kũgeria kũgeria kũgeria kũgeria kũgeria kũgeria kũgeria kũgeria kũgeria kũgeria kũgeria kũgeria kũgeria kũgeria kũgeria kũgeria kũgeria kũgeria kũgeria kũgeria kũgeria kũgeria kũgeria kũgeria kũgeria kũgeria kũgeria kũgeria kũgeria kũgeria kũgeria kũgeria kũgeria kũgeria kũgeria kũgeria kũgeria kũgeria kũgeria kũgeria kũgeria kũgeria kũgeria kũgeria kũgeria kũgeria kũgeria kũgeria kũgeria kũgeria kũgeria kũgeria kũgeria kũgeria kũgeria kũgeria kũgeria kũgeria kũgeria kũgeria kũgeria kũgeria kũgeria kũgeria kũgeria kũgeria kũgeria kũgeria kũgeria kũgeria kũgeria kũgeria kũgeria kũgeria kũgeria kũgeria kũgeria",0.744512194,0.358100464,Cynthia,,
,Security,Foster caregivers must be vetted to ensure safe environments for vulnerable children.,Walezi wa watoto wanaotunzwa wanapaswa kuchunguzwa ili kuhakikisha mazingira salama kwa watoto walio hatarini.,Arĩa marera ciana cia ciana cia ciana cia ciana cia ciana cia ciana cia ciana cia ciana cia ciana cia ciana cia ciana cia ciana cia ciana cia ciana cia ciana cia ciana cia ciana cia ciana cia ciana cia ciana cia ciana cia ciana cia ciana cia ciana cia ciana cia ciana cia ciana cia ciana cia ciana cia ciana cia ciana cia ciana cia ciana cia ciana cia ciana cia ciana cia ciana cia ciana cia ciana cia ciana cia ciana cia ciana cia ciana cia ciana cia ciana cia ciana cia ciana cia ciana cia ciana cia ciana cia ciana cia ciana cia ciana cia ciana cia ciana cia ciana cia ciana cia ciana cia ciana cia ciana cia ciana cia ciana cia ciana cia ciana cia ciana cia ciana cia ciana cia ciana cia ciana cia ciana cia ciana cia ciana cia ciana cia ciana cia ciana cia ciana cia ciana cia ciana cia ciana cia ciana cia ciana cia ciana cia ciana cia ciana cia ciana cia ciana cia ciana cia ciana cia ciana cia ciana cia ciana cia ciana cia ciana cia ciana cia ciana cia ciana cia ciana cia,0.539734282,0.330902883,Misati,Arĩa marera ciana cia ciana cia ciana cia ciana cia ciana cia ciana cia ciana cia ciana cia ciana cia ciana cia ciana cia ciana cia ciana cia ciana cia ciana cia ciana cia ciana cia ciana cia ciana cia ciana cia ciana cia ciana cia ciana cia ciana cia ciana cia ciana cia ciana cia ciana cia ciana cia ciana cia ciana cia ciana cia ciana cia ciana cia ciana cia ciana cia ciana cia ciana cia ciana cia ciana cia ciana cia ciana cia ciana cia ciana cia ciana cia ciana cia ciana cia ciana cia ciana cia ciana cia ciana cia ciana cia ciana cia ciana cia ciana cia ciana cia ciana cia ciana cia ciana cia ciana cia ciana cia ciana cia ciana cia ciana cia ciana cia ciana cia ciana cia ciana cia ciana cia ciana cia ciana cia ciana cia ciana cia ciana cia ciana cia ciana cia ciana cia ciana cia ciana cia ciana cia ciana cia ciana cia ciana cia ciana cia ciana cia ciana cia ciana cia ciana cia ciana cia ciana cia ciana cia ciana cia ciana cia ciana cia ciana cia ciana cia ciana cia,0.539734282,0.330902883,Cynthia,,
,Security,Child marriage harms children's health and future. Communities must report cases and support girls' education.,Watoto waliofunga ndoa huathiri afya na maisha ya watoto.,Ciana kũhikania nĩ kũhĩtũkagia ũgima wa mwĩrĩ wa ciana na ũgatũma ikorũo na ũtũũro mwega.,0.394670077,0.413657331,Misati,Ciana kũhikania nĩ kũhĩtũkagia ũgima wa mwĩrĩ wa ciana na ũgatũma ikorũo na ũtũũro mwega.,0.394670077,0.413657331,Cynthia,,
,Security,Child labor is illegal. Report hazardous child work to the Labour Department or call 0800220444.,Kazi ya watoto ni haramu. Ripoti ya kazi ya watoto hatari kwa Idara ya Kazi au piga simu 0800220444.,Ũhoro wĩgiĩ wĩra wa ciana nĩ ũhĩtũku.,0.713453722,0.368647919,Misati,Ũhoro wĩgiĩ wĩra wa ciana nĩ ũhĩtũku.,0.713453722,0.368647919,Cynthia,,
,Security,Children involved in legal processes should receive specialized legal aid through the Office of the Director of Public Prosecutions.,Watoto wanaohusika katika utaratibu wa kisheria wanapaswa kupokea msaada wa kisheria wa kipekee kupitia Ofisi ya Mkurugenzi wa Mashtaka.,Ciana iria ciĩ na mĩbango ya kĩhooto nĩ ciagĩrĩire kũheo ũteithio wa kĩhooto kũgerera wabici ya mũtongoria wa ũcukani.,0.700250672,0.558510026,Misati,Ciana iria ciĩ na mĩbango ya kĩhooto nĩ ciagĩrĩire kũheo ũteithio wa kĩhooto kũgerera wabici ya mũtongoria wa ũcukani.,0.700250672,0.558510026,Cynthia,,
,Security,Children should learn to protect personal information online and report suspicious interactions to trusted adults.,Watoto wanapaswa kujifunza kulinda habari zao za kibinafsi mtandaoni na kuripoti mahusiano ya mashaka kwa watu wazima wanaoaminika.,Ciana nĩ ciagĩrĩirũo kwĩruta kũgitĩra ũhoro wa mũndũ thĩinĩ wa intaneti na kũmenyithia andũ agima arĩa mangĩahotire kũmwĩhoka ũhoro wa maũndũ marĩa mahĩtagia.,0.655113195,0.501459897,Misati,Ciana nĩ ciagĩrĩirũo kwĩruta kũgitĩra ũhoro wa mũndũ thĩinĩ wa intaneti na kũmenyithia andũ agima arĩa mangĩahotire kũmwĩhoka ũhoro wa maũndũ marĩa mahĩtagia.,0.655113195,0.501459897,Cynthia,,
,Security,Domestic violence harms children. Report incidents to local authorities or child helplines.,Watoto huathiriwa na jeuri ya nyumbani.,Kũhinyĩrĩria ciana nĩ kũhinyĩrĩirio nĩ ũhinya wa famĩlĩ.,0.486493153,0.38596953,Misati,Kũhinyĩrĩria ciana nĩ kũhinyĩrĩirio nĩ ũhinya wa famĩlĩ.,0.486493153,0.38596953,Cynthia,,
,Security,Government and NGOs support orphaned children with essential services. Adoption and foster care follow legal guidelines.,Serikali na mashirika yasiyo ya kiserikali husaidia watoto yatima kwa huduma za msingi.,Thirikari na NGO nĩ irateithĩrĩria ciana cia ndigwa na njĩra ya kũheana ũteithio wa bata.,0.692355762,0.475251729,Misati,Thirikari na NGO nĩ irateithĩrĩria ciana cia ndigwa na njĩra ya kũheana ũteithio wa bata.,0.692355762,0.475251729,Cynthia,,
,Security,"Every child has rights to education, healthcare, and protection. Communities must report violations.","Kila mtoto ana haki ya kupata elimu, huduma za afya, na ulinzi.","Ciana ciothe nĩ irĩ na kĩhooto gĩa kũheo gĩthomo, ũrigitani, na ũgitĩri.",0.748255272,0.688512527,Misati,"Ciana ciothe nĩ irĩ na kĩhooto gĩa kũheo gĩthomo, ũrigitani, na ũgitĩri.",0.748255272,0.688512527,Cynthia,,
,Security,Bullying leads to depression and school dropouts. Schools must enforce strict anti-bullying policies and provide counseling for affected children.,Shule zinapaswa kutekeleza sera kali za kupambana na uonevu na kutoa ushauri kwa watoto walioathiriwa.,Kũnyamarĩka nĩ gũtũmaga mũndũ aigue na ruo rwa meciria na agatiga gũthoma.,0.670878578,0.380129499,Misati,Kũnyamarĩka nĩ gũtũmaga mũndũ aigue na ruo rwa meciria na agatiga gũthoma.,0.670878578,0.380129499,Cynthia,,
,Security,"In disasters (floods, fires), children are most vulnerable. Ensure they are evacuated safely and receive psychosocial support.","Katika misiba (mafuriko, moto), watoto ni walio hatarini zaidi. Hakikisha kwamba wanahamishwa salama na kupata msaada wa kisaikolojia.","Rĩrĩa kũrĩ mĩnyamaro (mĩiyũro, mwaki), ciana nĩcio irĩ na ũgwati mũnene.",0.625093917,0.429387137,Misati,"Rĩrĩa kũrĩ mĩnyamaro (mĩiyũro, mwaki), ciana nĩcio irĩ na ũgwati mũnene.",0.625093917,0.429387137,Cynthia,,
,Security,Sexual predators target children online and offline. Parents should monitor interactions and teach children about body safety.,Wauaji wa kingono huwalinda watoto mtandaoni na nje ya mtandao. Wazazi wanapaswa kufuatilia mwingiliano na kuwafundisha watoto kuhusu usalama wa mwili.,Aciari magĩrĩirũo kũrora ũrĩa ciana cionanagia na arĩa angĩ na kũruta ciana ciao ũhoro wĩgiĩ ũgitĩri wa mwĩrĩ.,0.650029993,0.465990639,Misati,Aciari magĩrĩirũo kũrora ũrĩa ciana cionanagia na arĩa angĩ na kũruta ciana ciao ũhoro wĩgiĩ ũgitĩri wa mwĩrĩ.,0.650029993,0.465990639,Cynthia,,
,Security,Children with disabilities face higher risks of abuse. Ensure inclusive education and accessible reporting mechanisms for their protection.,Watoto wenye ulemavu wanakabiliwa na hatari kubwa ya kutendwa vibaya.,Ciana irĩ na mawathe nĩ ikoragwo na mogwati maingĩ ma kũhinyĩrĩrio.,0.71882316,0.535137909,Misati,Ciana irĩ na mawathe nĩ ikoragwo na mogwati maingĩ ma kũhinyĩrĩrio.,0.71882316,0.535137909,Cynthia,,
,Security,"Local communities should establish child protection committees to monitor and report abuse cases, working closely with government agencies.","Jumuiya za mitaa zinapaswa kuanzisha halmashauri za ulinzi wa watoto ili kufuatilia na kuripoti visa vya unyanyasaji, kwa kushirikiana kwa karibu na mashirika ya serikali.","Andũ a gĩcigo kĩu magĩrĩirũo kũbanga kamĩtĩ cia kũgitĩra ciana nĩguo irũgamĩrĩire na igere ngero cia kũhinyĩrĩrio nĩ ciana, na igĩe na wĩra wa hakuhĩ na honge cia thirikari.",0.717578239,0.447794085,Misati,"Andũ a gĩcigo kĩu magĩrĩirũo kũbanga kamĩtĩ cia kũgitĩra ciana nĩguo irũgamĩrĩire na igere ngero cia kũhinyĩrĩrio nĩ ciana, na igĩe na wĩra wa hakuhĩ na honge cia thirikari.",0.717578239,0.447794085,Cynthia,,
,Security,The Kenya Police have specialized desks to handle child-related cases with sensitivity and confidentiality. Report cases at any police station.,Polisi wa Kenya wana ofisi za pekee za kushughulikia visa vinavyohusiana na watoto kwa utambuzi na usiri.,"O na kũrĩ ũguo, nĩ kũrĩ maũndũ maingĩ ma bata mũno ma kũmenyeria andũ arĩa angĩ.",0.602547074,0.261784559,Misati,"O na kũrĩ ũguo, nĩ kũrĩ maũndũ maingĩ ma bata mũno ma kũmenyeria andũ arĩa angĩ.",0.602547074,0.261784559,Cynthia,,
,Security,"Neglect harms a child's development. Parents and guardians must provide basic needs, love, and security to prevent long-term trauma.","Wazazi na walezi wanapaswa kuwapa watoto mahitaji ya msingi, upendo, na usalama ili kuzuia kupatwa na majeraha ya muda mrefu.","Aciari na arĩa marera ciana no mũhaka marũmbũiyage na mabataro mao ma kĩhumo, wendo, na ũgitĩri nĩguo matigakũrehere.",0.640608866,0.414225128,Misati,"Aciari na arĩa marera ciana no mũhaka marũmbũiyage na mabataro mao ma kĩhumo, wendo, na ũgitĩri nĩguo matigakũrehere.",0.640608866,0.414225128,Cynthia,,
,Security,Refugee children are vulnerable to abuse and trafficking. Humanitarian agencies provide safe shelters and education in camps.,Watoto wakimbizi ni hatari kwa kutendwa vibaya na kuuzishwa.,Ciana arĩa matũũraga bũrũri wa ũgwati nĩ ciĩhĩtagia mũno nĩ kũhinyĩrĩrio na kũhinyĩrĩrio.,0.41407699,0.388349794,Misati,Ciana arĩa matũũraga bũrũri wa ũgwati nĩ ciĩhĩtagia mũno nĩ kũhinyĩrĩrio na kũhinyĩrĩrio.,0.41407699,0.388349794,Cynthia,,
,Security,Some communities still practice harmful traditions involving children. Report such cases to authorities immediately.,Katika jamii fulani bado kuna desturi zenye madhara zinazohusisha watoto.,"O na kũrĩ ũguo, andũ amwe nĩ matũũraga na mĩtugo mĩũru ya kũhũthĩra ciana.",0.6089136,0.429266259,Misati,"O na kũrĩ ũguo, andũ amwe nĩ matũũraga na mĩtugo mĩũru ya kũhũthĩra ciana.",0.6089136,0.429266259,Cynthia,,
,Security,Positive parenting reduces abuse risks. Attend government-sponsored parenting programs to learn child protection strategies.,Kulea watoto kwa njia inayofaa kunaweza kupunguza hatari ya kutendwa vibaya.,Kũgĩa na mũciari mwega nĩ gũtũmaga ũkorũo ũtarĩ na ũgwati wa kũhinyĩrĩrio.,0.559490201,0.463231019,Misati,Kũgĩa na mũciari mwega nĩ gũtũmaga ũkorũo ũtarĩ na ũgwati wa kũhinyĩrĩrio.,0.559490201,0.463231019,Cynthia,,
,Security,Children involved in legal matters should go through specialized courts to ensure fair and trauma-sensitive proceedings.,Watoto wanaoshiriki katika mambo ya kisheria wanapaswa kwenda mahakamani maalumu ili kuhakikisha kwamba kesi ni halali na ni hatari kwa watoto.,Ciana iria ciĩhĩtagia maũndũ-inĩ ma kĩhooto nĩ igĩrĩirũo kũrũithio nĩ igoti rĩa mwanya nĩguo cione atĩ nĩ ciĩhĩtagia na nĩ ciĩhĩtagia mũno.,0.487342925,0.444692025,Misati,Ciana iria ciĩhĩtagia maũndũ-inĩ ma kĩhooto nĩ igĩrĩirũo kũrũithio nĩ igoti rĩa mwanya nĩguo cione atĩ nĩ ciĩhĩtagia na nĩ ciĩhĩtagia mũno.,0.487342925,0.444692025,Cynthia,,
,Security,Underage drug use leads to crime and health issues. Schools and parents should educate children on substance abuse dangers.,Watoto wanaotumia dawa za kulevya wanapaswa kuwaelimisha watoto wao kuhusu hatari za kutumia dawa za kulevya.,Ciana iria itarĩ na ũkũrũ wa mĩaka mĩingĩ nĩ ciĩhũthagĩra ndawa cia kũrebia nĩ ciĩhokagĩrĩria ũgiani na mathĩna ma mwĩrĩ.,0.59983026,0.408269601,Misati,Ciana iria itarĩ na ũkũrũ wa mĩaka mĩingĩ nĩ ciĩhũthagĩra ndawa cia kũrebia nĩ ciĩhokagĩrĩria ũgiani na mathĩna ma mwĩrĩ.,0.59983026,0.408269601,Cynthia,,
,Security,"Dial 116 (Child Helpline) or 999 (Emergency) to report child abuse, neglect, or exploitation for immediate assistance.","Piga simu 116 (Helpline ya Watoto) au 999 (Haramani) kuripoti unyanyasaji wa watoto, kutojali, au utumiaji kwa msaada wa haraka.","Thikĩrĩria 116 (Child Helpline) kana 999 (Emergency) nĩguo ũmenyithie ciana kũhinyĩrĩrio, kũregwo, kana kũgunĩka nĩ ũndũ wa ũteithio wa ihenya.",0.59359678,0.549890456,Misati,"Thikĩrĩria 116 (Child Helpline) kana 999 (Emergency) nĩguo ũmenyithie ciana kũhinyĩrĩrio, kũregwo, kana kũgunĩka nĩ ũndũ wa ũteithio wa ihenya.",0.59359678,0.549890456,Cynthia,,
,Security,Children in areas like Northern Kenya face abduction and recruitment into armed groups. Security agencies must prioritize their safety.,Watoto katika maeneo kama vile kaskazini mwa Kenya wanakabiliwa na utekaji-nyara na kuajiriwa katika vikundi vya kijeshi.,Ciana kũndũ ta rũgongo rwa Kenya nĩ ciĩhagwo na ikagĩrũo ikundi cia mbaara.,0.663255369,0.401564389,Misati,Ciana kũndũ ta rũgongo rwa Kenya nĩ ciĩhagwo na ikagĩrũo ikundi cia mbaara.,0.663255369,0.401564389,Cynthia,,
,Security,"Perpetrators of child abuse face severe penalties, including life imprisonment. Report offenders to ensure justice for victims.","Wahalifu wa kuwatendea watoto vibaya wanakabiliwa na adhabu kali, kutia ndani kifungo cha maisha.","Arĩa mahũthagĩra ciana ũũru nĩ maciragwo mũno, na nĩ mahingĩrũo njera nginya tene.",0.707608376,0.376733641,Misati,"Arĩa mahũthagĩra ciana ũũru nĩ maciragwo mũno, na nĩ mahingĩrũo njera nginya tene.",0.707608376,0.376733641,Cynthia,,
,Security,Schools in high-risk areas should have security measures to protect children from terrorist threats and abductions.,Shule katika maeneo yenye hatari kubwa zinapaswa kuwa na hatua za usalama za kulinda watoto kutokana na vitisho vya kigaidi na utekaji nyara.,Ciũngano iria irĩ kũndũ kũrĩa kũkoragwo na mogwati manene nĩ igĩrĩirũo gũkorũo na mĩbango ya ũgitĩri ya kũgitĩra ciana kuuma kũrĩ mĩgwate ya ũgwati na kũnyiitwo nĩ andũ.,0.716031713,0.466704778,Misati,Ciũngano iria irĩ kũndũ kũrĩa kũkoragwo na mogwati manene nĩ igĩrĩirũo gũkorũo na mĩbango ya ũgitĩri ya kũgitĩra ciana kuuma kũrĩ mĩgwate ya ũgwati na kũnyiitwo nĩ andũ.,0.716031713,0.466704778,Cynthia,,
,Security,Children's identities can be stolen for fraud. Parents should safeguard birth certificates and monitor credit reports.,Wazazi wanapaswa kulinda vyeti vya kuzaliwa na kufuatilia ripoti za mkopo.,Aciari magĩrĩirũo kũmenyerera marũa ma gũciarũo na kũrora ngathĩti cia mbeca.,0.697393124,0.536329954,Misati,Aciari magĩrĩirũo kũmenyerera marũa ma gũciarũo na kũrora ngathĩti cia mbeca.,0.697393124,0.536329954,Cynthia,,
,Security,"Many children drown in open water sources. Parents should supervise kids near pools, rivers, and wells.","Watoto wengi huzama katika maji ya wazi, na wazazi wanapaswa kuwachunguza watoto wao karibu na maziwa, mito, na visima.","Ciana nyingĩ nĩ ciĩhũraga maĩ-inĩ marĩa marĩ o ho, na aciari magĩrĩirũo kũrora ciana ciao hakuhĩ na ithima, njũũĩ, na ithima.",0.603261891,0.412353709,Misati,"Ciana nyingĩ nĩ ciĩhũraga maĩ-inĩ marĩa marĩ o ho, na aciari magĩrĩirũo kũrora ciana ciao hakuhĩ na ithima, njũũĩ, na ithima.",0.603261891,0.412353709,Cynthia,,
,Security,Churches and mosques must vet staff and implement policies to prevent child abuse within their facilities.,Makanisa na misikiti lazima ziangalie wafanyakazi na kutekeleza sera za kuzuia unyanyasaji wa watoto ndani ya vifaa vyao.,Kanitha na makanitha magĩrĩirũo gũtuĩria andũ arĩa marutaga wĩra na kũhũthĩra mogarũrũku ma mĩtugo ya kũhinyĩrĩria ciana thĩinĩ wa nyũmba ciao.,0.700290383,0.454075801,Misati,Kanitha na makanitha magĩrĩirũo gũtuĩria andũ arĩa marutaga wĩra na kũhũthĩra mogarũrũku ma mĩtugo ya kũhinyĩrĩria ciana thĩinĩ wa nyũmba ciao.,0.700290383,0.454075801,Cynthia,,
,Security,Media should avoid exposing children to harmful content and respect their privacy when reporting on abuse cases.,Vyombo vya habari vinapaswa kuepuka kuwaonyesha watoto habari zenye madhara na kuheshimu faragha yao wanapowasilisha habari kuhusu visa vya unyanyasaji.,Thirikari nĩ ĩrabatara kũruta wĩra wa kũruta wĩra wa kũruta wĩra wa kũruta wĩra wa kũruta wĩra wa kũruta wĩra wa kũruta wĩra wa kũruta wĩra wa kũruta wĩra wa kũruta wĩra wa kũruta wĩra wa kũruta wĩra wa kũruta wĩra wa kũruta wĩra wa kũruta wĩra wa kũruta wĩra wa kũruta wĩra wa kũruta wĩra wa kũruta wĩra wa kũruta wĩra wa kũruta wĩra wa kũruta wĩra wa kũruta wĩra wa kũruta wĩra wa kũruta wĩra wa kũruta wĩra.,0.625112683,0.439654859,Misati,Thirikari nĩ ĩrabatara kũruta wĩra wa kũruta wĩra wa kũruta wĩra wa kũruta wĩra wa kũruta wĩra wa kũruta wĩra wa kũruta wĩra wa kũruta wĩra wa kũruta wĩra wa kũruta wĩra wa kũruta wĩra wa kũruta wĩra wa kũruta wĩra wa kũruta wĩra wa kũruta wĩra wa kũruta wĩra wa kũruta wĩra wa kũruta wĩra wa kũruta wĩra wa kũruta wĩra wa kũruta wĩra wa kũruta wĩra wa kũruta wĩra wa kũruta wĩra wa kũruta wĩra wa kũruta wĩra.,0.625112683,0.439654859,Cynthia,,
,Security,Criminal gangs exploit children for begging. Report such cases to the police for rescue and rehabilitation.,Makundi ya wahalifu huwatumia watoto vibaya kwa kuomba-omba.,Ciana nĩ ciathumbũragwo nĩ ikundi cia maheni nĩ ũndũ wa kũhoya.,0.49774684,0.407118693,Misati,Ciana nĩ ciathumbũragwo nĩ ikundi cia maheni nĩ ũndũ wa kũhoya.,0.49774684,0.407118693,Cynthia,,
,Security,Ensure school vans are properly licensed and drivers vetted to prevent accidents and kidnappings.,Hakikisha kwamba magari ya shule yana leseni sahihi na madereva wanachunguzwa ili kuzuia aksidenti na utekaji-nyara.,Nĩguo gwĩthema mogwati ma cukuru magakorũo marĩ na marũa ma gwĩtĩkĩrĩka na atwarithia a cio magathuthĩka nĩguo matigakorũo na mogwati na andũ arĩa matunyĩtwo.,0.646039423,0.368301009,Misati,Nĩguo gwĩthema mogwati ma cukuru magakorũo marĩ na marũa ma gwĩtĩkĩrĩka na atwarithia a cio magathuthĩka nĩguo matigakorũo na mogwati na andũ arĩa matunyĩtwo.,0.646039423,0.368301009,Cynthia,,
,Security,Extremist groups target vulnerable children. Communities should report suspicious recruitment activities.,Makundi ya kigaidi yanalenga watoto walio hatarini.,Ndĩrutĩri cia mĩgwate nĩ ciĩgagĩrĩra ciana iria irĩ na mathĩna.,0.495901576,0.229394884,Misati,Ndĩrutĩri cia mĩgwate nĩ ciĩgagĩrĩra ciana iria irĩ na mathĩna.,0.495901576,0.229394884,Cynthia,,
,Security,Hospitals should have trained staff to handle child abuse cases with confidentiality and care.,Hospitali zinapaswa kuwa na wafanyakazi waliozoezwa kushughulikia visa vya kutendwa vibaya kwa watoto kwa faragha na kwa uangalifu.,Mĩciĩ ya thibitari yagĩrĩirũo gũkorũo na andũ arĩa mamenyeretio kũhiũrania na ciĩko cia kũhinyĩrĩria ciana na njĩra ya ũhitho na ũgitĩri.,0.686069641,0.468367096,Misati,Mĩciĩ ya thibitari yagĩrĩirũo gũkorũo na andũ arĩa mamenyeretio kũhiũrania na ciĩko cia kũhinyĩrĩria ciana na njĩra ya ũhitho na ũgitĩri.,0.686069641,0.468367096,Cynthia,,
,Security,Teach children fire safety measures and ensure homes have working smoke detectors to prevent tragedies.,Wafundishe watoto hatua za usalama wa moto na kuhakikisha kwamba nyumba zina viwambo vya kutokeza moshi ili kuzuia misiba.,Ruta ciana ciaku njĩra cia kũgitĩra mwaki na ũmenye atĩ mĩciĩ nĩ ĩkoragwo na macini cia gũcina ndogo nĩguo itigĩe na mĩnyamaro.,0.571374554,0.431368809,Misati,Ruta ciana ciaku njĩra cia kũgitĩra mwaki na ũmenye atĩ mĩciĩ nĩ ĩkoragwo na macini cia gũcina ndogo nĩguo itigĩe na mĩnyamaro.,0.571374554,0.431368809,Cynthia,,
,Security,Online games can expose children to predators. Parents should monitor gaming interactions and set time limits.,Michezo ya mtandaoni inaweza kuwafanya watoto wawe na hatari ya kuwekwa katika hatari ya kuwekwa katika hatari ya kuwekwa katika hatari ya kuwekwa katika hatari ya kuwekwa katika hatari ya kuwekwa katika hatari ya kuwekwa katika hatari ya kuwekwa katika hatari ya kuwekwa katika hatari ya kuwekwa katika hatari ya kuwekwa katika hatari ya kuwekwa katika hatari ya kuwekwa katika hatari ya kuwekwa katika hatari ya kuwekwa katika hatari ya kuwekwa katika hatari ya kuwekwa katika hatari ya kuwekwa katika hatari ya kuwekwa katika hatari ya kuwekwa katika hatari ya kuwekwa katika hatari ya kuwekwa katika hatari ya kuwekwa katika hatari ya kuwekwa katika hatari ya kuwekwa katika hatari ya kuwekwa katika hatari ya kuwekwa katika hatari ya kuwekwa katika hatari ya kuwekwa katika hatari ya kuwekwa katika hatari ya kuwekwa katika hatari ya kuwekwa katika hatari ya kuwekwa katika hatari ya kuwekwa katika hatari ya kuwekwa katika hatari ya kuwekwa katika hatari ya kuwekwa na wanyama.,Ciana no cionwo nĩ nyamũ cia gũcina ciana na njĩra ya kũhũthĩra Intaneti.,0.525890557,0.289266052,Misati,Ciana no cionwo nĩ nyamũ cia gũcina ciana na njĩra ya kũhũthĩra Intaneti.,0.525890557,0.289266052,Cynthia,,
,Security,Families should include children in disaster drills and ensure they know emergency contacts.,Familia zinapaswa kuwahusisha watoto katika mazoezi ya misiba na kuhakikisha wanajua watu wa dharura wanaohusika.,Famĩlĩ nĩ igĩrĩirũo kũruta ciana maũndũ ma gũteithia andũ kũhiũrania na mĩnyamaro na ĩmenye atĩ nĩ ciũĩ arĩa magĩrĩire kũhiũrania na mĩnyamaro.,0.546205534,0.434786683,Misati,Famĩlĩ nĩ igĩrĩirũo kũruta ciana maũndũ ma gũteithia andũ kũhiũrania na mĩnyamaro na ĩmenye atĩ nĩ ciũĩ arĩa magĩrĩire kũhiũrania na mĩnyamaro.,0.546205534,0.434786683,Cynthia,,
,Security,Teach children stranger danger rules and ensure they travel in groups. Report missing children immediately.,Wafundishe watoto sheria za hatari za wageni na uhakikishe kwamba wanasafiri kwa vikundi.,Ruta ciana mawatho ma kũmenyeria arĩa matamenyete na ũmenye atĩ nĩ magendaga marĩ ikundi.,0.663866551,0.377245009,Misati,Ruta ciana mawatho ma kũmenyeria arĩa matamenyete na ũmenye atĩ nĩ magendaga marĩ ikundi.,0.663866551,0.377245009,Cynthia,,
,Security,Businesses must avoid employing children and support initiatives for their education instead.,Biashara lazima ziwe na nia ya kuepuka kuwaajiri watoto na badala yake kuunga mkono mipango ya elimu.,Mabũrũri nĩ magĩrĩirũo gwĩthema kũruta ciana wĩra na handũ ha ũguo magĩe na mĩbango ya kũmatongoria.,0.519497848,0.489245699,Misati,Mabũrũri nĩ magĩrĩirũo gwĩthema kũruta ciana wĩra na handũ ha ũguo magĩe na mĩbango ya kũmatongoria.,0.519497848,0.489245699,Cynthia,,
,Security,Sports academies must have policies against physical and sexual abuse of young athletes.,Shule za michezo lazima ziwe na sera dhidi ya unyanyasaji wa kimwili na kingono wa wanariadha vijana.,Athomi a mathako magĩrĩirũo gũkorũo na mawatho ma kũregana na kũhinyĩrĩria athaki ethĩ na maũndũ megiĩ ngomanio.,0.71783417,0.523451134,Misati,Athomi a mathako magĩrĩirũo gũkorũo na mawatho ma kũregana na kũhinyĩrĩria athaki ethĩ na maũndũ megiĩ ngomanio.,0.71783417,0.523451134,Cynthia,,
,Security,Keep medicines and chemicals out of children's reach to avoid accidental poisoning incidents.,Weka dawa na kemikali mbali na watoto ili kuepuka visa vya sumu zisizo za kawaida.,Gĩaga na ndawa na indo cia gũthondeka nĩguo ciana itigakinyĩre.,0.553278717,0.299112285,Misati,Gĩaga na ndawa na indo cia gũthondeka nĩguo ciana itigakinyĩre.,0.553278717,0.299112285,Cynthia,,
,Security,Event organizers should provide child-safe spaces and lost-child protocols during large gatherings.,Waandaaji wa tukio wanapaswa kutoa nafasi salama kwa watoto na itifaki za watoto waliopotea wakati wa mikutano mikubwa.,Arĩa marũmbũyagia mĩcemanio ĩyo magĩrĩirũo kũheana handũ ha kũgitĩra ciana na kũheana mawatho megiĩ ciana iria ciũrĩte hĩndĩ ya mĩcemanio mĩnene.,0.615501028,0.512443907,Misati,Arĩa marũmbũyagia mĩcemanio ĩyo magĩrĩirũo kũheana handũ ha kũgitĩra ciana na kũheana mawatho megiĩ ciana iria ciũrĩte hĩndĩ ya mĩcemanio mĩnene.,0.615501028,0.512443907,Cynthia,,
,Security,Tourist hotspots sometimes exploit children for labor or sex. Report such cases to the Tourism Regulatory Authority.,Mara kwa mara maeneo ya utalii huwapotosha watoto kwa sababu ya kufanya kazi au kufanya ngono.,Rĩmwe na rĩmwe kũndũ kũrĩa andũ mathiaga kũgathĩrĩria andũ nĩ kũhũthĩra ciana kũruta wĩra kana kũhũthĩra maũndũ megiĩ ngomanio.,0.52749478,0.373697759,Misati,Rĩmwe na rĩmwe kũndũ kũrĩa andũ mathiaga kũgathĩrĩria andũ nĩ kũhũthĩra ciana kũruta wĩra kana kũhũthĩra maũndũ megiĩ ngomanio.,0.52749478,0.373697759,Cynthia,,
,Security,Kenya's laws are evolving to better protect children's rights. Stay informed on legal changes affecting child welfare.,Sheria za Kenya zinaendelea kuboresha ulinzi wa haki za watoto.,Watho wa Kenya nĩ ũrathiĩ na mbere kũgitĩra ciana.,0.619793784,0.497097155,Misati,Watho wa Kenya nĩ ũrathiĩ na mbere kũgitĩra ciana.,0.619793784,0.497097155,Cynthia,,
,Security,"Neighbors, teachers, and relatives must speak up against child abuse to create safer environments for children.","Jirani, walimu, na watu wa ukoo wanapaswa kusema dhidi ya kuwatendea watoto vibaya ili kuwapa watoto mazingira salama.","Andũ a itũũra, arutani, na andũ a famĩlĩ no mũhaka marũe na mbere kũrũa na ciana nĩguo ciana ciigĩre ũgitĩri.",0.657450092,0.406168701,Misati,"Andũ a itũũra, arutani, na andũ a famĩlĩ no mũhaka marũe na mbere kũrũa na ciana nĩguo ciana ciigĩre ũgitĩri.",0.657450092,0.406168701,Cynthia,,
,Security,"Livestock theft remains a challenge in pastoralist regions. Communities should form watch programs, brand animals, and report suspicious activities.","Katika maeneo yenye malisho, wizi wa mifugo ungali ni tatizo, na jamii zinapaswa kupanga programu za kufuatilia wanyama, kuwapa alama ya wanyama, na kutoa ripoti za shughuli za kichocheo.",Kũgĩa na ũici wa mahiũ nĩ ũndũ wa bata mũno kũndũ kũrĩa kũrĩ na ũgarũrũku wa mahiũ.,0.426428323,0.353943955,Misati,Kũgĩa na ũici wa mahiũ nĩ ũndũ wa bata mũno kũndũ kũrĩa kũrĩ na ũgarũrũku wa mahiũ.,0.426428323,0.353943955,Cynthia,,
,Security,Regular vaccination protects livestock from major diseases. Veterinary services offer free campaigns during high-risk seasons and farmers should keep records.,Utoaji wa chanjo wa kawaida huwalinda wanyama kutokana na magonjwa makubwa. Huduma za wanyama hutoa kampeni za bure wakati wa msimu wa hatari na wakulima wanapaswa kuweka rekodi.,Kũhĩtũkwo kwa maita maingĩ nĩ kũgitagĩra mahiũ kuuma mĩrimũ mĩnene.,0.656984859,0.431633385,Misati,Kũhĩtũkwo kwa maita maingĩ nĩ kũgitagĩra mahiũ kuuma mĩrimũ mĩnene.,0.656984859,0.431633385,Cynthia,,
,Security,"Water scarcity during droughts causes losses. Farmers should adopt water harvesting methods such as dams, pans, and subsurface storage.","Kupungua kwa maji wakati wa ukame husababisha hasara. Wakulima wanapaswa kutumia njia za kukusanya maji kama vile madaraja, mitungi, na kuhifadhi maji chini ya ardhi.","Arimi magĩrĩirũo kũhũthĩra njĩra cia kũgetha maĩ ta marũũri, mĩtarakwa, na gũthondeka indo iria ciathondekagwo thĩ.",0.652974838,0.393158155,Misati,"Arimi magĩrĩirũo kũhũthĩra njĩra cia kũgetha maĩ ta marũũri, mĩtarakwa, na gũthondeka indo iria ciathondekagwo thĩ.",0.652974838,0.393158155,Cynthia,,
,Security,"Biosecurity prevents disease outbreaks. Disinfect footbaths, quarantine new animals, control wildlife access, and report sick animals promptly. Proper carcass disposal is essential.","Ulinzi wa mazingira huzuia kuenea kwa magonjwa. Kuondoa dawa za kuua miguu, kutunza wanyama wapya, kudhibiti ufikiaji wa wanyama wa mwituni, na kuripoti wanyama wagonjwa mara moja.","Ũgitĩri wa kĩĩmwĩrĩ nĩ ũgiragia mĩrimũ ĩtherie. Kũhũũra andũ arĩa marĩ magũrũ-inĩ, kũhũũra nyamũ iria ingĩ, kũgirĩrĩria nyamũ cia gĩthaka gũtoonya, na kũruta nyamũ iria irũaru riita rĩmwe.",0.525311046,0.363113835,Misati,"Ũgitĩri wa kĩĩmwĩrĩ nĩ ũgiragia mĩrimũ ĩtherie. Kũhũũra andũ arĩa marĩ magũrũ-inĩ, kũhũũra nyamũ iria ingĩ, kũgirĩrĩria nyamũ cia gĩthaka gũtoonya, na kũruta nyamũ iria irũaru riita rĩmwe.",0.525311046,0.363113835,Cynthia,,
,Security,Wildlife predation causes losses. Farmers should construct predator-proof enclosures and use guard animals. Compensation is available for verified cases.,Wenyeji wanapaswa kujenga vibanda visivyo na wanyama wa kuwinda wanyama.,Kũgerio kwa nyamũ cia gĩthaka nĩ kũrehaga ũthii wa na mbere wa mbeca. Arimi magĩrĩirũo gwaka mĩbira ĩtarĩ na nyamũ cia gũcina na kũhũthĩra nyamũ cia gũcanga.,0.351735529,0.412905272,Misati,Kũgerio kwa nyamũ cia gĩthaka nĩ kũrehaga ũthii wa na mbere wa mbeca. Arimi magĩrĩirũo gwaka mĩbira ĩtarĩ na nyamũ cia gũcina na kũhũthĩra nyamũ cia gũcanga.,0.351735529,0.412905272,Cynthia,,
,Security,Unauthorized livestock movement spreads disease. Farmers should demand permits and follow quarantine notices.,Uhamiaji usioidhinishwa wa mifugo hueneza magonjwa.,Kũragarũra indo itarĩ na ũhoti nĩ kũtheragia mũrimũ.,0.581830165,0.298904346,Misati,Kũragarũra indo itarĩ na ũhoti nĩ kũtheragia mũrimũ.,0.581830165,0.298904346,Cynthia,,
,Security,Proper slaughter methods protect meat safety. Only use licensed slaughterhouses or follow public health guidelines for home slaughter.,Njia sahihi za kuchinjwa zinalinda usalama wa nyama.Tumia tu vibaya vilivyoidhinishwa au fuata miongozo ya afya ya umma kwa ajili ya kuchinjwa nyumbani.,Njĩra cia kũgũtha nyama nĩ ciĩgitagĩra ũgitĩri wa nyama.,0.609331952,0.415351448,Misati,Njĩra cia kũgũtha nyama nĩ ciĩgitagĩra ũgitĩri wa nyama.,0.609331952,0.415351448,Cynthia,,
,Security,Certain plants poison livestock. Farmers should remove toxic plants and provide alternative fodder during drought. Veterinary analysis supports diagnosis.,Mimea fulani hutia sumu mifugo. Wakulima wanapaswa kuondoa mimea yenye sumu na kutoa chakula cha badala wakati wa ukame. Uchambuzi wa wanyama unasaidia utambuzi.,Mĩmera ĩmwe ĩhuthĩra mahiũ ndawa cia kũguna. Arimi magĩrĩirũo kũruta mĩmera ya ũrimũ na kũhe irio ingĩ cia kũgũra hĩndĩ ya ng'aragu.,0.675735653,0.421834344,Misati,Mĩmera ĩmwe ĩhuthĩra mahiũ ndawa cia kũguna. Arimi magĩrĩirũo kũruta mĩmera ya ũrimũ na kũhe irio ingĩ cia kũgũra hĩndĩ ya ng'aragu.,0.675735653,0.421834344,Cynthia,,
,Security,"Drought requires special management. Provide minerals, reduce herd size early, and conserve water.","Utakaso unahitaji usimamizi maalum: kutoa madini, kupunguza ukubwa wa kundi mapema, na kuhifadhi maji.","Nĩ ũndũ wa mang'ũrĩ, no mũhaka ũkorũo na indo cia gũthondeka, ũciikĩrĩrie ũingĩ wa ng'ombe na ũtigatige maaĩ.",0.601672928,0.331984109,Misati,"Nĩ ũndũ wa mang'ũrĩ, no mũhaka ũkorũo na indo cia gũthondeka, ũciikĩrĩrie ũingĩ wa ng'ombe na ũtigatige maaĩ.",0.601672928,0.331984109,Cynthia,,
,Security,"Proper feed storage prevents aflatoxin contamination. Keep grains dry, mold-free, and securely stored.",Kuhifadhi chakula kwa njia inayofaa huzuia uchafuzi wa aflatoxin.,Kũiga irio wega nĩ gũtũmaga mbeũ itigĩe na ndawa cia kũigana cia kũigana cia kũigana cia kũigana cia kũigana cia kũigana cia kũigana cia kũigana cia kũigana cia kũigana cia kũigana cia kũigana cia kũigana cia kũigana cia kũigana cia kũigana cia kũigana cia kũigana cia kũigana cia kũigana cia kũigana cia kũigana cia kũigana cia kũigana cia kũigana cia kũigana cia kũigana cia kũigana cia kũigana cia kũigana cia kũigana cia kũigana cia kũigana cia kũigana cia kũigana cia kũigana cia kũigana cia kũigana cia kũigana cia kũigana cia kũigana cia kũigana cia kũigana cia kũigana cia kũigana cia kũigana cia kũigana cia kũigana cia kũigana cia kũigana cia kũigana cia kũigana cia kũigana cia kũigana cia kũigana cia kũigana cia kũigana cia kũigana cia kũigana cia kũigana cia kũigana cia,0.58454909,0.482559633,Misati,Kũiga irio wega nĩ gũtũmaga mbeũ itigĩe na ndawa cia kũigana cia kũigana cia kũigana cia kũigana cia kũigana cia kũigana cia kũigana cia kũigana cia kũigana cia kũigana cia kũigana cia kũigana cia kũigana cia kũigana cia kũigana cia kũigana cia kũigana cia kũigana cia kũigana cia kũigana cia kũigana cia kũigana cia kũigana cia kũigana cia kũigana cia kũigana cia kũigana cia kũigana cia kũigana cia kũigana cia kũigana cia kũigana cia kũigana cia kũigana cia kũigana cia kũigana cia kũigana cia kũigana cia kũigana cia kũigana cia kũigana cia kũigana cia kũigana cia kũigana cia kũigana cia kũigana cia kũigana cia kũigana cia kũigana cia kũigana cia kũigana cia kũigana cia kũigana cia kũigana cia kũigana cia kũigana cia kũigana cia kũigana cia kũigana cia kũigana cia kũigana cia,0.58454909,0.482559633,Cynthia,,
,Security,Early reporting prevents outbreaks. Contact veterinary officers or the Toll-Free Animal Disease Hotline 0800721313.,Kuwasilisha mapema huzuia maambukizi. Wasiliana na maafisa wa afya ya wanyama au simu ya simu ya simu ya wanyama isiyo na hatia 0800721313.,Kũmenyithia tene nĩ kũgiragia mĩrimũ.,0.502518837,0.445794357,Misati,Kũmenyithia tene nĩ kũgiragia mĩrimũ.,0.502518837,0.445794357,Cynthia,,
,Security,"Climate change increases animal risks. Provide shade, drainage, windbreaks, and use early warning systems.",Mabadiliko ya hali ya hewa huongeza hatari kwa wanyama.,Kũgarũrũka kwa rĩera-inĩ nĩ kũingĩhaga ũgwati harĩ nyamũ.,0.670126341,0.514762327,Misati,Kũgarũrũka kwa rĩera-inĩ nĩ kũingĩhaga ũgwati harĩ nyamũ.,0.670126341,0.514762327,Cynthia,,
,Security,"Milk safety requires hygiene. Wash udders, use clean containers, cool milk, and sell only to licensed processors.",Usalama wa maziwa unahitaji usafi wa kiuchumi.,"Nĩ ũndũ wa ũgitĩri wa iria, no mũhaka mũndũ akorũo arĩ na ũmenyo wa mũtũũrĩre.",0.535920661,0.458483199,Misati,"Nĩ ũndũ wa ũgitĩri wa iria, no mũhaka mũndũ akorũo arĩ na ũmenyo wa mũtũũrĩre.",0.535920661,0.458483199,Cynthia,,
,Security,"Internal parasites reduce productivity. Deworm regularly, rotate grazing, and test fecal samples.","Wadudu wa ndani hupunguza ufanisi wa kazi, huondoa wadudu mara kwa mara, huzunguka malisho, na kuchunguza sampuli za uchafu.","Mĩrimũ ya thĩinĩ nĩ ĩnyihĩtia wĩra, ĩkarũma, ĩkarũma, na ĩkarũma cionereria cia gĩthaka.",0.509945781,0.318542242,Misati,"Mĩrimũ ya thĩinĩ nĩ ĩnyihĩtia wĩra, ĩkarũma, ĩkarũma, na ĩkarũma cionereria cia gĩthaka.",0.509945781,0.318542242,Cynthia,,
,Security,"Pastoralist migrations need planning. Obtain permits, choose safe routes, and avoid conflict areas.","Uhamiaji wa wachungaji unahitaji kupanga, kupata ruhusa, kuchagua njia salama, na kuepuka maeneo yenye migogoro.","Nĩguo mũndũ athiĩ kũruta wĩra wa kũmenyeria arĩa angĩ, nĩ arĩ bata gũkorũo na wĩyathi wa gwĩthuurĩra, kũnyita mbathi cia ũgitĩri, na gwĩthema kũndũ kũrĩa kũkoragwo na ngũĩ.",0.642454577,0.376021317,Misati,"Nĩguo mũndũ athiĩ kũruta wĩra wa kũmenyeria arĩa angĩ, nĩ arĩ bata gũkorũo na wĩyathi wa gwĩthuurĩra, kũnyita mbathi cia ũgitĩri, na gwĩthema kũndũ kũrĩa kũkoragwo na ngũĩ.",0.642454577,0.376021317,Cynthia,,
,Security,Misuse of veterinary drugs creates resistance. Buy from licensed sources and follow prescriptions.,Kutumia vibaya dawa za kulevya huleta upinzani.,Kũhũthĩra ũũru ndawa cia kũgũra nĩ gũtũmaga mũndũ agĩe na ũhoti wa kũhiũrania na mĩrimũ.,0.589393903,0.428606569,Misati,Kũhũthĩra ũũru ndawa cia kũgũra nĩ gũtũmaga mũndũ agĩe na ũhoti wa kũhiũrania na mĩrimũ.,0.589393903,0.428606569,Cynthia,,
,Security,"Accurate records improve management. Track births, deaths, treatments, and vaccinations.","Rekodi sahihi huongeza usimamizi, hufuatilia kuzaliwa, vifo, matibabu, na chanjo.","Kũgĩa na marũa ma gũtaũra maũndũ nĩ gũtũmaga andũ magĩe na ũmenyeru makĩria, na kũigaga na njĩra njega ũhoro wa gũciarũo, gũkua, ũrigitani, na ũrigitani.",0.649267246,0.357283844,Misati,"Kũgĩa na marũa ma gũtaũra maũndũ nĩ gũtũmaga andũ magĩe na ũmenyeru makĩria, na kũigaga na njĩra njega ũhoro wa gũciarũo, gũkua, ũrigitani, na ũrigitani.",0.649267246,0.357283844,Cynthia,,
,Security,"Beehive theft is rising. Secure apiaries, mark hives, and report suspicious buyers.","Kuvunja viwanja vya nyuki, kuweka alama kwenye viwanja vya nyuki, na kuripoti wanunuzi wanaoshukiwa.","Kũgemia mĩgũnda ya nyuki, kũiga mĩgũnda ya nyuki na kũruta andũ arĩa matehotete.",0.465882141,0.309652779,Misati,"Kũgemia mĩgũnda ya nyuki, kũiga mĩgũnda ya nyuki na kũruta andũ arĩa matehotete.",0.465882141,0.309652779,Cynthia,,
,Security,"Industrial pollutants harm animals. Report dumping, fence off contaminated sites, and test water.","Wasambazaji wa mazingira huumiza wanyama. Ripoti ya kuharibu, uzio wa maeneo yaliyochafuliwa, na maji ya majaribio.","Kũruta wĩra nĩ kũrehaga ũgwati harĩ nyamũ, kũruta wĩra wa gũtua mĩgomo, kũhingũra mĩgũnda mĩũru, na gũthuthuria maĩ.",0.429038134,0.310169738,Misati,"Kũruta wĩra nĩ kũrehaga ũgwati harĩ nyamũ, kũruta wĩra wa gũtua mĩgomo, kũhingũra mĩgũnda mĩũru, na gũthuthuria maĩ.",0.429038134,0.310169738,Cynthia,,
,Security,Floods kill animals and spread disease. Move herds to higher ground and disinfect pens after floods.,"Mafuriko huua wanyama na kueneza magonjwa, hupeleka makundi kwenye maeneo ya juu na kuharibu magugu baada ya mafuriko.","Mĩiyũro ya maaĩ nĩ ĩraga nyamũ na ĩgĩtwara mĩrimũ, ĩgĩtwara mahiũ kũndũ kũraihu na ĩgĩthondeka mĩhũmũ ya gũtuĩria mĩmera thutha wa mĩiyũro ya maaĩ.",0.567233982,0.468635201,Misati,"Mĩiyũro ya maaĩ nĩ ĩraga nyamũ na ĩgĩtwara mĩrimũ, ĩgĩtwara mahiũ kũndũ kũraihu na ĩgĩthondeka mĩhũmũ ya gũtuĩria mĩmera thutha wa mĩiyũro ya maaĩ.",0.567233982,0.468635201,Cynthia,,
,Security,Community policing reduces livestock theft. Share intelligence and support police investigations.,Polisi wa jamii hupunguza wizi wa mifugo.,Kũrutithania wĩra wa kũgitĩra andũ nĩ gũtũmaga ũici wa mahiũ ũrehere.,0.634659296,0.357761332,Misati,Kũrutithania wĩra wa kũgitĩra andũ nĩ gũtũmaga ũici wa mahiũ ũrehere.,0.634659296,0.357761332,Cynthia,,
,Security,Proper manure handling prevents disease. Compost before use and store away from water sources.,Kufanya kazi vizuri na uchafu huzuia magonjwa.,Kũhũthĩra kĩgĩĩna wega nĩ gũtũmaga tũgĩe na mathĩna ma mwĩrĩ.,0.391569752,0.345345479,Misati,Kũhũthĩra kĩgĩĩna wega nĩ gũtũmaga tũgĩe na mathĩna ma mwĩrĩ.,0.391569752,0.345345479,Cynthia,,
,Security,Snakes bite animals in dry seasons. Clear bushes and seek immediate treatment for bites.,"Nyoka huuma wanyama katika majira ya ukame, huondoa vichaka na kutafuta matibabu ya haraka.","Nyoka nĩ irumaga nyamũ hĩndĩ ya ng'aragu, ikĩhũra tũthaka na ikĩenda ũrigitani o rĩu.",0.550772442,0.370189914,Misati,"Nyoka nĩ irumaga nyamũ hĩndĩ ya ng'aragu, ikĩhũra tũthaka na ikĩenda ũrigitani o rĩu.",0.550772442,0.370189914,Cynthia,,
,Security,"Poor transport harms animals. Ensure ventilation, avoid extreme heat, and inspect animals after transport.","Usafiri mbaya huumiza wanyama. Hakikisha kwamba kuna hewa ya kutosha, epuka joto kali, na ukaguzi wa wanyama baada ya usafiri.","Kũgĩa na ũhinga wa kũhutia, gwĩthema ũrugarĩ mũingĩ, na gũthuthuria nyamũ thutha wa gũthiĩ.",0.543265799,0.447413274,Misati,"Kũgĩa na ũhinga wa kũhutia, gwĩthema ũrugarĩ mũingĩ, na gũthuthuria nyamũ thutha wa gũthiĩ.",0.543265799,0.447413274,Cynthia,,
,Security,"Auction yards attract criminals. Use licensed yards, verify buyers, and maintain registers.",Viwanja vya kukodisha huvutia wahalifu.,Kũgĩa na indo cia kwendia na kũhingia marũa ma kũgũra nĩ kũgucagĩrĩria eki-naĩ.,0.601422147,0.318888866,Misati,Kũgĩa na indo cia kwendia na kũhingia marũa ma kũgũra nĩ kũgucagĩrĩria eki-naĩ.,0.601422147,0.318888866,Cynthia,,
,Security,Contaminated feed causes losses. Test for aflatoxins and store feed safely.,Chakula cha kulevya kinachosababisha hasara.,Kũgerekania na indo cia gũitĩra iria ciarĩ na thahu nĩ gũtũmaga tũgĩe na ngarara.,0.431099074,0.261464837,Misati,Kũgerekania na indo cia gũitĩra iria ciarĩ na thahu nĩ gũtũmaga tũgĩe na ngarara.,0.431099074,0.261464837,Cynthia,,
,Security,Large birds prey on young livestock. Use scare devices and provide sheltered pens.,"Ndege wakubwa huwinda wanyama wadogo, hutumia vifaa vya kuogopesha, na hutoa viota vya kuogopesha.","Nyoni nene nĩ ciendete gũtharĩkĩra mahiũ manini, na nĩ ciĩhũthagĩra indo cia kũmaka na kũhe andũ gĩthaka.",0.543102652,0.312478186,Misati,"Nyoni nene nĩ ciendete gũtharĩkĩra mahiũ manini, na nĩ ciĩhũthagĩra indo cia kũmaka na kũhe andũ gĩthaka.",0.543102652,0.312478186,Cynthia,,
,Security,Disaster preparedness reduces losses. Identify evacuation routes and store emergency supplies.,"Kujitayarisha kwa ajili ya misiba hupunguza hasara, huamua njia za kuondoka, na kuhifadhi vifaa vya dharura.","Kũhaarĩria mĩcemanio nĩ kũnyiihia ũgwati, kũmenyithania njĩra cia kũruta andũ mĩcemanio, na kũiga indo cia kũhonokia.",0.62341476,0.392024623,Misati,"Kũhaarĩria mĩcemanio nĩ kũnyiihia ũgwati, kũmenyithania njĩra cia kũruta andũ mĩcemanio, na kũiga indo cia kũhonokia.",0.62341476,0.392024623,Cynthia,,
,Security,Water points attract thieves. Water animals by day and patrol high-risk areas.,"Maji huvutia wezi, wanyama hupewa maji mchana na kutembelea maeneo yenye hatari.",Kũrĩ na ũgwati mũingĩ wa kũhũũra indo cia gũtherera.,0.489637683,0.25617275,Misati,Kũrĩ na ũgwati mũingĩ wa kũhũũra indo cia gũtherera.,0.489637683,0.25617275,Cynthia,,
,Security,Stray animals destroy property. Maintain secure fencing and report damage promptly.,"Wanyama wa kutembea-tembea huharibu mali, huweka uzio wa usalama, na kutoa ripoti ya uharibifu haraka.","Nyamũ iria itũũraga thĩ nĩ iraragia indo, na nĩ ciĩhagia mĩbira na ihenya.",0.497322794,0.223579649,Misati,"Nyamũ iria itũũraga thĩ nĩ iraragia indo, na nĩ ciĩhagia mĩbira na ihenya.",0.497322794,0.223579649,Cynthia,,
,Security,Dry season fires threaten grazing areas. Create firebreaks and report arson incidents.,"Moto wa majira ya ukame hutishia maeneo ya malisho, huleta mapumziko ya moto na kutoa ripoti za matukio ya kuwasha moto.","Kũrĩ na mwaki wa hĩndĩ ya ng'aragu, kũgĩa na mĩnyamaro ya kũhũũra mwaki na kũruta riboti cia kũhũũra mwaki.",0.50939394,0.308974509,Misati,"Kũrĩ na mwaki wa hĩndĩ ya ng'aragu, kũgĩa na mĩnyamaro ya kũhũũra mwaki na kũruta riboti cia kũhũũra mwaki.",0.50939394,0.308974509,Cynthia,,
,Security,"Proper breeding management prevents injuries. Use healthy stock, maintain hygiene, and record breeding dates.",Usimamizi mzuri wa uzazi huzuia majeraha.,Kũmenyeria ciana wega nĩ gũtũmaga itigĩe na mĩrimũ.,0.524651918,0.426506654,Misati,Kũmenyeria ciana wega nĩ gũtũmaga itigĩe na mĩrimũ.,0.524651918,0.426506654,Cynthia,,
,Security,Equipment theft affects productivity. Secure tools and machinery and report theft immediately.,Uwizi wa vifaa huathiri ufanisi.,Kũiya indo cia kũgũra nĩ kũhutagia ũrutaga wĩra.,0.474399159,0.327641687,Misati,Kũiya indo cia kũgũra nĩ kũhutagia ũrutaga wĩra.,0.474399159,0.327641687,Cynthia,,
,Security,Lightning kills grazing animals. Install lightning rods and avoid tying animals to isolated trees.,Weka vijiti vya umeme na epuka kuwafunga wanyama kwenye miti iliyojitenga.,"Nĩ ũndũ ũcio, ũikĩrie ndũrũme na ndũgatũme nyamũ ciikare mĩtĩ-inĩ.",0.52539778,0.269877815,Misati,"Nĩ ũndũ ũcio, ũikĩrie ndũrũme na ndũgatũme nyamũ ciikare mĩtĩ-inĩ.",0.52539778,0.269877815,Cynthia,,
,Security,Misuse of antibiotics creates resistance. Follow prescriptions and dispose of drugs safely.,Kutumia dawa za kulevya vibaya huleta upinzani. Fuata maagizo na kuondoa dawa hizo kwa usalama.,Kũhũthĩra ũũru ndawa cia kũgwatia mĩĩrĩ nĩ gũtũmaga mũndũ agĩe na ũhoti wa gũikara arĩ mũrwaru.,0.610907553,0.399703966,Misati,Kũhũthĩra ũũru ndawa cia kũgwatia mĩĩrĩ nĩ gũtũmaga mũndũ agĩe na ũhoti wa gũikara arĩ mũrwaru.,0.610907553,0.399703966,Cynthia,,
,Security,Large gatherings increase theft risks. Supervise herds and coordinate with security agencies.,"Mikutano mikubwa huongeza hatari ya wizi, usimamizi wa makundi na ushirikiano na mashirika ya usalama.","Kũgwatĩra andũ mĩcemanio mĩingĩ nĩ kũongerera mogwati ma kũiya, kũmenyeria ndũũru cia mbũri na kũrutaga wĩra na honge cia ũgitĩri.",0.671131884,0.408219348,Misati,"Kũgwatĩra andũ mĩcemanio mĩingĩ nĩ kũongerera mogwati ma kũiya, kũmenyeria ndũũru cia mbũri na kũrutaga wĩra na honge cia ũgitĩri.",0.671131884,0.408219348,Cynthia,,
,Security,Plan feed supplies to avoid shortages. Preserve fodder and use drought-resistant varieties.,"Panga chakula cha kutosha ili kuepuka upungufu wa chakula, uhifadhi wanyama na utumie aina zinazostahimili ukame.","Wĩcirie ũrĩa ũngĩenda kũhũthĩra irio cia kũrĩa nĩ getha ũtigane na ng'aragu, ũgitĩre irio cia kũrĩa na ũhũthĩre mĩthemba ya irio iria itangĩhiũrania na ng'aragu.",0.505805949,0.392689906,Misati,"Wĩcirie ũrĩa ũngĩenda kũhũthĩra irio cia kũrĩa nĩ getha ũtigane na ng'aragu, ũgitĩre irio cia kũrĩa na ũhũthĩre mĩthemba ya irio iria itangĩhiũrania na ng'aragu.",0.505805949,0.392689906,Cynthia,,
,Security,Blue-green algae poison animals. Avoid contaminated water sources and report cases.,Kuzuia maji yaliyochafuliwa na kuripoti visa.,Nĩ wega kwĩthema gũtheria maĩ marĩ na ũtugi na kwĩmenyerera.,0.465668478,0.256451512,Misati,Nĩ wega kwĩthema gũtheria maĩ marĩ na ũtugi na kwĩmenyerera.,0.465668478,0.256451512,Cynthia,,
,Security,Poor handling causes stress and injury. Use non-slip floors and proper restraint equipment.,Kutumia sakafu zisizo na matope na vifaa vya kuzuia kuanguka kwaweza kusababisha mkazo na kuumia.,Kũhũthĩra thĩ ĩtarĩ na ũcuke na indo cia kũgitĩra nĩ kũrehaga mĩhang'o na kũringithania maũndũ.,0.416484191,0.278896174,Misati,Kũhũthĩra thĩ ĩtarĩ na ũcuke na indo cia kũgitĩra nĩ kũrehaga mĩhang'o na kũringithania maũndũ.,0.416484191,0.278896174,Cynthia,,
,Security,Faulty electrical systems harm animals. Inspect wiring and test for stray voltage regularly.,Mfumo wa umeme usiofaa unawaumiza wanyama.,Nĩ wega gũthuthuria mĩhĩrĩga na gũthuthuria wega atĩ nĩ kũrĩ na ũhinya.,0.410310562,0.284553824,Misati,Nĩ wega gũthuthuria mĩhĩrĩga na gũthuthuria wega atĩ nĩ kũrĩ na ũhinya.,0.410310562,0.284553824,Cynthia,,
,Security,Steep water edges trap animals. Install gentle slopes and fence dangerous areas.,"Maji yenye kuteleza huwakamata wanyama, huweka vijia vya polepole, na hufunika maeneo hatari.","Mĩhingo ya maĩ ĩkoragwo ĩrĩ mĩguĩ, ĩgathondeka mĩguĩ mĩnene na ĩgathondeka kũndũ kũrĩ na ũgwati.",0.34941809,0.296123715,Misati,"Mĩhingo ya maĩ ĩkoragwo ĩrĩ mĩguĩ, ĩgathondeka mĩguĩ mĩnene na ĩgathondeka kũndũ kũrĩ na ũgwati.",0.34941809,0.296123715,Cynthia,,
,Security,"Research farms need strict security. Use CCTV, controlled access, and patrols.",Mashamba ya utafiti yanahitaji usalama kali.,"Kũhũthagĩra kamera cia gũkuhĩra, kũhũthagĩra indo cia gũkuhĩra, na gũcũthĩrĩria.",0.514846278,0.32722035,Misati,"Kũhũthagĩra kamera cia gũkuhĩra, kũhũthagĩra indo cia gũkuhĩra, na gũcũthĩrĩria.",0.514846278,0.32722035,Cynthia,,
,Security,"High temperatures reduce productivity. Provide shade, ventilation, and constant water.","Joto la juu hupunguza ufanisi wa kazi, hutoa kivuli, hewa, na maji ya kawaida.","Kũgĩa na ũrugarĩ mũnene nĩ kũrehaga mũbira, kũheaga andũ maĩ, na kũheaga andũ kĩĩruru.",0.528353461,0.314966856,Misati,"Kũgĩa na ũrugarĩ mũnene nĩ kũrehaga mũbira, kũheaga andũ maĩ, na kũheaga andũ kĩĩruru.",0.528353461,0.314966856,Cynthia,,
,Security,Early warning prevents losses. Monitor conditions and share forecasts with herders.,"Kuonya mapema huzuia kupoteza, kufuatilia hali na kushiriki utabiri na wachungaji.","Kũmenyeria andũ tene nĩ gũtũmaga matigakũre, kũrora ũrĩa maũndũ marathiĩ na mbere na kũmenyithia arĩithi ũhoro wa ũrĩa gũkahaanĩka.",0.585861393,0.408165729,Misati,"Kũmenyeria andũ tene nĩ gũtũmaga matigakũre, kũrora ũrĩa maũndũ marathiĩ na mbere na kũmenyithia arĩithi ũhoro wa ũrĩa gũkahaanĩka.",0.585861393,0.408165729,Cynthia,,
,Security,Be cautious of investment apps advertised during football matches on illegal streams. Many are fronts for data theft or financial fraud,Jihadhari na programu za uwekezaji zinazotangazwa wakati wa mechi za mpira wa miguu kwenye matangazo yasiyo ya sheria.,Wĩmenyerere ũhoro wa macokio ma mbeca iria ciinagio hĩndĩ ya mathako ma mbathi cia mbaara na njĩra ya kũhũthĩra njĩra cia ũhinya.,0.64875386,0.34390912,Misati,Wĩmenyerere ũhoro wa macokio ma mbeca iria ciinagio hĩndĩ ya mathako ma mbathi cia mbaara na njĩra ya kũhũthĩra njĩra cia ũhinya.,0.64875386,0.34390912,Cynthia,,
,Security,The Ministry of Public Service reminds job seekers that all internship postings are free to apply for. Avoid anyone asking for bribes or airtime in return,Wizara ya Huduma ya Umma inawakumbusha wanaotafuta kazi kwamba kazi zote za mafunzo ni bure kuomba. Epuka mtu yeyote kuomba rushwa au wakati wa kutangaza habari kwa kurudi,Ũtungata wa Thirikari nĩ ũririkanaga arĩa marenda wĩra atĩ wĩra wothe wa kũruta wĩra nĩ ũtarĩ mũhothi.,0.588398738,0.432836767,Misati,Ũtungata wa Thirikari nĩ ũririkanaga arĩa marenda wĩra atĩ wĩra wothe wa kũruta wĩra nĩ ũtarĩ mũhothi.,0.588398738,0.432836767,Cynthia,,
,Security,Several Kenyans have reported scam calls claiming to be from international couriers requesting customs clearance payments. Confirm such calls with KRA or the courier directly,Wakenya kadhaa wameripoti wito wa udanganyifu wakidai kuwa kutoka kwa wajumbe wa kimataifa wanaotaka malipo ya usafirishaji wa forodha.,Andũ aingĩ a Kenya nĩ maratumĩte na njĩra ya ũhinga makĩenda kũheana marũa kuuma kũrĩ andũ a mabũrũri mangĩ arĩa marenda kũheana mĩhothi ya kũruta wĩra wa gũtua mĩhothi.,0.574358395,0.302061958,Misati,Andũ aingĩ a Kenya nĩ maratumĩte na njĩra ya ũhinga makĩenda kũheana marũa kuuma kũrĩ andũ a mabũrũri mangĩ arĩa marenda kũheana mĩhothi ya kũruta wĩra wa gũtua mĩhothi.,0.574358395,0.302061958,Cynthia,,
,Security,"""Be cautious of business mentorship programs advertised by influencers that ask for hefty registration fees. Many lack legal registration.""","""Jihadharini na programu za kuongoza biashara zinazotangazwa na watu wenye ushawishi ambao hutaka kulipa ada kubwa za kujiandikisha.","""Mwĩmenyererei mũno rĩrĩa andũ marenda kũheana ũrutani wa kũruta biacara, na nĩ kũrĩ andũ aingĩ matirĩ marenda kwandĩkwo"".",0.585483876,0.268801548,Misati,"""Mwĩmenyererei mũno rĩrĩa andũ marenda kũheana ũrutani wa kũruta biacara, na nĩ kũrĩ andũ aingĩ matirĩ marenda kwandĩkwo"".",0.585483876,0.268801548,Cynthia,,
,Security,"""We urge wananchi to report any person asking for 'expedited NHIF services' in exchange for cash. NHIF does not charge for processing.""","""Tunaomba wananchi kuripoti mtu yeyote kuomba 'huduma za haraka za NHIF' badala ya fedha. NHIF haina malipo kwa ajili ya usindikaji"".","""Tũringithanagia Wananchi kũmenyithia mũndũ o wothe ũriaga 'thigithi cia NHIF iria ciĩhuthĩirũo' kũgarũrũka na mbeca. NHIF ndĩhũthagĩra mbeca cia kũhingia maũndũ"".",0.608417048,0.38781809,Misati,"""Tũringithanagia Wananchi kũmenyithia mũndũ o wothe ũriaga 'thigithi cia NHIF iria ciĩhuthĩirũo' kũgarũrũka na mbeca. NHIF ndĩhũthagĩra mbeca cia kũhingia maũndũ"".",0.608417048,0.38781809,Cynthia,,
,Security,Red Cross Kenya cautions citizens against donation drives using MPESA till numbers not registered to the organization. Always crosscheck before sending money.,Msalaba Mwekundu Kenya inaonya raia dhidi ya kutumia MPESA hadi nambari ambazo hazijaandikishwa kwa shirika.,Mũcemanio wa Mũhothi wa Mũhuthĩ Mũtune wa Kenya nĩ ũraga andũ maikare na mĩhothi ya kũhũthĩra MPESA nginya namba iria itarĩ cia kwandĩkwo kũrĩ mũingĩ.,0.517980001,0.400480176,Misati,Mũcemanio wa Mũhothi wa Mũhuthĩ Mũtune wa Kenya nĩ ũraga andũ maikare na mĩhothi ya kũhũthĩra MPESA nginya namba iria itarĩ cia kwandĩkwo kũrĩ mũingĩ.,0.517980001,0.400480176,Cynthia,,
,Security,Public warning: PSC does not conduct interviews on WhatsApp. Any job ad asking for 'application fees' is fake and should be reported,Onyo la umma: PSC haitoi mahojiano kwenye WhatsApp. Matangazo yoyote ya kazi yanayotaka 'malipo ya maombi' ni bandia na inapaswa kuripotiwa,Kũmenyeria andũ: PSC ndĩrathiĩ na mbere kũruta mahoya thĩinĩ wa WhatsApp.,0.644851245,0.343751694,Misati,Kũmenyeria andũ: PSC ndĩrathiĩ na mbere kũruta mahoya thĩinĩ wa WhatsApp.,0.644851245,0.343751694,Cynthia,,
,Security,EACC has flagged a syndicate offering forged title searches and valuations in Kisumu. Use verified government channels only,EACC imeweka alama ya sindikati inayotoa utafutaji wa madai ya uwongo na tathmini katika Kisumu.,EACC nĩ ĩhũthagĩra kambuni ya kũruta wĩra wa gũcaria na gũtua matua ma maheeni ma indo cia gĩkũyũ.,0.483429741,0.301233284,Misati,EACC nĩ ĩhũthagĩra kambuni ya kũruta wĩra wa gũcaria na gũtua matua ma maheeni ma indo cia gĩkũyũ.,0.483429741,0.301233284,Cynthia,,
,Security,KRA reminds taxpayers that agents are not allowed to collect cash payments in person. Use official PayBill numbers and receipts,KRA kuwakumbusha kodi kwamba wakala hawaruhusiwi kukusanya malipo ya fedha binafsi.,KRA nĩ ĩririkanaga arĩa marĩhagĩra igooti atĩ agenti matingĩhota kũruta mĩhothi ya mbeca na mũndũ.,0.598439338,0.416470161,Misati,KRA nĩ ĩririkanaga arĩa marĩhagĩra igooti atĩ agenti matingĩhota kũruta mĩhothi ya mbeca na mũndũ.,0.598439338,0.416470161,Cynthia,,
,Security,"""We urge Kenyans to confirm job offers from airlines, especially Emirates and Qatar Airways. Multiple scams promising airport jobs have been flagged.","""Tunawahimiza Wakenya kuthibitisha ofa za kazi kutoka kwa mashirika ya ndege, haswa Emirates na Qatar Airways.","""Tũringithanagia andũ a Kenya manyitithanie wĩra wa kambuni cia ndege, makĩria Emirates na Qatar Airways.",0.649635476,0.442494698,Misati,"""Tũringithanagia andũ a Kenya manyitithanie wĩra wa kambuni cia ndege, makĩria Emirates na Qatar Airways.",0.649635476,0.442494698,Cynthia,,
,Security,"""CBK reminds Kenyans that legitimate banks do not conduct promotions via Facebook inboxes. Ignore messages asking for account details to 'activate rewards'.""","""CBK inawakumbusha Wakenya kwamba benki halali hazifanyi matangazo kupitia masanduku ya barua ya Facebook.","""CBK nĩ ĩririkanaga Akenya atĩ bengi cia kĩhoto itiĩkaga matangagio kũgerera ithandũkũ cia kũhĩtũkĩra cia Facebook.",0.712929224,0.456916412,Misati,"""CBK nĩ ĩririkanaga Akenya atĩ bengi cia kĩhoto itiĩkaga matangagio kũgerera ithandũkũ cia kũhĩtũkĩra cia Facebook.",0.712929224,0.456916412,Cynthia,,
,Security,"""DCI warns against conmen selling fake 'church land' in Kayole and Ruai. Verify ownership documents at the Ministry of Lands before making any payment.""","""DCI inaonya dhidi ya walaghai kuuza ' ardhi ya kanisa' bandia katika Kayole na Ruai.","""Mũndũ wa kũheana indo cia gwĩthondeka nĩ aragitagĩra atĩ andũ arĩa mateng'eragia 'itũũra cia kanitha' cia maheeni kũu Kayole na Ruai matiagĩrĩirũo kũheana indo icio.",0.541114251,0.293022807,Misati,"""Mũndũ wa kũheana indo cia gwĩthondeka nĩ aragitagĩra atĩ andũ arĩa mateng'eragia 'itũũra cia kanitha' cia maheeni kũu Kayole na Ruai matiagĩrĩirũo kũheana indo icio.",0.541114251,0.293022807,Cynthia,,
,Security,NSSF alerts contributors to disregard WhatsApp messages claiming there is a special withdrawal window for those over 40. No such provision exists.,NSSF inawaonya washiriki kupuuza ujumbe wa WhatsApp wakidai kuna dirisha maalum la kujiondoa kwa wale walio zaidi ya 40. Hakuna mpango kama huo.,NSSF nĩ ĩmenyithagia arĩa marutaga wĩra kũrega kũigua ndũmĩrĩri cia WhatsApp iria ciugaga atĩ nĩ kũrĩ na nduka ya mwanya ya kũruta wĩra arĩa marĩ na ũkũrũ wa makĩria ma mĩaka 40.,0.65225783,0.420747013,Misati,NSSF nĩ ĩmenyithagia arĩa marutaga wĩra kũrega kũigua ndũmĩrĩri cia WhatsApp iria ciugaga atĩ nĩ kũrĩ na nduka ya mwanya ya kũruta wĩra arĩa marĩ na ũkũrũ wa makĩria ma mĩaka 40.,0.65225783,0.420747013,Cynthia,,
,Security,Be cautious of investment apps advertised during football matches on illegal streams. Many are fronts for data theft or financial fraud.,Jihadhari na programu za uwekezaji zinazotangazwa wakati wa mechi za mpira wa miguu kwenye matangazo yasiyo ya sheria.,Wĩmenyerere ũhoro wa kũhũthĩra mbeca iria ciambĩrĩĩtwo hĩndĩ ya mathako ma mbathi cia mbaara na njĩra ya kũhũthĩra mbeca cia andũ arĩa angĩ.,0.661865379,0.320937243,Misati,Wĩmenyerere ũhoro wa kũhũthĩra mbeca iria ciambĩrĩĩtwo hĩndĩ ya mathako ma mbathi cia mbaara na njĩra ya kũhũthĩra mbeca cia andũ arĩa angĩ.,0.661865379,0.320937243,Cynthia,,
,Security,The Ministry of Transport has received reports of fake NTSA agents collecting bribes along major highways. Report any suspicious activity via 999 or NTSA portal,Wizara ya Uchukuzi imepokea ripoti za wafanyabiashara wa uwongo wa NTSA wanaokopa rushwa kwenye barabara kuu. Ripoti shughuli yoyote ya mashaka kupitia 999 au portal ya NTSA,Ũtungata wa Ũtungata wa Rũraya (NTSA) nĩ ũheetwo riboti cia atĩ agenti a maheeni a NTSA nĩ maakuhagĩra mĩhothi barabara-inĩ nene.,0.610860558,0.390937092,Misati,Ũtungata wa Ũtungata wa Rũraya (NTSA) nĩ ũheetwo riboti cia atĩ agenti a maheeni a NTSA nĩ maakuhagĩra mĩhothi barabara-inĩ nene.,0.610860558,0.390937092,Cynthia,,
,Security,"""CBK reminds Kenyans that any investment requiring you to recruit others to earn returns is likely a pyramid scheme. Report such activities immediately.""","""CBK inawakumbusha Wakenya kwamba uwekezaji wowote unaohitaji kuajiri wengine ili kupata faida ni mfumo wa piramidi. Ripoti shughuli hizo mara moja"".","""CBK nĩ ĩririkanaga Akenya atĩ mbeca ciothe iria ũhũthĩrĩte nĩgetha ũhũthĩre andũ angĩ nĩgetha ũgacokie mbeca nĩ ta mũtaratara wa mũtaratara.",0.662517426,0.411363543,Misati,"""CBK nĩ ĩririkanaga Akenya atĩ mbeca ciothe iria ũhũthĩrĩte nĩgetha ũhũthĩre andũ angĩ nĩgetha ũgacokie mbeca nĩ ta mũtaratara wa mũtaratara.",0.662517426,0.411363543,Cynthia,,
,Security,"We advise Kenyans not to share photos of their ID, NHIF or voters card on Facebook job groups. These details are being harvested for fraud","Tunawashauri Wakenya wasigawane picha za kitambulisho chao, kadi ya NHIF au ya wapiga kura kwenye makundi ya kazi ya Facebook.","Tũraatha andũ a Kenya matigane na mbica cia ID ciao, NHIF kana karati ya ateti thĩinĩ wa ikundi cia wĩra cia Facebook.",0.66491595,0.468840311,Misati,"Tũraatha andũ a Kenya matigane na mbica cia ID ciao, NHIF kana karati ya ateti thĩinĩ wa ikundi cia wĩra cia Facebook.",0.66491595,0.468840311,Cynthia,,
,Security,Several students have lost fees to fake school accounts shared on WhatsApp. Always pay school fees through officially designated bank accounts.,Wanafunzi kadhaa wamepoteza ada kwa akaunti bandia za shule zilizogawanywa kwenye WhatsApp. Daima hulipa ada za shule kupitia akaunti za benki zilizoainishwa rasmi.,Arutwo aingĩ nĩ mahotete kũruta cukuru cia maheeni na kũhũthĩra akaunti cia mathukuru cia maheeni iria ciheanĩtwo thĩinĩ wa WhatsApp.,0.724309353,0.356014544,Misati,Arutwo aingĩ nĩ mahotete kũruta cukuru cia maheeni na kũhũthĩra akaunti cia mathukuru cia maheeni iria ciheanĩtwo thĩinĩ wa WhatsApp.,0.724309353,0.356014544,Cynthia,,
,Security,KRA warns taxpayers not to use agents who claim they can erase penalties for a fee. All tax waivers are issued through formal channels.,KRA inaonya wafanyabiashara wasifanye kazi na wakala ambao wanadai kuwa wanaweza kufuta adhabu kwa ada.,KRA nĩ ĩheaga andũ arĩa marĩhagĩra igooti mũkaana wa kwaga kũhũthĩra agendi arĩa moigaga atĩ no mahũthĩre mbeca kũherithia igooti.,0.523046149,0.47120099,Misati,KRA nĩ ĩheaga andũ arĩa marĩhagĩra igooti mũkaana wa kwaga kũhũthĩra agendi arĩa moigaga atĩ no mahũthĩre mbeca kũherithia igooti.,0.523046149,0.47120099,Cynthia,,
,Security,"Those job ads for 'NGO agents hiring enumerators' without an interview are a scam. Verify with the actual NGO before sending money.""",Matangazo hayo ya kazi ya 'mawakala wa NGO wanaowaajiri waajiri' bila mahojiano ni udanganyifu.,Ciũria icio cia wĩra cia 'agendi a NGO arĩa mathiaga wĩra na arĩa mathiaga wĩra na mbere' matirĩ mahoya ma kũheana ũhoro nĩ ũhinga.,0.601353294,0.274311314,Misati,Ciũria icio cia wĩra cia 'agendi a NGO arĩa mathiaga wĩra na arĩa mathiaga wĩra na mbere' matirĩ mahoya ma kũheana ũhoro nĩ ũhinga.,0.601353294,0.274311314,Cynthia,,
,Security,EACC notes rising cases of impersonation in procurement offices. Report anyone claiming to 'influence' tender outcomes,"EACC inachunguza ongezeko la visa vya kujifanya katika ofisi za mikataba. kuripoti mtu yeyote ambaye anadai ""kuathiri"" matokeo ya zabuni",EACC nĩ yonanagia atĩ nĩ kũrĩ na wongerereku wa andũ arĩa marĩĩkaga ta andũ arĩa angĩ wabici-inĩ cia kũruta wĩra.,0.562111999,0.371295024,Misati,EACC nĩ yonanagia atĩ nĩ kũrĩ na wongerereku wa andũ arĩa marĩĩkaga ta andũ arĩa angĩ wabici-inĩ cia kũruta wĩra.,0.562111999,0.371295024,Cynthia,,
,Security,CBK warns Kenyans against sending money to social media groups promising weekly payouts from investment plans. These are unregulated and illegal.,CBK inaonya Wakenya dhidi ya kutuma pesa kwa makundi ya media ya kijamii ambayo huahidi malipo ya kila wiki kutoka kwa mipango ya uwekezaji.,CBK nĩ ĩgĩteithia andũ a Kenya matigatũme mbeca kũrĩ ikundi cia social media iria ciĩranĩire kũrĩha o kiumia kuuma mĩbango-inĩ ya ũteti.,0.656517633,0.447657287,Misati,CBK nĩ ĩgĩteithia andũ a Kenya matigatũme mbeca kũrĩ ikundi cia social media iria ciĩranĩire kũrĩha o kiumia kuuma mĩbango-inĩ ya ũteti.,0.656517633,0.447657287,Cynthia,,
,Security,"""Public notice: DCI has shut down a fraudulent real estate company operating under multiple names in Kiambu. Always perform a search at the Lands Ministry.""","""Tazama: DCI imefunga kampuni ya udanganyifu ya mali isiyohamishika inayofanya kazi chini ya majina mengi huko Kiambu.","""Menyithia ma andũ othe: DCI nĩ ĩhingĩte kambuni ya ũici ya indo cia gũtigithĩria iria ĩkoragwo na ciĩga nyingĩ Kiambu.",0.569797165,0.373603108,Misati,"""Menyithia ma andũ othe: DCI nĩ ĩhingĩte kambuni ya ũici ya indo cia gũtigithĩria iria ĩkoragwo na ciĩga nyingĩ Kiambu.",0.569797165,0.373603108,Cynthia,,
,Security,Fake insurance brokers have been selling invalid motor covers in bus stations. Confirm your insurer through IRA public registry.,Wafanyabiashara wa bima bandia wamekuwa kuuza magari batili katika vituo vya basi.,Athuri a mabookia ma mbeca cia kũiganania nĩ mahũthĩraga indo cia kũiganania cia ngari iria itarĩ cia bata mũno.,0.530658099,0.258373625,Misati,Athuri a mabookia ma mbeca cia kũiganania nĩ mahũthĩraga indo cia kũiganania cia ngari iria itarĩ cia bata mũno.,0.530658099,0.258373625,Cynthia,,
,Security,Communications Authority has warned of fake WiFi installers operating in residential estates. Confirm service providers through the CA licensed list,Mamlaka ya Mawasiliano imeonya kuhusu wafungaji bandia wa WiFi wanaofanya kazi katika mali za makazi.,Athuri a thitango cia kũmenyithia andũ ũhoro wa kũhingia indo cia kũhingia Intaneti cia maheeni iria ciakoragwo nyũmba-inĩ cia gũikara.,0.595715843,0.29673929,Misati,Athuri a thitango cia kũmenyithia andũ ũhoro wa kũhingia indo cia kũhingia Intaneti cia maheeni iria ciakoragwo nyũmba-inĩ cia gũikara.,0.595715843,0.29673929,Cynthia,,
,Security,"""The Ministry of ICT reminds citizens that all eCitizen payments are automated. Do not send money to personal numbers for services.""","""Hazina ya ICT inawakumbusha raia kwamba malipo yote ya eCitizen ni ya automatiska.","""Minisiteri ya ICT nĩ ĩririkanaga andũ atĩ mĩhothi yothe ya eCitizen nĩ ĩkoragwo ĩhandĩkĩtwo na njĩra ya o mũndũ.",0.595570982,0.423724353,Misati,"""Minisiteri ya ICT nĩ ĩririkanaga andũ atĩ mĩhothi yothe ya eCitizen nĩ ĩkoragwo ĩhandĩkĩtwo na njĩra ya o mũndũ.",0.595570982,0.423724353,Cynthia,,
,Security,"""Fake humanitarian campaigns using stolen photos have been flagged on Twitter. Always verify fundraisers through trusted platforms like M-Changa or Red Cross Kenya.""","""Mashindano ya kibinadamu bandia yanayotumia picha zilizopiwa yameonyeshwa kwenye Twitter. Daima uthibitishe misaada kupitia majukwaa ya kuaminika kama M-Changa au Msalaba Mwekundu Kenya"".","""Mĩhang'o ya maheeni ya ũteithia wa andũ kũgerera mbica cia kũici nĩ ĩmenyithĩtwo thĩinĩ wa Twitter. Hũthĩra mbia cia kwĩhokeka ta M-Changa kana Mũcemanio Mũtune wa Kenya hũra ũira"".",0.611323052,0.379216236,Misati,"""Mĩhang'o ya maheeni ya ũteithia wa andũ kũgerera mbica cia kũici nĩ ĩmenyithĩtwo thĩinĩ wa Twitter. Hũthĩra mbia cia kwĩhokeka ta M-Changa kana Mũcemanio Mũtune wa Kenya hũra ũira"".",0.611323052,0.379216236,Cynthia,,
,Security,"Nairobi residents, beware of people who claim to provide business loans within an hour. The government does not have such a cash-in-hand program.","Wakazi wa Nairobi, jihadharini na watu wanaodai kutoa mikopo ya biashara ndani ya saa moja. Serikali haina mpango huo wa fedha za fedha.","Andũ a Nairobi, mwĩmenyererei andũ arĩa moigaga atĩ nĩ marekĩra biacara mbeca ihinda rĩa ithaa rĩmwe.",0.670263742,0.465717235,Misati,"Andũ a Nairobi, mwĩmenyererei andũ arĩa moigaga atĩ nĩ marekĩra biacara mbeca ihinda rĩa ithaa rĩmwe.",0.670263742,0.465717235,Cynthia,,
,Security,Kenyans are warned to avoid online forex traders promising guaranteed profits. CBK does not license individuals to offer such services.,Wakenya wanaonywa kuepuka wafanyabiashara wa forex mtandaoni ambao wanaahidi faida zilizohakikishwa. CBK haitoi leseni kwa watu binafsi kutoa huduma kama hizo.,Andũ a Kenya nĩ mathĩĩnagio gwĩthema arĩa marenda kũhũthĩra intaneti kũruta mbeca na njĩra ya kũmenyeria. CBK ndĩheaga andũ a mũingĩ marũa ma kũruta wĩra ta ũcio.,0.666395401,0.377097239,Misati,Andũ a Kenya nĩ mathĩĩnagio gwĩthema arĩa marenda kũhũthĩra intaneti kũruta mbeca na njĩra ya kũmenyeria. CBK ndĩheaga andũ a mũingĩ marũa ma kũruta wĩra ta ũcio.,0.666395401,0.377097239,Cynthia,,
,Security,DCI cautions the public against forged university admission letters being used to defraud parents. Always verify admission directly with the institution.,DCI inaonya umma dhidi ya barua bandia za kuingia chuo kikuu kutumika kudanganya wazazi.,DCI nĩ ĩheaga andũ mũkaana atĩ marũa ma kũingĩra thĩinĩ wa yunivasĩtĩ matingĩhũthĩrũo kũheenania aciari.,0.671717609,0.5133688,Misati,DCI nĩ ĩheaga andũ mũkaana atĩ marũa ma kũingĩra thĩinĩ wa yunivasĩtĩ matingĩhũthĩrũo kũheenania aciari.,0.671717609,0.5133688,Cynthia,,
,Security,"""Communications Authority has launched a hotline for reporting impersonation scams involving fake mobile providers. Dial 0800 222 777 to report.""","""Huduma ya Mawasiliano imezindua simu ya kuwashauri kwa ajili ya kuripoti udanganyifu wa kujifanya unaohusisha watoa huduma bandia wa simu za mkononi. Piga simu 0800 222 777 kuripoti"".","""Mũndũ wa Gũtongoria Ũhoro-ũrĩa-Mwega nĩ ambĩrĩirie mũtaratara wa kũmenyithia andũ ũhoro wa maheni marĩa makoragwo makoragwo na arĩa marutaga wĩra wa kũhũthĩra thimũ cia maheeni.",0.557537389,0.330231694,Misati,"""Mũndũ wa Gũtongoria Ũhoro-ũrĩa-Mwega nĩ ambĩrĩirie mũtaratara wa kũmenyithia andũ ũhoro wa maheni marĩa makoragwo makoragwo na arĩa marutaga wĩra wa kũhũthĩra thimũ cia maheeni.",0.557537389,0.330231694,Cynthia,,
,Security,"""Be cautious of agents offering NHIF registration at matatu stages. Report such individuals to the nearest police post. NHIF registration is free.""","""Jihadharini na wafanyabiashara wanaotoa usajili wa NHIF katika hatua za matatu. Waeleze watu hao kwenye kituo cha polisi kilicho karibu zaidi. Usajili wa NHIF ni bure"".","""Mwĩmenyererei rĩrĩa mũraika arenda kwandĩka NHIF kĩhaaro-inĩ kĩa matatu. Mũtaarĩrie andũ ta acio kĩhũngĩro-inĩ kĩa thigari kĩrĩa kĩraiguithania.",0.64252603,0.397442994,Misati,"""Mwĩmenyererei rĩrĩa mũraika arenda kwandĩka NHIF kĩhaaro-inĩ kĩa matatu. Mũtaarĩrie andũ ta acio kĩhũngĩro-inĩ kĩa thigari kĩrĩa kĩraiguithania.",0.64252603,0.397442994,Cynthia,,
,Security,"""We urge Kenyans to double-check the legitimacy of any NGO requesting donations via mobile payment. Many have been flagged for fraud.""","""Tunawahimiza Wakenya waangalie tena uhalali wa mashirika yoyote yasiyo ya kiserikali ya kuomba michango kupitia malipo ya simu. Wengi wamewekwa alama kwa udanganyifu"".","""Tũringithanagia andũ a Kenya mathiĩ na mbere na gũthuthuria wega atĩ NGO iria irata mĩhothi kũgerera kũrĩha na njĩra ya mobile nĩ ciahaana.",0.603499882,0.357691546,Misati,"""Tũringithanagia andũ a Kenya mathiĩ na mbere na gũthuthuria wega atĩ NGO iria irata mĩhothi kũgerera kũrĩha na njĩra ya mobile nĩ ciahaana.",0.603499882,0.357691546,Cynthia,,
,Security,Do not give your M-PESA PIN to anyone! This is a very common scam.,Usitoe PIN yako ya M-PESA kwa mtu yeyote! Hii ni kashfa ya kawaida sana.,Ndũkanareke mũndũ o na ũmwe akũhe namba yaku ya M-PESA! Ũyũ nĩ mũtego ũhũthĩrĩtwo mũno.,0.68829892,0.477985166,Misati,Ndũkanareke mũndũ o na ũmwe akũhe namba yaku ya M-PESA! Ũyũ nĩ mũtego ũhũthĩrĩtwo mũno.,0.68829892,0.477985166,Cynthia,,
,Security,Enable two-factor authentication (2FA) for all bank and social media accounts.,Kuwezesha uthibitisho wa sababu mbili (2FA) kwa akaunti zote za benki na media ya kijamii.,Kũhotithia kũmenyithia ũhoro wa ma wa maũndũ merĩ (2FA) harĩ akaunti ciothe cia bengi na biacara cia social media.,0.719593882,0.442847677,Misati,Kũhotithia kũmenyithia ũhoro wa ma wa maũndũ merĩ (2FA) harĩ akaunti ciothe cia bengi na biacara cia social media.,0.719593882,0.442847677,Cynthia,,
,Security,Beware of emails pretending to be from banks asking for account verification.,Jihadhari na barua-pepe zinazodai kuwa kutoka kwa benki zinazoomba uthibitisho wa akaunti.,Wĩmenyerere ũhoro wa marũa ma marũa ma marũa ma marũa ma marũa ma marũa ma marũa ma marũa ma marũa ma marũa ma marũa ma marũa ma marũa ma marũa ma marũa ma marũa ma marũa ma marũa ma marũa ma marũa ma marũa ma marũa ma marũa ma marũa ma marũa ma marũa ma marũa ma marũa ma marũa ma marũa ma marũa ma marũa ma marũa ma marũa ma marũa ma marũa ma marũa ma marũa ma marũa ma marũa ma marũa ma marũa ma marũa ma marũa ma marũa ma marũa ma marũa ma marũa ma marũa ma marũa ma marũa ma marũa ma marũa ma marũa ma marũa ma marũa ma marũa ma marũa ma marũa ma marũa ma marũa ma marũa ma marũa ma marũa ma,0.668733283,0.65417414,Misati,Wĩmenyerere ũhoro wa marũa ma marũa ma marũa ma marũa ma marũa ma marũa ma marũa ma marũa ma marũa ma marũa ma marũa ma marũa ma marũa ma marũa ma marũa ma marũa ma marũa ma marũa ma marũa ma marũa ma marũa ma marũa ma marũa ma marũa ma marũa ma marũa ma marũa ma marũa ma marũa ma marũa ma marũa ma marũa ma marũa ma marũa ma marũa ma marũa ma marũa ma marũa ma marũa ma marũa ma marũa ma marũa ma marũa ma marũa ma marũa ma marũa ma marũa ma marũa ma marũa ma marũa ma marũa ma marũa ma marũa ma marũa ma marũa ma marũa ma marũa ma marũa ma marũa ma marũa ma marũa ma marũa ma marũa ma marũa ma,0.668733283,0.65417414,Cynthia,,
,Security,"Never click on suspicious links like 'Youve won KSh 100,000!' in SMS.","Kamwe usibonyeze viungo vya mashaka kama 'Umepata KSh 100,000!' katika SMS.","Ndũgacoke kũhũra maũndũ marĩa mangĩtũma ũkorũo ũtarĩ na ũmenyo ta 'Wĩhotete kũgĩa na mbeca cia KSh 100,000!' thĩinĩ wa SMS.",0.510966976,0.382827308,Misati,"Ndũgacoke kũhũra maũndũ marĩa mangĩtũma ũkorũo ũtarĩ na ũmenyo ta 'Wĩhotete kũgĩa na mbeca cia KSh 100,000!' thĩinĩ wa SMS.",0.510966976,0.382827308,Cynthia,,
,Security,Update your phones software monthly to fix security vulnerabilities.,Sasisha programu ya simu zako kila mwezi ili kurekebisha kasoro za usalama.,Hũra programu ya thimũ yaku o mweri nĩguo ũhote kũrũnga mathĩna marĩa makoragwo kuo.,0.748334073,0.388402286,Misati,Hũra programu ya thimũ yaku o mweri nĩguo ũhote kũrũnga mathĩna marĩa makoragwo kuo.,0.748334073,0.388402286,Cynthia,,
,Security,"If your child is being bullied online, report it to the DCI Cyber ''Unit immediately!","Ikiwa mtoto wako anahojiwa mtandaoni, ripoti hiyo kwa Kikundi cha Mtandao cha DCI mara moja!","Mwana waku angĩnyariirwo Intaneti-inĩ, taarĩria kĩhũngĩro kĩa DCI Cyber ''O rĩmwe!",0.564462896,0.412983996,Misati,"Mwana waku angĩnyariirwo Intaneti-inĩ, taarĩria kĩhũngĩro kĩa DCI Cyber ''O rĩmwe!",0.564462896,0.412983996,Cynthia,,
,Security,Avoid using public Wi-Fi for banking. Hackers can steal your data.,Epuka kutumia Intaneti ya umma ili kufanya shughuli za benki. Watapeli wanaweza kuiba data yako.,Ndũhũthĩre Intaneti ya andũ othe nĩguo ũhũthĩre mbeca. Akũũri a Intaneti no makue ũhoro waku.,0.578980748,0.405259021,Misati,Ndũhũthĩre Intaneti ya andũ othe nĩguo ũhũthĩre mbeca. Akũũri a Intaneti no makue ũhoro waku.,0.578980748,0.405259021,Cynthia,,
,Security,Teach children to avoid sharing personal details with 'online friends'.,Wafundishe watoto kuepuka kushiriki maelezo yao binafsi na 'marafiki wa mtandaoni.',Ruta ciana itigacenjie ũhoro wa mũndũ na 'arata arĩa marĩ Intaneti.',0.636476686,0.416944337,Misati,Ruta ciana itigacenjie ũhoro wa mũndũ na 'arata arĩa marĩ Intaneti.',0.636476686,0.416944337,Cynthia,,
,Security,Check 'Serena_254's' profile to see if it's legit before accepting the friend request.,Angalia profile ya 'Serena_254' ili kuona kama ni halali kabla ya kukubali ombi la urafiki.,Thoma ũhoro wa Serena_254 wone kana nĩ wa ma mbere wa gwĩtĩkĩra ũrata ũcio.,0.747386082,0.47920493,Misati,Thoma ũhoro wa Serena_254 wone kana nĩ wa ma mbere wa gwĩtĩkĩra ũrata ũcio.,0.747386082,0.47920493,Cynthia,,
,Security,Use a VPN on public networks to encrypt your internet traffic.,Tumia VPN kwenye mitandao ya umma ili kubinafsisha trafiki yako ya mtandao.,Hũthĩra VPN kũhingia ũhoro wa Intaneti.,0.73113748,0.369695007,Misati,Hũthĩra VPN kũhingia ũhoro wa Intaneti.,0.73113748,0.369695007,Cynthia,,
,Security,Fake job offers like 'Earn KSh 50k daily from home' are scams.'Avoid upfront payments.,"""Kifungu cha kazi kama 'Pata KSh 50,000 kila siku kutoka nyumbani' ni udanganyifu"".",Kũheana wĩra wa maheeni ta 'Wĩra Ksh 50k o mũthenya kuuma mũciĩ' nĩ ũhinga. 'Hema kũrĩha mbere.,0.511545796,0.479213643,Misati,Kũheana wĩra wa maheeni ta 'Wĩra Ksh 50k o mũthenya kuuma mũciĩ' nĩ ũhinga. 'Hema kũrĩha mbere.,0.511545796,0.479213643,Cynthia,,
,Security,Monitor bank statements for unauthorized transactions weekly.,Chunguza taarifa za benki kwa ajili ya shughuli zisizoidhinishwa kila juma.,Gũikara ũrorete icunjĩ cia bengi o kiumia nĩ ũndũ wa kũruta wĩra ũtarĩ wa kĩhooto.,0.667517954,0.353972383,Misati,Gũikara ũrorete icunjĩ cia bengi o kiumia nĩ ũndũ wa kũruta wĩra ũtarĩ wa kĩhooto.,0.667517954,0.353972383,Cynthia,,
,Security,Don't write your passwords down in a book! Use an app like 'SafePass' to save them.,Usiandike nywila zako katika kitabu! Tumia programu kama 'SafePass' kuzihifadhi.,Ndũgacoke kwandĩka ciugo ciaku cia ũhĩtano ibuku-inĩ! Hũthĩra programu ta 'SafePass' nĩguo ũciige.,0.725830485,0.464653891,Misati,Ndũgacoke kwandĩka ciugo ciaku cia ũhĩtano ibuku-inĩ! Hũthĩra programu ta 'SafePass' nĩguo ũciige.,0.725830485,0.464653891,Cynthia,,
,Security,Use biometrics (fingerprint/face ID) instead of PINs where possible.,Tumia viashiria vya kiikolojia (alama za vidole/viashiria vya uso) badala ya namba za PIN ikiwezekana.,Hũthĩra namba cia gũtũmĩra namba cia mũndũ (kĩhumo kĩa mũraika/ ID ya ũthiũ) handũ ha namba cia PIN kũngĩhoteka.,0.482867169,0.37370653,Misati,Hũthĩra namba cia gũtũmĩra namba cia mũndũ (kĩhumo kĩa mũraika/ ID ya ũthiũ) handũ ha namba cia PIN kũngĩhoteka.,0.482867169,0.37370653,Cynthia,,
,Security,Download apps only from Google Play Store or Apple App Store.,Pakua programu tu kutoka Duka la Google Play au Duka la App la Apple.,Hũra apps kuuma Google Play Store kana Apple App Store tu.,0.784227641,0.469235324,Misati,Hũra apps kuuma Google Play Store kana Apple App Store tu.,0.784227641,0.469235324,Cynthia,,
,Security,"If you are using a cyber computer, log out after using your Gmail!","Ikiwa unatumia kompyuta ya mtandao, jitenge baada ya kutumia Gmail yako!","Ũngĩkorũo ũratumia kompiuta ya Intaneti, wĩthambe thutha wa kũhũthĩra Gmail!",0.705586839,0.393704937,Misati,"Ũngĩkorũo ũratumia kompiuta ya Intaneti, wĩthambe thutha wa kũhũthĩra Gmail!",0.705586839,0.393704937,Cynthia,,
,Security,Ignore messages like 'Youve won Safaricom Jackpot!''Theyre scams.,Puuza ujumbe kama 'Umeshinda Safaricom Jackpot!' 'Hii ni udanganyifu.,Ndũgatiganĩrie ndũmĩrĩri ta 'Wee nĩ ũhĩtĩte Safaricom Jackpot!' 'Macio nĩ maheni.,0.573657389,0.41609552,Misati,Ndũgatiganĩrie ndũmĩrĩri ta 'Wee nĩ ũhĩtĩte Safaricom Jackpot!' 'Macio nĩ maheni.,0.573657389,0.41609552,Cynthia,,
,Security,Encrypt sensitive files before sharing them online.,Fungua faili nyeti kabla ya kuzishiriki mtandaoni.,Hũra marũa ma bata mbere ya kũmarekereria intaneti-inĩ.,0.566615832,0.4280978,Misati,Hũra marũa ma bata mbere ya kũmarekereria intaneti-inĩ.,0.566615832,0.4280978,Cynthia,,
,Security,"Don't use the same password for Gmail, Facebook, and bank! If hacked, they'll all be gone.","Usitumie password ileile kwa Gmail, Facebook, na benki! Ikiwa zitavunjwa, zote zitatoweka.","Ndũhũthĩre ciugo o imwe cia Gmail, Facebook, na bengi! Ingĩahuthwo, ciothe nĩ ikaahuthĩka.",0.584260349,0.410742879,Misati,"Ndũhũthĩre ciugo o imwe cia Gmail, Facebook, na bengi! Ingĩahuthwo, ciothe nĩ ikaahuthĩka.",0.584260349,0.410742879,Cynthia,,
,Security,Verify charities before donating online.'Fake fundraisers are common.,"""Majirani wa umma hujitolea kutoa michango ya uwongo.","Nĩ wega ũthuthurie mbere ya kũruta mĩhothi ya kĩĩmwĩrĩ"".",0.215095177,0.404007095,Misati,"Nĩ wega ũthuthurie mbere ya kũruta mĩhothi ya kĩĩmwĩrĩ"".",0.215095177,0.404007095,Cynthia,,
,Security,Install antivirus software to protect against malware and spyware.,Weka programu ya kupambana na virusi ili kulinda dhidi ya programu zisizo za asili na za kupeleleza.,"Hũthĩra programu ya kũgitĩra arĩa marakũhũũra, na cia kũgitĩra arĩa marakũhũũra.",0.598088577,0.319671167,Misati,"Hũthĩra programu ya kũgitĩra arĩa marakũhũũra, na cia kũgitĩra arĩa marakũhũũra.",0.598088577,0.319671167,Cynthia,,
,Security,Avoid 'get rich quick' schemes promising high returns.'Theyre Ponzi scams.,"Epuka ""kupata utajiri haraka"" mikakati ahadi ya faida kubwa. ""Hii ni Ponzi kashfa.",Wĩmenyerere mũbango wa 'gũthondeka na ihenya' ũrĩa ũratũma andũ makorũo na moimĩrĩro mega.,0.485257768,0.426502528,Misati,Wĩmenyerere mũbango wa 'gũthondeka na ihenya' ũrĩa ũratũma andũ makorũo na moimĩrĩro mega.,0.485257768,0.426502528,Cynthia,,
,Security,Secure home Wi-Fi with a strong password like 'Jamhuri@1963'.,Weka salama nyumbani kwa kutumia password yenye nguvu kama 'Jamhuri@1963'.,Hũthĩra password ya hinya ta 'Jamhuri@1963' kũhingia mũtaratara wa kũhũthĩra Intaneti.,0.559317908,0.414928119,Misati,Hũthĩra password ya hinya ta 'Jamhuri@1963' kũhingia mũtaratara wa kũhũthĩra Intaneti.,0.559317908,0.414928119,Cynthia,,
,Security,Turn off your Bluetooth when you're not using it! Others can access your phone.,Weka mbali Bluetooth yako wakati haujitumii! Wengine wanaweza kupata simu yako.,"Ũngĩhũthĩra thimũ yaku, hingũra Bluetooth yaku!",0.566552653,0.243920297,Misati,"Ũngĩhũthĩra thimũ yaku, hingũra Bluetooth yaku!",0.566552653,0.243920297,Cynthia,,
,Security,Check for 'https://' and a padlock icon before entering payment details online.,Angalia 'https://' na icon ya kufuli kabla ya kuingia maelezo ya malipo online.,Thoma ũhoro wa 'https://' na kĩmenyithia kĩa mũrango wa gũtigithĩria mbere ya kũruta ũhoro wa kũrĩha Intaneti-inĩ.,0.672996563,0.437995887,Misati,Thoma ũhoro wa 'https://' na kĩmenyithia kĩa mũrango wa gũtigithĩria mbere ya kũruta ũhoro wa kũrĩha Intaneti-inĩ.,0.672996563,0.437995887,Cynthia,,
,Security,"If someone says 'I'm with DCI, help me fix your computer', hang up! It's a scam.","Mtu akisema 'Mimi ni wa DCI, nisaidie kurekebisha kompyuta yako', funga!","Mũndũ angĩnjĩra 'Ndĩ wa DCI, ndeithia kũgarũra kompiuta yaku,' hingũra!",0.618872405,0.486811066,Misati,"Mũndũ angĩnjĩra 'Ndĩ wa DCI, ndeithia kũgarũra kompiuta yaku,' hingũra!",0.618872405,0.486811066,Cynthia,,
,Security,Back up important data to an external drive to avoid ransomware attacks.,Kuhifadhi data muhimu kwenye gari la nje ili kuepuka mashambulizi ya ransomware.,Kũiga ũhoro wa bata thĩinĩ wa drive ya kũngĩ nĩguo wĩtheme kũhĩtithio nĩ mũtaratara wa mũtaratara wa kũgitĩra andũ.,0.651390472,0.354069301,Misati,Kũiga ũhoro wa bata thĩinĩ wa drive ya kũngĩ nĩguo wĩtheme kũhĩtithio nĩ mũtaratara wa mũtaratara wa kũgitĩra andũ.,0.651390472,0.354069301,Cynthia,,
,Security,Use privacy screens on laptops in public to prevent shoulder surfing.,Tumia skrini za faragha kwenye kompyuta ndogo mahali pa umma ili kuzuia kupiga mbizi kwa umbali wa bega.,Hũthĩra kompiuta cia kũhũthĩra maũndũ ma waganu harĩ andũ nĩguo ũgirĩrĩrie gũcakaya.,0.479862842,0.261436087,Misati,Hũthĩra kompiuta cia kũhũthĩra maũndũ ma waganu harĩ andũ nĩguo ũgirĩrĩrie gũcakaya.,0.479862842,0.261436087,Cynthia,,
,Security,Don't use 'Mothers maiden name' for security questions! Use a fictional answer.,Usitumie 'jina la kike la Mama' kwa maswali ya usalama!,Ndũgetĩkĩre kũhũthĩra rĩĩtwa rĩa nyina wa mũirĩtu rĩrĩa ũracemania na ciũria cia ũgitĩri.,0.565001491,0.455399116,Misati,Ndũgetĩkĩre kũhũthĩra rĩĩtwa rĩa nyina wa mũirĩtu rĩrĩa ũracemania na ciũria cia ũgitĩri.,0.565001491,0.455399116,Cynthia,,
,Security,Fake DHL parcel alerts are common scams.'Verify via official customer service.,"""Kuhakikisha kupitia huduma rasmi ya wateja"".","Kũmenyithia ma ndũmĩrĩri cia maheeni cia DHL nĩ ũhinga ũingĩ"".",0.479326261,0.358702011,Misati,"Kũmenyithia ma ndũmĩrĩri cia maheeni cia DHL nĩ ũhinga ũingĩ"".",0.479326261,0.358702011,Cynthia,,
,Security,Do not open the 'Free Movies' USB on your computer! It may contain a virus.,Usiseme 'Free Movies' USB kwenye kompyuta yako! Inaweza kuwa na virusi.,Ndũgathingũre USB ya 'Free Movies' kombiuta-inĩ yaku! No ĩkoragwo na virus.,0.625964371,0.535178819,Misati,Ndũgathingũre USB ya 'Free Movies' kombiuta-inĩ yaku! No ĩkoragwo na virus.,0.625964371,0.535178819,Cynthia,,
,Security,Use incognito mode on shared devices to avoid saving browsing history.,Tumia mode incognito kwenye vifaa pamoja ili kuepuka kuhifadhi historia ya utafutaji.,Hũthĩra njĩra ya kũmenyithania maũndũ thĩinĩ wa indo iria ũraruta nĩguo ũtigatige kũiga ũhoro ũrĩa ũrathiĩ mbere.,0.683156921,0.289902893,Misati,Hũthĩra njĩra ya kũmenyithania maũndũ thĩinĩ wa indo iria ũraruta nĩguo ũtigatige kũiga ũhoro ũrĩa ũrathiĩ mbere.,0.683156921,0.289902893,Cynthia,,
,Security,"If you are looking for customer support, use the numbers on the company's website.","Ikiwa unatafuta msaada wa wateja, tumia nambari kwenye tovuti ya kampuni.","Ũngĩenda ũteithio wa kũheana ũteithio kũrĩ andũ, hũthagĩra namba iria irĩ thĩinĩ wa website ya kambuni ĩyo.",0.776265287,0.547938452,Misati,"Ũngĩenda ũteithio wa kũheana ũteithio kũrĩ andũ, hũthagĩra namba iria irĩ thĩinĩ wa website ya kambuni ĩyo.",0.776265287,0.547938452,Cynthia,,
,Security,Disable browser password-saving features to protect accounts if your device is stolen.,Zuia huduma za kuhifadhi nywila za kivinjari ili kulinda akaunti ikiwa kifaa chako kinaibwa.,Hũũra mũtaratara wa kũiga password-inĩ wa mũtaratara nĩguo ũgitĩre akaunti ciaku cianangwo.,0.661412584,0.309060606,Misati,Hũũra mũtaratara wa kũiga password-inĩ wa mũtaratara nĩguo ũgitĩre akaunti ciaku cianangwo.,0.661412584,0.309060606,Cynthia,,
,Security,Visit rental properties in person. Online listings can be fake.,Tembelea nyumba za kukodisha kibinafsi.,Kũhĩtũkĩra nyũmba cia kũgũra nĩ ũndũ wa kwĩrorera.,0.504480606,0.286978517,Misati,Kũhĩtũkĩra nyũmba cia kũgũra nĩ ũndũ wa kwĩrorera.,0.504480606,0.286978517,Cynthia,,
,Security,Download apps only from official stores like Google Play or Apple App Store.,Pakua programu tu kutoka maduka rasmi kama Google Play au Apple App Store.,Hũra apps tu kuuma wabici-inĩ cia gũthondeka maũndũ ta Google Play kana Apple App Store.,0.809458517,0.427164064,Misati,Hũra apps tu kuuma wabici-inĩ cia gũthondeka maũndũ ta Google Play kana Apple App Store.,0.809458517,0.427164064,Cynthia,,
,Security,Enable 'Find My Device' on phones to track them if lost or stolen.,"Weka ""Tazama Kifaa Changu"" kwenye simu ili kuzifuatilia ikiwa zimepotea au kuibiwa.",Hũthĩra 'Find My Device' thĩinĩ wa thimũ nĩguo ũhote kũhingũra thimũ ĩyo ĩngĩacũirũo kana ĩiyagio.,0.611264195,0.400987087,Misati,Hũthĩra 'Find My Device' thĩinĩ wa thimũ nĩguo ũhote kũhingũra thimũ ĩyo ĩngĩacũirũo kana ĩiyagio.,0.611264195,0.400987087,Cynthia,,
,Security,Never share OTPs.'Even with 'bank staff'. Legit banks wont ask for them.,"Kamwe usishiriki OTP. ""Hata na 'wafanyikazi wa benki'. benki halali hawatauliza kwa ajili yao.","Ndũgacokanĩrĩrie OTP"".O na kũrĩ 'abirika.' Mabangi marĩa marĩĩtĩkanĩtie matiigana kũmooria.",0.616719607,0.31147413,Misati,"Ndũgacokanĩrĩrie OTP"".O na kũrĩ 'abirika.' Mabangi marĩa marĩĩtĩkanĩtie matiigana kũmooria.",0.616719607,0.31147413,Cynthia,,
,Security,Use ad blockers to stop malicious pop-ups like 'Youve won an iPhone!'.,Tumia vizuiaji vya matangazo kuzuia pop-ups mbaya kama 'Umeshinda iPhone!'.,Hũthĩra indo iria ciareganaga na matangazo kũgirĩrĩria macokio ma marakara ta 'Wĩhotete kũgĩa na iPhone!',0.581055111,0.312725038,Misati,Hũthĩra indo iria ciareganaga na matangazo kũgirĩrĩria macokio ma marakara ta 'Wĩhotete kũgĩa na iPhone!',0.581055111,0.312725038,Cynthia,,
,Security,Check email sender addresses for typos like 'support@paypa1.com' (scam!).,Angalia anwani za mtuma barua pepe kwa makosa ya kuandika kama 'support@paypa1.com' (scam!).,Thoma marũa ma kũmenyithia arĩa matũmagĩra marũa ma kũmenyithia atĩ nĩ kũrĩ mahĩtia ta 'support@paypa1.com' (ũici!).,0.726887744,0.461818954,Misati,Thoma marũa ma kũmenyithia arĩa matũmagĩra marũa ma kũmenyithia atĩ nĩ kũrĩ mahĩtia ta 'support@paypa1.com' (ũici!).,0.726887744,0.461818954,Cynthia,,
,Security,Avoid public USB charging stations They can steal your data.,Epuka vituo vya kuchaji vya umma vya USB Wanaweza kuiba data yako.,Ndũgathiĩ na icunjĩ cia gũthondeka ũhoro cia mũingĩ cia USB.,0.698317834,0.286053545,Misati,Ndũgathiĩ na icunjĩ cia gũthondeka ũhoro cia mũingĩ cia USB.,0.698317834,0.286053545,Cynthia,,
,Security,"""Do not download apps from random websites. Always use Google Play Store or Apple App Store. Unverified apps may contain malware.""","""Usitumie programu kutoka kwenye tovuti zisizo za kawaida. Daima tumia Duka la Google Play au Duka la App la Apple. Programu zisizohakikishwa zinaweza kuwa na programu hasidi"".","""Tiga kũruta apps kuuma kambĩ-inĩ cia intaneti. Hũthĩra Google Play Store kana Apple App Store. Mawaatho matangĩtarĩtio no magĩe na programu cia ũgwati"".",0.651063944,0.388432898,Misati,"""Tiga kũruta apps kuuma kambĩ-inĩ cia intaneti. Hũthĩra Google Play Store kana Apple App Store. Mawaatho matangĩtarĩtio no magĩe na programu cia ũgwati"".",0.651063944,0.388432898,Cynthia,,
,Security,"Avoid using public Wi-Fi for banking. Use a VPN if you must connect. Most free networks are not secure.""",Epuka kutumia Intaneti ya umma ya Wi-Fi kwa ajili ya shughuli za benki. Tumia VPN ikiwa unahitaji kuungana.,Ndũhũthĩre Intaneti ya Intaneti ya mũingĩ ya kũhingia biacara. Tũmĩra VPN angĩkorũo nĩ ũrabatara kũhingia biacara ĩyo.,0.594658259,0.385011131,Misati,Ndũhũthĩre Intaneti ya Intaneti ya mũingĩ ya kũhingia biacara. Tũmĩra VPN angĩkorũo nĩ ũrabatara kũhingia biacara ĩyo.,0.594658259,0.385011131,Cynthia,,
,Security,"""If you receive an email asking you to verify your bank account, dont click it's phishing. Report to the DCI Cybercrime Unit.""","""Ikiwa utapokea barua pepe ikikuomba uthibitishe akaunti yako ya benki, usibonyeze ni ulaghai. Ripoti kwa Kitengo cha Uhalifu wa Mtandao wa DCI"".","""Ũngĩona atĩ nĩ ũrabatara kũhingia ũhoro wa bengi, ndũgatige kũhingia ũhoro ũcio, no wĩre kĩhũngĩro kĩa DCI gĩa Kũhũũra Andũ Intaneti-inĩ"".",0.630375625,0.333703545,Misati,"""Ũngĩona atĩ nĩ ũrabatara kũhingia ũhoro wa bengi, ndũgatige kũhingia ũhoro ũcio, no wĩre kĩhũngĩro kĩa DCI gĩa Kũhũũra Andũ Intaneti-inĩ"".",0.630375625,0.333703545,Cynthia,,
,Security,"Do not share your MPESA PIN with anyone. Safaricom and banks will never ask for it. If in doubt, call official support.","Usishiriki PIN yako ya MPESA na mtu yeyote. Safaricom na benki hazitakuuliza. Ikiwa una shaka, piga simu msaada rasmi.","Ndũgacigayanie namba yaku ya MPESA na mũndũ o wothe. Safaricom na mabangi matigacoka kũnjũria. Ũngĩgĩa na nganja, thuranai na ũteithio wa hĩa cia hĩa.",0.692661355,0.450674215,Misati,"Ndũgacigayanie namba yaku ya MPESA na mũndũ o wothe. Safaricom na mabangi matigacoka kũnjũria. Ũngĩgĩa na nganja, thuranai na ũteithio wa hĩa cia hĩa.",0.692661355,0.450674215,Cynthia,,
,Security,"""Set up 2FA (Two-Factor Authentication) for all your accounts. If your password is stolen, you will still be protected.""","""Ingiza 2FA (Uthibitisho wa Sababu Mbili) kwa akaunti zako zote. Ikiwa nenosiri lako linaibwa, bado utahifadhiwa"".","""Hũthĩra 2FA (Mĩrango ya Kũmenyithia Andũ) kũhingũra akaunti ciaku ciothe. Angĩkorũo ũthiithũri waku nĩ ũiciirũo, no ũgitwo"".",0.585381774,0.346528534,Misati,"""Hũthĩra 2FA (Mĩrango ya Kũmenyithia Andũ) kũhingũra akaunti ciaku ciothe. Angĩkorũo ũthiithũri waku nĩ ũiciirũo, no ũgitwo"".",0.585381774,0.346528534,Cynthia,,
,Security,Always wear a helmet when riding a bodaboda - it saves lives!,Daima kuvaa kofia ya chuma unapopanda bodaboda - inaokoa uhai!,Hũũra ũrĩ na gĩcũhĩ hĩndĩ ĩrĩa ũrahaica bodaboda - nĩ ũhonokagia andũ!,0.657184085,0.467789478,Misati,Hũũra ũrĩ na gĩcũhĩ hĩndĩ ĩrĩa ũrahaica bodaboda - nĩ ũhonokagia andũ!,0.657184085,0.467789478,Cynthia,,
,Security,Don't use your phone while walking on the road! Look both ways before crossing the road.,Usitumie simu yako unapotembea barabarani! Angalia pande zote mbili kabla ya kuvuka barabara.,Ndũgetĩkĩre kũhũthĩra thimũ rĩrĩa ũrathiĩ njĩra-inĩ! Rora njĩra icio igĩrĩ mbere ya gũtuĩkanĩra barabara.,0.765266653,0.527138433,Misati,Ndũgetĩkĩre kũhũthĩra thimũ rĩrĩa ũrathiĩ njĩra-inĩ! Rora njĩra icio igĩrĩ mbere ya gũtuĩkanĩra barabara.,0.765266653,0.527138433,Ted,,
,Security,Keep children away from open flames and hot surfaces in the kitchen.,Waweke watoto mbali na miali ya moto na sehemu zenye joto jikoni.,Rũmĩrĩra ciana itigakorũo irĩ na mwaki na irĩ na ũrugarĩ mũnene thĩinĩ wa kanyũmba ga kũruga.,0.556147707,0.348930871,Misati,Rũmĩrĩra ciana itigakorũo irĩ na mwaki na irĩ na ũrugarĩ mũnene thĩinĩ wa kanyũmba ga kũruga.,0.556147707,0.348930871,Ted,,
,Security,Install barriers on windows and doors on upper floors to prevent children from falling.,Weka vizuizi kwenye madirisha na milango ya ghorofani ili kuzuia watoto wasianguke.,Hĩa mĩrango na mĩrango ya igũrũ na mĩrango ya igũrũ nĩguo ciana itigakue.,0.75456679,0.351644061,Misati,Hĩa mĩrango na mĩrango ya igũrũ na mĩrango ya igũrũ nĩguo ciana itigakue.,0.75456679,0.351644061,Ted,,
,Security,Never leave children unattended near water bodies - drowning happens silently.,Usiwaache kamwe watoto bila uangalizi karibu na vyanzo vya maji – kuzama hutokea kimya kimya.,Ndũkareke ciana ciikare hakuhĩ na maĩ - gũtoorio nĩ kũhithĩka.,0.481399385,0.372932872,Misati,Ndũkareke ciana ciikare hakuhĩ na maĩ - gũtoorio nĩ kũhithĩka.,0.481399385,0.372932872,Ted,,
,Security,Use crossing points and traffic lights where available.,Tumia sehemu za kuvukia na taa za barabarani pale zinapopatikana.,Tumiaga njĩra cia kũhĩtũkĩra na irima rĩrĩa rĩothe rĩarĩ ho.,0.4484249,0.312776961,Misati,Tumiaga njĩra cia kũhĩtũkĩra na irima rĩrĩa rĩothe rĩarĩ ho.,0.4484249,0.312776961,Ted,,
,Security,Install smoke detectors in your home for early fire warnings.,Weka vifaa vya kugundua moshi nyumbani kwako ili kupata tahadhari ya mapema iwapo kutatokea moto.,Hũthĩra indo cia gũcina mwaki nyũmba-inĩ yaku nĩguo ũmenye maũndũ marĩa magĩrĩire.,0.515662853,0.335079984,Misati,Hũthĩra indo cia gũcina mwaki nyũmba-inĩ yaku nĩguo ũmenye maũndũ marĩa magĩrĩire.,0.515662853,0.335079984,Ted,,
,Security,Keep a first aid kit at home and learn basic first aid procedures.,Weka kifaa cha huduma ya kwanza nyumbani na ujifunze taratibu za msingi za huduma ya kwanza.,Rũmia kĩbũri kĩa ũteithio wa mbere mũciĩ na wĩrute maũndũ ma bata megiĩ ũteithio wa mbere.,0.683072019,0.537609641,Misati,Rũmia kĩbũri kĩa ũteithio wa mbere mũciĩ na wĩrute maũndũ ma bata megiĩ ũteithio wa mbere.,0.683072019,0.537609641,Ted,,
,Security,Always check expiry dates on food products to avoid food poisoning.,Daima angalia tarehe za mwisho wa matumizi kwenye bidhaa za chakula ili kuepuka sumu ya chakula.,Hũthĩra mahinda mothe gũthuthuria matukũ ma kũhĩtũkĩra irio nĩguo ũtigatũme ũnyitirũo nĩ irio.,0.607622622,0.330041136,Misati,Hũthĩra mahinda mothe gũthuthuria matukũ ma kũhĩtũkĩra irio nĩguo ũtigatũme ũnyitirũo nĩ irio.,0.607622622,0.330041136,Ted,,
,Security,"If you see a power cable fallen, stay away and call 999 immediately.","Ukiona kamba ya umeme imeanguka, kaa mbali na piga simu 999 mara moja.","Ũngĩona kĩhingo kĩa hinya kĩgĩte, wĩhinge na ũhũũre namba ya 999 o rĩmwe.",0.70084587,0.392179349,Misati,"Ũngĩona kĩhingo kĩa hinya kĩgĩte, wĩhinge na ũhũũre namba ya 999 o rĩmwe.",0.70084587,0.392179349,Ted,,
,Security,Secure heavy furniture to walls to prevent tip-over accidents with children.,Imarisha samani nzito ukutani ili kuzuia ajali za kuanguka zinazoweza kuwapata watoto.,Kũiga indo cia goro ta icio igũrũ wa rũthingo nĩguo ciana itigakorũo na mogwati ma gũtherera.,0.535916945,0.302175909,Misati,Kũiga indo cia goro ta icio igũrũ wa rũthingo nĩguo ciana itigakorũo na mogwati ma gũtherera.,0.535916945,0.302175909,Ted,,
,Security,Do not use gas stoves indoors - keep them in a well-ventilated area.,Usitumie majiko ya gesi ndani ya nyumba – yaweke mahali penye hewa ya kutosha.,Ndũhũthĩre tũmabu twa maguta thĩinĩ wa nyũmba - ciiga handũ harĩa kũrĩ na ũhinga mwega wa rĩera.,0.454136105,0.338455044,Misati,Ndũhũthĩre tũmabu twa maguta thĩinĩ wa nyũmba - ciiga handũ harĩa kũrĩ na ũhinga mwega wa rĩera.,0.454136105,0.338455044,Ted,,
,Security,Learn basic swimming skills - it could save your life or someone else's.,Jifunze ujuzi wa msingi wa kuogelea - unaweza kuokoa uhai wako au wa mtu mwingine.,Wĩrute gũthoma na njĩra ya bata - no ũhonokie muoyo waku kana wa mũndũ ũngĩ.,0.759739525,0.562052732,Misati,Wĩrute gũthoma na njĩra ya bata - no ũhonokie muoyo waku kana wa mũndũ ũngĩ.,0.759739525,0.562052732,Ted,,
,Security,"Put emergency contacts in your phone: Police (999), Ambulance (911), Fire (990).","Weka simu za dharura kwenye simu yako: Polisi (999), Ambulance (911), Moto (990).","Ũcoke ũhũthĩre thimũ yaku kũmenyithia arĩa marakũhũrĩra maũndũ ma mĩtũkĩ: Kĩama kĩa mbũtũ cia mbũtũ cia mbũtũ (999), Ambulansi (911), Mũbira (990).",0.670039718,0.387597201,Misati,"Ũcoke ũhũthĩre thimũ yaku kũmenyithia arĩa marakũhũrĩra maũndũ ma mĩtũkĩ: Kĩama kĩa mbũtũ cia mbũtũ cia mbũtũ (999), Ambulansi (911), Mũbira (990).",0.670039718,0.387597201,Ted,,
,Security,Always have a fire extinguisher in your kitchen and know how to use it.,Uwe na kizima-moto katika jikoni yako na ujue jinsi ya kuitumia.,Hũũra ũrĩ na kĩhinga gĩa kũniina mwaki na ũmenye kũhũthĩra kĩhinga kĩu.,0.618221241,0.494045485,Misati,Hũũra ũrĩ na kĩhinga gĩa kũniina mwaki na ũmenye kũhũthĩra kĩhinga kĩu.,0.618221241,0.494045485,Ted,,
,Security,"If you see water on the road, do not try to cross it - It may be deep.","Ukiona maji barabarani, usijaribu kuyapitia - huenda maji hayo yakawa yenye kina.","Ũngĩona maĩ njĩra-inĩ, ndũgerie kũmaringa tondũ no gũkorũo nĩ ma kũrĩa kũriku.",0.572089964,0.478428962,Misati,"Ũngĩona maĩ njĩra-inĩ, ndũgerie kũmaringa tondũ no gũkorũo nĩ ma kũrĩa kũriku.",0.572089964,0.478428962,Ted,,
,Security,"Teach children their full names, parents' contacts, and home address.","Wafundishe watoto majina yao kamili, majina ya wazazi, na anwani ya nyumbani.","Ruta ciana ciaku marĩĩtwa mao mothe, arĩa aciari ao makoragwo makĩhũthagĩra, na atũmwo a kwao.",0.679747615,0.381007343,Misati,"Ruta ciana ciaku marĩĩtwa mao mothe, arĩa aciari ao makoragwo makĩhũthagĩra, na atũmwo a kwao.",0.679747615,0.381007343,Ted,,
,Security,Keep emergency exits open and unblocked in shops and offices.,Weka nje ya dharura wazi na wazi maduka na ofisi.,Thiĩ ũhingũre ihingo cia kũhingũra maũndũ thĩinĩ wa wabici na wabici.,0.565024387,0.411540493,Misati,Thiĩ ũhingũre ihingo cia kũhingũra maũndũ thĩinĩ wa wabici na wabici.,0.565024387,0.411540493,Ted,,
,Security,Never overload electrical sockets - it can cause fires.,Usikaze kamwe kuzima sana vijiti vya umeme - kunaweza kusababisha moto.,Ndũkareke indo cia kũhũthĩra ũhoti wa kũhũthĩra hinya wa thitima ciingĩhe mũno tondũ no ciume mwaki.,0.393911298,0.276618208,Misati,Ndũkareke indo cia kũhũthĩra ũhoti wa kũhũthĩra hinya wa thitima ciingĩhe mũno tondũ no ciume mwaki.,0.393911298,0.276618208,Ted,,
,Security,"If you notice a foul smell from the gas, leave the house immediately and call the gas company.","Ukiona harufu mbaya ya gesi, ondoka nyumbani mara moja na piga simu kampuni ya gesi.","Ũngĩona mũtararĩko mũũru wa maguta, tuĩka ũtige nyũmba ĩyo o rĩu na ũhũrĩre kambuni ĩyo.",0.662397216,0.417268167,Misati,"Ũngĩona mũtararĩko mũũru wa maguta, tuĩka ũtige nyũmba ĩyo o rĩu na ũhũrĩre kambuni ĩyo.",0.662397216,0.417268167,Ted,,
,Security,Always wear seatbelts - front and back seats - on every trip.,Vaa kila wakati ukanda wa usalama - viti vya mbele na vya nyuma - katika kila safari.,Hũthĩra mũbanga wa kũgitĩra - ũikarage mbere na thutha - rũgendo-inĩ o rũrĩa.,0.602246714,0.388271709,Misati,Hũthĩra mũbanga wa kũgitĩra - ũikarage mbere na thutha - rũgendo-inĩ o rũrĩa.,0.602246714,0.388271709,Ted,,
,Security,Do not allow children to play near stones during construction.,Usimruhusu mtoto kucheza karibu na mawe wakati wa ujenzi.,Ndũkereke ciana ciathambe hakuhĩ na mahiga hĩndĩ ya gwaka.,0.731043865,0.599774472,Misati,Ndũkereke ciana ciathambe hakuhĩ na mahiga hĩndĩ ya gwaka.,0.731043865,0.599774472,Ted,,
,Security,Keep emergency numbers visible in your home and workplace.,Weka namba za dharura wazi nyumbani na kazini.,Rũmĩrĩra namba cia kũheana ũteithio mũciĩ na wĩra-inĩ waku.,0.671584888,0.464705219,Misati,Rũmĩrĩra namba cia kũheana ũteithio mũciĩ na wĩra-inĩ waku.,0.671584888,0.464705219,Ted,,
,Security,Create a family emergency plan and meeting point for disasters.,Panga mpango wa familia wa dharura na mahali pa kukutana kwa ajili ya misiba.,Ũtuĩke mũbango wa kũhiũrania na mĩnyamaro na ũtuĩke mũcemanio wa andũ a famĩlĩ rĩrĩa kwagĩa na mogwati.,0.601600264,0.43227184,Misati,Ũtuĩke mũbango wa kũhiũrania na mĩnyamaro na ũtuĩke mũcemanio wa andũ a famĩlĩ rĩrĩa kwagĩa na mogwati.,0.601600264,0.43227184,Ted,,
,Security,Always supervise children when they're using playground equipment.,Daima ufuate watoto wanapotumia vifaa vya uwanja wa michezo.,Hũthĩra indo cia gũthũkia hĩndĩ ciothe.,0.630953632,0.377591055,Misati,Hũthĩra indo cia gũthũkia hĩndĩ ciothe.,0.630953632,0.377591055,Ted,,
,Security,Do not use damaged or burning electrical appliances.,Usitumie vifaa vya umeme vilivyoharibiwa au vilivyochomwa.,Ndũkamake indo cia kũhũthĩra na njĩra ya kũhũthĩra.,0.684214485,0.228530055,Misati,Ndũkamake indo cia kũhũthĩra na njĩra ya kũhũthĩra.,0.684214485,0.228530055,Ted,,
,Security,Learn the Heimlich maneuver to help someone who's choking.,Jifunze mwendo Heimlich kusaidia mtu ambaye ni choking.,Wĩrute njĩra ya Heimlich ya gũteithia mũndũ ũrarũgama.,0.589061622,0.523426512,Misati,Wĩrute njĩra ya Heimlich ya gũteithia mũndũ ũrarũgama.,0.589061622,0.523426512,Ted,,
,Security,"Put covers on unused electrical outlets, especially in homes with children.","Weka vifuniko kwenye vituo vya umeme visivyotumiwa, hasa katika nyumba zenye watoto.","Gĩaga na mathangũ ma kũiga indo cia kũiga indo cia kũiga indo-inĩ cia kũiga indo cia kũiga indo-inĩ cia kũiga indo icio, makĩria nyũmba-inĩ iria irĩ na ciana.",0.693578561,0.343404546,Misati,"Gĩaga na mathangũ ma kũiga indo cia kũiga indo cia kũiga indo-inĩ cia kũiga indo cia kũiga indo-inĩ cia kũiga indo icio, makĩria nyũmba-inĩ iria irĩ na ciana.",0.693578561,0.343404546,Ted,,
,Security,Never leave candles burning unattended - use hurricane lamps instead.,Usiache kamwe mishumaa iwe imekwisha bila kuangaliwa - tumia taa za vimbunga badala yake.,Ndũkareke macani maruruke ũtegũciirĩrĩrio - hũthagĩra macani ma mĩena.,0.499941529,0.334066153,Misati,Ndũkareke macani maruruke ũtegũciirĩrĩrio - hũthagĩra macani ma mĩena.,0.499941529,0.334066153,Ted,,
,Security,"If you are riding a bodaboda, make sure the driver has a helmet and a reflective jacket.","Ikiwa unaendesha bodaboda, hakikisha dereva ana kofia na koti lenye kuangazia.","Ũngĩkorũo ũrĩ bodaboda-inĩ, geria mũtongoria ũcio akorũo na kĩhũri na kabeti ya gũcũnga.",0.656345295,0.366759823,Misati,"Ũngĩkorũo ũrĩ bodaboda-inĩ, geria mũtongoria ũcio akorũo na kĩhũri na kabeti ya gũcũnga.",0.656345295,0.366759823,Ted,,
,Security,Keep walkways clear of obstacles to prevent trips and falls.,Weka njia za kutembea mbali na vizuizi ili kuepuka kuanguka na kuanguka.,Rũmia njĩra iria ciĩ na mĩhĩnga nĩguo ũgirĩrĩrie andũ gũgũa kana kũgũa.,0.548451111,0.294232997,Misati,Rũmia njĩra iria ciĩ na mĩhĩnga nĩguo ũgirĩrĩrie andũ gũgũa kana kũgũa.,0.548451111,0.294232997,Ted,,
,Security,"Keep mosquito repellent at home, especially during the rainy season.","Weka dawa ya kuua mbu nyumbani, hasa wakati wa mvua.","Gĩaga na ndawa ya kũhũũra mbu mũciĩ, makĩria hĩndĩ ya mbura.",0.707815284,0.48492654,Misati,"Gĩaga na ndawa ya kũhũũra mbu mũciĩ, makĩria hĩndĩ ya mbura.",0.707815284,0.48492654,Ted,,
,Security,Always check weather forecasts before planning outdoor activities.,Sikuzote chunguza hali ya hewa kabla ya kupanga shughuli za nje.,Hingo ciothe ũthuthurie maũndũ marĩa marekĩka ũtegwĩciria maũndũ ma nja.,0.63003111,0.397118253,Misati,Hingo ciothe ũthuthurie maũndũ marĩa marekĩka ũtegwĩciria maũndũ ma nja.,0.63003111,0.397118253,Ted,,
,Security,Do not leave your vehicles open or valuables visible.,Usiache magari yako yamefunguliwa au vitu vyako vya thamani vionekane.,Ndũkareke ngari ciaku cihingũre kana indo cia goro cioneke.,0.709724552,0.54378838,Misati,Ndũkareke ngari ciaku cihingũre kana indo cia goro cioneke.,0.709724552,0.54378838,Ted,,
,Security,Install carbon monoxide detectors if you use gas or kerosene heaters.,Weka viwambo vya kutokeza kaboni monoksidi ikiwa unatumia vifaa vya kupasha joto kwa gesi au mafuta.,"Ũngĩhũthĩra gũtheria maguta kana maguta ma gũcina, hũra macini cia gũthondeka macini cia gũthondeka macini cia gũthondeka macini cia gũthondeka macini cia gũthondeka macini cia gũthondeka macini cia gũthondeka macini cia gũthondeka macini cia gũthondeka macini cia gũthondeka macini cia gũthondeka macini.",0.512425382,0.467194901,Misati,"Ũngĩhũthĩra gũtheria maguta kana maguta ma gũcina, hũra macini cia gũthondeka macini cia gũthondeka macini cia gũthondeka macini cia gũthondeka macini cia gũthondeka macini cia gũthondeka macini cia gũthondeka macini cia gũthondeka macini cia gũthondeka macini cia gũthondeka macini cia gũthondeka macini.",0.512425382,0.467194901,Ted,,
,Security,"Make an emergency kit with a flashlight, batteries, first aid, and drinking water.","Fanya kitanda cha dharura chenye taa, betri, matibabu ya kwanza, na maji ya kunywa.","Ũka kĩbungo gĩa kũhũthĩra ũira wa mĩtũkĩ na gĩcagi, mabatari, ũteithio wa mbere, na maĩ ma kũnyua.",0.690569147,0.331614779,Misati,"Ũka kĩbungo gĩa kũhũthĩra ũira wa mĩtũkĩ na gĩcagi, mabatari, ũteithio wa mbere, na maĩ ma kũnyua.",0.690569147,0.331614779,Ted,,
,Security,Never drink and drive - even small amounts of alcohol impair judgment.,Usinywe kamwe na usimwongoze - hata kiasi kidogo cha kileo kinaweza kuathiri uamuzi wako.,Ndũkananyue na ndũgatwarĩre ngari - o na ũnyuĩ njohi nyingĩ no ũhote gũtua matua.,0.493243489,0.353248552,Misati,Ndũkananyue na ndũgatwarĩre ngari - o na ũnyuĩ njohi nyingĩ no ũhote gũtua matua.,0.493243489,0.353248552,Ted,,
,Security,Keep your doctor's and hospital's numbers nearby in case of emergencies.,Weka namba za daktari wako na hospitali karibu ikiwa kuna dharura.,Rũmia namba cia ndagĩtarĩ na cia thibitarĩ hakuhĩ nawe hĩndĩ ya mathĩĩna.,0.567819679,0.525259699,Misati,Rũmia namba cia ndagĩtarĩ na cia thibitarĩ hakuhĩ nawe hĩndĩ ya mathĩĩna.,0.567819679,0.525259699,Ted,,
,Security,Teach children how to call for help in emergencies (999 or 112).,Wafundishe watoto jinsi ya kuomba msaada katika hali za dharura (999 au 112).,Ruta ciana njĩra ya gũcaria ũteithio hĩndĩ ya mathĩĩna (999 kana 112).,0.767031546,0.586048165,Misati,Ruta ciana njĩra ya gũcaria ũteithio hĩndĩ ya mathĩĩna (999 kana 112).,0.767031546,0.586048165,Ted,,
,Security,Do not leave dangerous items within the reach of young children.,Usiwaache watoto wadogo wakiweza kupata vitu hatari.,Ndũgatige indo cia mũgwati ikinyĩte ciana nini.,0.506335065,0.421005822,Misati,Ndũgatige indo cia mũgwati ikinyĩte ciana nini.,0.506335065,0.421005822,Ted,,
,Security,Always have an emergency evacuation plan for your workplace.,Uwe na mpango wa kuondoa watu kazini.,Hũthĩra mũbango wa kũruta wĩra hĩndĩ ya ica ikuhĩ.,0.459155125,0.419299512,Misati,Hũthĩra mũbango wa kũruta wĩra hĩndĩ ya ica ikuhĩ.,0.459155125,0.419299512,Ted,,
,Security,"If you have farms, clearly label fertilizers and pesticides.","Ikiwa una mashamba, weka alama wazi ya mbolea na dawa za wadudu.","Angĩkorũo ũrĩ na mĩgũnda, hũra marĩĩtwa wega ma marĩĩu na ndawa cia gũitĩrĩra mĩmera.",0.65115647,0.420709371,Misati,"Angĩkorũo ũrĩ na mĩgũnda, hũra marĩĩtwa wega ma marĩĩu na ndawa cia gũitĩrĩra mĩmera.",0.65115647,0.420709371,Ted,,
,Security,Never use generators indoors - they produce deadly carbon monoxide.,Usitumie jenereta ndani ya nyumba - zinatokeza monoksidi ya kaboni yenye sumu.,Ndũkaahũthĩre macini cia kũheana macini thĩinĩ wa nyũmba tondũ nĩ ciumanaga na carbon monoxide.,0.601739288,0.473818664,Misati,Ndũkaahũthĩre macini cia kũheana macini thĩinĩ wa nyũmba tondũ nĩ ciumanaga na carbon monoxide.,0.601739288,0.473818664,Ted,,
,Security,Install waterproof devices on all electrical sockets in the home.,Weka vifaa visivyo na maji kwenye vijiti vyote vya umeme nyumbani.,Hũthĩra indo iria itangĩahoteka kũhũũra maaĩ thĩinĩ wa nyũmba.,0.688509827,0.322698774,Misati,Hũthĩra indo iria itangĩahoteka kũhũũra maaĩ thĩinĩ wa nyũmba.,0.688509827,0.322698774,Ted,,
,Security,Keep emergency exits clearly marked and unobstructed in public buildings.,Weka wazi na wazi njia za kutoka katika majengo ya umma.,Rũmia njĩra cia kũruta wĩra cia mĩtũkĩ irĩ na marangi wega na itarĩ na mĩhĩnga mĩingĩ thĩinĩ wa nyũmba cia mũingĩ.,0.475170282,0.352029022,Misati,Rũmia njĩra cia kũruta wĩra cia mĩtũkĩ irĩ na marangi wega na itarĩ na mĩhĩnga mĩingĩ thĩinĩ wa nyũmba cia mũingĩ.,0.475170282,0.352029022,Ted,,
,Security,Use sunscreen and avoid the sun between 10 am and 4 pm.,Tumia kisiwani na epuka jua kati ya saa 10 asubuhi na saa 4 jioni.,Hũthĩra gĩthaka gĩa kũhonokia riũa na wĩtheme riũa gatagatĩ ka thaa ikũmi cia rũcinĩ nginya thaa inya cia hwaĩ-inĩ.,0.657870956,0.567317966,Misati,Hũthĩra gĩthaka gĩa kũhonokia riũa na wĩtheme riũa gatagatĩ ka thaa ikũmi cia rũcinĩ nginya thaa inya cia hwaĩ-inĩ.,0.657870956,0.567317966,Ted,,
,Security,Always check depth before diving into water - neck injuries can be fatal.,Daima chunguza kina kabla ya kuzama - majeraha ya shingo yanaweza kuwa mabaya.,Hũthĩra ũmenyo waku mbere ya gũtoonya maĩ-inĩ tondũ kũgũa kwa ngingo no kũniine mũndũ.,0.52166153,0.369726716,Misati,Hũthĩra ũmenyo waku mbere ya gũtoonya maĩ-inĩ tondũ kũgũa kwa ngingo no kũniine mũndũ.,0.52166153,0.369726716,Ted,,
,Security,Do not leave cooking utensils uncovered when using cooking oil.,Usiache vyombo vya kupika visifunikwe wakati wa kutumia mafuta ya kupika.,Ndũkareke indo cia kũruga itarĩ na gĩthima rĩrĩa ũraruta maguta ma kũruga.,0.662576223,0.46529704,Misati,Ndũkareke indo cia kũruga itarĩ na gĩthima rĩrĩa ũraruta maguta ma kũruga.,0.662576223,0.46529704,Ted,,
,Security,"Learn basic first aid for burns, cuts, and choking incidents.","Jifunze msaada wa kwanza wa msingi kwa ajili ya majeraha ya kuchomwa, kukata, na kufungia.","Wĩrute ũteithio wa mbere wa kũhiũrania na mĩrimũ ya kũhĩa, kũgũa, na kũhũrwo.",0.535987037,0.473291396,Misati,"Wĩrute ũteithio wa mbere wa kũhiũrania na mĩrimũ ya kũhĩa, kũgũa, na kũhũrwo.",0.535987037,0.473291396,Ted,,
,Security,Never leave children alone in vehicles - temperatures rise dangerously fast.,Usiache watoto peke yao katika magari - joto huongezeka haraka sana.,Ndũkareke ciana ciikare irĩ wiki ngari-inĩ tondũ rĩhiũhĩte mũno.,0.693600384,0.440845397,Misati,Ndũkareke ciana ciikare irĩ wiki ngari-inĩ tondũ rĩhiũhĩte mũno.,0.693600384,0.440845397,Ted,,
,Security,Use easy-opening windows in bedrooms for emergencies.,Tumia madirisha ya kufungua kwa urahisi katika vyumba vya kulala kwa ajili ya dharura.,Hũthĩra matara ma gũgũthũkia wega thĩinĩ wa nyũmba ya gũkoma hĩndĩ ya mathĩĩna.,0.740499002,0.330949558,Misati,Hũthĩra matara ma gũgũthũkia wega thĩinĩ wa nyũmba ya gũkoma hĩndĩ ya mathĩĩna.,0.740499002,0.330949558,Ted,,
,Security,Keep walkways well-lit at night to prevent accidents and deter crime.,Weka barabara zenye taa nzuri usiku ili kuzuia aksidenti na kuzuia uhalifu.,Rũmĩrĩra ũtheri wa barabara ũtukũ nĩguo ũgirĩrĩrie mĩnyamaro na ũgirĩrĩrie ũgiani.,0.614261721,0.433637937,Misati,Rũmĩrĩra ũtheri wa barabara ũtukũ nĩguo ũgirĩrĩrie mĩnyamaro na ũgirĩrĩrie ũgiani.,0.614261721,0.433637937,Ted,,
,Security,Do not leave electrical appliances plugged into sockets when not in use.,Usiache vifaa vya umeme vikifungwa kwenye soketi wakati havitumiwi.,Ndũgaige indo cia kũhũthĩra ũgĩikĩrio icunjĩ rĩrĩa itarĩ cia kũhũthĩra.,0.61038272,0.286782253,Misati,Ndũgaige indo cia kũhũthĩra ũgĩikĩrio icunjĩ rĩrĩa itarĩ cia kũhũthĩra.,0.61038272,0.286782253,Ted,,
,Security,Always have a working flashlight and extra batteries at home.,Uwe na taa ya taa inayofanya kazi na betri za ziada nyumbani.,Hũthĩra o na rĩmwe tawa wa kũgũtha na mabatari ma kũigana.,0.612374378,0.243777174,Misati,Hũthĩra o na rĩmwe tawa wa kũgũtha na mabatari ma kũigana.,0.612374378,0.243777174,Ted,,
,Security,Keep an emergency contact list on the fridge and with your older children.,Weka orodha ya mawasiliano ya dharura kwenye friji na pamoja na watoto wako wakubwa.,Reke ũigĩre ciana ciaku nduka cia kũhiũrania na mogwati thĩinĩ wa kabati ka iceera.,0.775841218,0.290919745,Misati,Reke ũigĩre ciana ciaku nduka cia kũhiũrania na mogwati thĩinĩ wa kabati ka iceera.,0.775841218,0.290919745,Ted,,
,Security,"Always lock doors and windows when leaving home, even for short periods.","Funga milango na madirisha kila unapotoka nyumbani, hata kwa muda mfupi.","Hingo ciothe hingĩra mĩrango na matara rĩrĩa ũrauma mũciĩ, o na kwa ihinda inini.",0.666225084,0.504972999,Misati,"Hingo ciothe hingĩra mĩrango na matara rĩrĩa ũrauma mũciĩ, o na kwa ihinda inini.",0.666225084,0.504972999,Ted,,
,Security,Report suspicious activities in your neighborhood to police immediately.,Ripoti mara moja shughuli za mashaka katika eneo lenu kwa polisi.,Taarĩria thigari ihenya maũndũ marĩa mahĩtagia kũrĩa ũikaraga.,0.597262334,0.416297092,Misati,Taarĩria thigari ihenya maũndũ marĩa mahĩtagia kũrĩa ũikaraga.,0.597262334,0.416297092,Ted,,
,Security,Install security lights around your property to deter burglars.,Weka taa za usalama karibu na mali yako ili kuzuia wahalifu.,Hũthĩra ũtheri wa gũcina indo ciaku nĩguo ũgirĩrĩrie aici gũtoonya nyũmba.,0.639633998,0.392943719,Misati,Hũthĩra ũtheri wa gũcina indo ciaku nĩguo ũgirĩrĩrie aici gũtoonya nyũmba.,0.639633998,0.392943719,Ted,,
,Security,Don't display valuables in your car - keep them out of sight.,Usiweke vitu vyenye thamani ndani ya gari lako - viweke mbali na macho.,Ndũgathondeke indo cia goro thĩinĩ wa ngari yaku - ciikare irĩ haraya.,0.673029911,0.452887451,Misati,Ndũgathondeke indo cia goro thĩinĩ wa ngari yaku - ciikare irĩ haraya.,0.673029911,0.452887451,Ted,,
,Security,Join or start a neighborhood watch program in your area.,Jiunge au uanze programu ya kutunza majirani katika eneo lenu.,Ũkorũo ũrĩ ũmwe wa arĩa marathiĩ gũceerera itũũra rĩanyu kana ũgathiĩ na mbere kũrũgamagĩrĩra.,0.581627294,0.31197555,Misati,Ũkorũo ũrĩ ũmwe wa arĩa marathiĩ gũceerera itũũra rĩanyu kana ũgathiĩ na mbere kũrũgamagĩrĩra.,0.581627294,0.31197555,Ted,,
,Security,Take photos of your valuables and record serial numbers for identification.,Chukua picha za vitu vyako vyenye thamani na uandike nambari za utaratibu ili upate kutambuliwa.,Wĩrute mbica cia indo ciaku cia goro na ũandĩke namba cia serial nĩguo ũmenye.,0.652485798,0.49340709,Misati,Wĩrute mbica cia indo ciaku cia goro na ũandĩke namba cia serial nĩguo ũmenye.,0.652485798,0.49340709,Ted,,
,Security,"Use strong padlocks for gates and sheds - avoid cheap, easy-to-cut locks.",Tumia kufuli zenye nguvu kwa ajili ya milango na vibanda - epuka kufuli za bei rahisi na rahisi kukata.,Hũthagĩra mĩrango na mĩgongo ya kũhũũra na mĩrango mĩiganu - wĩtheme mĩrango ya goro na ĩtarĩ na ũhinga.,0.631572996,0.288643134,Misati,Hũthagĩra mĩrango na mĩgongo ya kũhũũra na mĩrango mĩiganu - wĩtheme mĩrango ya goro na ĩtarĩ na ũhinga.,0.631572996,0.288643134,Ted,,
,Security,Be cautious about sharing travel plans on social media.,Uwe mwangalifu kuhusu kushiriki mipango ya kusafiri kwenye mitandao ya kijamii.,Wĩmenyerere harĩ kũhũthĩra njĩra cia gũthiĩ thĩinĩ wa Intaneti.,0.752636938,0.402188417,Misati,Wĩmenyerere harĩ kũhũthĩra njĩra cia gũthiĩ thĩinĩ wa Intaneti.,0.752636938,0.402188417,Ted,,
,Security,Keep bushes and trees near windows trimmed to eliminate hiding spots.,Weka vichaka na miti karibu na madirisha ili kuepuka mahali pa kujificha.,Rũmia mĩtĩ na mĩtĩ hakuhĩ na ndirica kũgũrũ nĩ getha ũtige kũhithĩka.,0.667362547,0.347717148,Misati,Rũmia mĩtĩ na mĩtĩ hakuhĩ na ndirica kũgũrũ nĩ getha ũtige kũhithĩka.,0.667362547,0.347717148,Ted,,
,Security,Mark your property with UV pens or engraving to help recovery if stolen.,Ishara mali yako kwa kutumia pensha za UV au maandishi ya kuchonga ili kusaidia kupona ikiwa imeibiwa.,Hũthĩra marangi ma UV kana marangi marũrie indo ciaku nĩguo ũhote gũcokia indo icio.,0.432672042,0.300995147,Misati,Hũthĩra marangi ma UV kana marangi marũrie indo ciaku nĩguo ũhote gũcokia indo icio.,0.432672042,0.300995147,Ted,,
,Security,Install peepholes in exterior doors to identify visitors before opening.,Weka vifungo vya macho kwenye milango ya nje ili kuwatambua wageni kabla ya kufungua.,Hĩa mĩrango ya nja na njĩra ya kũmenyithania ageni mbere ya kũhingũra.,0.618103897,0.372101403,Misati,Hĩa mĩrango ya nja na njĩra ya kũmenyithania ageni mbere ya kũhingũra.,0.618103897,0.372101403,Ted,,
,Security,Don't carry large amounts of cash - use mobile payment options instead.,Usibebe pesa nyingi - tumia njia za malipo za simu.,Ndũgakue na mbeca nyingĩ - hũthagĩra njĩra cia kũrĩha na thimũ.,0.534646261,0.503412321,Misati,Ndũgakue na mbeca nyingĩ - hũthagĩra njĩra cia kũrĩha na thimũ.,0.534646261,0.503412321,Ted,,
,Security,Park in well-lit areas at night and check surroundings before exiting vehicle.,Pacha katika maeneo yenye mwangaza mzuri usiku na uangalie mazingira kabla ya kuondoka.,Parka kũndũ kũrĩa kũrĩ ũtheri mwega ũtukũ na ũthuthurie kũndũ kũrĩa gũkuhĩ mbere ya gũtiga ngari.,0.50135136,0.395553733,Misati,Parka kũndũ kũrĩa kũrĩ ũtheri mwega ũtukũ na ũthuthurie kũndũ kũrĩa gũkuhĩ mbere ya gũtiga ngari.,0.50135136,0.395553733,Ted,,
,Security,Teach domestic staff to verify identities before opening gates/doors.,Wafundishe wafanyakazi wa nyumbani kuthibitisha utambulisho wao kabla ya kufungua milango.,Kũruta andũ arĩa marutaga wĩra mũciĩ gwĩthuthuria mbere ya kũhingũra mĩrango.,0.745710381,0.44074885,Misati,Kũruta andũ arĩa marutaga wĩra mũciĩ gwĩthuthuria mbere ya kũhingũra mĩrango.,0.745710381,0.44074885,Ted,,
,Security,Use timers for lights when away to give appearance someone is home.,Tumia vipimo vya wakati ili kuwasha taa wakati wa kuwa mbali ili kuonyesha kwamba kuna mtu nyumbani.,Hũthĩra macini cia kũiga thaa cia gũcina rĩrĩa ũtarĩ kwao nĩguo ũmenye atĩ mũndũ nĩ arĩ mũciĩ.,0.445772766,0.334677414,Misati,Hũthĩra macini cia kũiga thaa cia gũcina rĩrĩa ũtarĩ kwao nĩguo ũmenye atĩ mũndũ nĩ arĩ mũciĩ.,0.445772766,0.334677414,Ted,,
,Security,"Keep car keys in a secure location at home, not near doors/windows.","Weka funguo za gari mahali salama nyumbani, si karibu na milango/mawindo.","Rũmia maki ma ngari handũ hega mũciĩ, hatarĩ hakuhĩ na mĩrango kana mathaca.",0.702048488,0.458658272,Misati,"Rũmia maki ma ngari handũ hega mũciĩ, hatarĩ hakuhĩ na mĩrango kana mathaca.",0.702048488,0.458658272,Ted,,
,Security,Verify credentials of service personnel before allowing access to property.,Hakikisha uthibitisho wa wafanyakazi wa huduma kabla ya kuruhusu ufikiaji wa mali.,"Nĩguo ũmenye ũhoro wa bata wa arĩa marutaga wĩra, thoma gũthuthuria ũhoro wa bata wa arĩa marutaga wĩra mbere ya kũheana ũhoti wa gũtoonya nyũmba.",0.616790732,0.376237236,Misati,"Nĩguo ũmenye ũhoro wa bata wa arĩa marutaga wĩra, thoma gũthuthuria ũhoro wa bata wa arĩa marutaga wĩra mbere ya kũheana ũhoti wa gũtoonya nyũmba.",0.616790732,0.376237236,Ted,,
,Security,Install security cameras at entry points and make them visible.,Weka kamera za usalama kwenye vituo vya kuingia na uwafanye waonekane.,Hũthĩra kamera cia kũrangĩra andũ na ũcionagie.,0.688351312,0.263321648,Misati,Hũthĩra kamera cia kũrangĩra andũ na ũcionagie.,0.688351312,0.263321648,Ted,,
,Security,Be aware of common scams like fake lottery winnings or inheritance claims.,Jihadhari na udanganyifu wa kawaida kama vile kushinda bahati nasibu bandia au madai ya urithi.,Wĩmenyerere maũndũ marĩa mahũthagĩrũo mũno ta kũheana ngahiha cia lottery kana kũheana igai.,0.712311976,0.412391093,Misati,Wĩmenyerere maũndũ marĩa mahũthagĩrũo mũno ta kũheana ngahiha cia lottery kana kũheana igai.,0.712311976,0.412391093,Ted,,
,Security,Don't resist during armed robbery - your safety is more valuable than property.,Usishindane wakati wa wizi wenye silaha - usalama wako ni wenye thamani zaidi kuliko mali.,Ndũkaregane na ũici ũrĩ na indo cia mbaara tondũ ũgitĩri waku nĩ wa bata gũkĩra indo.,0.695489643,0.533856146,Misati,Ndũkaregane na ũici ũrĩ na indo cia mbaara tondũ ũgitĩri waku nĩ wa bata gũkĩra indo.,0.695489643,0.533856146,Ted,,
,Security,Keep emergency numbers programmed in your phone for quick access.,Weka namba za dharura kwenye simu yako ili uweze kuzipata haraka.,Rũmĩrĩra namba cia kũigua ũrakora thimũ-inĩ yaku nĩguo ũhote kũhũthĩra namba icio na ihenya.,0.657604827,0.378267292,Misati,Rũmĩrĩra namba cia kũigua ũrakora thimũ-inĩ yaku nĩguo ũhote kũhũthĩra namba icio na ihenya.,0.657604827,0.378267292,Ted,,
,Security,Use different routes when traveling regularly to avoid establishing patterns.,Tumia njia tofauti unaposafiri kwa ukawaida ili kuepuka kuanzisha mifumo.,"Rĩrĩa ũrathiĩ kũndũ kũngĩ, hũthagĩra njĩra ngũrani nĩguo ũtigane na maũndũ marĩa ũrathiĩ.",0.584365289,0.416113282,Misati,"Rĩrĩa ũrathiĩ kũndũ kũngĩ, hũthagĩra njĩra ngũrani nĩguo ũtigane na maũndũ marĩa ũrathiĩ.",0.584365289,0.416113282,Ted,,
,Security,Shred documents containing personal information before disposal.,Futa hati zilizo na habari za kibinafsi kabla ya kuzimwaga.,Twaria ũhoro wa mũndũ mbere ya kũũruta.,0.485315904,0.251178977,Misati,Twaria ũhoro wa mũndũ mbere ya kũũruta.,0.485315904,0.251178977,Ted,,
,Security,Join us in the fight against corruption. Be part of the solution.,Jiunge nasi katika kupambana na ufisadi.,Ũka ũtuĩke ũmwe witũ kũrũa na ungumania.,0.733400931,0.498785351,Misati,Ũka ũtuĩke ũmwe witũ kũrũa na ungumania.,0.733400931,0.498785351,Ted,,
,Security,"Promote integrity and transparency in all institutions. Together, we can prevent corruption before it starts.",Kuendeleza uadilifu na uwazi katika taasisi zote.,"Kũheana ũteithio harĩ kũhingia ũira na ũtarathimwo wa kĩama, na hamwe no tũhote kũgirĩrĩria mũkararia mbere ya wambĩrĩrie.",0.660971611,0.326149945,Misati,"Kũheana ũteithio harĩ kũhingia ũira na ũtarathimwo wa kĩama, na hamwe no tũhote kũgirĩrĩria mũkararia mbere ya wambĩrĩrie.",0.660971611,0.326149945,Ted,,
,Security,Report irregular hiring and misuse of public office. Fair recruitment builds trust and accountability.,Ripoti kuhusu kuajiriwa kwa watu wasio wa kawaida na matumizi mabaya ya vyeo vya umma.,Kũmenyithia andũ arĩa matanyitaga wĩra wĩra na njĩra ĩtarĩ ya kĩhooto na kũhũthĩra ũũru mawĩra ma thirikari.,0.523994239,0.417730728,Misati,Kũmenyithia andũ arĩa matanyitaga wĩra wĩra na njĩra ĩtarĩ ya kĩhooto na kũhũthĩra ũũru mawĩra ma thirikari.,0.523994239,0.417730728,Ted,,
,Security,Corruption weakens counties. Ttake a stand! Uphold ethics in public service and support anti-graft initiatives.,Ufisadi unafanya majimbo yawe dhaifu.,Ũkararia nĩ ũhũraga matũũra ma bũrũri.,0.417456422,0.27692632,Misati,Ũkararia nĩ ũhũraga matũũra ma bũrũri.,0.417456422,0.27692632,Ted,,
,Security,Every Kenyan must join the fight against corruption.Uuphold our dignity and justice.,Kila raia wa Kenya lazima ajiunge katika kupambana na ufisadi.,O mũndũ Kenya no mũhaka ahingie mbaara ya kũrũa na ungumania.,0.554539394,0.484951215,Misati,O mũndũ Kenya no mũhaka ahingie mbaara ya kũrũa na ungumania.,0.554539394,0.484951215,Ted,,
,Security,Automation of the self-declaration process is now live. Uphold integrity by complying online today.,Automation ya mchakato wa kujitangaza sasa ni moja kwa moja. kudumisha uadilifu kwa kufuata online leo.,Nĩ tũkũhingia wĩra wa kwĩmenyithania na njĩra ya kwĩhingĩria.,0.600954208,0.297496142,Misati,Nĩ tũkũhingia wĩra wa kwĩmenyithania na njĩra ya kwĩhingĩria.,0.600954208,0.297496142,Ted,,
,Security,Embrace innovation for greater impact. Ethical leadership starts with you.,Kujiunga na uvumbuzi kwa athari kubwa. Uongozi wa maadili huanza na wewe.,"Nĩguo ũkorũo na moimĩrĩro mega, wĩrute ũhoro wa ũgĩ. Ũtongoria wa kĩhooto wambĩrĩirie harĩ wee.",0.598669134,0.417667211,Misati,"Nĩguo ũkorũo na moimĩrĩro mega, wĩrute ũhoro wa ũgĩ. Ũtongoria wa kĩhooto wambĩrĩirie harĩ wee.",0.598669134,0.417667211,Ted,,
,Security,"Unified action is needed in the war against graft. Stand firm, report corruption.",Tunahitaji hatua ya umoja katika vita dhidi ya ufisadi.,Nĩ tũrabatara kũrũa na ũkoroku tũrĩ na ũrũmwe.,0.599441147,0.510999921,Misati,Nĩ tũrabatara kũrũa na ũkoroku tũrĩ na ũrũmwe.,0.599441147,0.510999921,Ted,,
,Security,"Search warrants are investigative tools, not criminal proceedings. Uphold the law, uphold integrity.","Amri za kutafuta ni zana za uchunguzi, si kesi za uhalifu.","Mawaatho ma gũcaria andũ nĩ indo cia ũthuthuria, ti ciira wa kĩhooto.",0.546648779,0.513746705,Misati,"Mawaatho ma gũcaria andũ nĩ indo cia ũthuthuria, ti ciira wa kĩhooto.",0.546648779,0.513746705,Ted,,
,Security,Visit the ASK Eldoret Show and stand with us in the fight against corruption. Together we can safeguard Kenya's future.,Tembelea ASK Eldoret Show na kujiunga nasi katika kupambana na ufisadi. Pamoja tunaweza kulinda siku zijazo za Kenya.,Thiĩ wone kĩharo kĩa ASK Eldoret Show na ũikare hamwe na ithuĩ kũrũa na ũkoroku.,0.660864555,0.462883772,Misati,Thiĩ wone kĩharo kĩa ASK Eldoret Show na ũikare hamwe na ithuĩ kũrũa na ũkoroku.,0.660864555,0.462883772,Ted,,
,Security,Keep our roads safe. Corruption in licensing and inspections is 'licensing to kill.' Report bribery in transport.,"Kuweka barabara zetu salama. rushwa katika leseni na ukaguzi ni ""lisensi ya kuua"".","Kũrĩ na ũkoroku wa kũheana marũa ma kũruta wĩra na kũhingia ũtaratara nĩ ""kũheana marũa ma kũniina andũ"".",0.57481313,0.369579835,Misati,"Kũrĩ na ũkoroku wa kũheana marũa ma kũruta wĩra na kũhingia ũtaratara nĩ ""kũheana marũa ma kũniina andũ"".",0.57481313,0.369579835,Ted,,
,Security,"Join our outreach in Nandi County: raise awareness, promote ethics, and stand with us against graft.","Jiunge na kampeni yetu katika Kaunti ya Nandi: kuongeza ufahamu, kukuza maadili, na kusimama pamoja nasi dhidi ya ufisadi.","Ũka ũtuĩke ũmwe witũ gĩcigo-inĩ kĩa Nandi County: ũiguage andũ ũhoro wa maũndũ marĩa magĩrĩire, ũthuthĩrie mĩtugo mĩega, na ũrũgame na ithuĩ tũkarũe na mahĩtia.",0.741089209,0.411586878,Misati,"Ũka ũtuĩke ũmwe witũ gĩcigo-inĩ kĩa Nandi County: ũiguage andũ ũhoro wa maũndũ marĩa magĩrĩire, ũthuthĩrie mĩtugo mĩega, na ũrũgame na ithuĩ tũkarũe na mahĩtia.",0.741089209,0.411586878,Ted,,
,Security,Be cautious of strangers asking for personal or financial information.,Jihadhari na watu wasiowajua wanaotaka habari za kibinafsi au za kifedha.,Wĩmenyerere harĩ andũ arĩa ũtoĩ makĩũria ũhoro waku kana ũhoro wa mbeca.,0.620504015,0.518648568,Misati,Wĩmenyerere harĩ andũ arĩa ũtoĩ makĩũria ũhoro waku kana ũhoro wa mbeca.,0.620504015,0.518648568,Ted,,
,Security,Install window security film to make glass harder to break.,Weka filamu ya usalama ya dirisha ili kufanya glasi iwe ngumu kuvunja.,Hũthĩra mũbira wa kũgitĩra nduma nĩguo gĩcicio gĩthũkie.,0.629201007,0.291112828,Misati,Hũthĩra mũbira wa kũgitĩra nduma nĩguo gĩcicio gĩthũkie.,0.629201007,0.291112828,Ted,,
,Security,Don't leave ladders or tools outside that could help burglars gain access.,Usiache ngazi au zana nje ambazo zinaweza kusaidia wahalifu kupata.,Ndũgaige makinya kana indo iria ingĩteithia aici gũtoonya nja.,0.500566312,0.460359895,Misati,Ndũgaige makinya kana indo iria ingĩteithia aici gũtoonya nja.,0.500566312,0.460359895,Ted,,
,Security,Keep car doors locked and windows up when driving in high-risk areas.,Weka milango ya gari imefungwa na madirisha yamefungwa wakati wa kuendesha gari katika maeneo yenye hatari kubwa.,Rũmia mĩrango ya ngari ĩhingĩtwo na matara ma nduka rĩrĩa ũratwara kũndũ kũrĩ na mogwati maingĩ.,0.733454184,0.431195331,Misati,Rũmia mĩrango ya ngari ĩhingĩtwo na matara ma nduka rĩrĩa ũratwara kũndũ kũrĩ na mogwati maingĩ.,0.733454184,0.431195331,Ted,,
,Security,Use tracking devices for valuable items like electronics and vehicles.,Tumia vifaa vya kufuatilia vitu vyenye thamani kama vile vifaa vya elektroniki na magari.,Hũthĩra indo cia bata ta indo cia elektroniki na ngari.,0.831327201,0.564578505,Misati,Hũthĩra indo cia bata ta indo cia elektroniki na ngari.,0.831327201,0.564578505,Ted,,
,Security,Be wary of strangers offering unsolicited help with ATMs or banking.,Jihadhari na watu wasiowafahamu wanaotoa msaada usiohitajika katika ATM au benki.,Wĩmenyerere harĩ andũ arĩa ũtoĩ arĩa marenda gũteithia na njĩra ĩtarĩ ya kwĩhokeka na ATM kana bengi.,0.496991516,0.352217594,Misati,Wĩmenyerere harĩ andũ arĩa ũtoĩ arĩa marenda gũteithia na njĩra ĩtarĩ ya kwĩhokeka na ATM kana bengi.,0.496991516,0.352217594,Ted,,
,Security,Create inventory of household items with photos and receipts for insurance.,Unda orodha ya vitu vya nyumbani na picha na risiti za bima.,Ũtaarĩrie indo cia nyũmba na mbica na icunjĩ cia kũiganania.,0.705895718,0.389481762,Misati,Ũtaarĩrie indo cia nyũmba na mbica na icunjĩ cia kũiganania.,0.705895718,0.389481762,Ted,,
,Security,Use deadbolt locks on exterior doors for added security.,Tumia kufuli za kuzima kwenye milango ya nje kwa ajili ya usalama wa ziada.,Hũthĩra mĩrango ya nja ĩrĩ na ihingũ cia kũhingũra nĩguo ũkorũo na ũgitĩri makĩria.,0.552893811,0.352398005,Misati,Hũthĩra mĩrango ya nja ĩrĩ na ihingũ cia kũhingũra nĩguo ũkorũo na ũgitĩri makĩria.,0.552893811,0.352398005,Ted,,
,Security,Be cautious about sharing personal information on phone calls.,Uwe mwangalifu kuhusu kushiriki habari za kibinafsi kwenye simu.,Wĩmenyerere harĩ kũheana ũhoro waku harĩ thimũ.,0.581192605,0.576060773,Misati,Wĩmenyerere harĩ kũheana ũhoro waku harĩ thimũ.,0.581192605,0.576060773,Ted,,
,Security,Install motion-activated lights in dark areas around your property.,Weka taa za kuwasha moto katika maeneo yenye giza karibu na mali yako.,Hũthĩra ũtheri wa gũcina indo kũndũ kũrĩ nduma.,0.622903678,0.293701962,Misati,Hũthĩra ũtheri wa gũcina indo kũndũ kũrĩ nduma.,0.622903678,0.293701962,Ted,,
,Security,Keep shrubbery near entry points low to maintain visibility.,Weka vichaka vya miti chini karibu na sehemu za kuingia ili kudumisha mwonekano.,Rũmia mĩtĩ ya mĩtĩ hakuhĩ na ihingo cia gũtoonya nĩguo ũhote kuona.,0.522535818,0.385330114,Misati,Rũmia mĩtĩ ya mĩtĩ hakuhĩ na ihingo cia gũtoonya nĩguo ũhote kuona.,0.522535818,0.385330114,Ted,,
,Security,Don't leave spare keys in obvious places like under doormats or flowerpots.,Usiweke funguo za ziada mahali panapoonekana kama vile chini ya vifuniko vya mlango au vitambaa vya maua.,Ndũgaige maki ma kũhonokia kũndũ kũngĩ ta gatarũ-inĩ kana ithandũkũ-inĩ cia maruva.,0.550558932,0.37130217,Misati,Ndũgaige maki ma kũhonokia kũndũ kũngĩ ta gatarũ-inĩ kana ithandũkũ-inĩ cia maruva.,0.550558932,0.37130217,Ted,,
,Security,Use security bars or grilles on vulnerable windows and doors.,Tumia vibao au gridi za usalama kwenye madirisha na milango yenye udhaifu.,Hũthĩra mbĩrĩra cia kũgitĩra mĩrango na matara marĩa marĩ na ũgwati.,0.599425087,0.357672353,Misati,Hũthĩra mbĩrĩra cia kũgitĩra mĩrango na matara marĩa marĩ na ũgwati.,0.599425087,0.357672353,Ted,,
,Security,Be alert in parking lots - have keys ready and check backseat before entering.,Uwe macho katika maegesho - uwe na funguo tayari na uangalie kiti cha nyuma kabla ya kuingia.,Wĩmenyerere wega kũrĩa ũgũragĩra ngari - wĩharĩrie maki ma ngari na ũthuthurie gĩikaro kĩa thutha mbere ya gũtoonya.,0.624962091,0.407222938,Misati,Wĩmenyerere wega kũrĩa ũgũragĩra ngari - wĩharĩrie maki ma ngari na ũthuthurie gĩikaro kĩa thutha mbere ya gũtoonya.,0.624962091,0.407222938,Ted,,
,Security,The Police Service urges Patriotic Kenyans to report cases of illegal immigrants for arrest to the nearest police stations.,Huduma ya Polisi inawaomba Wakenya wapendezwe na nchi kutoa taarifa za visa vya wahamiaji wa kisheria kwa vituo vya polisi vi karibu ili kukamatwa.,Ũtungata wa borithi nĩ ũringithanagia andũ a Kenya arĩa mendete bũrũri wao kũmenyithia andũ arĩa matehĩtĩte mabũrũri-inĩ mangĩ magekwo matwarwo mbĩrĩra-inĩ cia borithi.,0.465407128,0.342546777,Misati,Ũtungata wa borithi nĩ ũringithanagia andũ a Kenya arĩa mendete bũrũri wao kũmenyithia andũ arĩa matehĩtĩte mabũrũri-inĩ mangĩ magekwo matwarwo mbĩrĩra-inĩ cia borithi.,0.465407128,0.342546777,Ted,,
,Security,We urge citizens to cooperate with security personnel as they perform their duties and use lawful channels to address their grievances.,Tunawahimiza raia washirikiane na wafanyakazi wa usalama wanapofanya kazi zao na kutumia njia halali za kushughulikia malalamiko yao.,Tũraatha andũ othe makorũo makĩrutithania wĩra na arĩa matongoragia maũndũ ma ũgitĩri rĩrĩa maringaga mawĩra mao na magĩtumia njĩra cia kĩhooto kũhiũrania na maũndũ marĩa marenda.,0.635047396,0.376008938,Misati,Tũraatha andũ othe makorũo makĩrutithania wĩra na arĩa matongoragia maũndũ ma ũgitĩri rĩrĩa maringaga mawĩra mao na magĩtumia njĩra cia kĩhooto kũhiũrania na maũndũ marĩa marenda.,0.635047396,0.376008938,Ted,,
,Security,We urge citizens to continue volunteering information that will lead to the arrest of Francis Gaitho.,Tunawasihi raia waendelee kutoa taarifa za kujitolea ambazo zitasababisha kukamatwa kwa Francis Gaitho.,Tũrabatara atĩ andũ othe mathiĩ na mbere kũruta ũhoro ũrĩa ũgaatũma Francis Gaitho ahikio njera.,0.655627285,0.392473384,Misati,Tũrabatara atĩ andũ othe mathiĩ na mbere kũruta ũhoro ũrĩa ũgaatũma Francis Gaitho ahikio njera.,0.655627285,0.392473384,Ted,,
,Security,Let's continue playing our part in thwarting terror by sharing information on suspicious activities with relevant authorities.,Hebu tuendelee kufanya sehemu yetu katika kuzuia ugaidi kwa kushiriki habari kuhusu shughuli za mashaka na mamlaka zinazohusiana.,Rekei tũthiĩ na mbere kũhingia itemi ritũ rĩa kũgirĩrĩria ũteti na njĩra ya kũmenyithanagia ũhoro wĩgiĩ maũndũ marĩa mangĩkorũo marĩ mahĩtia na arĩa marongoreire maũndũ macio.,0.593349369,0.489130706,Misati,Rekei tũthiĩ na mbere kũhingia itemi ritũ rĩa kũgirĩrĩria ũteti na njĩra ya kũmenyithanagia ũhoro wĩgiĩ maũndũ marĩa mangĩkorũo marĩ mahĩtia na arĩa marongoreire maũndũ macio.,0.593349369,0.489130706,Ted,,
,Security,"If you have information, #ReachDCI through hotline number 0800 722 203. Let's work together to uphold justice and accountability. #FichuaGaitho","Ikiwa una habari, tafadhali wasiliana na #ReachDCI kupitia nambari ya simu ya 0800 722 203.","Angĩkorwo nĩ ũrĩ na ũhoro, hũra thimũ ya #RachDCI namba 0800 722 203. Rekei tũrutithanie wĩra nĩguo tũhote kũgitĩra kĩhooto na kwĩhingia. #FichuaGaitho",0.539229078,0.553229456,Misati,"Angĩkorwo nĩ ũrĩ na ũhoro, hũra thimũ ya #RachDCI namba 0800 722 203. Rekei tũrutithanie wĩra nĩguo tũhote kũgitĩra kĩhooto na kwĩhingia. #FichuaGaitho",0.539229078,0.553229456,Ted,,
,Security,The public is advised to exercise restrain and is explicitly cautioned against any attempts to enter without authorisation or break into JKIA as it is a protected zone under the laws of Kenya.,Umma unashauriwa kutumia kizuizi na inaonywa wazi dhidi ya majaribio yoyote ya kuingia bila idhini au kuvunja ndani ya JKIA kwani ni eneo lililolindwa chini ya sheria za Kenya.,Andũ nĩ marĩrĩirio kũhũthĩra wĩyathi na nĩ marĩrĩirio na njĩra ya ĩmwe kwa ĩmwe kũregana na kũgeria kũingĩra na njĩra ĩtarĩ na ũhotani kana gũtoonya JKIA tondũ nĩ gĩcigo gĩthirĩte kũringana na mawatho ma Kenya.,0.647942365,0.447421673,Misati,Andũ nĩ marĩrĩirio kũhũthĩra wĩyathi na nĩ marĩrĩirio na njĩra ya ĩmwe kwa ĩmwe kũregana na kũgeria kũingĩra na njĩra ĩtarĩ na ũhotani kana gũtoonya JKIA tondũ nĩ gĩcigo gĩthirĩte kũringana na mawatho ma Kenya.,0.647942365,0.447421673,Ted,,
,Security,Youths are advised to reject alshabaab propaganda to avoid premature death or such hefty jail sentences.,Vijana wanashauriwa kukataa propaganda ya al-shabaab ili kuepuka kifo cha mapema au vifungo hivyo vikubwa vya gerezani.,Andũ ethĩ nĩ merĩgagĩrũo matheme propaganda ya Alshabaab nĩguo mage gũkua kana gũikio njera.,0.667847781,0.432940779,Misati,Andũ ethĩ nĩ merĩgagĩrũo matheme propaganda ya Alshabaab nĩguo mage gũkua kana gũikio njera.,0.667847781,0.432940779,Ted,,
,Security,Citizens are advised to avoid buying phones from random people as Telcos and Security Agencies are tracking the stolen devices.,Raia wanaonywa kuepuka kununua simu kutoka kwa watu wasio na bahati kwani TELCO na Wakala wa Usalama wanatafuta vifaa vilivyoibwa.,Aikari nĩ maraheo ũtaaro wa gwĩthema kũgũra thimũ kuuma kũrĩ andũ matarĩ na mahĩtia tondũ thimu cia Telecos na cia Ũgitĩri nĩ iroraga indo iria ciũrĩtwo.,0.515344346,0.424014805,Misati,Aikari nĩ maraheo ũtaaro wa gwĩthema kũgũra thimũ kuuma kũrĩ andũ matarĩ na mahĩtia tondũ thimu cia Telecos na cia Ũgitĩri nĩ iroraga indo iria ciũrĩtwo.,0.515344346,0.424014805,Ted,,
,Security,"Let's work with Police to arrest criminals hiding in #Maandamano to steal, destroy properties and commit other crimes.","Hebu tufanye kazi na Polisi kukamata wahalifu wanaojificha katika #Maandamano kuiba, kuharibu mali na kufanya uhalifu mwingine.","Rekei tũrutage wĩra na thirikari kũnyiita andũ arĩa maikaraga #Maandamano magĩtharia, magathũkia indo na mageka mahĩtia mangĩ.",0.722140854,0.464772102,Misati,"Rekei tũrutage wĩra na thirikari kũnyiita andũ arĩa maikaraga #Maandamano magĩtharia, magathũkia indo na mageka mahĩtia mangĩ.",0.722140854,0.464772102,Ted,,
,Security,"Let's avoid sharing propaganda, unverified information, and graphic images in order not to add to the distress of the affected.","Acheni tuepuke kushiriki propaganda, habari zisizohakikishwa, na picha za picha ili tusiongeze taabu ya walioathiriwa.","Rekei tũtigane na ũrutani wa maheeni, ũhoro ũtarĩ wa ma, na mbica cia mbica nĩguo tũtigakũrehere andũ arĩa mahũragwo.",0.641542504,0.418616741,Misati,"Rekei tũtigane na ũrutani wa maheeni, ũhoro ũtarĩ wa ma, na mbica cia mbica nĩguo tũtigakũrehere andũ arĩa mahũragwo.",0.641542504,0.418616741,Ted,,
,Security,"Citizens are advised to conduct themselves in a lawful manner. All acts of sabotage, theft and incitement will be prosecuted.",Raia wanapendekezwa kujiheshimu kwa njia halali.,Andũ a bũrũri nĩ marĩrĩirio kwĩhĩtĩra na njĩra ya kĩhooto.,0.449800664,0.29024066,Misati,Andũ a bũrũri nĩ marĩrĩirio kwĩhĩtĩra na njĩra ya kĩhooto.,0.449800664,0.29024066,Ted,,
,Security,"Disturbance of peace, incitement, looting, and vandalism remain unlawful.","Kuvurugwa kwa amani, kuchochea, kuiba, na kuharibu vitu ni kinyume cha sheria.","Kũgarũra thayũ, kũhũũra andũ, kũnyiita indo na kũniina indo cia andũ arĩa angĩ nĩ kũhĩtũkagio nĩ watho.",0.519443371,0.318313931,Misati,"Kũgarũra thayũ, kũhũũra andũ, kũnyiita indo na kũniina indo cia andũ arĩa angĩ nĩ kũhĩtũkagio nĩ watho.",0.519443371,0.318313931,Ted,,
,Security,Verify identity of delivery personnel before allowing access to property.,Hakikisha utambulisho wa wafanyakazi wa utoaji kabla ya kuruhusu ufikiaji wa mali.,Nĩguo ũmenye ũmenyo wa arĩa marenda kũheana indo mbere ya kũheana ũgeni wa gũtoonya indo-inĩ.,0.651510502,0.382153043,Misati,Nĩguo ũmenye ũmenyo wa arĩa marenda kũheana indo mbere ya kũheana ũgeni wa gũtoonya indo-inĩ.,0.651510502,0.382153043,Ted,,
,Security,Don't leave valuables visible in your car when parked.,Usiache vitu vyenye thamani vionekane katika gari lako unapokazia.,Ndũgatige indo cia goro ikoneke ngari-inĩ yaku rĩrĩa ũrarũgama.,0.634349361,0.431713187,Misati,Ndũgatige indo cia goro ikoneke ngari-inĩ yaku rĩrĩa ũrarũgama.,0.634349361,0.431713187,Ted,,
,Security,Use steering wheel locks as additional deterrent for vehicle theft.,Tumia kufuli za volkano kama kizuizi cha ziada kwa wizi wa gari.,Ũhũthĩre kĩhingo kĩa kĩhingo kĩa kĩhingo gĩa gwĩkĩra ngaari hinya ta kĩndũ kĩngĩ gĩa kũgirĩrĩria ũici wa ngari.,0.639045762,0.275570389,Misati,Ũhũthĩre kĩhingo kĩa kĩhingo kĩa kĩhingo gĩa gwĩkĩra ngaari hinya ta kĩndũ kĩngĩ gĩa kũgirĩrĩria ũici wa ngari.,0.639045762,0.275570389,Ted,,
,Security,Be cautious of 'distraction theft' tactics in public places.,Jihadhari na mbinu za 'kuiba mambo yanayovuruga' mahali pa watu wengi.,Wĩmenyerere njĩra cia 'kũhũũra maũndũ' kũndũ kwa mũingĩ.,0.521668494,0.438379501,Misati,Wĩmenyerere njĩra cia 'kũhũũra maũndũ' kũndũ kwa mũingĩ.,0.521668494,0.438379501,Ted,,
,Security,Keep emergency numbers visible near phones and programmed in mobile devices.,Weka namba za dharura karibu na simu na ziandikishwe kwenye vifaa vya simu.,Rũmĩrĩra namba cia kũhiũrania na mogwati ta icio irĩ hakuhĩ na thimũ na ciongererũo thĩinĩ wa indo cia gũtwarithia thimũ.,0.59691627,0.417751568,Misati,Rũmĩrĩra namba cia kũhiũrania na mogwati ta icio irĩ hakuhĩ na thimũ na ciongererũo thĩinĩ wa indo cia gũtwarithia thimũ.,0.59691627,0.417751568,Ted,,
,Security,Consider installing a safe for important documents and valuables.,Fikiria kuweka sanduku la usalama kwa ajili ya hati muhimu na vitu vyenye thamani.,Ta wĩcirie gũthondeka kabati ya kũiga indo cia bata na indo cia bata.,0.620145277,0.574002417,Misati,Ta wĩcirie gũthondeka kabati ya kũiga indo cia bata na indo cia bata.,0.620145277,0.574002417,Ted,,
,Security,Be wary of 'emergency' scams where callers pretend to be family in distress.,Jihadhari na udanganyifu wa 'uhitaji wa dharura' ambapo waitaji wanajifanya kuwa familia katika dhiki.,Wĩmenyerere harĩ kũheenania kwa 'maũndũ ma mĩtũkĩ' kũrĩa andũ arĩa maroiga atĩ nĩ famĩlĩ yao marĩ na mathĩna.,0.576233641,0.340011597,Misati,Wĩmenyerere harĩ kũheenania kwa 'maũndũ ma mĩtũkĩ' kũrĩa andũ arĩa maroiga atĩ nĩ famĩlĩ yao marĩ na mathĩna.,0.576233641,0.340011597,Ted,,
,Security,Use security chains on doors even when expecting visitors.,Tumia minyororo ya usalama kwenye milango hata unapotarajia wageni.,Tumiaga mĩkanda ya kũgitĩra mĩrango o na rĩrĩa ũratanywo nĩ ageni.,0.801341586,0.433041301,Misati,Tumiaga mĩkanda ya kũgitĩra mĩrango o na rĩrĩa ũratanywo nĩ ageni.,0.801341586,0.433041301,Ted,,
,Security,Don't leave purses or wallets unattended in shopping carts or public places.,Usiache mkoba au mkoba bila kutunzwa katika viti vya ununuzi au mahali pa umma.,Ndũgatige tũthendi kana tũthendi tũtarĩ na ũmenyereri tũgĩthiĩ tũgũre kana kũndũ kũngĩ.,0.604933268,0.306476847,Misati,Ndũgatige tũthendi kana tũthendi tũtarĩ na ũmenyereri tũgĩthiĩ tũgũre kana kũndũ kũngĩ.,0.604933268,0.306476847,Ted,,
,Security,Be cautious of 'shoulder surfing' at ATMs and when entering PINs.,Uwe mwangalifu kuhusu 'kufanya surf' kwenye ATM na wakati wa kuingia PIN.,Wĩmenyerere mũno rĩrĩa ũracaria 'mĩrango ya gũcũnga mĩrango' thĩinĩ wa ATM na rĩrĩa ũratũma namba cia PIN.,0.472396316,0.337438377,Misati,Wĩmenyerere mũno rĩrĩa ũracaria 'mĩrango ya gũcũnga mĩrango' thĩinĩ wa ATM na rĩrĩa ũratũma namba cia PIN.,0.472396316,0.337438377,Ted,,
,Security,Use security cameras with cloud storage to preserve evidence if needed.,Tumia kamera za usalama zilizo na uhifadhi wa wingu kuhifadhi ushahidi ikiwa ni lazima.,Hũthĩra kamera cia ũthikĩrĩria iria irĩ na ũhihinyanĩri wa matu-inĩ kũiga ũira wa maũndũ marĩa marekĩka.,0.768204456,0.359820937,Misati,Hũthĩra kamera cia ũthikĩrĩria iria irĩ na ũhihinyanĩri wa matu-inĩ kũiga ũira wa maũndũ marĩa marekĩka.,0.768204456,0.359820937,Ted,,
,Security,Install security film on glass doors to prevent easy break-ins.,Weka filamu ya usalama kwenye milango ya glasi ili kuzuia kuvunja-vunja kwa urahisi.,Gĩa na mũrango wa kũgitĩra mũrango wa gĩcicio nĩguo ũtigatũme ũtoonye na ihenya.,0.6745639,0.307535413,Misati,Gĩa na mũrango wa kũgitĩra mũrango wa gĩcicio nĩguo ũtigatũme ũtoonye na ihenya.,0.6745639,0.307535413,Ted,,
,Security,Put unique marks on your belongings to easily identify them if they are stolen.,Weka alama za kipekee kwenye vitu vyako ili uweze kuviona ikiwa vimeibwa.,Reke indo ciaku cionekere na njĩra ya mwanya nĩguo ũhote gũciona wega ingĩaciikwo.,0.62019797,0.331048806,Misati,Reke indo ciaku cionekere na njĩra ya mwanya nĩguo ũhote gũciona wega ingĩaciikwo.,0.62019797,0.331048806,Ted,,
,Security,"Keep car registration and insurance documents secure, not in glove compartment.","Weka hati za usajili wa gari na za bima salama, si katika chumba cha glavu.","Rũmia marũa ma kwĩhithĩria ngari na ma kũigĩrĩra mũigĩre, ti thĩinĩ wa kamũrangi.",0.558691505,0.357482835,Misati,"Rũmia marũa ma kwĩhithĩria ngari na ma kũigĩrĩra mũigĩre, ti thĩinĩ wa kamũrangi.",0.558691505,0.357482835,Ted,,
,Security,Be cautious of 'too good to be true' offers for rentals or purchases.,Jihadhari na matoleo ya 'mazuri mno kuwa ya kweli' ya kukodisha au kununua.,Wĩmenyerere harĩ mĩhothi ya 'kũgũra kana kũgũra kĩndũ kĩega mũno.',0.576307746,0.457132785,Misati,Wĩmenyerere harĩ mĩhothi ya 'kũgũra kana kũgũra kĩndũ kĩega mũno.',0.576307746,0.457132785,Ted,,
,Security,"Don't leave doors and windows open at night, even if it's very hot.","Usiache milango na madirisha wazi usiku, hata ikiwa ni moto sana.","Ndũkareke mĩrango na matara mahingũre ũtukũ, o na rĩrĩa kũhiũha mũno.",0.7781785,0.488269414,Misati,"Ndũkareke mĩrango na matara mahingũre ũtukũ, o na rĩrĩa kũhiũha mũno.",0.7781785,0.488269414,Ted,,
,Security,Consider joining or forming a business watch program in commercial areas.,Fikiria kujiunga au kuanzisha programu ya kufuatilia biashara katika maeneo ya kibiashara.,Wĩcirie ũhoro wa kũingĩra kana kũbanga mũbango wa kũmenyeria biacara kũndũ kũrĩa kũrĩ na biacara.,0.734211305,0.46276121,Misati,Wĩcirie ũhoro wa kũingĩra kana kũbanga mũbango wa kũmenyeria biacara kũndũ kũrĩa kũrĩ na biacara.,0.734211305,0.46276121,Ted,,
,Security,"Contact emergency services through: Police (999), DCI (0800 722 203).","Wasiliana na huduma za dharura kupitia: Polisi (999), DCI (0800 722 203).","Reke ũhinge thibitari cia ũgwati kũgerera: Kĩama kĩa Mbunge (999), DCI (0800 722 203).",0.837864303,0.45974524,Misati,"Reke ũhinge thibitari cia ũgwati kũgerera: Kĩama kĩa Mbunge (999), DCI (0800 722 203).",0.837864303,0.45974524,Ted,,
,Security,Be cautious of strangers asking to use your phone for 'emergencies'.,Uwe mwangalifu na wageni wanaotaka kutumia simu yako kwa ajili ya 'haraka.',Wĩmenyerere harĩ andũ ũtoĩ arĩa marenda kũhũthĩra thimũ yaku harĩ maũndũ ma mĩtũkĩ.,0.567842183,0.484264919,Misati,Wĩmenyerere harĩ andũ ũtoĩ arĩa marenda kũhũthĩra thimũ yaku harĩ maũndũ ma mĩtũkĩ.,0.567842183,0.484264919,Ted,,
,Security,US Embassy warned citizens of increased terror threats at tourist sites and advised heightened awareness.,Ubalozi wa Marekani ulionya raia kuhusu kuongezeka kwa vitisho vya ugaidi katika maeneo ya watalii na kupendekeza kuongeza ufahamu.,Ũmarĩ wa Amerika nĩ wamenyithirie andũ ũhoro wa kũingĩha kwa ũgwati wa ũgwati kũndũ kũrĩa andũ matanyitaga ũgeni na ũkĩmeera makũrie ũmenyo.,0.678109337,0.360349669,Misati,Ũmarĩ wa Amerika nĩ wamenyithirie andũ ũhoro wa kũingĩha kwa ũgwati wa ũgwati kũndũ kũrĩa andũ matanyitaga ũgeni na ũkĩmeera makũrie ũmenyo.,0.678109337,0.360349669,Ted,,
,Security,Authorities warned Western and Nyanza communities of suspected terror recruitment and urged reporting of suspicious behavior.,Mamlaka zilionya jumuiya za Magharibi na Nyanza kuhusu tuhuma za kuajiri wagaidi na kudai ripoti za tabia ya mashaka.,Athirikari nĩ ciamũrĩte andũ a mwena wa ithũĩro na Nyanza atĩ nĩ magĩrĩire kũrekererio andũ arĩa marĩ na mũbango wa kũhũthĩra ũteti na nĩ ciathire na mbere kũheana riboti cia mĩtugo ya kũgegania.,0.537813618,0.351433201,Misati,Athirikari nĩ ciamũrĩte andũ a mwena wa ithũĩro na Nyanza atĩ nĩ magĩrĩire kũrekererio andũ arĩa marĩ na mũbango wa kũhũthĩra ũteti na nĩ ciathire na mbere kũheana riboti cia mĩtugo ya kũgegania.,0.537813618,0.351433201,Ted,,
,Security,US government advised citizens to avoid Eastleigh and Kibera due to security concerns.,Serikali ya Marekani iliwashauri raia wajiepushe na Eastleigh na Kibera kutokana na wasiwasi wa usalama.,Thirikari ya Amerika nĩ ĩgĩteithirie andũ gũtigana na Eastleigh na Kibera nĩ ũndũ wa maũndũ ma ũgitĩri.,0.724812964,0.56108099,Misati,Thirikari ya Amerika nĩ ĩgĩteithirie andũ gũtigana na Eastleigh na Kibera nĩ ũndũ wa maũndũ ma ũgitĩri.,0.724812964,0.56108099,Ted,,
,Security,Public advised not to circulate graphic images after the DusitD2 attack to protect victims' dignity.,Umma umewashauri wasieneze picha za picha baada ya shambulio la DusitD2 ili kulinda heshima ya waathirika.,Andũ nĩ maathĩrĩirio matige gũtheremia mbica cia mbica thutha wa mũko wa DusitD2 nĩguo magitĩre gĩtĩo kĩa arĩa makuĩte.,0.58116456,0.471493681,Misati,Andũ nĩ maathĩrĩirio matige gũtheremia mbica cia mbica thutha wa mũko wa DusitD2 nĩguo magitĩre gĩtĩo kĩa arĩa makuĩte.,0.58116456,0.471493681,Ted,,
,Security,Cyclone Hidaya alert issued urging coastal residents to prepare for strong winds and floods.,Alert ya kimbunga Hidaya ilitolewa na kuwahimiza wakazi wa pwani kujitayarisha kwa upepo mkali na mafuriko.,"Kũrĩ na mũhuhu wa kĩhuhũkanio kĩa Hidaya, nĩ gwathondekirũo na gwĩkĩra andũ a mabũrũri marĩa marĩ hũgũrũrũ-inĩ cia iria ngoro mekĩre mĩguĩ na mĩiyũro.",0.655140483,0.343310686,Misati,"Kũrĩ na mũhuhu wa kĩhuhũkanio kĩa Hidaya, nĩ gwathondekirũo na gwĩkĩra andũ a mabũrũri marĩa marĩ hũgũrũrũ-inĩ cia iria ngoro mekĩre mĩguĩ na mĩiyũro.",0.655140483,0.343310686,Ted,,
,Security,"Interior Ministry warned ahead of protests, urging peaceful demonstrations and placing security forces on alert.","Wizara ya Mambo ya Ndani ilionya kuhusu maandamano, ikatoa wito kwa maandamano ya amani na kuweka vikosi vya usalama katika tahadhari.","Ũtungata wa bũrũri wa Kenya nĩ watanyĩte kũheana ũmenyo wĩgiĩ mĩbango ya kũingĩra, na nĩ ũrathaitha andũ makorũo na thayũ na makorũo marĩ na ũgitĩri.",0.649864567,0.26168191,Misati,"Ũtungata wa bũrũri wa Kenya nĩ watanyĩte kũheana ũmenyo wĩgiĩ mĩbango ya kũingĩra, na nĩ ũrathaitha andũ makorũo na thayũ na makorũo marĩ na ũgitĩri.",0.649864567,0.26168191,Ted,,
,Security,Multiple suspects arrested in Lamu during a counter'terror operation; public urged to report tips.,Washukiwa kadhaa walikamatwa katika Lamu wakati wa operesheni ya kupambana na ugaidi; umma uliombwa kuripoti vidokezo.,Andũ aingĩ arĩa moigĩte atĩ nĩ maathitangwo Lamu hĩndĩ ya mũtaratara wa kũhiũrania na ũgwati; andũ nĩ maathĩrĩirio kũheana ũhoro wa maũndũ marĩa mangĩahotire kũhingia.,0.622012725,0.338628636,Misati,Andũ aingĩ arĩa moigĩte atĩ nĩ maathitangwo Lamu hĩndĩ ya mũtaratara wa kũhiũrania na ũgwati; andũ nĩ maathĩrĩirio kũheana ũhoro wa maũndũ marĩa mangĩahotire kũhingia.,0.622012725,0.338628636,Ted,,
,Security,Residents in flood and conflict'prone areas ordered to evacuate with routes and shelters listed.,Wakazi walioathiriwa na mafuriko na migogoro waliamriwa kuhama na njia na makao yaliyoorodheshwa.,Aikari a kũndũ kũrĩa kũkoragwo na mĩiyũro na mĩcemanio nĩ maathĩtwo mathiĩ na mbere gũikũrũka marĩ na njĩra na kũndũ kwa kũikaraga.,0.615413873,0.342500046,Misati,Aikari a kũndũ kũrĩa kũkoragwo na mĩiyũro na mĩcemanio nĩ maathĩtwo mathiĩ na mbere gũikũrũka marĩ na njĩra na kũndũ kwa kũikaraga.,0.615413873,0.342500046,Ted,,
,Security,Government issued updates on North Rift anti'bandit operations and reaffirmed commitment to security.,Serikali ilitoa taarifa kuhusu shughuli za kupambana na wahalifu katika North Rift na ikahakikisha tena kujitolea kwa usalama.,Thirikari nĩ ĩrutĩte ũhoro wa maũndũ marĩa marekĩka nĩ ũndũ wa kũrũa na ikundi cia andũ arĩa mahũthagĩra ũgwati wa North Rift na ĩgĩkĩmenyithia atĩ nĩ ĩrũmagĩrĩra ũtongoria wa ũgitĩri.,0.493751029,0.378682003,Misati,Thirikari nĩ ĩrutĩte ũhoro wa maũndũ marĩa marekĩka nĩ ũndũ wa kũrũa na ikundi cia andũ arĩa mahũthagĩra ũgwati wa North Rift na ĩgĩkĩmenyithia atĩ nĩ ĩrũmagĩrĩra ũtongoria wa ũgitĩri.,0.493751029,0.378682003,Ted,,
,Security,NPS reminded officers to avoid misuse of force during protests and maintain professionalism.,NPS iliwakumbusha maafisa wa kuzuia matumizi mabaya ya nguvu wakati wa maandamano na kudumisha utaalamu.,NPS nĩ ĩririkanirie anene a thitango atĩ nĩ megũregana na kũhũthĩra hinya hĩndĩ ya mĩario na magĩe na ũmenyeru.,0.662939045,0.429574639,Misati,NPS nĩ ĩririkanirie anene a thitango atĩ nĩ megũregana na kũhũthĩra hinya hĩndĩ ya mĩario na magĩe na ũmenyeru.,0.662939045,0.429574639,Ted,,
,Security,US Embassy warned of potential unrest during primaries and urged citizens to avoid large gatherings.,Ubalozi wa Marekani ulikumbusha kuhusu machafuko yanayoweza kutokea wakati wa uchaguzi mkuu na kuwahimiza raia waepuke makusanyiko makubwa.,Ũmarĩ wa Amerika nĩ wamenyithirie atĩ nĩ kũrĩ na ũgarũrũku wa maũndũ hĩndĩ ya gĩthurano kĩa mbere na ũkĩringĩrĩria andũ gwĩthema mĩcemanio mĩingĩ.,0.590747728,0.421085861,Misati,Ũmarĩ wa Amerika nĩ wamenyithirie atĩ nĩ kũrĩ na ũgarũrũku wa maũndũ hĩndĩ ya gĩthurano kĩa mbere na ũkĩringĩrĩria andũ gwĩthema mĩcemanio mĩingĩ.,0.590747728,0.421085861,Ted,,
,Security,"Government declared a nationwide high-alert and urged citizens to remain calm, report suspicious activity, and cooperate with security agencies.","Serikali ilitangaza hali ya tahadhari ya taifa nzima na kuwahimiza raia wabaki wakiwa na utulivu, kutoa ripoti za shughuli za mashaka, na kushirikiana na mashirika ya usalama.","Thirikari nĩ yamenyithanirie bũrũri wothe na ĩkĩringĩrĩria andũ gũikara marĩ na ũhoreri, kũruta wĩra ũtarĩ wa kĩhooto, na kũnyitanĩra na honge cia ũgitĩri.",0.553218057,0.500198099,Misati,"Thirikari nĩ yamenyithanirie bũrũri wothe na ĩkĩringĩrĩria andũ gũikara marĩ na ũhoreri, kũruta wĩra ũtarĩ wa kĩhooto, na kũnyitanĩra na honge cia ũgitĩri.",0.553218057,0.500198099,Ted,,
,Security,NPS warned the public about a fake police recruitment advert online and advised job seekers to rely only on official government platforms.,NPS ilionya umma kuhusu tangazo bandia la kuajiri polisi mtandaoni na kuwapa watu wanaotafuta kazi ushauri wa kutegemea tu majukwaa rasmi ya serikali.,NPS nĩ ĩgĩteithĩrĩirie andũ ũhoro wa kũmenyithia andũ ũhoro wa kũingĩra thigari-inĩ wa gũthondeka andũ na njĩra ya mahĩtia na ĩgĩthaitha arĩa marenda wĩra meyumĩrie o na marĩ na mĩbango ya thirikari.,0.6662688,0.344025843,Misati,NPS nĩ ĩgĩteithĩrĩirie andũ ũhoro wa kũmenyithia andũ ũhoro wa kũingĩra thigari-inĩ wa gũthondeka andũ na njĩra ya mahĩtia na ĩgĩthaitha arĩa marenda wĩra meyumĩrie o na marĩ na mĩbango ya thirikari.,0.6662688,0.344025843,Ted,,
,Security,NPS dismissed a viral terror-warning poster as a hoax and urged the public to verify information before sharing.,NPS ilipuuza barua ya kuonya ya ugaidi kuwa ni udanganyifu na ikawaomba watu waangalie habari kabla ya kushiriki.,NPS nĩ ĩtiganĩirie gĩtabarĩ kĩa mũkaana wa kũmakania nĩ ũndũ wa kũhĩtithia na ĩkĩringĩrĩria andũ mathiĩ na mbere gũthuthuria ũhoro ũcio mbere ya kũheana.,0.432108214,0.38888701,Misati,NPS nĩ ĩtiganĩirie gĩtabarĩ kĩa mũkaana wa kũmakania nĩ ũndũ wa kũhĩtithia na ĩkĩringĩrĩria andũ mathiĩ na mbere gũthuthuria ũhoro ũcio mbere ya kũheana.,0.432108214,0.38888701,Ted,,
,Security,Ministry of Interior advised evacuations in conflict-prone and flood-affected areas and deployed emergency response teams.,Wizara ya Mambo ya Ndani iliwashauri watu waondoke katika maeneo yaliyoathiriwa na vita na mafuriko na kutuma timu za kukabiliana na dharura.,Ũtungata wa bũrũri wa Kenya nĩ watũmanĩire atĩ andũ magĩrĩirwo nĩ kũruta wĩra wa kũruta wĩra wa kũruta wĩra wa kũruta wĩra wa kũruta wĩra wa kũruta wĩra wa kũruta wĩra wa kũruta wĩra wa kũruta wĩra wa kũruta wĩra wa kũruta wĩra wa kũruta wĩra wa kũruta wĩra wa kũruta wĩra wa kũruta wĩra wa kũruta wĩra wa kũruta wĩra wa kũruta wĩra wa kũruta wĩra wa kũruta wĩra wa kũruta wĩra wa kũruta wĩra wa kũruta wĩra wa kũruta wĩra wa kũruta wĩra wa kũruta wĩra wa kũruta wĩra wa kũruta wĩra wa kũruta wĩra wa kũruta wĩra wa kũruta wĩra wa kũruta wĩra wa kũruta wĩra wa kũruta wĩra wa kũruta wĩra wa kũruta wĩra wa kũruta wĩra wa kũruta wĩra wa kũruta wĩra wa kũruta wĩra wa kũruta wĩra wa kũruta wĩra wa kũruta wĩra wa kũruta wĩra wa kũruta wĩra wa,0.666112515,0.440255054,Misati,Ũtungata wa bũrũri wa Kenya nĩ watũmanĩire atĩ andũ magĩrĩirwo nĩ kũruta wĩra wa kũruta wĩra wa kũruta wĩra wa kũruta wĩra wa kũruta wĩra wa kũruta wĩra wa kũruta wĩra wa kũruta wĩra wa kũruta wĩra wa kũruta wĩra wa kũruta wĩra wa kũruta wĩra wa kũruta wĩra wa kũruta wĩra wa kũruta wĩra wa kũruta wĩra wa kũruta wĩra wa kũruta wĩra wa kũruta wĩra wa kũruta wĩra wa kũruta wĩra wa kũruta wĩra wa kũruta wĩra wa kũruta wĩra wa kũruta wĩra wa kũruta wĩra wa kũruta wĩra wa kũruta wĩra wa kũruta wĩra wa kũruta wĩra wa kũruta wĩra wa kũruta wĩra wa kũruta wĩra wa kũruta wĩra wa kũruta wĩra wa kũruta wĩra wa kũruta wĩra wa kũruta wĩra wa kũruta wĩra wa kũruta wĩra wa kũruta wĩra wa kũruta wĩra wa kũruta wĩra wa kũruta wĩra wa kũruta wĩra wa,0.666112515,0.440255054,Ted,,
,Security,NPS reiterated guidance for officers to use proportional force during protests and to prioritize peaceful engagement.,NPS ilirudia mwongozo kwa maafisa kutumia nguvu kwa usawa wakati wa maandamano na kuweka kipaumbele ushirikiano wa amani.,NPS nĩ ĩcoketie ũtaaro wa atĩ anene a thitango cia bũrũri magĩrĩire kũhũthĩra hinya wa kĩhooto hĩndĩ ya mĩario ya kũrũa na kũhũthĩra hinya wa thayũ.,0.610655488,0.332344166,Misati,NPS nĩ ĩcoketie ũtaaro wa atĩ anene a thitango cia bũrũri magĩrĩire kũhũthĩra hinya wa kĩhooto hĩndĩ ya mĩario ya kũrũa na kũhũthĩra hinya wa thayũ.,0.610655488,0.332344166,Ted,,
,Security,U.S. Embassy renewed its advisory on possible unrest during U.S. primaries and urged heightened vigilance in demonstration-prone areas.,Ubalozi wa Marekani umeongeza ushauri wake kuhusu machafuko yanayowezekana wakati wa uchaguzi wa Marekani na kudai tahadhari zaidi katika maeneo yanayoelekea maandamano.,Ũrũgamĩrĩri wa Amerika nĩ ũratũmanĩrĩire na maũndũ marĩa mangĩgũkora hĩndĩ ya gĩthurano kĩa mbere kĩa Amerika na ũkĩringĩrĩria andũ makorũo marĩ na ũmenyo makĩria kũndũ kũrĩa kũkoragwo na mogarũrũku.,0.548748564,0.362828474,Misati,Ũrũgamĩrĩri wa Amerika nĩ ũratũmanĩrĩire na maũndũ marĩa mangĩgũkora hĩndĩ ya gĩthurano kĩa mbere kĩa Amerika na ũkĩringĩrĩria andũ makorũo marĩ na ũmenyo makĩria kũndũ kũrĩa kũkoragwo na mogarũrũku.,0.548748564,0.362828474,Ted,,
,Security,Authorities issued detailed Cyclone Hidaya safety guidance urging coastal residents to secure property and avoid non-essential travel.,Mamlaka zilitoa mwongozo wa usalama wa Kimbunga Hidaya kwa undani na kuwahimiza wakazi wa pwani wahifadhi mali zao na kuepuka kusafiri zisizo za lazima.,Athirikari nĩ ciarutire ũtaaro wa bata wa ũgitĩri wa kĩhuhũkanio kĩa Hidaya makĩringĩrĩria aikari a mabũrũri marĩa marĩ hũgũrũrũ-inĩ cia iria gwĩthondeka indo ciao na gwĩthema gũthiĩ kũndũ kũngĩ kũtarĩ kwa bata.,0.61916372,0.546594737,Misati,Athirikari nĩ ciarutire ũtaaro wa bata wa ũgitĩri wa kĩhuhũkanio kĩa Hidaya makĩringĩrĩria aikari a mabũrũri marĩa marĩ hũgũrũrũ-inĩ cia iria gwĩthondeka indo ciao na gwĩthema gũthiĩ kũndũ kũngĩ kũtarĩ kwa bata.,0.61916372,0.546594737,Ted,,
,Security,Authorities notified the public of an Al-Shabaab attack in Garissa and urged vigilance as additional troops were deployed.,Mamlaka yalitangaza kwa umma shambulio la Al-Shabaab huko Garissa na kudai kuwa macho wakati majeshi ya ziada yalipoanzishwa.,Athirikari nĩ mamenyithanirie andũ aingĩ ũhoro wa mũbango wa Al-Shabaab wa kũhũũra Garissa na makĩmeera mathiĩ na mbere na kũmenyerera tondũ nĩ kwambĩrĩirie kũrutwo thigari ingĩ.,0.526918536,0.400967819,Misati,Athirikari nĩ mamenyithanirie andũ aingĩ ũhoro wa mũbango wa Al-Shabaab wa kũhũũra Garissa na makĩmeera mathiĩ na mbere na kũmenyerera tondũ nĩ kwambĩrĩirie kũrutwo thigari ingĩ.,0.526918536,0.400967819,Ted,,
,Security,NPS discredited multiple fake posters circulating online and urged the public to avoid sharing unverified content.,NPS ilipuuza vipande vingi vya posta bandia vilivyosambazwa mtandaoni na kuwahimiza umma waepuke kushiriki yaliyomo bila kuthibitishwa.,NPS nĩ ĩhũthirie thirikari ya bũrũri wa Kenya na ĩgĩtongoria andũ aingĩ kũhũthĩra mabuku ma kũhuthĩra andũ arĩa angĩ.,0.479448395,0.188188234,Misati,NPS nĩ ĩhũthirie thirikari ya bũrũri wa Kenya na ĩgĩtongoria andũ aingĩ kũhũthĩra mabuku ma kũhuthĩra andũ arĩa angĩ.,0.479448395,0.188188234,Ted,,
,Security,"PRWG urged police to prevent masked infiltrators during protests, maintain professional crowd control, and ensure accountability for misconduct.","PRWG iliwahimiza polisi kuzuia waingiliaji waliojitokeza kwa mask wakati wa maandamano, kudumisha udhibiti wa umati wa watu, na kuhakikisha kuwa wanawajibika kwa tabia mbaya.","PRWG nĩ ĩgĩthaithire borithi kũgirĩrĩria andũ arĩa mahithĩte nguo cia kwĩhumba hĩndĩ ya mĩario, kũrũgamĩrĩra ũceke wa gĩkundi kĩa andũ na kũhingia ũira wa kũhingia maũndũ moru.",0.558485419,0.369093144,Misati,"PRWG nĩ ĩgĩthaithire borithi kũgirĩrĩria andũ arĩa mahithĩte nguo cia kwĩhumba hĩndĩ ya mĩario, kũrũgamĩrĩra ũceke wa gĩkundi kĩa andũ na kũhingia ũira wa kũhingia maũndũ moru.",0.558485419,0.369093144,Ted,,
,Security,"Amnesty Kenya reminded officers to respect protest rights, protect medics and journalists, and avoid excessive force.","Amnesty Kenya iliwakumbusha maafisa kuheshimu haki za maandamano, kulinda waganga na waandishi wa habari, na kuepuka kutumia nguvu kupita kiasi.","Amnesty Kenya nĩ ĩririkanirie anene a thirikari kũheana gĩtĩo kĩhooto gĩa kũrũĩrĩra, kũgitĩra athuri a ndagĩtarĩ na andĩki a mohoro, na gwĩthema kũhũthĩra hinya mũingĩ.",0.759167372,0.522011593,Misati,"Amnesty Kenya nĩ ĩririkanirie anene a thirikari kũheana gĩtĩo kĩhooto gĩa kũrũĩrĩra, kũgitĩra athuri a ndagĩtarĩ na andĩki a mohoro, na gwĩthema kũhũthĩra hinya mũingĩ.",0.759167372,0.522011593,Ted,,
,Security,United Nations urged Kenya to respect human rights during protests and called for independent investigations into killings and disappearances.,Umoja wa Mataifa umeomba Kenya iheshimu haki za binadamu wakati wa maandamano na kudai uchunguzi wa kujitegemea wa mauaji na kutoweka.,Mbaara cia Mũingĩ cia Kenya nĩ ciĩririe Kenya ĩrũmbũiyaga kĩhooto kĩa andũ hĩndĩ ya mĩario ya kũregana na morutani na ciũria cia kũniinwo kwa andũ na kũniinwo kwa andũ.,0.708583026,0.373085872,Misati,Mbaara cia Mũingĩ cia Kenya nĩ ciĩririe Kenya ĩrũmbũiyaga kĩhooto kĩa andũ hĩndĩ ya mĩario ya kũregana na morutani na ciũria cia kũniinwo kwa andũ na kũniinwo kwa andũ.,0.708583026,0.373085872,Ted,,
,Security,"U.S. Embassy warned citizens of risks during ongoing protests, advising avoidance of demonstration areas due to potential violence.","Ubalozi wa Marekani ulionya raia kuhusu hatari wakati wa maandamano yanayoendelea, na kuwaonya waepuke maeneo ya maandamano kwa sababu ya vurugu zinazowezekana.","Ũmarĩ wa Amerika nĩ wamenyithirie andũ a bũrũri wao makorũo na mogwati ma kũingĩra mĩcemanio-inĩ, na ũkĩmeera matige gũthiĩ kũndũ kũrĩa magathiaga mĩcemanio nĩ ũndũ wa ũhinya ũrĩa ũngĩoneka.",0.61123915,0.318838403,Misati,"Ũmarĩ wa Amerika nĩ wamenyithirie andũ a bũrũri wao makorũo na mogwati ma kũingĩra mĩcemanio-inĩ, na ũkĩmeera matige gũthiĩ kũndũ kũrĩa magathiaga mĩcemanio nĩ ũndũ wa ũhinya ũrĩa ũngĩoneka.",0.61123915,0.318838403,Ted,,
,Security,Public invited to contribute to development of artificial intelligence tools for detecting self radicalization and improving prevention strategies.,Umma uliombwa kuchangia katika maendeleo ya zana za akili ya bandia za kugundua kujitegemea na kuboresha mikakati ya kuzuia.,Andũ nĩ metĩkĩrĩtio kũruta wĩra wa kũruta wĩra wa kũhũthĩra indo cia ũgĩ cia kũgeria kwĩyonera na kũgeria kũgeria kũgeria kũgirĩrĩria.,0.615650364,0.322183109,Misati,Andũ nĩ metĩkĩrĩtio kũruta wĩra wa kũruta wĩra wa kũhũthĩra indo cia ũgĩ cia kũgeria kwĩyonera na kũgeria kũgeria kũgeria kũgirĩrĩria.,0.615650364,0.322183109,Ted,,
,Security,The National Counter Terrorism Centre continues public alerts urging vigilance and reporting of suspicious activity.,Kituo cha Kitaifa cha Kupambana na Ugaidi kinaendelea kutoa tahadhari kwa umma na kuhimiza watu wawe macho na kutoa ripoti za shughuli za mashaka.,Kĩama kĩa National Counter Terrorism kĩrathiĩ na mbere kũmenyithia andũ ũhoro wa maũndũ marĩa mangĩthũkia andũ na kũmeera mathiĩ na mbere kũmenyerera.,0.565697013,0.374344983,Misati,Kĩama kĩa National Counter Terrorism kĩrathiĩ na mbere kũmenyithia andũ ũhoro wa maũndũ marĩa mangĩthũkia andũ na kũmeera mathiĩ na mbere kũmenyerera.,0.565697013,0.374344983,Ted,,
,Security,The National Counter Terrorism Centre calls for prompt reporting of suspicious activities.,Kituo cha Kitaifa cha Kupambana na Ugaidi kinataka kuripoti haraka shughuli za mashaka.,Kĩama kĩa National Counter-Terrorism Center kĩrabatara kũmenyithanio o narua ũhoro wa maũndũ marĩa mangĩkorũo marĩ mahĩtia.,0.60518186,0.451120443,Misati,Kĩama kĩa National Counter-Terrorism Center kĩrabatara kũmenyithanio o narua ũhoro wa maũndũ marĩa mangĩkorũo marĩ mahĩtia.,0.60518186,0.451120443,Ted,,
,Security,The United Kingdom advises visitors to remain vigilant due to terrorism threats targeting public areas.,Uingereza inashauri wageni waendelee kuwa macho kwa sababu ya vitisho vya ugaidi vinavyolenga maeneo ya umma.,Ũnene wa Ngeretha nĩ ũraga ageni gũikara marĩ na ũmenyo nĩ ũndũ wa mogwati ma ũgwati marĩa marakinyĩra kũndũ kwa mũingĩ.,0.707104877,0.381528267,Misati,Ũnene wa Ngeretha nĩ ũraga ageni gũikara marĩ na ũmenyo nĩ ũndũ wa mogwati ma ũgwati marĩa marakinyĩra kũndũ kwa mũingĩ.,0.707104877,0.381528267,Ted,,
,Security,Advisories highlight persistent al Shabaab threats and urge high situational awareness.,Ushauri unaonyesha vitisho vya al Shabaab vinavyoendelea na kudai ufahamu wa hali.,Ciũria cia bata mũno nĩ cia kũgeria kũgeria kũgeria kũgeria kũgeria kũgeria kũgeria kũgeria kũgeria kũgeria kũgeria kũgeria kũgeria kũgeria kũgeria kũgeria kũgeria kũgeria kũgeria kũgeria kũgeria kũgeria kũgeria kũgeria kũgeria kũgeria kũgeria kũgeria kũgeria kũgeria kũgeria kũgeria kũgeria kũgeria kũgeria kũgeria kũgeria kũgeria kũgeria kũgeria kũgeria kũgeria kũgeria kũgeria kũgeria kũgeria kũgeria kũgeria kũgeria kũgeria kũgeria kũgeria kũgeria kũgeria kũgeria kũgeria kũgeria kũgeria kũgeria kũgeria kũgeria kũgeria kũgeria kũgeria kũgeria kũgeria kũgeria kũgeria kũgeria kũgeria kũgeria kũgeria kũgeria kũgeria kũgeria kũgeria kũgeria kũgeria kũgeria kũgeria kũgeria kũgeria kũgeria kũgeria kũgeria kũgeria kũgeria kũgeria kũgeria kũgeria kũgeria kũgeria kũgeria kũgeria kũgeria kũ,0.518195451,0.446623737,Misati,Ciũria cia bata mũno nĩ cia kũgeria kũgeria kũgeria kũgeria kũgeria kũgeria kũgeria kũgeria kũgeria kũgeria kũgeria kũgeria kũgeria kũgeria kũgeria kũgeria kũgeria kũgeria kũgeria kũgeria kũgeria kũgeria kũgeria kũgeria kũgeria kũgeria kũgeria kũgeria kũgeria kũgeria kũgeria kũgeria kũgeria kũgeria kũgeria kũgeria kũgeria kũgeria kũgeria kũgeria kũgeria kũgeria kũgeria kũgeria kũgeria kũgeria kũgeria kũgeria kũgeria kũgeria kũgeria kũgeria kũgeria kũgeria kũgeria kũgeria kũgeria kũgeria kũgeria kũgeria kũgeria kũgeria kũgeria kũgeria kũgeria kũgeria kũgeria kũgeria kũgeria kũgeria kũgeria kũgeria kũgeria kũgeria kũgeria kũgeria kũgeria kũgeria kũgeria kũgeria kũgeria kũgeria kũgeria kũgeria kũgeria kũgeria kũgeria kũgeria kũgeria kũgeria kũgeria kũgeria kũgeria kũgeria kũgeria kũ,0.518195451,0.446623737,Ted,,
,Security,A terrorism threat report outlines activity by al Shabaab and IS and stresses public vigilance.,Ripoti ya tishio la kigaidi inaelezea shughuli za al Shabaab na IS na kusisitiza tahadhari ya umma.,Riboti ya mũbango wa ũgwati wa ũgwati nĩ ĩramenya maũndũ marĩa marekwo nĩ al Shabaab na IS na ĩgĩkindĩria ũmenyo wa andũ.,0.721732856,0.447484146,Misati,Riboti ya mũbango wa ũgwati wa ũgwati nĩ ĩramenya maũndũ marĩa marekwo nĩ al Shabaab na IS na ĩgĩkindĩria ũmenyo wa andũ.,0.721732856,0.447484146,Ted,,
,Security,Advisory highlighting increased terrorism threats in the United States and urging vigilance and reporting of suspicious activities.,Ushauri kuonyesha kuongezeka kwa vitisho vya ugaidi katika Marekani na kushauri tahadhari na kuripoti shughuli za mashaka.,Kũmenyithia andũ ũhoro wa mogithania ma ũteti wa ũteti ũrĩa wongererekete bũrũri-inĩ wa Amerika na kũmekĩra ngoro makorũo marĩ na ũmenyo na marute riboti cia maũndũ marĩa mangĩtũma andũ manyamarĩke.,0.613662817,0.376839915,Misati,Kũmenyithia andũ ũhoro wa mogithania ma ũteti wa ũteti ũrĩa wongererekete bũrũri-inĩ wa Amerika na kũmekĩra ngoro makorũo marĩ na ũmenyo na marute riboti cia maũndũ marĩa mangĩtũma andũ manyamarĩke.,0.613662817,0.376839915,Ted,,
,Security,National campaign encouraging the public to report suspicious activity to prevent terrorism related crimes.,Kampeni ya kitaifa ya kuhamasisha umma kuripoti shughuli za mashaka za kuzuia uhalifu unaohusiana na ugaidi.,Kũhunjia ũhoro wa maũndũ marĩa mangĩkorũo marĩ mahĩtia nĩ ũndũ wa kũgirĩrĩria andũ gũkua mĩtugo mĩũru.,0.678835057,0.364109687,Misati,Kũhunjia ũhoro wa maũndũ marĩa mangĩkorũo marĩ mahĩtia nĩ ũndũ wa kũgirĩrĩria andũ gũkua mĩtugo mĩũru.,0.678835057,0.364109687,Ted,,
,Security,Message encouraging citizens to recognize and report suspicious behavior noting that vigilance strengthens community security.,Ujumbe unaowahimiza raia kutambua na kuripoti tabia ya mashaka ikitaja kuwa tahadhari inaimarisha usalama wa jamii.,"Ndũmĩrĩri ĩrĩa yekagĩra andũ ngoro mamenye na mamenye mĩtugo ya kũgegania, makĩonania atĩ kwĩmenyerera nĩ kũngũmaga andũ a itũũra makorũo na ũgitĩri.",0.550908658,0.409412354,Misati,"Ndũmĩrĩri ĩrĩa yekagĩra andũ ngoro mamenye na mamenye mĩtugo ya kũgegania, makĩonania atĩ kwĩmenyerera nĩ kũngũmaga andũ a itũũra makorũo na ũgitĩri.",0.550908658,0.409412354,Ted,,
,Security,"Advisory urging reporting of suspicious activity in public spaces such as schools, concerts, and sporting events.","Ushauri wa kuhimiza kuripoti shughuli za mashaka katika maeneo ya umma kama vile shule, matamasha, na matukio ya michezo.","Kũmenyithia andũ ũhoro wa maũndũ marĩa mangĩtũma andũ manyamarĩke kũndũ kwa mũingĩ ta cukuru, ikinya rĩa ikinya rĩa kĩhooto, na maũndũ ma mathako.",0.650228738,0.427323261,Misati,"Kũmenyithia andũ ũhoro wa maũndũ marĩa mangĩtũma andũ manyamarĩke kũndũ kwa mũingĩ ta cukuru, ikinya rĩa ikinya rĩa kĩhooto, na maũndũ ma mathako.",0.650228738,0.427323261,Ted,,
,Security,Kenya updated the PBO Act to tighten oversight on terrorism financing. Stay compliant and report suspicious activity.,Kenya iliongeza sheria ya PBO ili kuimarisha usimamizi wa fedha za ugaidi.,Kenya nĩ ĩcoketie watho wa PBO nĩguo ĩgĩe na ũhoti wa kũhingia ũcuke wa ũteti.,0.539246246,0.354748964,Misati,Kenya nĩ ĩcoketie watho wa PBO nĩguo ĩgĩe na ũhoti wa kũhingia ũcuke wa ũteti.,0.539246246,0.354748964,Ted,,
,Security,Corruption threatens security and growth. Report unethical conduct to safeguard public resources.,Ufisadi hutishia usalama na ukuaji. Ripoti tabia isiyo ya maadili ili kulinda rasilimali za umma.,Ũng'endu nĩ ũhĩtithagia ũtonga na ũgatũma andũ makũre.,0.620558258,0.381432891,Misati,Ũng'endu nĩ ũhĩtithagia ũtonga na ũgatũma andũ makũre.,0.620558258,0.381432891,Ted,,
,Security,Report corruption anonymously through hotlines and portals to support fast investigations.,Ripoti ufisadi kwa jina bila majina kupitia hotlines na maduka ya kusaidia uchunguzi wa haraka.,Kũmenyithia andũ ũhoro wa ũkoroku na njĩra ya kũmenyeka kũgerera thimũ cia kũhoera na indo cia kũruta wĩra nĩguo magĩe na ũira wa mĩtũkĩ.,0.576909395,0.320012483,Misati,Kũmenyithia andũ ũhoro wa ũkoroku na njĩra ya kũmenyeka kũgerera thimũ cia kũhoera na indo cia kũruta wĩra nĩguo magĩe na ũira wa mĩtũkĩ.,0.576909395,0.320012483,Ted,,
,Security,Learn how corruption affects services and take part in community education to prevent it.,Jifunze jinsi ufisadi unavyoathiri huduma na ujiunge na elimu ya jamii ili kuizuia.,Wĩrute ũrĩa ũkoroku ũhutagia thirikari na wĩrute maũndũ ma ũmenyeru nĩguo ũgirĩrĩrie.,0.677272124,0.423115118,Misati,Wĩrute ũrĩa ũkoroku ũhutagia thirikari na wĩrute maũndũ ma ũmenyeru nĩguo ũgirĩrĩrie.,0.677272124,0.423115118,Ted,,
,Security,Know your rights and demand integrity from public officials to reduce corruption risks.,Jua haki zako na uwaombe maafisa wa serikali wawe wanyoofu ili kupunguza hatari za ufisadi.,Menya ũhoro wa kĩhooto gĩaku na ũbatare athuri a thirikari matige kũgĩa na ũkararia nĩguo ũhote kũniina mogwati ma ũkoroku.,0.654973202,0.395128503,Misati,Menya ũhoro wa kĩhooto gĩaku na ũbatare athuri a thirikari matige kũgĩa na ũkararia nĩguo ũhote kũniina mogwati ma ũkoroku.,0.654973202,0.395128503,Ted,,
,Security,Civil society networks across Africa push for transparency. Support governance-strengthening efforts.,Mtandao wa jamii ya kiraia kote Afrika unaendeleza uwazi.,Ciĩga cia andũ thĩinĩ wa Afrika nĩ ciĩragĩrĩra ũtararĩku.,0.545202068,0.304700918,Misati,Ciĩga cia andũ thĩinĩ wa Afrika nĩ ciĩragĩrĩra ũtararĩku.,0.545202068,0.304700918,Ted,,
,Security,Transparent governance improves safety and service delivery. Stay alert and speak up in your community.,Utawala wa uwazi huongeza usalama na huduma zinazotolewa.,Ũtongoria ũrĩ na ũgarũrũku wa maũndũ nĩ ũragĩte ũgitĩri na ũheani wa ũtungata ũkorũo ũrĩ mwega.,0.52776555,0.437120807,Misati,Ũtongoria ũrĩ na ũgarũrũku wa maũndũ nĩ ũragĩte ũgitĩri na ũheani wa ũtungata ũkorũo ũrĩ mwega.,0.52776555,0.437120807,Ted,,
,Security,Reporting corruption aids asset recovery and strengthens law enforcement. Use official channels.,Kueleza kuhusu ufisadi husaidia kupata mali na kuimarisha utekelezaji wa sheria.,Kũmenyithia andũ ũhoro wa ũkoroku nĩ gũteithagia kũhonokia indo na gũteithĩrĩria arĩa marũmagĩrĩra watho.,0.609926456,0.454484027,Misati,Kũmenyithia andũ ũhoro wa ũkoroku nĩ gũteithagia kũhonokia indo na gũteithĩrĩria arĩa marũmagĩrĩra watho.,0.609926456,0.454484027,Ted,,
,Security,Terror threats remain high; avoid high profile crowded areas.,Tisho la ugaidi linaendelea kuwa kubwa; epuka maeneo yenye watu wengi.,Kũrĩ na ũgwati mũnene wa ũgwati; wĩtheme kũndũ kũrĩa andũ aingĩ matũũraga.,0.658735658,0.418058142,Misati,Kũrĩ na ũgwati mũnene wa ũgwati; wĩtheme kũndũ kũrĩa andũ aingĩ matũũraga.,0.658735658,0.418058142,Ted,,
,Security,July 7 protests expected; avoid major towns and demonstrations.,Maandamano ya Julai 7 yanatarajiwa; epuka miji mikubwa na maandamano.,Andũ nĩ merĩgĩrĩire kũrũa na mĩario ya mweri wa mũgwanja wa Julai; nĩ megũkwĩhithĩrĩra matũũra manene na mĩario.,0.666462776,0.334619886,Misati,Andũ nĩ merĩgĩrĩire kũrũa na mĩario ya mweri wa mũgwanja wa Julai; nĩ megũkwĩhithĩrĩra matũũra manene na mĩario.,0.666462776,0.334619886,Ted,,
,Security,Nationwide Saba Saba protests expected; avoid busy areas.,Matangazo ya Saba Saba yalitarajiwa nchini kote; epuka maeneo yenye shughuli nyingi.,Andũ nĩ merĩgĩrĩire kũrũa na morutani ma Saba Saba bũrũri-inĩ wothe; wĩtheme kũndũ kũrĩa andũ aingĩ matũũraga.,0.615886239,0.390923762,Misati,Andũ nĩ merĩgĩrĩire kũrũa na morutani ma Saba Saba bũrũri-inĩ wothe; wĩtheme kũndũ kũrĩa andũ aingĩ matũũraga.,0.615886239,0.390923762,Ted,,
,Security,WHO warns of virus outbreak; follow safety advisories.,WHO inaonya kuhusu kuenea kwa virusi; fuata mashauri ya usalama.,WHO nĩ ĩraheana mũkaana wĩgiĩ kũtherera kwa virus; rũmĩrĩra ũtaaro wa ũgitĩri.,0.66467935,0.537948295,Misati,WHO nĩ ĩraheana mũkaana wĩgiĩ kũtherera kwa virus; rũmĩrĩra ũtaaro wa ũgitĩri.,0.66467935,0.537948295,Ted,,
,Security,UK urges vigilance due to terrorism and public order risks.,Uingereza inataka kuwa macho kutokana na ugaidi na hatari za utaratibu wa umma.,Ũnene wa Ngeretha nĩ ũragĩrĩria andũ kũiguaga marĩ na ũmenyo nĩ ũndũ wa mogwati ma ũteti na maathani ma andũ.,0.658287003,0.320960544,Misati,Ũnene wa Ngeretha nĩ ũragĩrĩria andũ kũiguaga marĩ na ũmenyo nĩ ũndũ wa mogwati ma ũteti na maathani ma andũ.,0.658287003,0.320960544,Ted,,
,Security,US warns of Nairobi CBD protests; plan movement carefully.,Marekani inaonya kuhusu maandamano ya Nairobi CBD; kupanga harakati kwa makini.,Amerika nĩ ĩgwĩtaga ũhoro wa mĩario ya Nairobi CBD; wĩcirie wega ũrĩa ũrahota gũthiĩ.,0.644639267,0.276232564,Misati,Amerika nĩ ĩgwĩtaga ũhoro wa mĩario ya Nairobi CBD; wĩcirie wega ũrĩa ũrahota gũthiĩ.,0.644639267,0.276232564,Ted,,
,Security,Canada warns of terrorism near borders; avoid border areas.,Kanada inaonya kuhusu ugaidi karibu na mipaka; epuka maeneo ya mipaka.,Canada nĩ ĩraheana mũkaana wĩgiĩ ũgwati hakuhĩ na mĩhaka; wĩtheme kũndũ kũrĩa kũrĩ mĩhaka.,0.742216522,0.517297016,Misati,Canada nĩ ĩraheana mũkaana wĩgiĩ ũgwati hakuhĩ na mĩhaka; wĩtheme kũndũ kũrĩa kũrĩ mĩhaka.,0.742216522,0.517297016,Ted,,
,Security,Rise in robberies during protests calls for stronger security planning.,Kuongezeka kwa wizi wakati wa maandamano hudai mipango ya usalama yenye nguvu.,Kũingĩha kwa ũici wa andũ hĩndĩ ya morutani nĩ kũbataraga kũbanga maũndũ ma kwĩgitĩra.,0.590850661,0.398494577,Misati,Kũingĩha kwa ũici wa andũ hĩndĩ ya morutani nĩ kũbataraga kũbanga maũndũ ma kwĩgitĩra.,0.590850661,0.398494577,Ted,,
,Security,KNCHR urges caution after violent protests.,KNCHR inataka tahadhari baada ya maandamano ya vurugu.,KNCHR nĩ ĩringithanagia ũgitĩri thutha wa mĩario ya ũhinya.,0.667320259,0.499801298,Misati,KNCHR nĩ ĩringithanagia ũgitĩri thutha wa mĩario ya ũhinya.,0.667320259,0.499801298,Ted,,
,Security,Gang violence rising in Nakuru; report suspicious activity.,Jeuri ya genge inaongezeka Nakuru; ripoti ya shughuli za mashaka.,Ũhinya wa gĩkundi kĩa andũ ũrakũra Nakuru; riboti ya maũndũ marĩa mangĩkorũo marĩ mahĩtia.,0.573278207,0.420050481,Misati,Ũhinya wa gĩkundi kĩa andũ ũrakũra Nakuru; riboti ya maũndũ marĩa mangĩkorũo marĩ mahĩtia.,0.573278207,0.420050481,Ted,,
,Security,US warns of CBD closures; review personal safety.,Marekani inaonya kuhusu kufungwa kwa CBD; kuchunguza usalama wa kibinafsi.,Amerika nĩ ĩraheana mũkaana wĩgiĩ kũhingia CBD; gũthuthuria ũgitĩri wa mũndũ.,0.612520329,0.455714432,Misati,Amerika nĩ ĩraheana mũkaana wĩgiĩ kũhingia CBD; gũthuthuria ũgitĩri wa mũndũ.,0.612520329,0.455714432,Ted,,
,Security,Coastal counties face disputes; remain vigilant.,Wilaya za pwani zinakabiliwa na mizozo; endelea kuwa macho.,Igoti cia mabũrũri marĩa marĩ hũgũrũrũ-inĩ cia iria nĩ ikoragwo na mathĩna; no mũhaka ikorũo irĩ na ũmenyo.,0.662373451,0.43569927,Misati,Igoti cia mabũrũri marĩa marĩ hũgũrũrũ-inĩ cia iria nĩ ikoragwo na mathĩna; no mũhaka ikorũo irĩ na ũmenyo.,0.662373451,0.43569927,Ted,,
,Security,UN calls for accountability after protester deaths.,Umoja wa Mataifa unatafuta uwajibikaji baada ya vifo vya waandamanaji.,Ũrũmbi wa Mabũrũri wa ONU nĩ ũracaria andũ macoke macoke macoke macoke macoke macoke macoke macoke macoke macoke macoke macoke macoke macoke macoke macoke macoke macoke macoke macoke macoke macoke macoke macoke macoke macoke macoke macoke macoke macoke macoke macoke macoke macoke macoke macoke macoke macoke macoke macoke macoke macoke macoke macoke macoke macoke macoke macoke macoke macoke macoke macoke macoke macoke macoke macoke macoke macoke macoke macoke macoke macoke macoke macoke macoke macoke macoke macoke macoke macoke macoke macoke macoke macoke macoke macoke macoke macoke macoke macoke macoke macoke macoke macoke macoke macoke macoke macoke macoke macoke macoke macoke,0.67483115,0.701190645,Misati,Ũrũmbi wa Mabũrũri wa ONU nĩ ũracaria andũ macoke macoke macoke macoke macoke macoke macoke macoke macoke macoke macoke macoke macoke macoke macoke macoke macoke macoke macoke macoke macoke macoke macoke macoke macoke macoke macoke macoke macoke macoke macoke macoke macoke macoke macoke macoke macoke macoke macoke macoke macoke macoke macoke macoke macoke macoke macoke macoke macoke macoke macoke macoke macoke macoke macoke macoke macoke macoke macoke macoke macoke macoke macoke macoke macoke macoke macoke macoke macoke macoke macoke macoke macoke macoke macoke macoke macoke macoke macoke macoke macoke macoke macoke macoke macoke macoke macoke macoke macoke macoke macoke macoke,0.67483115,0.701190645,Ted,,
,Security,Security risks rising; remain alert near Somalia border.,Hatari za usalama zinaongezeka; endelea kuwa macho karibu na mpaka wa Somalia.,Ũgwati wa ũgitĩri nĩ ũrakũra; no ũikarage ũrĩ mwĩiguĩte hakuhĩ na mũhaka wa Somalia.,0.728629473,0.48613349,Misati,Ũgwati wa ũgitĩri nĩ ũrakũra; no ũikarage ũrĩ mwĩiguĩte hakuhĩ na mũhaka wa Somalia.,0.728629473,0.48613349,Ted,,
,Security,WHO urges vigilance in virus outbreak response.,WHO inashauri kuwa macho katika kukabiliana na maambukizi ya virusi.,WHO nĩ ĩraga andũ makorũo marĩ na ũmenyo wĩgiĩ kũhiũrania na mũrimũ ũcio.,0.530330918,0.454487618,Misati,WHO nĩ ĩraga andũ makorũo marĩ na ũmenyo wĩgiĩ kũhiũrania na mũrimũ ũcio.,0.530330918,0.454487618,Ted,,
,Security,UK urges caution in urban centers due to terrorism threats.,Uingereza inataka tahadhari katika miji kwa sababu ya vitisho vya ugaidi.,Ũkarĩ wa Gĩkristiano nĩ ũrathagathaga andũ magĩe na ũmenyo mũno taũni-inĩ cia taũni nĩ ũndũ wa mĩnyamaro ya ũgwati.,0.655217299,0.341910638,Misati,Ũkarĩ wa Gĩkristiano nĩ ũrathagathaga andũ magĩe na ũmenyo mũno taũni-inĩ cia taũni nĩ ũndũ wa mĩnyamaro ya ũgwati.,0.655217299,0.341910638,Ted,,
,Security,Coastal counties advised to stay alert to gang activity.,Majimbo ya pwani yaliwashauri wajihadhari na shughuli za genge.,Igoti rĩa mabũrũri marĩa marĩ hũgũrũrũ-inĩ cia iria rĩrĩa inene nĩ rĩarugire atĩ nĩ rĩagĩrĩirũo gũkorũo rĩiguĩte nĩ maũndũ marĩa makoragwo kuo.,0.586540113,0.399338256,Misati,Igoti rĩa mabũrũri marĩa marĩ hũgũrũrũ-inĩ cia iria rĩrĩa inene nĩ rĩarugire atĩ nĩ rĩagĩrĩirũo gũkorũo rĩiguĩte nĩ maũndũ marĩa makoragwo kuo.,0.586540113,0.399338256,Ted,,
,Security,Report environmental violations and support community advocacy for natural resource protection.,Ripoti ukiukaji wa mazingira na kusaidia utetezi wa jamii kwa ajili ya ulinzi wa rasilimali za asili.,Kũmenyithia ũhoro wa kũhĩtũkĩra mũthiithũ na kũnyita mbaru mĩbango ya andũ ya kũgitĩra indo cia ndũire.,0.763715802,0.509066507,Misati,Kũmenyithia ũhoro wa kũhĩtũkĩra mũthiithũ na kũnyita mbaru mĩbango ya andũ ya kũgitĩra indo cia ndũire.,0.763715802,0.509066507,Ted,,
,Security,"Engage in antidiscrimination, refugee inclusion, and youth empowerment initiatives","Kujiunga na mipango ya kupambana na ubaguzi, kuingiza wakimbizi, na kuwawezesha vijana","Kũruta wĩra wa kũrũa na mĩtugo ya gũcũnga mĩtugo, kũingĩra andũ arĩa matoragĩra bũrũri-inĩ, na kũhe andũ hinya",0.636716396,0.381569447,Misati,"Kũruta wĩra wa kũrũa na mĩtugo ya gũcũnga mĩtugo, kũingĩra andũ arĩa matoragĩra bũrũri-inĩ, na kũhe andũ hinya",0.636716396,0.381569447,Ted,,
,Security,"Raise awareness on workplace harassment, human rights, and civic responsibilities.","Kuongeza ufahamu kuhusu kuonewa kazi, haki za binadamu, na wajibu wa raia.","Kũmenyeria andũ ũhoro wa kũhinyĩrĩrio wĩra-inĩ, gwathĩkĩra mawatho ma andũ, na kwĩhinyĩrĩrio nĩ andũ.",0.533253635,0.455226647,Misati,"Kũmenyeria andũ ũhoro wa kũhinyĩrĩrio wĩra-inĩ, gwathĩkĩra mawatho ma andũ, na kwĩhinyĩrĩrio nĩ andũ.",0.533253635,0.455226647,Ted,,
,Security,"Join campaigns promoting public health, sanitation, and safe school environments.","Shiriki katika kampeni za kukuza afya ya umma, usafi wa mazingira, na mazingira salama shuleni.","Thamĩra mĩbango ya kũrehe ũgima wa mwĩrĩ wa andũ, ũgarũrũku wa mĩtugo ya andũ, na ũgitĩri wa thukuru.",0.743930506,0.446663051,Misati,"Thamĩra mĩbango ya kũrehe ũgima wa mwĩrĩ wa andũ, ũgarũrũku wa mĩtugo ya andũ, na ũgitĩri wa thukuru.",0.743930506,0.446663051,Ted,,
,Security,Support mobile legal aid and educational outreach for rural or marginalized communities.,Kuunga mkono msaada wa kisheria wa rununu na ufikiaji wa elimu kwa jamii za vijijini au walioachwa kando.,Kũnyita mbaru ũteithio wa kĩhooto na ũrutani wa gĩthomo kũrĩ andũ a mĩciĩ ya gatũũra kana arĩa mateheretio.,0.670857605,0.472638179,Misati,Kũnyita mbaru ũteithio wa kĩhooto na ũrutani wa gĩthomo kũrĩ andũ a mĩciĩ ya gatũũra kana arĩa mateheretio.,0.670857605,0.472638179,Ted,,
,Security,"Participate in programs advocating for mental health, gender equality, and disability rights.","Shiriki katika programu zinazounga mkono afya ya akili, usawa wa kijinsia, na haki za watu wenye ulemavu.","Gwatanĩra na mĩbango ya kũgitĩra andũ arĩa marĩ na mathĩna ma mwĩrĩ, ũigananĩru wa andũ a nja, na kĩhooto kĩa arĩa matarĩ na ũhoti.",0.719470493,0.475695556,Misati,"Gwatanĩra na mĩbango ya kũgitĩra andũ arĩa marĩ na mathĩna ma mwĩrĩ, ũigananĩru wa andũ a nja, na kĩhooto kĩa arĩa matarĩ na ũhoti.",0.719470493,0.475695556,Ted,,
,Security,"Report child labor, forced marriage, and abuse to relevant authorities or hotlines.","Ripoti kazi ya watoto, ndoa za kulazimishwa, na unyanyasaji kwa mamlaka zinazofaa au kwa simu za simu za mkononi.","Ũre mataaro ma kũruta ciana wĩra, kũhikania na kũhikania, na kũhinyĩrĩrio nĩ arĩa marenda kũruta wĩra kana arĩa marenda kũruta wĩra.",0.56038794,0.366535857,Misati,"Ũre mataaro ma kũruta ciana wĩra, kũhikania na kũhikania, na kũhinyĩrĩrio nĩ arĩa marenda kũruta wĩra kana arĩa marenda kũruta wĩra.",0.56038794,0.366535857,Ted,,
,Security,"Support education and awareness campaigns protecting children, women, refugees, and vulnerable groups","Kuunga mkono kampeni za elimu na ufahamu kwa ajili ya kulinda watoto, wanawake, wakimbizi na vikundi vya watu walio hatarini","Kũnyita mbaru mĩbango ya kũmenyithania na kũmenyithania ciana, atumia, andũ arĩa mathathaiyagia na ikundi itangĩhota kũgitĩra",0.668866947,0.49452746,Misati,"Kũnyita mbaru mĩbango ya kũmenyithania na kũmenyithania ciana, atumia, andũ arĩa mathathaiyagia na ikundi itangĩhota kũgitĩra",0.668866947,0.49452746,Ted,,
,Security,"Use community platforms to educate on disaster preparedness, emergency numbers, and safety protocols","Tumia majukwaa ya jamii kuelimisha kuhusu maandalizi ya misiba, nambari za dharura, na itifaki za usalama","Kũhũthĩra mĩcemanio ya andũ thĩinĩ wa gĩkundi kũruta andũ ũhoro wĩgiĩ kũhaarĩria mĩnyamaro, namba cia kũheana ũhoro wa ũgwati, na mawatho ma ũgitĩri",0.690161541,0.485713122,Misati,"Kũhũthĩra mĩcemanio ya andũ thĩinĩ wa gĩkundi kũruta andũ ũhoro wĩgiĩ kũhaarĩria mĩnyamaro, namba cia kũheana ũhoro wa ũgwati, na mawatho ma ũgitĩri",0.690161541,0.485713122,Ted,,
,Security,Be vigilant students are tricked into smuggling narcotics,Uwe mwangalifu wanafunzi wanapotoshwa na dawa za kulevya,Wĩmenyerere arutwo nĩ mahĩtĩtwo magĩtwarithia indo cia kũnyua ndawa cia kũrebia,0.524420919,0.413718966,Misati,Wĩmenyerere arutwo nĩ mahĩtĩtwo magĩtwarithia indo cia kũnyua ndawa cia kũrebia,0.524420919,0.413718966,Ted,,
,Security,"Encourage proper vehicle maintenance, child safety, and driver education programs","Himiza utunzaji sahihi wa magari, usalama wa watoto, na programu za elimu ya dereva","Kũheana ũteithio wa kũmenyeria ngari wega, kũmenyeria ciana, na kũruta atwarithia",0.610286105,0.550400765,Misati,"Kũheana ũteithio wa kũmenyeria ngari wega, kũmenyeria ciana, na kũruta atwarithia",0.610286105,0.550400765,Ted,,
,Security,Be on the lookout for criminals who use NGOs to launder money,Jihadharini na wahalifu wanaotumia mashirika yasiyo ya kiserikali kuosha pesa,Wĩmenyerere arĩa mahũthagĩra mĩhĩrĩga ya NGO gũthambia mbeca,0.73236489,0.537287536,Misati,Wĩmenyerere arĩa mahũthagĩra mĩhĩrĩga ya NGO gũthambia mbeca,0.73236489,0.537287536,Ted,,
,Security,"Report road accidents, unsafe vehicles, and reckless driving to authorities.","Ripoti aksidenti za barabarani, magari yasiyo salama, na kuendesha gari bila utaratibu kwa wenye mamlaka.","Taarĩria anene a thirikari ũhoro wa mogwati ma barabara, ngari itarĩ na ũgitĩri, na gũthiĩ na ngari itarĩ na ũmenyo.",0.739857068,0.504542359,Misati,"Taarĩria anene a thirikari ũhoro wa mogwati ma barabara, ngari itarĩ na ũgitĩri, na gũthiĩ na ngari itarĩ na ũmenyo.",0.739857068,0.504542359,Ted,,
,Security,"Share tips and awareness on safe driving practices, traffic regulations, and accident prevention","Shiriki vidokezo na ufahamu kuhusu mazoea salama ya kuendesha gari, kanuni za barabarani, na kuzuia aksidenti","Kũmenyithia andũ ũhoro wa njĩra cia gũtwarithia ngari na njĩra njega, mawatho ma barabara, na kũgirĩrĩria mĩnyamaro",0.716139067,0.508146607,Misati,"Kũmenyithia andũ ũhoro wa njĩra cia gũtwarithia ngari na njĩra njega, mawatho ma barabara, na kũgirĩrĩria mĩnyamaro",0.716139067,0.508146607,Ted,,
,Security,"Participate in public safety campaigns and trainings in schools, markets, and transport hubs","Kushiriki katika kampeni za usalama wa umma na mafunzo katika shule, masoko, na vituo vya usafiri",Kũruta wĩra wa kũruta wĩra wa ũgitĩri wa andũ na kũruta wĩra wa kũruta wĩra wa kũruta wĩra wa kũruta wĩra wa kũruta wĩra wa kũruta wĩra wa kũruta wĩra wa kũruta wĩra wa kũruta wĩra wa kũruta wĩra wa kũruta wĩra wa kũruta wĩra wa kũruta wĩra wa kũruta wĩra wa kũruta wĩra wa kũruta wĩra wa kũruta wĩra wa kũruta wĩra wa kũruta wĩra wa kũruta wĩra wa kũruta wĩra wa kũruta wĩra wa kũruta wĩra wa kũruta wĩra wa kũruta wĩra wa kũruta wĩra wa kũruta wĩra wa kũruta wĩra wa kũruta wĩra wa kũruta wĩra wa kũruta wĩra wa kũruta wĩra wa kũruta wĩra wa kũruta wĩra wa kũruta wĩra wa kũruta wĩra wa kũruta wĩra wa kũruta wĩra wa kũruta wĩra wa kũruta wĩra wa kũruta wĩra wa kũruta wĩra wa kũruta wĩra wa kũruta wĩra wa kũruta wĩra wa kũruta wĩra wa,0.824447375,0.493753127,Misati,Kũruta wĩra wa kũruta wĩra wa ũgitĩri wa andũ na kũruta wĩra wa kũruta wĩra wa kũruta wĩra wa kũruta wĩra wa kũruta wĩra wa kũruta wĩra wa kũruta wĩra wa kũruta wĩra wa kũruta wĩra wa kũruta wĩra wa kũruta wĩra wa kũruta wĩra wa kũruta wĩra wa kũruta wĩra wa kũruta wĩra wa kũruta wĩra wa kũruta wĩra wa kũruta wĩra wa kũruta wĩra wa kũruta wĩra wa kũruta wĩra wa kũruta wĩra wa kũruta wĩra wa kũruta wĩra wa kũruta wĩra wa kũruta wĩra wa kũruta wĩra wa kũruta wĩra wa kũruta wĩra wa kũruta wĩra wa kũruta wĩra wa kũruta wĩra wa kũruta wĩra wa kũruta wĩra wa kũruta wĩra wa kũruta wĩra wa kũruta wĩra wa kũruta wĩra wa kũruta wĩra wa kũruta wĩra wa kũruta wĩra wa kũruta wĩra wa kũruta wĩra wa kũruta wĩra wa kũruta wĩra wa kũruta wĩra wa,0.824447375,0.493753127,Ted,,
,Security,Beware of Criminals posing as embassy staff to commit fraud,Jihadharini na Wahalifu wanaojitambulisha kuwa wafanyakazi wa ubalozi ili kufanya udanganyifu,Wĩmenyerere harĩ andũ arĩa moigaga atĩ nĩ andũ a wabici ya ũtongoria wa bũrũri nĩ ũndũ wa kũhũũra ũhinga,0.652195182,0.365862163,Misati,Wĩmenyerere harĩ andũ arĩa moigaga atĩ nĩ andũ a wabici ya ũtongoria wa bũrũri nĩ ũndũ wa kũhũũra ũhinga,0.652195182,0.365862163,Ted,,
,Security,Report biosecurity threats such as seed or livestock smuggling to KEPHIS or local authorities,Ripoti ya vitisho vya usalama wa kibaolojia kama vile mbegu au mifugo ya kusafirishwa kwa makampuni ya KEPHIS au mamlaka za mitaa,Kũmenyithia KEPHIS kana thirikari cia bũrũri ũhoro wa mogwati ma ũgitĩri wa kĩĩmwĩrĩ ta kũhuthĩra mbeũ kana mahiũ na njĩra ya ũhinya,0.536972498,0.480450797,Misati,Kũmenyithia KEPHIS kana thirikari cia bũrũri ũhoro wa mogwati ma ũgitĩri wa kĩĩmwĩrĩ ta kũhuthĩra mbeũ kana mahiũ na njĩra ya ũhinya,0.536972498,0.480450797,Ted,,
,Security,Engage in neighborhood vigilance programs and community policing initiatives.,Shiriki katika mipango ya ulinzi wa jirani na mipango ya polisi wa jamii.,Wĩrutĩre maũndũ ma gũcangacanga mũthiũrũrũko na kũrũgamĩrĩra maũndũ ma kĩhooto.,0.594886203,0.332988689,Misati,Wĩrutĩre maũndũ ma gũcangacanga mũthiũrũrũko na kũrũgamĩrĩra maũndũ ma kĩhooto.,0.594886203,0.332988689,Ted,,
,Security,Observe curfews and security directives to support local safety measures.,Kuzingatia amri za kuondoka na miongozo ya usalama ili kusaidia hatua za usalama za ndani.,Kũrũmĩrĩra mawatho ma kũingĩra na mawatho ma ũgitĩri nĩguo ũteithĩrĩrie mĩbango ya ũgitĩri.,0.49617799,0.505732156,Misati,Kũrũmĩrĩra mawatho ma kũingĩra na mawatho ma ũgitĩri nĩguo ũteithĩrĩrie mĩbango ya ũgitĩri.,0.49617799,0.505732156,Ted,,
,Security,"Report suspicious activities linked to gangs, terrorism, or violent demonstrations.","Ripoti utendaji wenye kuhofia unaohusiana na magenge, ugaidi, au maandamano yenye jeuri.","Taarĩria maũndũ marĩa mangĩkorũo marĩ mahĩtia megiĩ ikundi cia andũ, ũgwati, kana mĩbango ya ũhinya.",0.630464303,0.510048389,Misati,"Taarĩria maũndũ marĩa mangĩkorũo marĩ mahĩtia megiĩ ikundi cia andũ, ũgwati, kana mĩbango ya ũhinya.",0.630464303,0.510048389,Ted,,
,Security,Follow travel advisories and avoid high-risk areas to ensure personal safety,Fuata maagizo ya kusafiri na epuka maeneo yenye hatari kubwa ili kuhakikisha usalama wa kibinafsi,Rũmĩrĩra ũtaaro wa gũthiĩ na gwĩthema kũndũ kũrĩ na mogwati manene nĩguo ũiganĩre ũgitĩri-inĩ waku,0.729623314,0.514617257,Misati,Rũmĩrĩra ũtaaro wa gũthiĩ na gwĩthema kũndũ kũrĩ na mogwati manene nĩguo ũiganĩre ũgitĩri-inĩ waku,0.729623314,0.514617257,Ted,,
,Security,"Alert authorities to security risks during protests, robberies, or unrest in your area","Waonya wenye mamlaka kuhusu hatari za usalama wakati wa maandamano, wizi, au ghasia katika eneo lenu","Kũmenyithia anene a thirikari ũhoro wa mogwati ma ũgitĩri hĩndĩ ya mĩario, ũici, kana mathĩĩna kũrĩa ũikaraga",0.730636887,0.515311892,Misati,"Kũmenyithia anene a thirikari ũhoro wa mogwati ma ũgitĩri hĩndĩ ya mĩario, ũici, kana mathĩĩna kũrĩa ũikaraga",0.730636887,0.515311892,Ted,,
,Security,Use technology and plea bargaining policies to report corruption and support swift case resolution,Tumia teknolojia na sera za kujadili nia za kutoa taarifa za ufisadi na kusaidia kutatua kesi haraka,Kũhũthĩra thekinoroji na ũtongoria wa kũiguithania maũndũ ma gũcokia ciira nĩguo ũmenyithie andũ atĩ nĩ kũrĩ ũkoroku na ũteithie gũtuĩkanĩria ciira na ihenya,0.547888299,0.40212131,Misati,Kũhũthĩra thekinoroji na ũtongoria wa kũiguithania maũndũ ma gũcokia ciira nĩguo ũmenyithie andũ atĩ nĩ kũrĩ ũkoroku na ũteithie gũtuĩkanĩria ciira na ihenya,0.547888299,0.40212131,Ted,,
,Security,Participate in court briefings or civic sessions promoting zero tolerance for facilitation fees,Kushiriki katika mikutano ya mahakama au vikao vya raia kukuza uvumilivu wa sifuri kwa ada za urahisi,Kũruta wĩra wa gũteithĩrĩria andũ kũgerera igooti kana mĩcemanio ya andũ arĩa matetĩkĩtie kũheana mĩhothi ya kũheana mĩhothi,0.620558691,0.343216919,Misati,Kũruta wĩra wa gũteithĩrĩria andũ kũgerera igooti kana mĩcemanio ya andũ arĩa matetĩkĩtie kũheana mĩhothi ya kũheana mĩhothi,0.620558691,0.343216919,Ted,,
,Security,Educate peers on amendments requiring public officers to declare gifts and prevent conflicts of interest,Wafundishe wenzao kuhusu marekebisho yanayohitaji maofisa wa umma watangaze zawadi na kuzuia migogoro ya masilahi,Kũmenyeria arĩa angĩ ũhoro wa ithirĩro iria cionanagia atĩ anene a thirikari nĩ magĩrĩire kũheana iheo na kũgirĩrĩria ngucanio cia maũndũ,0.705595182,0.511619198,Misati,Kũmenyeria arĩa angĩ ũhoro wa ithirĩro iria cionanagia atĩ anene a thirikari nĩ magĩrĩire kũheana iheo na kũgirĩrĩria ngucanio cia maũndũ,0.705595182,0.511619198,Ted,,
,Security,Leverage media platforms to expose corruption and protect public assets,Kutumia vyombo vya habari ili kufunua ufisadi na kulinda mali za umma,Kũhũthĩra njĩra cia kũmenyeria andũ arĩa marĩ na mahĩtia na kũgitĩra indo cia thirikari,0.688469482,0.448266353,Misati,Kũhũthĩra njĩra cia kũmenyeria andũ arĩa marĩ na mahĩtia na kũgitĩra indo cia thirikari,0.688469482,0.448266353,Ted,,
,Security,Highlight corruption issues in your county and urge leaders to enforce accountability,Onyesha kwamba kuna ufisadi katika jimbo lako na uwaombe viongozi wajibu,Rora maũndũ megiĩ ũkoroku thĩinĩ wa kaunti yaku na ũringĩrĩrie atongoria mathiĩ na mbere kũhingia maũndũ marĩa mareka,0.485043559,0.394446001,Misati,Rora maũndũ megiĩ ũkoroku thĩinĩ wa kaunti yaku na ũringĩrĩrie atongoria mathiĩ na mbere kũhingia maũndũ marĩa mareka,0.485043559,0.394446001,Ted,,
,Security,Support youth engagement and integrity clubs in local events to prevent corruption.,Kuunga mkono ushiriki wa vijana na vilabu vya uadilifu katika matukio ya ndani ili kuzuia ufisadi.,Kũnyita mbaru mĩcemanio ya andũ ethĩ na mĩcemanio ya ũgitĩri mĩcemanio-inĩ ya kũrĩa gũtagwo ũkoroku.,0.691446072,0.446287736,Misati,Kũnyita mbaru mĩcemanio ya andũ ethĩ na mĩcemanio ya ũgitĩri mĩcemanio-inĩ ya kũrĩa gũtagwo ũkoroku.,0.691446072,0.446287736,Ted,,
,Security,Attend anticorruption oversight training and workshops to deepen awareness and behavior change,Kuhudhuria mafunzo na semina za usimamizi wa kupambana na ufisadi ili kuongeza ufahamu na mabadiliko ya tabia,Kũnyitanĩra na ũrutani wa kũrũĩrĩra mũkararia na mĩcemanio ya kũmenyeria andũ na kũgarũra mĩtugo,0.696568139,0.419642707,Misati,Kũnyitanĩra na ũrutani wa kũrũĩrĩra mũkararia na mĩcemanio ya kũmenyeria andũ na kũgarũra mĩtugo,0.696568139,0.419642707,Ted,,
,Security,Engage in community programs that systematically root out corruption and rebuild public trust,Shiriki katika programu za jamii ambazo huondoa ufisadi na kujenga tena uaminifu wa umma,Wĩrutĩre mĩbango ya andũ arĩa angĩ ya kũniina ũkoroku na kũgĩa na wĩtĩkio mũingĩ,0.598870956,0.377596998,Misati,Wĩrutĩre mĩbango ya andũ arĩa angĩ ya kũniina ũkoroku na kũgĩa na wĩtĩkio mũingĩ,0.598870956,0.377596998,Ted,,
,Security,Report corrupt officials to reinforce zero tolerance in institutions.,Waarifu maafisa wafisadi ili kuimarisha uvumilivu wa sifuri katika taasisi.,Kũmenyithia anene a ũkoroku atĩ nĩ magĩrĩire kũrũgamĩrĩra ũkirĩrĩria wa tũhũ thĩinĩ wa ciũngano.,0.603912541,0.349099487,Misati,Kũmenyithia anene a ũkoroku atĩ nĩ magĩrĩire kũrũgamĩrĩra ũkirĩrĩria wa tũhũ thĩinĩ wa ciũngano.,0.603912541,0.349099487,Ted,,
,Security,Encourage private sector collaboration under integrity frameworks for unified anticorruption action,Kutia moyo ushirikiano wa sekta binafsi chini ya mifumo ya uadilifu kwa ajili ya hatua ya umoja ya kupambana na ufisadi,Kũheana ũteithio wa kũhingia maũndũ marĩa magĩrĩire kũhingia wĩra wa kũrũĩrĩra mũingĩ wa bũrũri.,0.681622728,0.273405651,Misati,Kũheana ũteithio wa kũhingia maũndũ marĩa magĩrĩire kũhingia wĩra wa kũrũĩrĩra mũingĩ wa bũrũri.,0.681622728,0.273405651,Ted,,
,Security,Participate in campaigns promoting societal values and ethical behavior,Kushiriki katika kampeni za kukuza maadili ya kijamii na tabia ya maadili,Gwĩruta wĩra wa kũheana ũhoro wa mĩtugo mĩega na wa kũheana ũhoro wa mĩtugo mĩega,0.682384849,0.319521477,Misati,Gwĩruta wĩra wa kũheana ũhoro wa mĩtugo mĩega na wa kũheana ũhoro wa mĩtugo mĩega,0.682384849,0.319521477,Ted,,
,Security,Join public awareness events emphasizing the impact of corruption on human dignity,Jiunge na hafla za ufahamu wa umma zinazoonyesha athari za ufisadi juu ya heshima ya binadamu,Gĩa na itemi rĩa kũmenyithia andũ ũhoro wa mogarũrũku marĩa mahĩtũkagio nĩ mahĩtia megiĩ gĩtĩo kĩa mũndũ,0.609166392,0.456297098,Misati,Gĩa na itemi rĩa kũmenyithia andũ ũhoro wa mogarũrũku marĩa mahĩtũkagio nĩ mahĩtia megiĩ gĩtĩo kĩa mũndũ,0.609166392,0.456297098,Ted,,
,Security,Support automation and reforms in the judiciary to expedite corruption-related cases.,Kuunga mkono utaratibu wa utaratibu wa utekelezaji wa sheria na mageuzi katika mfumo wa mahakama ili kuharakisha kesi zinazohusiana na ufisadi.,Kũnyita mbaru maũndũ ma wĩyathi wa gwĩthuurĩra na ũgarũrũku wa ciĩko nĩguo ciĩko cia ũkararia ciongererwo na ihenya.,0.550552803,0.454192447,Misati,Kũnyita mbaru maũndũ ma wĩyathi wa gwĩthuurĩra na ũgarũrũku wa ciĩko nĩguo ciĩko cia ũkararia ciongererwo na ihenya.,0.550552803,0.454192447,Ted,,
,Security,Use technology and social media to participate in anti-corruption campaigns.,Tumia teknolojia na mitandao ya kijamii kushiriki katika kampeni za kupambana na ufisadi.,Kũhũthĩra thekinoronjĩ na njĩra cia kũmenyeria andũ kũgerera kũhũthĩra biacara cia kũrũa na mahĩtia.,0.847440185,0.46501839,Misati,Kũhũthĩra thekinoronjĩ na njĩra cia kũmenyeria andũ kũgerera kũhũthĩra biacara cia kũrũa na mahĩtia.,0.847440185,0.46501839,Ted,,
,Security,Advocate for stronger anti-corruption measures to safeguard human rights.,Kuunga mkono hatua kali za kupambana na ufisadi ili kulinda haki za binadamu.,Kũrũĩrĩra atĩ nĩ kũrĩ na mĩbango mĩingĩ ya kũrũa na ũkoroku nĩgetha andũ magĩe na kĩhooto.,0.724505637,0.40352545,Misati,Kũrũĩrĩra atĩ nĩ kũrĩ na mĩbango mĩingĩ ya kũrũa na ũkoroku nĩgetha andũ magĩe na kĩhooto.,0.724505637,0.40352545,Ted,,
,Security,Encourage the passage and enforcement of laws banning convicted individuals from public procurement,Kutia moyo kupitishwa na kutekelezwa kwa sheria zinazokataza watu waliohukumiwa kutoka kwa mikataba ya umma,Kũheana hinya wa kũhũthĩra mawatho marĩa mareganaga na kũhũthĩra mawatho ma kũhũũra andũ arĩa mahĩtĩtwo kũruta wĩra wa thirikari,0.635799395,0.328218868,Misati,Kũheana hinya wa kũhũthĩra mawatho marĩa mareganaga na kũhũthĩra mawatho ma kũhũũra andũ arĩa mahĩtĩtwo kũruta wĩra wa thirikari,0.635799395,0.328218868,Ted,,
,Security,Report economic crimes and procurement fraud to demonstrate community commitment to justice.,Ripoti uhalifu wa kiuchumi na udanganyifu wa mikopo ili kuonyesha kujitolea kwa jamii kwa haki.,Kũmenyithia andũ ũhoro wa mahĩtia ma ũteti na ũhinga wa kũruta wĩra nĩguo monanie atĩ andũ nĩ makoragwo na kĩhooto.,0.727297048,0.40137201,Misati,Kũmenyithia andũ ũhoro wa mahĩtia ma ũteti na ũhinga wa kũruta wĩra nĩguo monanie atĩ andũ nĩ makoragwo na kĩhooto.,0.727297048,0.40137201,Ted,,
,Security,Follow strategic plans like the Kenya Integrity Plan to enhance sector-wide transparency,Fuata mipango ya kimkakati kama vile Mpango wa Uadilifu wa Kenya ili kuongeza uwazi katika sekta nzima,Kũrũmĩrĩra mĩbango ya bata ta ya Kenya Integrity Plan nĩguo wongerere ũtaratara wa gĩcigo gĩothe,0.737521914,0.504313132,Misati,Kũrũmĩrĩra mĩbango ya bata ta ya Kenya Integrity Plan nĩguo wongerere ũtaratara wa gĩcigo gĩothe,0.737521914,0.504313132,Ted,,
,Security,Monitor recovered public assets and advocate for their use in community welfare projects,Kufuatilia mali za umma zilizopatikana na kutetea matumizi yao katika miradi ya ustawi wa jamii,Kũrora indo cia thirikari iria ciũrĩtwo na gũteithĩrĩria kũhũthĩrũo ciĩgiĩ mĩbango ya kũgitĩra andũ,0.69806397,0.413463926,Misati,Kũrora indo cia thirikari iria ciũrĩtwo na gũteithĩrĩria kũhũthĩrũo ciĩgiĩ mĩbango ya kũgitĩra andũ,0.69806397,0.413463926,Ted,,
,Security,Support frameworks that consolidate efforts to combat corruption effectively,Mifumo ya msaada ambayo huunganisha juhudi za kupambana na ufisadi kwa ufanisi,Kũnyita mbaru mĩbango ya kũrũa na ũkoroku na njĩra njega,0.671402338,0.448343983,Misati,Kũnyita mbaru mĩbango ya kũrũa na ũkoroku na njĩra njega,0.671402338,0.448343983,Ted,,
,Security,Participate in national celebrations or campaigns that emphasize ethics and integrity,Kushiriki katika sherehe au kampeni za kitaifa zinazoonyesha maadili na uadilifu,Gwĩtaanyĩria kũririkana maũndũ marĩa marekagwo nĩ andũ a bũrũri kana kũgerera mĩbango ya bũrũri kũgeria kũgeria gwĩkĩra hinya ũira wa mĩtugo na wĩhokeku,0.71801326,0.26485557,Misati,Gwĩtaanyĩria kũririkana maũndũ marĩa marekagwo nĩ andũ a bũrũri kana kũgerera mĩbango ya bũrũri kũgeria kũgeria gwĩkĩra hinya ũira wa mĩtugo na wĩhokeku,0.71801326,0.26485557,Ted,,
,Security,Stay informed about government anti-corruption measures and encourage compliance,Endelea kuwa na habari kuhusu hatua za serikali za kupambana na ufisadi na utie moyo kufuata,Kũmenyerera andũ maũndũ marĩa thirikari ĩreeka kũgirĩrĩria ũkoroku na kũmekĩra ngoro marũmĩrĩre watho ũcio,0.600339012,0.422311789,Misati,Kũmenyerera andũ maũndũ marĩa thirikari ĩreeka kũgirĩrĩria ũkoroku na kũmekĩra ngoro marũmĩrĩre watho ũcio,0.600339012,0.422311789,Ted,,
,Security,Engage in local initiatives to support global anti-corruption efforts and treaties.,Kujiunga na mipango ya ndani ya kusaidia juhudi za kimataifa za kupambana na ufisadi na mikataba.,Kũruta wĩra wa kũrũa na ũkararia na mĩbango ya bũrũri wa gũteithĩrĩria andũ kũrũa na ũkararia.,0.678976621,0.366187348,Misati,Kũruta wĩra wa kũrũa na ũkararia na mĩbango ya bũrũri wa gũteithĩrĩria andũ kũrũa na ũkararia.,0.678976621,0.366187348,Ted,,
,Security,Raise awareness about corruption effects to encourage ethical conduct among citizens,Kuongeza ufahamu kuhusu athari za ufisadi ili kuhamasisha tabia ya maadili miongoni mwa raia,Kũmenyeria andũ ũhoro wa mogarũrũku ma mũingĩ marĩa mahĩtũkagio nĩ mũkararia nĩgetha andũ magĩe na mĩtugo mĩega,0.64910264,0.425153896,Misati,Kũmenyeria andũ ũhoro wa mogarũrũku ma mũingĩ marĩa mahĩtũkagio nĩ mũkararia nĩgetha andũ magĩe na mĩtugo mĩega,0.64910264,0.425153896,Ted,,
,Security,Report illicit activities to help recover stolen assets and support law enforcement,Ripoti shughuli haramu za kusaidia kupata mali zilizokuwa zimeibiwa na kusaidia kutekeleza sheria,Kũmenyithia andũ maũndũ marĩa marekwo kũringana na watho nĩguo matũme andũ makorũo na indo ciao cia kwĩra na kũmatongoria,0.572237543,0.304309075,Misati,Kũmenyithia andũ maũndũ marĩa marekwo kũringana na watho nĩguo matũme andũ makorũo na indo ciao cia kwĩra na kũmatongoria,0.572237543,0.304309075,Ted,,
,Security,Act as a community watchdog to promote transparency and improve service delivery.,Kufanya kazi kama shirika la ulinzi wa jamii ili kukuza uwazi na kuboresha usambazaji wa huduma.,Kũruta wĩra ta mũrori wa gĩkundi nĩguo ũteithie ũtararĩku na ũgarũre ũheani wa ũtungata.,0.601137861,0.369174512,Misati,Kũruta wĩra ta mũrori wa gĩkundi nĩguo ũteithie ũtararĩku na ũgarũre ũheani wa ũtungata.,0.601137861,0.369174512,Ted,,
,Security,Join civil society initiatives to advocate for transparency and governance reforms.,Jiunge na mipango ya jamii ya kiraia ya kutetea uwazi na mageuzi ya utawala.,Gwatanĩra na mĩbango ya mũingĩ ya gwĩkĩra andũ mbaru ũtararĩku na ũgarũrũku wa ũtongoria.,0.655727709,0.426596444,Misati,Gwatanĩra na mĩbango ya mũingĩ ya gwĩkĩra andũ mbaru ũtararĩku na ũgarũrũku wa ũtongoria.,0.655727709,0.426596444,Ted,,
,Security,Warn drivers about dangers of weaving between traffic; stay alert.,Waonye madereva kuhusu hatari za kusafiri kati ya magari; uwe macho.,Nĩ ũmenyagĩrĩre atwarithia a ngari ũhoro wa mogwati marĩa marĩ kuo rĩrĩa marakĩhĩtũkĩra gatagatĩ ka ngari; wĩmenyererei.,0.535987269,0.349766378,Misati,Nĩ ũmenyagĩrĩre atwarithia a ngari ũhoro wa mogwati marĩa marĩ kuo rĩrĩa marakĩhĩtũkĩra gatagatĩ ka ngari; wĩmenyererei.,0.535987269,0.349766378,Ted,,
,Security,Reduce speeds near schools during opening and closing hours.,Punguza kasi karibu na shule wakati wa kufungua na kufunga.,Wĩthũkie na ihenya hakuhĩ na cukuru hĩndĩ ya kũhingũra na ya kũhingia.,0.763988314,0.447492192,Misati,Wĩthũkie na ihenya hakuhĩ na cukuru hĩndĩ ya kũhingũra na ya kũhingia.,0.763988314,0.447492192,Ted,,
,Security,Adjust vehicle mirrors to eliminate blind spots.,Rekebisha vioo vya gari ili kuondoa matangazo ya kipofu.,Hũthĩra kĩonereria kĩa ngari kũniina ithaka.,0.562163416,0.336592036,Misati,Hũthĩra kĩonereria kĩa ngari kũniina ithaka.,0.562163416,0.336592036,Ted,,
,Security,Manage road rage with practical psychological tips.,Suluhisha hasira ya barabarani kwa kutumia vidokezo vya kisaikolojia.,Wĩmenyerere ũiru wa njĩra na njĩra ya kũhũthĩra ũtaaro wa kĩĩmwĩrĩ.,0.593451397,0.454392541,Misati,Wĩmenyerere ũiru wa njĩra na njĩra ya kũhũthĩra ũtaaro wa kĩĩmwĩrĩ.,0.593451397,0.454392541,Ted,,
,Security,Turn on headlights before dark for safer driving.,Weka taa za mbele kabla ya giza ili uweze kuendesha gari kwa usalama zaidi.,Ũrĩthondeke wega nĩ ũndũ wa kũhũthĩra matawa ma mbere mbere ya nduma.,0.696284576,0.296443635,Misati,Ũrĩthondeke wega nĩ ũndũ wa kũhũthĩra matawa ma mbere mbere ya nduma.,0.696284576,0.296443635,Ted,,
,Security,Teach children safe road crossing techniques.,Wafundishe watoto mbinu za kuvuka barabara kwa usalama.,Ruta ciana njĩra cia gũtuĩkanĩria barabara.,0.692433266,0.416679601,Misati,Ruta ciana njĩra cia gũtuĩkanĩria barabara.,0.692433266,0.416679601,Ted,,
,Security,Demonstrate proper overtaking on highways to prevent accidents,Kuonyesha upesi wa kutosha kwenye barabara ili kuzuia ajali,Kũonania atĩ nĩ kũrĩ na ũgwati wa kũhingia barabara nĩ getha gũtikagĩe na mogwati,0.38575737,0.315707448,Misati,Kũonania atĩ nĩ kũrĩ na ũgwati wa kũhingia barabara nĩ getha gũtikagĩe na mogwati,0.38575737,0.315707448,Ted,,
,Security,Encourage passengers to identify unsafe matatus.,Wahimize abiria kutambua matatus zisizo salama.,Kũhe andũ arĩa marathiĩ rũgendo rũrũ ngoro mone matathi matarĩ na ũgitĩri.,0.612384002,0.347165854,Misati,Kũhe andũ arĩa marathiĩ rũgendo rũrũ ngoro mone matathi matarĩ na ũgitĩri.,0.612384002,0.347165854,Ted,,
,Security,Adapt driving techniques for rainy season conditions.,Fanya mazoezi ya kuendesha gari kwa ajili ya hali za majira ya mvua.,Hũthĩra njĩra cia gũthiĩ na mbere kũgerera mahinda ma mbura.,0.491417715,0.441479964,Misati,Hũthĩra njĩra cia gũthiĩ na mbere kũgerera mahinda ma mbura.,0.491417715,0.441479964,Ted,,
,Security,Use proper braking techniques in emergencies.,Tumia mbinu sahihi za kulegeza wakati wa dharura.,Hũthĩra njĩra cia kũgirĩrĩria maũndũ marĩa magĩrĩire hĩndĩ ya mathĩĩna.,0.586544204,0.442624513,Misati,Hũthĩra njĩra cia kũgirĩrĩria maũndũ marĩa magĩrĩire hĩndĩ ya mathĩĩna.,0.586544204,0.442624513,Ted,,
,Security,Follow correct procedures when your vehicle breaks down.,Fuata taratibu sahihi gari likiharibika.,Rũmĩrĩra njĩra iria ciagĩrĩire rĩrĩa ngari yaku ĩgathũka.,0.648870844,0.505371111,Misati,Rũmĩrĩra njĩra iria ciagĩrĩire rĩrĩa ngari yaku ĩgathũka.,0.648870844,0.505371111,Ted,,
,Security,Navigate roundabouts safely; know the rules.,Tembea salama katika njia za kuzunguka; ujue sheria.,Rũmĩrĩra mawatho ma njĩra na ũmenye maũndũ marĩa marekĩka.,0.462993229,0.363346524,Misati,Rũmĩrĩra mawatho ma njĩra na ũmenye maũndũ marĩa marekĩka.,0.462993229,0.363346524,Ted,,
,Security,Share the road safely with cyclists.,Shiriki barabara kwa usalama na wanamgambo.,Kũhũthĩra njĩra ĩyo na njĩra ya ũgitĩri hamwe na arĩa marathiĩ na njinga.,0.453018415,0.342936713,Misati,Kũhũthĩra njĩra ĩyo na njĩra ya ũgitĩri hamwe na arĩa marathiĩ na njinga.,0.453018415,0.342936713,Ted,,
,Security,Avoid accidents in crowded parking lots; stay vigilant.,Epuka aksidenti katika maegesho yenye watu wengi; endelea kuwa macho.,Wĩmenyerere ndũkahĩtũkwo kũndũ kũrĩ na andũ aingĩ; wĩmenyerere.,0.662907954,0.437738906,Misati,Wĩmenyerere ndũkahĩtũkwo kũndũ kũrĩ na andũ aingĩ; wĩmenyerere.,0.662907954,0.437738906,Ted,,
,Security,Provide school bus drivers and monitors with safety textlines.,Wape madereva wa mabasi ya shule na wachunguzi mistari ya usalama.,Kũhe atwarithia a mabasi ma cukuru na arĩa maroraga maũndũ ũhoro wa ũgitĩri.,0.592940239,0.415305472,Misati,Kũhe atwarithia a mabasi ma cukuru na arĩa maroraga maũndũ ũhoro wa ũgitĩri.,0.592940239,0.415305472,Ted,,
,Security,Warn drivers of wildlife crossing zones on highways.,Waonye madereva wa maeneo ya kuvuka wanyama wa porini kwenye barabara kuu.,Ũtaara atwarithia a ngari ũhoro wa kũndũ kũrĩa nyamũ cia gĩthaka ciathiaga barabara-inĩ.,0.544552155,0.357166674,Misati,Ũtaara atwarithia a ngari ũhoro wa kũndũ kũrĩa nyamũ cia gĩthaka ciathiaga barabara-inĩ.,0.544552155,0.357166674,Ted,,
,Security,Maintain safe following distances while driving.,Uwe salama kwa kufuata umbali unapokuwa ukiendesha gari.,Rũmĩrĩra ũraihu wa ngari rĩrĩa ũratwara.,0.425764731,0.4264539,Misati,Rũmĩrĩra ũraihu wa ngari rĩrĩa ũratwara.,0.425764731,0.4264539,Ted,,
,Security,Merge safely onto busy highways.,Unganisha salama kwenye barabara zenye shughuli nyingi.,Ũka ũikare wega njĩra-inĩ cia barabara.,0.633235512,0.26796048,Misati,Ũka ũikare wega njĩra-inĩ cia barabara.,0.633235512,0.26796048,Ted,,
,Security,Use fog lights correctly to enhance visibility.,Tumia taa za ukungu kwa njia inayofaa ili kuongeza mwonekano.,Hũthĩra ũtheri wa nduma wega nĩguo ũhote kuona wega.,0.648582699,0.491339173,Misati,Hũthĩra ũtheri wa nduma wega nĩguo ũhote kuona wega.,0.648582699,0.491339173,Ted,,
,Security,Save emergency numbers in your phone.,Weka namba za dharura kwenye simu yako.,Rekereria namba cia kũhiũrania na mogarũrũku ma mwĩrĩ thimũ-inĩ yaku.,0.813384564,0.532630406,Misati,Rekereria namba cia kũhiũrania na mogarũrũku ma mwĩrĩ thimũ-inĩ yaku.,0.813384564,0.532630406,Ted,,
,Security,Follow special safety tips when driving during holidays.,Fuata vidokezo vya usalama vya pekee unapoendesha gari wakati wa likizo.,Rũmĩrĩra motaaro ma mwanya ma ũgitĩri rĩrĩa ũratwara ngari hĩndĩ ya thigũkũ.,0.695909014,0.60223461,Misati,Rũmĩrĩra motaaro ma mwanya ma ũgitĩri rĩrĩa ũratwara ngari hĩndĩ ya thigũkũ.,0.695909014,0.60223461,Ted,,
,Security,Support education for street children; success stories inspire action.,Kuunga mkono elimu kwa watoto wa mitaani; hadithi za mafanikio huchochea hatua.,Kũnyita mbaru ũrutani wa ciana cia barabara; maũndũ marĩa marakĩhotithia kũgĩa na ũhootani nĩ marekĩka.,0.693876127,0.400512599,Misati,Kũnyita mbaru ũrutani wa ciana cia barabara; maũndũ marĩa marakĩhotithia kũgĩa na ũhootani nĩ marekĩka.,0.693876127,0.400512599,Ted,,
,Security,Intervene against domestic violence; support community initiatives.,Kuingilia kati dhidi ya jeuri ya nyumbani; kusaidia mipango ya jamii.,Kũrũa na ũhinya wa thĩinĩ wa famĩlĩ; kũnyita mbaru mĩbango ya andũ a itũũra.,0.688953037,0.546206529,Misati,Kũrũa na ũhinya wa thĩinĩ wa famĩlĩ; kũnyita mbaru mĩbango ya andũ a itũũra.,0.688953037,0.546206529,Ted,,
,Security,Promote inclusive entrepreneurship; highlight visually impaired business owners.,Kuendeleza ujasiriamali wa pamoja; kuonyesha wamiliki wa biashara wenye ulemavu wa kuona.,Kũheana ũgeni wa kũingĩra andũ arĩa angĩ wĩra; kũheana ũhoti wa kuona kũrĩ ene biacara arĩa matarĩ na hinya wa kuona.,0.636791628,0.376327495,Misati,Kũheana ũgeni wa kũingĩra andũ arĩa angĩ wĩra; kũheana ũhoti wa kuona kũrĩ ene biacara arĩa matarĩ na hinya wa kuona.,0.636791628,0.376327495,Ted,,
,Security,Educate on resolving land inheritance disputes for women.,Kuwafundisha wanawake kutatua mizozo ya urithi wa ardhi.,Kũruta andũ ũhoro wa gũciirithia ciira wa kũgĩa na bũrũri wa atumia.,0.621996021,0.346910679,Misati,Kũruta andũ ũhoro wa gũciirithia ciira wa kũgĩa na bũrũri wa atumia.,0.621996021,0.346910679,Ted,,
,Security,Provide hotlines for reporting police abuse safely.,Toa simu za kuelekeza watu kwa usalama ili kutoa taarifa za unyanyasaji wa polisi.,Heanaga hotline cia kũmenyithia andũ arĩa mahũthagĩra ũhinya na njĩra njega.,0.42241981,0.301684469,Misati,Heanaga hotline cia kũmenyithia andũ arĩa mahũthagĩra ũhinya na njĩra njega.,0.42241981,0.301684469,Ted,,
,Security,Expose child labor in plantations; encourage reporting.,Waonyeshe watoto wanaofanya kazi katika mashamba; watie moyo kutoa ripoti.,Kũruta wĩra wa ciana mũgũnda-inĩ; gwĩkĩra andũ ngoro marute riboti.,0.600782551,0.503023688,Misati,Kũruta wĩra wa ciana mũgũnda-inĩ; gwĩkĩra andũ ngoro marute riboti.,0.600782551,0.503023688,Ted,,
,Security,Know your constitutional rights to protest and speak freely.,Kujua haki yako ya kikatiba ya kuandamana na kusema kwa uhuru.,Menya ũhoro wa kĩhooto gĩaku gĩa gwathĩkĩra watho na kwaria wĩyathi.,0.594716968,0.480113874,Misati,Menya ũhoro wa kĩhooto gĩaku gĩa gwathĩkĩra watho na kwaria wĩyathi.,0.594716968,0.480113874,Ted,,
,Security,Support community health volunteers to ensure rural access.,Kuunga mkono wajitoleaji wa afya ya jamii ili kuhakikisha upatikanaji wa vijijini.,Kũnyita mbaru andũ arĩa marutaga wĩra wa ũrigitani nĩguo magĩe na ũhoti wa gũkinya mĩgũnda-inĩ.,0.745566292,0.550477961,Misati,Kũnyita mbaru andũ arĩa marutaga wĩra wa ũrigitani nĩguo magĩe na ũhoti wa gũkinya mĩgũnda-inĩ.,0.745566292,0.550477961,Ted,,
,Security,Document and resist illegal evictions; share lessons learned.,Andika na upinge kuhamishwa kwa watu bila sheria; ushiriki masomo uliyojifunza.,Rora na ũhote kũregana na kũrutwo kwa andũ arĩa matarĩ maathĩkĩrĩka; heana ũrutani ũrĩa ũrutĩtwo.,0.465312797,0.325729977,Misati,Rora na ũhote kũregana na kũrutwo kwa andũ arĩa matarĩ maathĩkĩrĩka; heana ũrutani ũrĩa ũrutĩtwo.,0.465312797,0.325729977,Ted,,
,Security,Highlight refugee entrepreneurship success stories.,Onyesha hadithi za mafanikio za ujasiriamali wa wakimbizi.,Rora maũndũ marĩa maronania ũrĩa andũ arĩa mathamĩire bũrũri wa ũgwati-inĩ wa ũgwati magĩrĩire kũgĩa naguo.,0.701434205,0.304668782,Misati,Rora maũndũ marĩa maronania ũrĩa andũ arĩa mathamĩire bũrũri wa ũgwati-inĩ wa ũgwati magĩrĩire kũgĩa naguo.,0.701434205,0.304668782,Ted,,
,Security,Raise awareness about the gender pay gap in corporate Kenya.,Kuongeza ufahamu kuhusu pengo la mshahara wa jinsia katika kampuni za Kenya.,Kũmenyeria andũ ũhoro wa mũtaratara wa kũrĩha mbeca cia arũme na arũme thĩinĩ wa kambũni ya Kenya.,0.660861763,0.472751602,Misati,Kũmenyeria andũ ũhoro wa mũtaratara wa kũrĩha mbeca cia arũme na arũme thĩinĩ wa kambũni ya Kenya.,0.660861763,0.472751602,Ted,,
,Security,Guide citizens on reporting workplace harassment step-by-step.,Mwongozo wa hatua kwa hatua kwa raia kuhusu kuripoti mateso ya mahali pa kazi.,Kũruta andũ ũtongoria wa kũmenyithia andũ maũndũ megiĩ kũhinyĩrĩrio wĩra.,0.520893584,0.365548626,Misati,Kũruta andũ ũtongoria wa kũmenyithia andũ maũndũ megiĩ kũhinyĩrĩrio wĩra.,0.520893584,0.365548626,Ted,,
,Security,Advocate for indigenous community land rights; share documentaries.,Kuunga mkono haki za ardhi za jamii za wenyeji; kushiriki maandishi.,Kũrũĩrĩra ihooto cia bũrũri wa andũ a gĩcigo kĩu; kũmenyithanagia mbica cia marũa.,0.560662022,0.409872937,Misati,Kũrũĩrĩra ihooto cia bũrũri wa andũ a gĩcigo kĩu; kũmenyithanagia mbica cia marũa.,0.560662022,0.409872937,Ted,,
,Security,Support residents fighting for access to water and basic services.,Kuunga mkono wakazi wanaopigana kwa ajili ya kupata maji na huduma za msingi.,Kũnyita mbaru andũ arĩa marũaga nĩ ũndũ wa kũgĩa na maĩ na ũtungata wa kĩhumo.,0.692846597,0.515040763,Misati,Kũnyita mbaru andũ arĩa marũaga nĩ ũndũ wa kũgĩa na maĩ na ũtungata wa kĩhumo.,0.692846597,0.515040763,Ted,,
,Security,Educate on legal consequences of ethnic incitement.,Kuwafundisha kuhusu matokeo ya kisheria ya kuchochea watu wa kabila fulani.,Kũruta andũ ũhoro wĩgiĩ moimĩrĩro ma kĩhooto.,0.49546859,0.521561712,Misati,Kũruta andũ ũhoro wĩgiĩ moimĩrĩro ma kĩhooto.,0.49546859,0.521561712,Ted,,
,Security,Campaign to end stigma against mental health patients.,Kampeni ya kukomesha ubaguzi dhidi ya wagonjwa wa afya ya akili.,Kũhunjia ũhoro wa kũniina andũ arĩa marĩ na mathĩna ma mwĩrĩ.,0.719719526,0.425452501,Misati,Kũhunjia ũhoro wa kũniina andũ arĩa marĩ na mathĩna ma mwĩrĩ.,0.719719526,0.425452501,Ted,,
,Security,Explain legal rights when arrested to the public.,Eleza umma haki za kisheria unapokamatwa.,Hatarĩria andũ arĩa angĩ ũhoro wa mawatho marĩa marĩho rĩrĩa ũkuĩrũo.,0.6206672,0.308630781,Misati,Hatarĩria andũ arĩa angĩ ũhoro wa mawatho marĩa marĩho rĩrĩa ũkuĩrũo.,0.6206672,0.308630781,Ted,,
,Security,Protect children from forced marriages; raise awareness.,Kulinda watoto kutokana na ndoa za kulazimishwa; kuongeza ufahamu.,Kũgitĩra ciana kuuma kũrĩ kũhikania na njĩra ya kũhatĩkwo; kũmenyithania andũ.,0.677337996,0.500524481,Misati,Kũgitĩra ciana kuuma kũrĩ kũhikania na njĩra ya kũhatĩkwo; kũmenyithania andũ.,0.677337996,0.500524481,Ted,,
,Security,Safeguard personal data on social media.,Kulinda data za kibinafsi kwenye mitandao ya kijamii.,Gũtũũria ũhoro wa mũndũ thĩinĩ wa social media.,0.732570617,0.468042687,Misati,Gũtũũria ũhoro wa mũndũ thĩinĩ wa social media.,0.732570617,0.468042687,Ted,,
,Security,Promote awareness on winning discrimination cases.,Kuendeleza ufahamu kuhusu kushinda kesi za ubaguzi.,Kũheana ũmenyo wĩgiĩ kũhotithia andũ gũtooria ciira cia kũhũthĩra ũũru.,0.641279247,0.370185279,Misati,Kũheana ũmenyo wĩgiĩ kũhotithia andũ gũtooria ciira cia kũhũthĩra ũũru.,0.641279247,0.370185279,Ted,,
,Security,Train citizens on accessing government documents.,Wazoeze raia kupata hati za serikali.,Kũmenyeria andũ gũtuĩria ũhoro wa gũthoma marũa ma thirikari.,0.676045452,0.515616266,Misati,Kũmenyeria andũ gũtuĩria ũhoro wa gũthoma marũa ma thirikari.,0.676045452,0.515616266,Ted,,
,Security,Showcase corruption exposes that led to policy changes.,Onyesha ufisadi uliosababisha mabadiliko ya sera.,Kũonania ũkoroku nĩ kũguũrĩirie maũndũ marĩa maambĩrĩirie kũgarũra ũtongoria.,0.617596009,0.353138804,Misati,Kũonania ũkoroku nĩ kũguũrĩirie maũndũ marĩa maambĩrĩirie kũgarũra ũtongoria.,0.617596009,0.353138804,Ted,,
,Security,Campaign for free sanitary pads in schools.,Kampeni ya kupata vibanda vya usafi bila malipo katika shule.,Kũhunjia ũhoro wa mĩhembe ya ũthereri ya tũhũ cukuru-inĩ.,0.516724158,0.394090779,Misati,Kũhunjia ũhoro wa mĩhembe ya ũthereri ya tũhũ cukuru-inĩ.,0.516724158,0.394090779,Ted,,
,Security,Train police in non-discriminatory policing.,Mafunzo ya polisi katika utaratibu wa polisi usio wa ubaguzi.,Kũmenyeria andũ a borithi kũruta wĩra wa gũteheria andũ mĩtugo mĩũru.,0.534825117,0.451609528,Misati,Kũmenyeria andũ a borithi kũruta wĩra wa gũteheria andũ mĩtugo mĩũru.,0.534825117,0.451609528,Ted,,
,Security,Report accessibility issues in public buildings for disabled persons.,Ripoti kuhusu matatizo ya upatikanaji katika majengo ya umma kwa ajili ya watu wenye ulemavu.,Rekereria ũhoro wa maũndũ marĩa marekĩka harĩ andũ arĩa marĩ na mawathe.,0.693600351,0.377802593,Misati,Rekereria ũhoro wa maũndũ marĩa marekĩka harĩ andũ arĩa marĩ na mawathe.,0.693600351,0.377802593,Ted,,
,Security,Host panels for victims of ethnic discrimination.,Mahali pa kuwakaribisha waathiriwa wa ubaguzi wa rangi.,Kũnyita mbaru mĩcemanio ya arĩa marakũragwo nĩ ũndũ wa kũmenyeria andũ a rũrĩrĩ rũngĩ.,0.523458266,0.334449697,Misati,Kũnyita mbaru mĩcemanio ya arĩa marakũragwo nĩ ũndũ wa kũmenyeria andũ a rũrĩrĩ rũngĩ.,0.523458266,0.334449697,Ted,,
,Security,Educate on bail and bond rights.,Kufundisha kuhusu dhamana na haki za bond.,Kũruta ũhoro wĩgiĩ gwĩtĩkĩrĩka kũruta mũhothi na kũruta wĩra wa kũruta mĩhothi.,0.523697883,0.358822787,Misati,Kũruta ũhoro wĩgiĩ gwĩtĩkĩrĩka kũruta mũhothi na kũruta wĩra wa kũruta mĩhothi.,0.523697883,0.358822787,Ted,,
,Security,Investigate abuse of domestic workers; raise public awareness.,Kuchunguza unyanyasaji wa wafanyakazi wa nyumbani; kuongeza ufahamu wa umma.,Kũruta ũira wĩgiĩ kũhinyĩrĩria andũ arĩa marutaga wĩra mũciĩ; kũmenyithania andũ.,0.66409757,0.495800778,Misati,Kũruta ũira wĩgiĩ kũhinyĩrĩria andũ arĩa marutaga wĩra mũciĩ; kũmenyithania andũ.,0.66409757,0.495800778,Ted,,
,Security,Report any unethical conduct in your community to protect public resources and strengthen institutions,Ripoti tabia yoyote isiyo ya maadili katika jumuiya yako ili kulinda rasilimali za umma na kuimarisha taasisi,Taarĩria mĩtugo yothe ĩtarĩ mĩega thĩinĩ wa itũũra rĩanyu nĩguo ũgitĩre indo cia mũingĩ na ũhote kũrũgamĩrĩra kĩhumo kĩa thirikari,0.755390137,0.465122165,Misati,Taarĩria mĩtugo yothe ĩtarĩ mĩega thĩinĩ wa itũũra rĩanyu nĩguo ũgitĩre indo cia mũingĩ na ũhote kũrũgamĩrĩra kĩhumo kĩa thirikari,0.755390137,0.465122165,Ted,,
,Security,Promote youth inclusion in decision-making; get involved in local governance.,Kuendeleza uingiliaji wa vijana katika kufanya maamuzi; kushiriki katika utawala wa mitaa.,Kũheana ũhoti wa kũingĩria andũ ethĩ itemi-inĩ cia gũtua matua; kũingĩria andũ itemi-inĩ cia wathani wa bũrũri.,0.651457659,0.496707234,Misati,Kũheana ũhoti wa kũingĩria andũ ethĩ itemi-inĩ cia gũtua matua; kũingĩria andũ itemi-inĩ cia wathani wa bũrũri.,0.651457659,0.496707234,Ted,,
,Security,Train journalists on unbiased reporting; uphold media integrity.,Wazoeze waandishi wa habari kutoa ripoti bila ubaguzi; kudumisha utimilifu wa vyombo vya habari.,Kũmenyeria andĩki a mohoro kũringana na ũrĩa maragia; gũtũũria ũthingu wa ngathĩti.,0.675205395,0.465061525,Misati,Kũmenyeria andĩki a mohoro kũringana na ũrĩa maragia; gũtũũria ũthingu wa ngathĩti.,0.675205395,0.465061525,Ted,,
,Security,Share former inmate experiences to advocate for prison reforms.,Shiriki mambo uliyojionea katika gereza ili kutetea mageuzi ya gereza.,Heana ũhoro wa maũndũ marĩa meekĩkire kũrĩ andũ arĩa maarĩ njera nĩguo ũhote gwĩkĩra andũ ngoro marũnge njera.,0.528862834,0.352070227,Misati,Heana ũhoro wa maũndũ marĩa meekĩkire kũrĩ andũ arĩa maarĩ njera nĩguo ũhote gwĩkĩra andũ ngoro marũnge njera.,0.528862834,0.352070227,Ted,,
,Security,Provide confidential helplines for LGBTQand Kenyans facing violence.,Kutoa huduma za siri kwa watu wa LGBTQ na Wakenya wanaokabiliwa na vurugu.,Kũheana ũhoro wa hitho wa ũteithio kũrĩ andũ a LGBTQ na Kenya arĩa marakĩhiũrania na ũhinya.,0.59493343,0.460765279,Misati,Kũheana ũhoro wa hitho wa ũteithio kũrĩ andũ a LGBTQ na Kenya arĩa marakĩhiũrania na ũhinya.,0.59493343,0.460765279,Ted,,
,Security,Support mobile legal aid clinics serving rural communities.,Kusaidia kliniki za msaada wa kisheria zinazoendeshwa kwa simu zinazohudumia jamii za vijijini.,Kũnyita mbaru kambuni cia gũteithĩrĩria andũ arĩa matungataga mĩciĩ-inĩ ya mĩgũnda.,0.629725995,0.51710965,Misati,Kũnyita mbaru kambuni cia gũteithĩrĩria andũ arĩa matungataga mĩciĩ-inĩ ya mĩgũnda.,0.629725995,0.51710965,Ted,,
,Security,Highlight stories of transgender students fighting for education rights.,Onyesha hadithi za wanafunzi wa jinsia tofauti wanaopigania haki za elimu.,Rora maũndũ megiĩ arutwo arĩa marũaga nĩ ũndũ wa kĩhooto kĩa gĩthomo.,0.733926921,0.4506967,Misati,Rora maũndũ megiĩ arutwo arĩa marũaga nĩ ũndũ wa kĩhooto kĩa gĩthomo.,0.733926921,0.4506967,Ted,,
,Security,Showcase success stories of refugees integrating into Kenyan communities.,Onyesha hadithi za mafanikio za wakimbizi wanaojumuisha katika jamii za Kenya.,Kũonania ngumo cia kũgaacĩra cia andũ arĩa makoretwo makĩingĩra mĩciĩ-inĩ ya Kenya.,0.692314136,0.461760796,Misati,Kũonania ngumo cia kũgaacĩra cia andũ arĩa makoretwo makĩingĩra mĩciĩ-inĩ ya Kenya.,0.692314136,0.461760796,Ted,,
,Security,Transform street children's lives through shelter programs.,Kubadilisha maisha ya watoto wa mitaani kupitia mipango ya makao.,Kũgarũra ũtũũro wa ciana cia barabara kũgerera mĩbango ya kũmenyeria andũ.,0.706567494,0.547841569,Misati,Kũgarũra ũtũũro wa ciana cia barabara kũgerera mĩbango ya kũmenyeria andũ.,0.706567494,0.547841569,Ted,,
,Security,Educate the public on ongoing legal reforms promoting equality.,Kuwaelimisha watu kuhusu mageuzi ya kisheria yanayoendelea yanayoendeleza usawa.,Kũmenyithia andũ ũhoro wa mogarũrũku ma watho marĩa marekwo nĩguo magĩe na ũiguano.,0.682667373,0.543919312,Misati,Kũmenyithia andũ ũhoro wa mogarũrũku ma watho marĩa marekwo nĩguo magĩe na ũiguano.,0.682667373,0.543919312,Ted,,
,Security,Advocate for better mental healthcare in correctional facilities.,Kuunga mkono utunzaji bora wa afya ya akili katika makao ya ukarabati.,Kũheana ũteithio wa kũmenyeria andũ arĩa mathathaiyagia arĩa angĩ.,0.489459073,0.384388112,Misati,Kũheana ũteithio wa kũmenyeria andũ arĩa mathathaiyagia arĩa angĩ.,0.489459073,0.384388112,Ted,,
,Security,Expose forced labor in agriculture through undercover investigations.,Kufunua kazi ya kulazimishwa katika kilimo kupitia uchunguzi wa siri.,Kũruta wĩra wa kũhatĩkwo ũtarĩ wa ũmenyo na njĩra ya ũthuthuria wa hitho.,0.680638532,0.406949056,Misati,Kũruta wĩra wa kũhatĩkwo ũtarĩ wa ũmenyo na njĩra ya ũthuthuria wa hitho.,0.680638532,0.406949056,Ted,,
,Security,Teach endangered native languages in schools to preserve cultural heritage.,Kufundisha lugha za wenyeji zilizo hatarini katika shule ili kuhifadhi urithi wa kitamaduni.,Kũruta thiomi cia andũ arĩa marĩ ũgwati-inĩ wa gũkua cukuru-inĩ nĩguo ũgitĩre ũgai wa gĩthaka.,0.72480908,0.468732004,Misati,Kũruta thiomi cia andũ arĩa marĩ ũgwati-inĩ wa gũkua cukuru-inĩ nĩguo ũgitĩre ũgai wa gĩthaka.,0.72480908,0.468732004,Ted,,
,Security,Use official hotlines and online portals to anonymously report corruption for prompt law enforcement action.,Tumia simu za umma na vituo vya mtandaoni ili kuripoti ufisadi kwa njia isiyojulikana ili upate hatua za haraka za kutekeleza sheria.,Hũthĩra thimũ cia gũtũmĩra andũ na indo cia kũhũthĩra Intaneti kũmenyithia andũ arĩa mahĩtagĩra ũkoroku nĩ ũndũ wa kũhingia watho na ihenya.,0.552937356,0.359982256,Misati,Hũthĩra thimũ cia gũtũmĩra andũ na indo cia kũhũthĩra Intaneti kũmenyithia andũ arĩa mahĩtagĩra ũkoroku nĩ ũndũ wa kũhingia watho na ihenya.,0.552937356,0.359982256,Ted,,
,Security,Learn how corruption affects services and educate your community to prevent it,Jifunze jinsi ufisadi unavyoathiri huduma na uwafundishe watu katika jamii yako kuizuia,Wĩrute ũrĩa ũkoroku ũhutiaga maũndũ na ũmenye andũ a itũũra rĩaku nĩguo mage kũhiũrania naguo,0.651426226,0.401695542,Misati,Wĩrute ũrĩa ũkoroku ũhutiaga maũndũ na ũmenye andũ a itũũra rĩaku nĩguo mage kũhiũrania naguo,0.651426226,0.401695542,Ted,,
,Security,Demand accountability from public officials and uphold ethics to reduce corruption risks.,Kudai uwajibikaji kutoka kwa maafisa wa umma na kudumisha maadili ili kupunguza hatari za ufisadi.,Kũhoya athuri a thirikari mathiĩ na mbere kũhingia maũndũ marĩa magĩrĩire nĩguo matũme ũkoroku ũnyihe.,0.708340564,0.322503544,Misati,Kũhoya athuri a thirikari mathiĩ na mbere kũhingia maũndũ marĩa magĩrĩire nĩguo matũme ũkoroku ũnyihe.,0.708340564,0.322503544,Ted,,
,Governance,"We encourage members of the public to support the fight by providing relevant information, NPS added.","Tunawahimiza watu wote kusaidia vita kwa kutoa habari zinazofaa, NPS aliongeza.",NPS nĩ ĩgĩkĩongerera atĩ nĩ tũgũthĩrĩria andũ aingĩ kũnyita mbaru mbaara ĩyo na njĩra ya kũheana ũhoro ũrĩa wagĩrĩire.,0.472565085,0.490785135,Misati,NPS nĩ ĩgĩkĩongerera atĩ nĩ tũgũthĩrĩria andũ aingĩ kũnyita mbaru mbaara ĩyo na njĩra ya kũheana ũhoro ũrĩa wagĩrĩire.,0.472565085,0.490785135,Ted,,
,Governance,"Members of the public are encouraged to support this initiative by sharing information on suspicious activities and joining efforts to protect communities, especially the youth, from the dangers of drug and substance abuse, NPS said.","Wajumbe wa umma wanatiwa moyo kuunga mkono mpango huu kwa kushiriki habari juu ya shughuli za mashaka na kushirikiana katika juhudi za kulinda jamii, haswa vijana, kutokana na hatari za dawa za kulevya na matumizi mabaya ya dawa, NPS ilisema.","Andũ a mũingĩ nĩ mathĩrĩirio kũnyita mbaru kĩyo gĩkĩ na njĩra ya kũmenyithanagia ũhoro wĩgiĩ maũndũ marĩa mangĩtũma andũ makorũo na nganja na kũgĩa na kĩyo gĩa kũgitĩra andũ, makĩria andũ ethĩ, kuuma kũrĩ mogwati ma kũnyua ndawa cia kũrebia na kũnyua ndawa cia kũrebia, NPS nĩ ĩgwetire.",0.69586858,0.528998881,Misati,"Andũ a mũingĩ nĩ mathĩrĩirio kũnyita mbaru kĩyo gĩkĩ na njĩra ya kũmenyithanagia ũhoro wĩgiĩ maũndũ marĩa mangĩtũma andũ makorũo na nganja na kũgĩa na kĩyo gĩa kũgitĩra andũ, makĩria andũ ethĩ, kuuma kũrĩ mogwati ma kũnyua ndawa cia kũrebia na kũnyua ndawa cia kũrebia, NPS nĩ ĩgwetire.",0.69586858,0.528998881,Ted,,
,Governance,"By 2 days ago EU urges Tanzanian authorities to exercise restraint amid post election unrest British High Commission in Tanzania advises against all but essential travel to the country, cites disruption and unrest following the October 29 election.","Siku 2 zilizopita EU iliwahimiza mamlaka ya Tanzania kudhibiti wakati wa ghasia za baada ya uchaguzi British High Commission nchini Tanzania inashauri dhidi ya safari zote isipokuwa muhimu nchini, ikitaja mapinduzi na ghasia baada ya uchaguzi wa Oktoba 29.","Kwa ihinda rĩa matukũ 2 mathiru, EU nĩ ĩringithanagia thirikari cia Tanzania kũhũthĩra wĩyathi wa gwĩthuurĩra thutha wa ithurano.",0.544239143,0.424191125,Misati,"Kwa ihinda rĩa matukũ 2 mathiru, EU nĩ ĩringithanagia thirikari cia Tanzania kũhũthĩra wĩyathi wa gwĩthuurĩra thutha wa ithurano.",0.544239143,0.424191125,Ted,,
,Governance,"Met Department warns Kenyans to brace for heavy rainfall, cold nights of below 10 degrees Kenya 7 months ago by Didacus Malowa Kenyans should prepare for a prolonged bout of heavy rainfall and biting cold nights, with temperatures expected to plunge below 10'°C in some regions.","Idara ya Met inaonya Wakenya kujitayarisha kwa mvua kubwa, usiku baridi chini ya digrii 10 Kenya miezi 7 iliyopita na Didacus Malowa Wakenya wanapaswa kujitayarisha kwa kipindi kirefu cha mvua kubwa na usiku baridi, na joto linatarajiwa kushuka chini ya 10 °C katika mikoa fulani.","Mũtabanĩri wa Met nĩ eerire andũ a Kenya kwĩhaarĩria kũgĩa na mbura nene, ũtukũ wa kũhũa wa thĩiniĩ wa digirii 10 Kenya mĩeri mũgwanja mĩhĩtũku nĩ Didacus Malowa Andũ a Kenya magĩrĩirũo kwĩhaarĩria kũgĩa na mbura nene na ũtukũ wa kũhũa, na nĩ kũhoteka atĩ mĩiyũro ya rĩera nĩ ĩgũthiĩ thĩ ya digirii 10 thĩinĩ wa icigo imwe.",0.704831119,0.468000667,Misati,"Mũtabanĩri wa Met nĩ eerire andũ a Kenya kwĩhaarĩria kũgĩa na mbura nene, ũtukũ wa kũhũa wa thĩiniĩ wa digirii 10 Kenya mĩeri mũgwanja mĩhĩtũku nĩ Didacus Malowa Andũ a Kenya magĩrĩirũo kwĩhaarĩria kũgĩa na mbura nene na ũtukũ wa kũhũa, na nĩ kũhoteka atĩ mĩiyũro ya rĩera nĩ ĩgũthiĩ thĩ ya digirii 10 thĩinĩ wa icigo imwe.",0.704831119,0.468000667,Ted,,
,Governance,"By 1 month ago Police appeal for leads in Narok woman's assault Police urge public to share information to aid in arresting suspects filmed assaulting a woman in Narok, condemn act as barbaric, and vow justice.","Mwezi mmoja uliopita Polisi waliomba kuongoza katika mashambulizi ya mwanamke wa Narok Polisi waliwahimiza umma kushiriki habari kusaidia kukamata mashtaka waliopigwa picha wakishambulia mwanamke huko Narok, kukiri vitendo vya ubaridi, na kuahidi haki.","Mweri ũmwe ũhĩtũku, thirikari nĩ ĩraheire andũ maingĩ ngoro magĩe na ũmenyo wa gũteithia gũikio ngono kwa andũ arĩa moigĩte atĩ nĩ mahĩtagĩra mũndũ mũka Narok, na gũtuĩra andũ ciira atĩ nĩ moĩkaine ta andũ marĩ ũgwati-inĩ, na kũhingia kĩhooto.",0.493729008,0.312400604,Misati,"Mweri ũmwe ũhĩtũku, thirikari nĩ ĩraheire andũ maingĩ ngoro magĩe na ũmenyo wa gũteithia gũikio ngono kwa andũ arĩa moigĩte atĩ nĩ mahĩtagĩra mũndũ mũka Narok, na gũtuĩra andũ ciira atĩ nĩ moĩkaine ta andũ marĩ ũgwati-inĩ, na kũhingia kĩhooto.",0.493729008,0.312400604,Ted,,
,Governance,"By 2 days ago EU urges Tanzanian authorities to exercise restraint amid post election unrest British High Commission in Tanzania advises against all but essential travel to the country, cites disruption and unrest following the October 29 election.","Siku 2 zilizopita EU iliwahimiza mamlaka ya Tanzania kudhibiti wakati wa ghasia za baada ya uchaguzi British High Commission nchini Tanzania inashauri dhidi ya safari zote isipokuwa muhimu nchini, ikitaja mapinduzi na ghasia baada ya uchaguzi wa Oktoba 29.","Kwa ihinda rĩa matukũ 2 mathiru, EU nĩ ĩringithanagia thirikari cia Tanzania kũhũthĩra wĩyathi wa gwĩthuurĩra thutha wa ithurano.",0.544239143,0.424191125,Misati,"Kwa ihinda rĩa matukũ 2 mathiru, EU nĩ ĩringithanagia thirikari cia Tanzania kũhũthĩra wĩyathi wa gwĩthuurĩra thutha wa ithurano.",0.544239143,0.424191125,Ted,,
,Governance,"The Head of State said she was speaking both as a leader and as a mother to the nation, asking Tanzanians to prioritise dialogue and peace over chaos I sincerely urge my fellow citizens to uphold peace and tranquillity.","Rais wa nchi alisema alikuwa akizungumza kama kiongozi na kama mama kwa taifa, akiomba wananchi wa Tanzania wawe na lengo la kuanzisha mazungumzo na amani badala ya machafuko.","Mũtongoria wa bũrũri oigire atĩ nĩ aaririe arĩ mũtongoria na arĩ nyina wa rũrĩrĩ, akĩũria andũ a Tanzania matige kũgĩa na ũharũrũku na thayũ gũkĩra mũtaratara.",0.517560149,0.427349291,Misati,"Mũtongoria wa bũrũri oigire atĩ nĩ aaririe arĩ mũtongoria na arĩ nyina wa rũrĩrĩ, akĩũria andũ a Tanzania matige kũgĩa na ũharũrũku na thayũ gũkĩra mũtaratara.",0.517560149,0.427349291,Ted,,
,Governance,"As part of the ongoing government initiative to encourage residents to surrender illegally held firearms, the Sub-County Security Team in Tiaty Central, Baringo County, today, 5th November 2025, received two AK-47 rifles and five rounds of ammunition.","Kama sehemu ya mpango wa serikali unaoendelea kuhamasisha wakazi kutoa silaha za risasi zilizoshikiliwa kinyume cha sheria, Timu ya Usalama ya Sub-County huko Tiaty Central, Kaunti ya Baringo, leo, Novemba 5, 2025, walipokea bunduki mbili za AK-47 na risasi tano.","Taarĩ gĩcunjĩ kĩa mũbango wa thirikari wa kũhe aikari ngoro matige indo cia gũcina iria ciakoragwo na mahĩtia, gĩkundi kĩa arĩa matongoragia ũgitĩri gĩcigo-inĩ kĩa Tiaty Central, Baringo County, ũmũthĩ, 5 Mweri wa 11, 2025, nĩ kĩamũkĩrĩte mbũri igĩrĩ cia AK-47 na mĩbango ĩtano ya mbũri.",0.710441206,0.461391579,Misati,"Taarĩ gĩcunjĩ kĩa mũbango wa thirikari wa kũhe aikari ngoro matige indo cia gũcina iria ciakoragwo na mahĩtia, gĩkundi kĩa arĩa matongoragia ũgitĩri gĩcigo-inĩ kĩa Tiaty Central, Baringo County, ũmũthĩ, 5 Mweri wa 11, 2025, nĩ kĩamũkĩrĩte mbũri igĩrĩ cia AK-47 na mĩbango ĩtano ya mbũri.",0.710441206,0.461391579,Ted,,
,Governance,Authorities are now appealing to members of the public to support ongoing efforts to combat crime by sharing information that could aid investigations.,Sasa wenye mamlaka wanawaomba watu waende kusaidia jitihada zinazoendelea za kupambana na uhalifu kwa kushiriki habari ambazo zinaweza kusaidia uchunguzi.,Athirikari rĩu nĩ irĩra andũ aingĩ mathiĩ na mbere kũrũa na ũhinya na njĩra ya kũmenyithanagia ũhoro ũrĩa ũngĩteithĩrĩria ũthuthuria.,0.592857974,0.430092213,Misati,Athirikari rĩu nĩ irĩra andũ aingĩ mathiĩ na mbere kũrũa na ũhinya na njĩra ya kũmenyithanagia ũhoro ũrĩa ũngĩteithĩrĩria ũthuthuria.,0.592857974,0.430092213,Ted,,
,Governance,"By 3 days ago EU urges Tanzanian authorities to exercise restraint amid post election unrest British High Commission in Tanzania advises against all but essential travel to the country, cites disruption and unrest following the October 29 election.","Hadi siku 3 zilizopita EU inawasihi mamlaka za Tanzania kudhibiti wakati wa ghasia za baada ya uchaguzi British High Commission in Tanzania inashauri dhidi ya safari zote isipokuwa muhimu nchini, inachukuliwa usumbufu na ghasia baada ya uchaguzi wa Oktoba 29.","Kwa ihinda rĩa thikũ ithatũ, EU nĩ ĩringithanagia thirikari cia Tanzania kũhũthĩra wĩyathi wa gwĩthuurĩra thutha wa ithurano.",0.553718808,0.454267175,Misati,"Kwa ihinda rĩa thikũ ithatũ, EU nĩ ĩringithanagia thirikari cia Tanzania kũhũthĩra wĩyathi wa gwĩthuurĩra thutha wa ithurano.",0.553718808,0.454267175,Ted,,
,Governance,"Photo Kenya High Commission The Commission further encouraged Kenyans to continue with their lawful day-to-day activities without fear, noting that no incident targeting Kenyan nationals had been reported so far .","Image Kenya High Commission Tume hiyo pia iliwahimiza Wakenya kuendelea na shughuli zao za kisheria za kila siku bila hofu, ikitaja kuwa hakuna tukio lolote lililoripotiwa kuwa ni la raia wa Kenya hadi sasa.","Kamĩtĩ ya Kenya nĩ ĩgĩkĩũmĩrĩria akenya gũthiĩ na mbere na mawĩra mao ma o mũthenya matekũigua guoya, na ĩgĩteta atĩ gũtirĩ ũndũ o na ũmwe ũkoretwo ũgĩĩkwo ũgĩũkĩrĩra akenya.",0.561454186,0.369911804,Misati,"Kamĩtĩ ya Kenya nĩ ĩgĩkĩũmĩrĩria akenya gũthiĩ na mbere na mawĩra mao ma o mũthenya matekũigua guoya, na ĩgĩteta atĩ gũtirĩ ũndũ o na ũmwe ũkoretwo ũgĩĩkwo ũgĩũkĩrĩra akenya.",0.561454186,0.369911804,Ted,,
,Governance,"According to Sakaja, to prevent such situations, the county government is encouraging residents to register with SHA, ensuring that the programme can reimburse hospitals for patients unable to pay.","Kulingana na Sakaja, ili kuzuia hali kama hizo, serikali ya kaunti inawahimiza wakazi kujiandikisha na SHA, kuhakikisha kuwa mpango huo unaweza kurudisha hospitali kwa wagonjwa ambao hawawezi kulipa.","Kũringana na Sakaja, nĩguo gwĩthema maũndũ ta macio, thirikari ya kaunti nĩ ĩgũthĩrĩria aikari kwĩyandikithia SHA, na ĩgĩtongoria mũbango ũcio kũhe thibitarĩ arĩa matingĩhota kũrĩha.",0.712770988,0.470111664,Misati,"Kũringana na Sakaja, nĩguo gwĩthema maũndũ ta macio, thirikari ya kaunti nĩ ĩgũthĩrĩria aikari kwĩyandikithia SHA, na ĩgĩtongoria mũbango ũcio kũhe thibitarĩ arĩa matingĩhota kũrĩha.",0.712770988,0.470111664,Ted,,
,Governance,"The National Police Service commends the continued cooperation of local residents in supporting this initiative to enhance peace, security, and stability in the region.'We encourage the public to maintain their support by providing information at their nearest police station, or by calling 999, 911, or 112.","Huduma ya Polisi ya Kitaifa inapongeza ushirikiano wa kuendelea wa wakazi wa eneo hilo katika kusaidia mpango huu wa kuongeza amani, usalama, na utulivu katika mkoa"".","Ũtungata wa Mbunge wa Polisa nĩ ũkenagia kũrutithania wĩra kwa andũ a gĩcigo kĩu nĩ ũndũ wa kũnyita mbaru kĩyo gĩkĩ gĩa kũongerera thayũ, ũgitĩri, na ũgitĩri bũrũriinĩ"".",0.628786265,0.452377081,Misati,"Ũtungata wa Mbunge wa Polisa nĩ ũkenagia kũrutithania wĩra kwa andũ a gĩcigo kĩu nĩ ũndũ wa kũnyita mbaru kĩyo gĩkĩ gĩa kũongerera thayũ, ũgitĩri, na ũgitĩri bũrũriinĩ"".",0.628786265,0.452377081,Ted,,
,Governance,"We urge members of the public to provide any information that may assist in their arrest, the report stated in part.","Tunatoa wito kwa umma kutoa habari yoyote ambayo inaweza kusaidia katika kukamatwa kwao, ripoti hiyo ilisema kwa sehemu.","Tũkĩra andũ othe marute ũhoro o wothe ũrĩa ũngĩmatũma makũragwo, ta ũrĩa riboti ĩyo yonanirie.",0.590289274,0.407638838,Misati,"Tũkĩra andũ othe marute ũhoro o wothe ũrĩa ũngĩmatũma makũragwo, ta ũrĩa riboti ĩyo yonanirie.",0.590289274,0.407638838,Ted,,
,Governance,"On the recruitment day, candidates must report to designated centres by 8am with original and copies of their academic certificates, ID cards, birth certificates, and, where applicable, NYS discharge certificates with at least a 'GOOD' conduct rating.","Siku ya kuajiri, wagombea lazima wajitangaze kwa vituo vilivyowekwa kabla ya saa 8 asubuhi na nakala za awali na nakala za vyeti vyao vya kitaaluma, kadi za kitambulisho, vyeti vya kuzaliwa, na, ikiwezekana, vyeti vya kutolewa kwa NYS na angalau kiwango cha ""UENDO WA MAJARABA"".","Mũthenya wa kũgiria, agendi magĩrĩire kwĩra ciũngano iria ciamũrĩtwo nginya thaa inyanya cia rũcinĩ marĩ na maumbũ ma marũa mao ma kĩama, ma ID, ma iruta rĩa gũciarũo, na, kũngĩhoteka, maumbũ ma NYS ma kũruta wĩra na kũgĩa na kĩrathi kĩa ""ŨŨŨGŨ"" gĩa mĩtugo.",0.589172118,0.34367399,Misati,"Mũthenya wa kũgiria, agendi magĩrĩire kwĩra ciũngano iria ciamũrĩtwo nginya thaa inyanya cia rũcinĩ marĩ na maumbũ ma marũa mao ma kĩama, ma ID, ma iruta rĩa gũciarũo, na, kũngĩhoteka, maumbũ ma NYS ma kũruta wĩra na kũgĩa na kĩrathi kĩa ""ŨŨŨGŨ"" gĩa mĩtugo.",0.589172118,0.34367399,Ted,,
,Governance,"The Authority urges firms wishing to engage in parcel and courier services to apply for the requisite licenses from our offices in Nairobi, Kisumu, Eldoret, Nyeri and Mombasa and cautions members of the public to seek parcel and courier services from CA licensed providers only.","Mamlaka inawasihi kampuni zinazotafuta kushiriki katika huduma za pakiti na kupeleka barua pepe kuomba ruhusa zinazohitajika kutoka kwa ofisi zetu huko Nairobi, Kisumu, Eldoret, Nyeri na Mombasa na inaonya washiriki wa umma kutafuta huduma za pakiti na kupeleka barua pepe kutoka kwa watoa huduma walioidhinishwa CA tu.",Athirikari nĩ ĩringithanagia mabũrũri marĩa marenda kũruta wĩra wa kũruta mĩhothi ya kũruta mĩhothi ya kũruta mĩhothi ya kũruta mĩhothi ya kũruta mĩhothi ya kũruta mĩhothi ya kũruta mĩhothi ya kũruta mĩhothi ya kũruta mĩhothi ya kũruta mĩhothi ya kũruta mĩhothi ya kũruta mĩhothi ya kũruta mĩhothi ya kũruta mĩhothi ya kũruta mĩhothi ya kũruta mĩhothi ya kũruta mĩhothi ya kũruta mĩhothi ya kũruta mĩhothi ĩyo ya kũruta mĩhothi ĩyo ya kũruta mĩhothi ĩyo ya kũruta mĩhothi ĩyo ya kũruta mĩhothi ĩyo ya kũruta mĩhothi ĩyo ya kũruta mĩhothi ĩyo ya kũruta mĩhothi ĩyo ya kũruta mĩhothi ĩyo ya kũruta mĩhothi ĩyo ya kũruta mĩhot,0.69681962,0.590696837,Misati,Athirikari nĩ ĩringithanagia mabũrũri marĩa marenda kũruta wĩra wa kũruta mĩhothi ya kũruta mĩhothi ya kũruta mĩhothi ya kũruta mĩhothi ya kũruta mĩhothi ya kũruta mĩhothi ya kũruta mĩhothi ya kũruta mĩhothi ya kũruta mĩhothi ya kũruta mĩhothi ya kũruta mĩhothi ya kũruta mĩhothi ya kũruta mĩhothi ya kũruta mĩhothi ya kũruta mĩhothi ya kũruta mĩhothi ya kũruta mĩhothi ya kũruta mĩhothi ya kũruta mĩhothi ĩyo ya kũruta mĩhothi ĩyo ya kũruta mĩhothi ĩyo ya kũruta mĩhothi ĩyo ya kũruta mĩhothi ĩyo ya kũruta mĩhothi ĩyo ya kũruta mĩhothi ĩyo ya kũruta mĩhothi ĩyo ya kũruta mĩhothi ĩyo ya kũruta mĩhothi ĩyo ya kũruta mĩhot,0.69681962,0.590696837,Ted,,
,Governance,Machogu urged the residents to ensure that they nurture the trees to maturity after planting and not to leave it as a responsibility of the Government.,Machogu aliwahimiza wakazi kuhakikisha kwamba wanapendelea miti hadi itakapokuwa imepanda na wasiiache kuwa jukumu la Serikali.,Machogu nĩ eerire aikari a bũrũri ũcio atĩ nĩ magĩrĩire kũmenyeria mĩtĩ ĩyo nginya ĩgakua thutha wa kũhaanda na atĩ ti wĩra wa thirikari.,0.498316215,0.42760859,Misati,Machogu nĩ eerire aikari a bũrũri ũcio atĩ nĩ magĩrĩire kũmenyeria mĩtĩ ĩyo nginya ĩgakua thutha wa kũhaanda na atĩ ti wĩra wa thirikari.,0.498316215,0.42760859,Ted,,
,Governance,The County Government of Kericho is advising all residents to remain on high alert due to the ongoing heavy rains being experienced across the county.,Serikali ya Wilaya ya Kericho inashauri wakazi wote waendelee kuwa katika tahadhari kubwa kutokana na mvua kubwa zinazoendelea zinazoendelea katika wilaya nzima.,Thirikari ya kaunti ya Kericho nĩ ĩrathaitha aikari othe matigare marĩ na ũgitĩri mũnene nĩ ũndũ wa mbura nene iria irathiĩ na mbere gũkunĩka kaunti-inĩ ĩyo.,0.57888134,0.522572629,Misati,Thirikari ya kaunti ya Kericho nĩ ĩrathaitha aikari othe matigare marĩ na ũgitĩri mũnene nĩ ũndũ wa mbura nene iria irathiĩ na mbere gũkunĩka kaunti-inĩ ĩyo.,0.57888134,0.522572629,Ted,,
,Governance,"The County Government appeals to all residents to exercise utmost caution, avoid crossing flooded roads or walking near swollen rivers, and to immediately report any emergencies or incidents to the nearest local administration office or through the County emergency hotline.","Serikali ya Wilaya inawaomba wakazi wote kuwa waangalifu sana, waepuke kuvuka barabara zilizojaa maji au kutembea karibu na mito iliyovimba, na kuripoti haraka hali yoyote ya dharura au matukio kwenye ofisi ya karibu ya usimamizi wa mitaa au kupitia simu ya dharura ya Wilaya.","Thirikari ya kaunti nĩ ĩgwĩta aikari othe makorũo na ũgitĩri mũingĩ, mage gũtuĩkanĩria barabara iria ciiyũrĩtwo nĩ maaĩ kana magĩthiĩ hakuhĩ na njũũĩ iria ciarugĩtwo, na o rĩmwe marute ũhoro wa maũndũ mothe ma ndũire kana maũndũ marĩa mahĩtũkire wabici-inĩ ya wathani wa kaunti ĩrĩa ĩrĩ hakuhĩ kana kũgerera thimũ ya bata ya kaunti.",0.639235298,0.431274996,Misati,"Thirikari ya kaunti nĩ ĩgwĩta aikari othe makorũo na ũgitĩri mũingĩ, mage gũtuĩkanĩria barabara iria ciiyũrĩtwo nĩ maaĩ kana magĩthiĩ hakuhĩ na njũũĩ iria ciarugĩtwo, na o rĩmwe marute ũhoro wa maũndũ mothe ma ndũire kana maũndũ marĩa mahĩtũkire wabici-inĩ ya wathani wa kaunti ĩrĩa ĩrĩ hakuhĩ kana kũgerera thimũ ya bata ya kaunti.",0.639235298,0.431274996,Ted,,
,Governance,"The County Government reiterates that the safety of residents remains its top priority and urges everyone to stay vigilant, follow official advisories, and support one another during this period of heavy rainfall.","Serikali ya Wilaya inasisitiza kwamba usalama wa wakazi unabaki kuwa kipaumbele chake na inawasihi wote kukaa macho, kufuata ushauri wa rasmi, na kusaidiana wakati huu wa mvua kubwa.","Thirikari ya kaunti nĩ ĩcoketie kuuga atĩ ũgitĩri wa aikari nĩ ũkoragwo ũrĩ wa bata mũno na ĩgĩthaitha andũ othe makorũo marĩ na ũmenyo, marũmĩrĩre mataaro ma thirikari, na magitwarana na hinya ihinda-inĩ rĩrĩ rĩa mbura nene.",0.643958157,0.521685909,Misati,"Thirikari ya kaunti nĩ ĩcoketie kuuga atĩ ũgitĩri wa aikari nĩ ũkoragwo ũrĩ wa bata mũno na ĩgĩthaitha andũ othe makorũo marĩ na ũmenyo, marũmĩrĩre mataaro ma thirikari, na magitwarana na hinya ihinda-inĩ rĩrĩ rĩa mbura nene.",0.643958157,0.521685909,Ted,,
,Governance,"To ensure public safety during the renovation, the County Government has issued a clear directive: Members of the public have been directed to stay at least 30 metres away from the hospital site.","Ili kuhakikisha usalama wa umma wakati wa ukarabati, serikali ya wilaya imechapisha agizo wazi: Wananchi wameamriwa kukaa angalau mita 30 mbali na tovuti ya hospitali.","Nĩguo kũigĩrĩrũo ũgitĩri wa andũ hĩndĩ ya gwaka nyũmba ĩyo, thirikari ya kaunti nĩ ĩhĩtũkire ũtongoria mũiganu: Andũ a itũũra nĩ marathanĩtwo mathiĩ o na makĩria mita 30 kuuma handũ hau thibitari ĩkoragwo.",0.667352437,0.400752197,Misati,"Nĩguo kũigĩrĩrũo ũgitĩri wa andũ hĩndĩ ya gwaka nyũmba ĩyo, thirikari ya kaunti nĩ ĩhĩtũkire ũtongoria mũiganu: Andũ a itũũra nĩ marathanĩtwo mathiĩ o na makĩria mita 30 kuuma handũ hau thibitari ĩkoragwo.",0.667352437,0.400752197,Ted,,
,Governance,"Youth engagement took centre stage in Kisumu County this week as leaders threw down the gauntlet, urging young residents to swap spectator seats for the architect's table in governance.","Ushirikiano wa vijana ulifanyika katikati ya eneo la Kisumu wiki hii wakati viongozi walipoleta gundi, wakiwahimiza wakazi vijana kubadilishana viti vya watazamaji kwa meza ya usimamizi wa usanifu.","Kĩharo kĩa andũ ethĩ nĩ gĩatongoririe gĩcigo kĩa Kisumu County kiumia gĩkĩ rĩrĩa atongoria maambĩrĩirie kũheana gĩtugĩ, makĩringĩrĩria aikari ethĩ kũgarũra iturwa cia arĩa maronaga maũndũ nĩ ũndũ wa taũni ya mũũmbi.",0.546403195,0.328713216,Misati,"Kĩharo kĩa andũ ethĩ nĩ gĩatongoririe gĩcigo kĩa Kisumu County kiumia gĩkĩ rĩrĩa atongoria maambĩrĩirie kũheana gĩtugĩ, makĩringĩrĩria aikari ethĩ kũgarũra iturwa cia arĩa maronaga maũndũ nĩ ũndũ wa taũni ya mũũmbi.",0.546403195,0.328713216,Ted,,
,Governance,He further encouraged the public to be part of the process through reporting any incidences of bribery or corruption through relevant hotlines.,Aliwahimiza pia watu kushiriki katika mchakato huo kwa kuripoti visa vya rushwa au ufisadi kupitia simu za kuwasha moto zinazofaa.,Ningĩ nĩ eekĩrire andũ ngoro makorũo marĩ gĩcunjĩ kĩa mũtaratara ũcio na njĩra ya kũmenyithia ũhoro wa mahĩtia o mothe kana ũkoroku kũgerera thimũ cia kũhooywo.,0.515562637,0.469096293,Misati,Ningĩ nĩ eekĩrire andũ ngoro makorũo marĩ gĩcunjĩ kĩa mũtaratara ũcio na njĩra ya kũmenyithia ũhoro wa mahĩtia o mothe kana ũkoroku kũgerera thimũ cia kũhooywo.,0.515562637,0.469096293,Ted,,
,Governance,Members of the public and property owners are reminded to prioritize structural safety in residential buildings.,Wafanyakazi wa umma na wamiliki wa mali wanapaswa kutanguliza usalama wa miundo katika majengo ya makazi.,Andũ aingĩ na arĩa matũũraga nyũmba nĩ maririkanagwo atĩ nĩ magĩrĩirũo kũiga ũgitĩri wa mĩako ya nyũmba cia nyũmba cia nyũmba cia gũikara mbere.,0.518425276,0.302196777,Misati,Andũ aingĩ na arĩa matũũraga nyũmba nĩ maririkanagwo atĩ nĩ magĩrĩirũo kũiga ũgitĩri wa mĩako ya nyũmba cia nyũmba cia nyũmba cia gũikara mbere.,0.518425276,0.302196777,Ted,,
,Governance,"The Public is urged to report any incidences of recruitment malpractices to the nearest Police Station or call 0709099000, 999, 911,112 or #fichuakwaDCI 0800722203.","Watu wanahimizwa kuripoti visa vyovyote vya uhalifu wa kuajiri kwenye Kituo cha Polisi cha karibu au piga simu 0709099000, 999, 911,112 au #fichuakwaDCI 0800722203.","Andũ othe nĩ marerĩgĩrĩrio kũmenyithia gĩkundi kĩa thigari cia thigari cia hakuhĩ kana magĩthaitha 0709099000, 999, 911,112 kana #fichuakwaDCI 0800722203.",0.68374688,0.480888843,Misati,"Andũ othe nĩ marerĩgĩrĩrio kũmenyithia gĩkundi kĩa thigari cia thigari cia hakuhĩ kana magĩthaitha 0709099000, 999, 911,112 kana #fichuakwaDCI 0800722203.",0.68374688,0.480888843,Ted,,
,Governance,We caution all to beware of fraudsters posing as Commission staff to solicit money in exchange for our services.,Tunaonya wote wajihadhari na wadanganyifu wanaojitambulisha kuwa wafanyakazi wa Tume ili kutafuta fedha kwa ajili ya huduma zetu.,"Nĩ tũrabatara kũmenyerera arĩa othe meciragia atĩ nĩ andũ a Commission, na atĩ nĩ marenda kũheana mbeca nĩ ũndũ wa ũtungata witũ.",0.600351249,0.351343748,Misati,"Nĩ tũrabatara kũmenyerera arĩa othe meciragia atĩ nĩ andũ a Commission, na atĩ nĩ marenda kũheana mbeca nĩ ũndũ wa ũtungata witũ.",0.600351249,0.351343748,Ted,,
,Governance,Please be advised that the public notice circulating on social media is fake.,Tafadhali kumbuka kwamba tangazo la umma linalozunguka kwenye mitandao ya kijamii ni bandia.,Nĩ tũrakũmenyithia atĩ ũhoro ũrĩa ũrathiĩ na mbere kũhũthagĩrũo social media nĩ wa maheeni.,0.714798194,0.435829376,Misati,Nĩ tũrakũmenyithia atĩ ũhoro ũrĩa ũrathiĩ na mbere kũhũthagĩrũo social media nĩ wa maheeni.,0.714798194,0.435829376,Ted,,
,Governance,By David Njaaga 1 month ago 'Ignore fraudulent notices': NPSC warns on fake police hiring advert The National Police Service Commission (NPSC) has warned against a fake recruitment notice for police constables circulating on social media.,By David Njaaga 1 month ago 'Ignore fraudulent notices': NPSC inaonya kuhusu tangazo la kuajiri polisi bandia Tume ya Utumishi wa Polisi ya Taifa (NPSC) imeonya dhidi ya tangazo bandia la kuajiri polisi kwa ajili ya polisi wanaotangaza kwenye mitandao ya kijamii.,By David Njaaga 1 month ago 'Ignore fraudulent notices': NPSC nĩ ĩgwĩraga ũhoro wa kũrekereria thigari wĩra wa kũgemania na njĩra ya mahĩtia.,0.664384526,0.458521766,Misati,By David Njaaga 1 month ago 'Ignore fraudulent notices': NPSC nĩ ĩgwĩraga ũhoro wa kũrekereria thigari wĩra wa kũgemania na njĩra ya mahĩtia.,0.664384526,0.458521766,Ted,,
,Governance,"Ethekon urged Kenyans to help rebuild trust in the new IEBC, assuring that the commission has strengthened accountability systems, including robust voter identification and result transmission technology.","Ethekon aliwahimiza Wakenya kusaidia kujenga imani katika IEBC mpya, akihakikishia kuwa tume hiyo imeimarisha mifumo ya uwajibikaji, ikiwa ni pamoja na utambulisho thabiti wa wapiga kura na teknolojia ya uhamishaji wa matokeo.","Ethekon nĩ ĩringithĩrĩirie andũ a Kenya gũteithia gũcokia wĩtĩkio harĩ IEBC njerũ, na ĩgĩtaarĩria atĩ kamĩtĩ ĩyo nĩ ĩgĩteithia kũgĩa na ũhoti wa kũmenyithia arĩa mathuurĩte na njĩra ya tekinoronjĩ ya kũmenyithia ateti na kũmenyithia macokio.",0.710383363,0.414126095,Misati,"Ethekon nĩ ĩringithĩrĩirie andũ a Kenya gũteithia gũcokia wĩtĩkio harĩ IEBC njerũ, na ĩgĩtaarĩria atĩ kamĩtĩ ĩyo nĩ ĩgĩteithia kũgĩa na ũhoti wa kũmenyithia arĩa mathuurĩte na njĩra ya tekinoronjĩ ya kũmenyithia ateti na kũmenyithia macokio.",0.710383363,0.414126095,Ted,,
,Governance,"To ensure consistency in care, the report urges the Ministry of Health to make clinical guidelines accessible to all providers and to enforce postpartum monitoring standards through supervision and clinical audits.","Ili kuhakikisha uthabiti katika huduma, ripoti hiyo inawasihi Wizara ya Afya iweze kutoa miongozo ya kliniki kwa watoa huduma wote na kutekeleza viwango vya ufuatiliaji wa baada ya kujifungua kupitia usimamizi na ukaguzi wa kliniki.","Nĩguo kũhoteke atĩ nĩ kũrĩ na ũigananĩru harĩ ũrigitani, riboti ĩyo nĩ ĩringithanagia na ũtongoria wa ũtongoria wa ũrigitani harĩ arĩa othe marutaga ũteithio na kũhingia ithimi cia kũroraga ciana thutha wa gũciara kũgerera kũroraga na gũthuthuria ũrigitani.",0.725296715,0.460915238,Misati,"Nĩguo kũhoteke atĩ nĩ kũrĩ na ũigananĩru harĩ ũrigitani, riboti ĩyo nĩ ĩringithanagia na ũtongoria wa ũtongoria wa ũrigitani harĩ arĩa othe marutaga ũteithio na kũhingia ithimi cia kũroraga ciana thutha wa gũciara kũgerera kũroraga na gũthuthuria ũrigitani.",0.725296715,0.460915238,Ted,,
,Governance,"Murkomen said the government also launched a toll-free hotline to enable the public to report abductions anonymously, ensuring confidentiality and encouraging information sharing.","Murkomen alisema serikali pia ilizindua simu ya bure ya simu ili kuwezesha umma kuripoti unyakuo bila majina, kuhakikisha usiri na kukuza ushiriki wa habari.","Murkomen augite thirikari nĩ ĩambĩrĩirie gĩtabarĩ kĩa mũhothi wa kũheana ũhoro wa kũgwata andũ na njĩra ya kũmenyithania, na kũhingia ũhitho na kũheana ũhoro.",0.623068876,0.329841554,Misati,"Murkomen augite thirikari nĩ ĩambĩrĩirie gĩtabarĩ kĩa mũhothi wa kũheana ũhoro wa kũgwata andũ na njĩra ya kũmenyithania, na kũhingia ũhitho na kũheana ũhoro.",0.623068876,0.329841554,Ted,,
,Governance,"We call upon all stakeholders political leaders, candidates, and citizens to exercise restraint, demonstrate respect for law and put the interest of the nation above all else.Let us remember: Elections are not a battle of might, but a contest of ideas.","Tunawaita viongozi wote wa kisiasa, wagombea na raia waweke kiasi, waheshimu sheria na kuweka masilahi ya taifa juu ya kila kitu.","Tũraoria atongoria othe a ũteti, arũmĩrĩri, na andũ othe makorũo na wĩyathi wa gwĩthuurĩra, kũheana gĩtĩo harĩ watho na kũiga wendi wa bũrũri mbere ya maũndũ mangĩ mothe.",0.504041384,0.450912207,Misati,"Tũraoria atongoria othe a ũteti, arũmĩrĩri, na andũ othe makorũo na wĩyathi wa gwĩthuurĩra, kũheana gĩtĩo harĩ watho na kũiga wendi wa bũrũri mbere ya maũndũ mangĩ mothe.",0.504041384,0.450912207,Ted,,
,Governance,The Public Service Commission (PSC) invited applications from Kenyan professionals to fill 86 job vacancies The commission noted that successful candidates will work at the Ministry of Foreign and Diaspora Affairs Career expert Simon Ingari told TUKO .,Tume ya Huduma ya Umma (PSC) imewaalika wataalamu wa Kenya kuomba kazi katika nafasi 86 za kazi zilizopo Tume hiyo imebaini kuwa wagombea waliofanikiwa watatumika katika Wizara ya Mambo ya Nje na Masuala ya Diaspora Mtaalam wa Kazi Simon Ingari aliiambia TUKO .,Kamiti ya Ũtungata wa Bũrũri (PSC) nĩ ĩgwĩta marũa kuuma kũrĩ athomi a Kenya kũhingia mawĩra 86 marĩa marakorũo matarĩ kuo Kamiti ĩyo nĩ yonanirie atĩ arĩa marĩkĩtie kũhingia wĩra ũcio nĩ magaakorũo makĩruta wĩra wa Ũtungata wa Ũtungata wa Ũtungata wa Ũbango wa Ũbango wa Ũbango wa Ũbango wa Ũbango wa Ũbango wa Ũbango wa Ũbango wa Ũbango wa Ũbango wa Ũbango wa Ũbango wa Ũbango wa Ũbango wa Ũbango wa Ũbango wa Ũbango wa Ũbango wa Ũbango wa Ũbango wa Ũbango wa Ũbango wa Ũbango wa Ũbango wa Ũbango wa Ũbango wa Ũbango wa Ũbango wa Ũbango wa Ũbango wa Ũb,0.595904456,0.537306136,Misati,Kamiti ya Ũtungata wa Bũrũri (PSC) nĩ ĩgwĩta marũa kuuma kũrĩ athomi a Kenya kũhingia mawĩra 86 marĩa marakorũo matarĩ kuo Kamiti ĩyo nĩ yonanirie atĩ arĩa marĩkĩtie kũhingia wĩra ũcio nĩ magaakorũo makĩruta wĩra wa Ũtungata wa Ũtungata wa Ũtungata wa Ũbango wa Ũbango wa Ũbango wa Ũbango wa Ũbango wa Ũbango wa Ũbango wa Ũbango wa Ũbango wa Ũbango wa Ũbango wa Ũbango wa Ũbango wa Ũbango wa Ũbango wa Ũbango wa Ũbango wa Ũbango wa Ũbango wa Ũbango wa Ũbango wa Ũbango wa Ũbango wa Ũbango wa Ũbango wa Ũbango wa Ũbango wa Ũbango wa Ũbango wa Ũbango wa Ũb,0.595904456,0.537306136,Ted,,
,Governance,"Beware of fraudsters soliciting for bribes from the public while masquerading as commission staff, it warned job seekers.","Waangalie wadanganyifu wanaotafuta rushwa kutoka kwa umma huku wakijifanya kuwa wafanyakazi wa tume, ilionya wanaotafuta kazi.","Nĩ ĩgathingatithirie arĩa marenda wĩra atĩ makorũo marĩ na ũmenyo wa arĩa marenda kũhe andũ mĩhothi, o na gũtuĩka nĩ marĩĩhagia ta andũ arĩa marutaga wĩra.",0.594968184,0.278399099,Misati,"Nĩ ĩgathingatithirie arĩa marenda wĩra atĩ makorũo marĩ na ũmenyo wa arĩa marenda kũhe andũ mĩhothi, o na gũtuĩka nĩ marĩĩhagia ta andũ arĩa marutaga wĩra.",0.594968184,0.278399099,Ted,,
,Governance,"The police chief further urged the public to stay alert, adding that all rescued individuals had been documented and allowed to return home as investigations continue.","Mkuu wa polisi aliwahimiza watu waendelee kuwa macho, akiongeza kwamba watu wote waliookolewa wamekuwa wameandikwa na kuruhusiwa kurudi nyumbani wakati uchunguzi unaendelea.","Mũtongoria wa borithi nĩ eerire andũ othe makorũo marĩiguĩte, na akĩongerera atĩ andũ othe arĩa mahonoketio nĩo marĩkĩtie kũigwo na marekererio macoke kwao o ũrĩa ũthuthuria ũrathiĩ na mbere.",0.553458356,0.436969504,Misati,"Mũtongoria wa borithi nĩ eerire andũ othe makorũo marĩiguĩte, na akĩongerera atĩ andũ othe arĩa mahonoketio nĩo marĩkĩtie kũigwo na marekererio macoke kwao o ũrĩa ũthuthuria ũrathiĩ na mbere.",0.553458356,0.436969504,Ted,,
,Governance,"Apply for a Passport Apply for a Driving License KRA Services Apply for a Birth Certificate Apply for Certificate of Good Conduct Save for Affordable Housing Register a Business Apply for a Marriage Certificate Over 22,000 Government services now available from 100and Ministries, Counties, Departments and Agencies.","Maombi ya Pasipoti Maombi ya Leseni ya Kuendesha gari Huduma za KRA Maombi ya Cheti cha Kuzaliwa Maombi ya Cheti cha Maadili Mazuri Kuokoa kwa Hifadhi ya Nyumba ya Kiusalama Biashara Maombi ya Cheti cha Ndoa Zaidi ya huduma 22,000 za Serikali sasa zinapatikana kutoka kwa Wizara 100 na zaidi, Kaunti, Idara na Mashirika.","Kũhoya Passport Kũhoya License ya Kũnyita Ndereba KRA Services Kũhoya Birth Certificate Kũhoya Certificate ya Mwĩkalo Mwega Kũhonokia kwa Nyũmba cia Gũtũũra Register a Business Kũhoya Certificate ya Kĩhiko makĩria ma 22,000 cia thirikari rĩu nĩ cionekaga kuma 100 na Ministries, counties, Departments na Agency.",0.626104576,0.423577203,Misati,"Kũhoya Passport Kũhoya License ya Kũnyita Ndereba KRA Services Kũhoya Birth Certificate Kũhoya Certificate ya Mwĩkalo Mwega Kũhonokia kwa Nyũmba cia Gũtũũra Register a Business Kũhoya Certificate ya Kĩhiko makĩria ma 22,000 cia thirikari rĩu nĩ cionekaga kuma 100 na Ministries, counties, Departments na Agency.",0.626104576,0.423577203,Ted,,
,Governance,Constructively participate in the forums and platforms created by the County Government for Public Participation; Seek the guidance of the county government where the person is unable to read or to access information on the Public Participation Issue.,Kushiriki kwa ujenzi katika vikao na majukwaa yaliyoundwa na Serikali ya Wilaya kwa Ushirikiano wa Umma; Tafuta mwongozo wa serikali ya wilaya ambapo mtu hawezi kusoma au kupata habari juu ya Masuala ya Ushirikiano wa Umma.,"Gwĩruta wĩra na njĩra ya ũrutani na mĩcemanio ĩrĩa ĩhandĩtwo nĩ thirikari ya kaunti ya Gĩkũyũ nĩ ũndũ wa kũnyitanĩra na andũ; Gwĩruta wĩra na thirikari ya kaunti ya Gĩkũyũ nĩ ũndũ wa kũruta wĩra na njĩra ya ũrutani, rĩrĩa mũndũ ũcio ndangĩhota gũthoma kana kũgĩa na ũhoro wĩgiĩ ũndũ ũcio.",0.765727302,0.393951056,Misati,"Gwĩruta wĩra na njĩra ya ũrutani na mĩcemanio ĩrĩa ĩhandĩtwo nĩ thirikari ya kaunti ya Gĩkũyũ nĩ ũndũ wa kũnyitanĩra na andũ; Gwĩruta wĩra na thirikari ya kaunti ya Gĩkũyũ nĩ ũndũ wa kũruta wĩra na njĩra ya ũrutani, rĩrĩa mũndũ ũcio ndangĩhota gũthoma kana kũgĩa na ũhoro wĩgiĩ ũndũ ũcio.",0.765727302,0.393951056,Ted,,
,Governance,Submit Your Opinions,Waeleze Maoni Yako,Taarĩria mawoni maku,0.56830817,0.623095205,Misati,Taarĩria mawoni maku,0.56830817,0.623095205,Ted,,
,Governance,The Governor urged citizens to actively participate in the county's development journey.,Gavana aliwahimiza raia kushiriki kikamilifu katika safari ya maendeleo ya kaunti.,Ngavana nĩ erire andũ a bũrũri wao makorũo na itemi rĩa kũruta wĩra wa gũkũria bũrũri.,0.685725147,0.347941527,Misati,Ngavana nĩ erire andũ a bũrũri wao makorũo na itemi rĩa kũruta wĩra wa gũkũria bũrũri.,0.685725147,0.347941527,Ted,,
,Governance,"He encouraged the group to apply for the County Enterprise Fund, which provides financial assistance to community organisations and youth and women's groups to implement their projects.","Alitia moyo kikundi hicho kuomba Mfuko wa Biashara ya Wilaya, ambao hutoa msaada wa kifedha kwa mashirika ya jamii na vikundi vya vijana na wanawake kutekeleza miradi yao.","Nĩ eehokire gĩkundi kĩu kĩrute marũa ma kũhoya mũhothi wa County Enterprise Fund, ũrĩa ũheanaga ũteithio wa mbeca kũrĩ mĩhĩrĩga ya andũ a itũũra na ikundi cia andũ ethĩ na atumia nĩguo ciĩrute wĩra wa kũhingia mĩbango yao.",0.728761951,0.466515618,Misati,"Nĩ eehokire gĩkundi kĩu kĩrute marũa ma kũhoya mũhothi wa County Enterprise Fund, ũrĩa ũheanaga ũteithio wa mbeca kũrĩ mĩhĩrĩga ya andũ a itũũra na ikundi cia andũ ethĩ na atumia nĩguo ciĩrute wĩra wa kũhingia mĩbango yao.",0.728761951,0.466515618,Ted,,
,Governance,"Governor Dr. Bii urged residents to remain vigilant and to make use of the county's healthcare services, especially during the festive period and the ongoing season of rites of passage.","Gavana Dk Bii aliwahimiza wakazi wa wilaya hiyo kuwa macho na kutumia huduma za afya za wilaya, hasa wakati wa sikukuu na msimu wa maadhimisho ya kupitisha.","Ngavana Dr. Bii nĩ erire aikari a kaunti ĩyo matigare marĩ na ũmenyo na makorũo na ũmenyo wa kũhũthĩra ũtungata wa ũrigitani wa kaunti ĩyo, makĩria hĩndĩ ya thigũkũ na hĩndĩ ya kũhĩtũkĩra.",0.526395034,0.430228793,Misati,"Ngavana Dr. Bii nĩ erire aikari a kaunti ĩyo matigare marĩ na ũmenyo na makorũo na ũmenyo wa kũhũthĩra ũtungata wa ũrigitani wa kaunti ĩyo, makĩria hĩndĩ ya thigũkũ na hĩndĩ ya kũhĩtũkĩra.",0.526395034,0.430228793,Ted,,
,Governance,The Commission urged all candidates and the public to maintain peace and order during the campaign period.,Tume iliwasihi wagombea wote na umma kudumisha amani na utaratibu wakati wa kampeni.,Kambuni ĩyo nĩ ĩringithĩrĩirie andũ othe na andũ othe gũtũũria thayũ na ithimi hĩndĩ ya gĩthurano.,0.752285146,0.402296788,Misati,Kambuni ĩyo nĩ ĩringithĩrĩirie andũ othe na andũ othe gũtũũria thayũ na ithimi hĩndĩ ya gĩthurano.,0.752285146,0.402296788,Ted,,
,Governance,"He urged residents to continue registering under the scheme to access free healthcare services, and to enable the government plan better for better health provision.","Aliwasihi wakazi wa nchi hiyo kuendelea kujiandikisha chini ya mpango huo ili kupata huduma za afya za bure, na kuwezesha mpango wa serikali wa kutoa huduma bora za afya.","Nĩ eerire aikari mathiĩ na mbere kwĩyandikithia kũringana na mũbango ũcio nĩguo magĩe na ũhoti wa kũheo ũteithio wa ũrigitani hatarĩ marĩhi, na nĩguo ũndũ ũcio ũhotithie thirikari kũbanga wega ũrigitani mwega.",0.626527852,0.482757748,Misati,"Nĩ eerire aikari mathiĩ na mbere kwĩyandikithia kũringana na mũbango ũcio nĩguo magĩe na ũhoti wa kũheo ũteithio wa ũrigitani hatarĩ marĩhi, na nĩguo ũndũ ũcio ũhotithie thirikari kũbanga wega ũrigitani mwega.",0.626527852,0.482757748,Ted,,
,Governance,The County Government of Mandera encourages all eligible youth to take advantage of this life-changing opportunity and contribute to the county's development.,Serikali ya Wilaya ya Mandera inawatia moyo vijana wote wanaostahili kutumia fursa hii ya kubadilisha maisha na kuchangia maendeleo ya wilaya.,Thirikari ya kaunti ya Mandera nĩ ĩgũthĩrĩria andũ othe ethĩ arĩa marĩ na kĩhooto gĩa kũhũthĩra mweke ũyũ wa kũgarũra ũtũũro na kũrehe ũgarũrũku bũrũri-inĩ.,0.724763686,0.51004825,Misati,Thirikari ya kaunti ya Mandera nĩ ĩgũthĩrĩria andũ othe ethĩ arĩa marĩ na kĩhooto gĩa kũhũthĩra mweke ũyũ wa kũgarũra ũtũũro na kũrehe ũgarũrũku bũrũri-inĩ.,0.724763686,0.51004825,Ted,,
,Governance,"We call on the policing authority to carry out immediate and transparent investigations into the actions, and for the government to be held accountable for its attempts to censor political commentary, artistic expression, and to block the public's access to information,' said Mugambi Kiai, Regional Director for ARTICLE 19 Eastern Africa.","Tunaomba mamlaka ya polisi ichukue uchunguzi wa haraka na wa uwazi juu ya hatua hizo, na serikali ichukuliwe kwa majaribio yake ya kudhibiti maoni ya kisiasa, maoni ya kisanii, na kuzuia ufikiaji wa umma wa habari, ""alisema Mugambi Kiai, Mkurugenzi wa Mkoa wa ARTICLE 19 Afrika Mashariki.","Tũkĩra thirikari ya thitango ĩrute ũira wa ihenya na ũtararĩku wa ciĩko icio, na ĩgĩe na ũira wa atĩ thirikari nĩ ĩgathitangwo nĩ igerio rĩa kũgeria gũtua mawoni ma ũteti, kũgeria kũgeria kũgeria kũgeria kũgeria kũgeria kũgeria kũgeria kũgeria kũgeria kũgeria kũgeria kũgeria kũgeria kũgeria kũgeria kũgeria kũgeria kũgeria kũgeria kũgeria kũgeria kũgeria kũgeria kũgeria kũgeria kũgeria kũgeria kũgeria kũgeria kũgeria kũgeria kũgeria kũgeria kũgeria kũgeria kũgeria kũgeria kũgeria kũgeria kũgeria kũgeria kũgeria kũgeria kũgeria kũgeria kũgeria kũgeria kũgeria kũgeria kũgeria kũgeria kũgeria kũgeria kũgeria kũgeria kũgeria kũgeria kũgeria kũgeria kũgeria kũgeria kũgeria kũgeria kũgeria kũgeria kũgeria kũgeria kũgeria kũgeria kũgeria",0.642431483,0.453033216,Misati,"Tũkĩra thirikari ya thitango ĩrute ũira wa ihenya na ũtararĩku wa ciĩko icio, na ĩgĩe na ũira wa atĩ thirikari nĩ ĩgathitangwo nĩ igerio rĩa kũgeria gũtua mawoni ma ũteti, kũgeria kũgeria kũgeria kũgeria kũgeria kũgeria kũgeria kũgeria kũgeria kũgeria kũgeria kũgeria kũgeria kũgeria kũgeria kũgeria kũgeria kũgeria kũgeria kũgeria kũgeria kũgeria kũgeria kũgeria kũgeria kũgeria kũgeria kũgeria kũgeria kũgeria kũgeria kũgeria kũgeria kũgeria kũgeria kũgeria kũgeria kũgeria kũgeria kũgeria kũgeria kũgeria kũgeria kũgeria kũgeria kũgeria kũgeria kũgeria kũgeria kũgeria kũgeria kũgeria kũgeria kũgeria kũgeria kũgeria kũgeria kũgeria kũgeria kũgeria kũgeria kũgeria kũgeria kũgeria kũgeria kũgeria kũgeria kũgeria kũgeria kũgeria kũgeria",0.642431483,0.453033216,Ted,,
,Governance,"The government must facilitate people's right to protest, an important way for citizens to express themselves and participate in governance processes,' said Mugambi Kiai, ARTICLE 19 Eastern Africa Regional Director.","Serikali lazima iweze kuwezesha haki ya watu ya kuandamana, njia muhimu kwa wananchi kujieleza na kushiriki katika michakato ya utawala"", alisema Mugambi Kiai, Mkurugenzi wa Mkoa wa Makala 19 Afrika Mashariki.","Thirikari nĩ ĩrabatara kũhotithia andũ kũgĩa na kĩhooto gĩa kũrũĩrĩra, njĩra ya bata ya andũ kwĩyumĩria na kũnyitanĩra na mĩbango ya ũtongoria"", ũguo nĩguo Mugambi Kiai, ũrĩa ũrũgamĩrĩire gĩcunjĩ gĩa 19 gĩcigo-inĩ kĩa Eastern Africa oigire.",0.664119588,0.523267136,Misati,"Thirikari nĩ ĩrabatara kũhotithia andũ kũgĩa na kĩhooto gĩa kũrũĩrĩra, njĩra ya bata ya andũ kwĩyumĩria na kũnyitanĩra na mĩbango ya ũtongoria"", ũguo nĩguo Mugambi Kiai, ũrĩa ũrũgamĩrĩire gĩcunjĩ gĩa 19 gĩcigo-inĩ kĩa Eastern Africa oigire.",0.664119588,0.523267136,Ted,,
,Governance,"Accordingly, the Authority encourages members of the public to report all cases of corruption they encounter.","Kwa hiyo, Shirika la Usalama lahamasisha watu wa umma kuripoti visa vyote vya ufisadi wanavyokabili.","Nĩ ũndũ ũcio, Mũrangĩri nĩ athikagĩrĩria andũ othe kũruta riboti ya mahĩtia marĩa makoragwo namo.",0.523522983,0.454003608,Misati,"Nĩ ũndũ ũcio, Mũrangĩri nĩ athikagĩrĩria andũ othe kũruta riboti ya mahĩtia marĩa makoragwo namo.",0.523522983,0.454003608,Ted,,
,Governance,Members of the public are warned against engaging with fraudsters claiming to sell genuine examination papers as all official exams are securely administered and protected by strict integrity measures.,Wajumbe wa umma wanaonywa dhidi ya kushirikiana na wadanganyifu wanaodai kuuza karatasi za mitihani halisi kwani mitihani yote ya rasmi hufanywa kwa usalama na kulindwa na hatua kali za uadilifu.,Andũ aingĩ nĩ maraheagwo mũkaana wa kũingĩra na arĩa meciragia atĩ nĩ marenda kũendia marũa ma gũtuĩria marĩkũ tondũ marũa mothe ma gũtuĩria marekagwo wega na makagitĩrũo nĩ mĩbango mĩũru ya wĩhokeku.,0.645656978,0.403255827,Misati,Andũ aingĩ nĩ maraheagwo mũkaana wa kũingĩra na arĩa meciragia atĩ nĩ marenda kũendia marũa ma gũtuĩria marĩkũ tondũ marũa mothe ma gũtuĩria marekagwo wega na makagitĩrũo nĩ mĩbango mĩũru ya wĩhokeku.,0.645656978,0.403255827,Ted,,
,Governance,"The Cabinet Secretary also called on stakeholders, particularly the media, to play an active role in educating the public about the risks associated with engaging in SACCO business with unlicensed entities, specifically those resembling pyramid schemes.","Katibu wa Baraza la Waziri pia aliwaomba washirika, hasa vyombo vya habari, wacheze kwa bidii katika kuelimisha umma juu ya hatari zinazohusiana na kufanya biashara ya SACCO na mashirika yasiyo na leseni, hasa yale yanayofanana na mifumo ya piramidi.","Ningĩ mũrori wa kabine nĩ eetire andũ arĩa marehete itemi, na makĩria ngathĩti cia mohoro, makorũo na itemi rĩa kũmenyithia andũ ũhoro wa mogwati marĩa makoragwo kuo rĩrĩa mũndũ ahũthagĩra biacara cia SACCO na ciĩga itarĩ na rĩtarĩithia, makĩria iria cionanagia mĩbango ya mũtaratara wa gũtheremia.",0.639418003,0.408564024,Misati,"Ningĩ mũrori wa kabine nĩ eetire andũ arĩa marehete itemi, na makĩria ngathĩti cia mohoro, makorũo na itemi rĩa kũmenyithia andũ ũhoro wa mogwati marĩa makoragwo kuo rĩrĩa mũndũ ahũthagĩra biacara cia SACCO na ciĩga itarĩ na rĩtarĩithia, makĩria iria cionanagia mĩbango ya mũtaratara wa gũtheremia.",0.639418003,0.408564024,Ted,,
,Governance,By 4 months ago State wants Angata Barikkoi residents to register land leases The government now wants communities residing in the troubled Angata Barikkoi area in Trans Mara to formally register land leases with the Land Registrar to avoid conflicts.,Miezi minne iliyopita serikali inataka wakazi wa Angata Barikkoi waandikishe mikataba ya kukodisha ardhi Serikali sasa inataka jamii zinazoishi katika eneo lenye matatizo la Angata Barikkoi katika Trans Mara ziandikishe kikamilifu mikataba ya kukodisha ardhi na Msajili wa ardhi ili kuepuka migogoro.,"Kwa ihinda rĩa mĩeri ĩna mĩhĩtũku, thirikari nĩ ĩendaga atũũri a Angata Barikkoi mathiĩ na mbere kwandĩka mĩhothi ya gũkuua mĩgũnda.",0.639940053,0.499065464,Misati,"Kwa ihinda rĩa mĩeri ĩna mĩhĩtũku, thirikari nĩ ĩendaga atũũri a Angata Barikkoi mathiĩ na mbere kwandĩka mĩhothi ya gũkuua mĩgũnda.",0.639940053,0.499065464,Ted,,
,Governance,We encourage other schools and the public to follow suit and ensure plastics are properly recycled.,Tunawatia moyo shule nyingine na umma kufuata mfano huo na kuhakikisha plastiki zinatumiwa upya.,Nĩ tũthokagia cukuru ingĩ na andũ othe marũmĩrĩre kĩonereria kĩu na magĩe na kĩhooto gĩa kũmenyeria atĩ ma plastiki nĩ macokioga na njĩra njega.,0.547418949,0.4025333,Misati,Nĩ tũthokagia cukuru ingĩ na andũ othe marũmĩrĩre kĩonereria kĩu na magĩe na kĩhooto gĩa kũmenyeria atĩ ma plastiki nĩ macokioga na njĩra njega.,0.547418949,0.4025333,Ted,,
,Governance,"However, he assured the public that the Ministry of Education had put in place emergency measures to ensure candidates in affected areas continue their exams without interruption.","Hata hivyo, aliwahakikishia umma kwamba Wizara ya Elimu imeweka hatua za dharura ili kuhakikisha wagombea katika maeneo yaliyoathiriwa wanaendelea na mitihani yao bila kukatishwa.","O na kũrĩ ũguo, nĩ eerire andũ atĩ Minista wa Gwĩruta nĩ ahũthĩrire ikinya rĩa ihenya nĩguo arũmĩrĩri arĩa marĩ icigo-inĩ iria ciakĩtwo mathiĩ na mbere na gĩthomo kĩao mategũtigithĩria.",0.739213521,0.42512569,Misati,"O na kũrĩ ũguo, nĩ eerire andũ atĩ Minista wa Gwĩruta nĩ ahũthĩrire ikinya rĩa ihenya nĩguo arũmĩrĩri arĩa marĩ icigo-inĩ iria ciakĩtwo mathiĩ na mbere na gĩthomo kĩao mategũtigithĩria.",0.739213521,0.42512569,Ted,,
,Governance,"In some cases, reporting corruption is more than just a duty; it is a legal obligation: The Prevention and Combating of Corrupt Activities Act requires people in positions of authority ' in the public and private sectors to report corruption and other crimes listed in the Act involving more than R100000, to the police.","Katika baadhi ya visa, kuripoti ufisadi ni zaidi ya wajibu tu; ni wajibu wa kisheria: Sheria ya Kuzuia na Kupambana na Ufisadi inataka watu wenye vyeo vya mamlaka katika sekta ya umma na binafsi kuripoti ufisadi na uhalifu mwingine ulioorodheshwa katika Sheria unaohusisha zaidi ya R100000, kwa polisi.","Rĩmwe, kũmenyithia ũkoroku ti wĩra tu; nĩ ũndũ wa watho: Watho wa Kũgirĩrĩria na Kũrũa na Ũkoroku nĩũraga andũ arĩa marĩ na mĩikarĩre mĩega ""nĩ mũingĩ na ithii-inĩ cia kĩhumo kũmenyithia mateta na mahĩtia mangĩ marĩa marĩĩtĩtio thĩinĩ wa Watho ũcio makoragwo marĩ na mahĩtia ma makĩria ma R100000, kũrĩ borithi.",0.701521824,0.429575908,Misati,"Rĩmwe, kũmenyithia ũkoroku ti wĩra tu; nĩ ũndũ wa watho: Watho wa Kũgirĩrĩria na Kũrũa na Ũkoroku nĩũraga andũ arĩa marĩ na mĩikarĩre mĩega ""nĩ mũingĩ na ithii-inĩ cia kĩhumo kũmenyithia mateta na mahĩtia mangĩ marĩa marĩĩtĩtio thĩinĩ wa Watho ũcio makoragwo marĩ na mahĩtia ma makĩria ma R100000, kũrĩ borithi.",0.701521824,0.429575908,Ted,,
,Governance,The Code of Conduct for the Public Service requires all employees of the public service to report corruption to an appropriate authority.,Kanuni ya Maadili ya Utumishi wa Umma inawaamuru wafanyakazi wote wa huduma ya umma kuripoti ufisadi kwa mamlaka inayofaa.,Watho wa Mwĩkalĩle wa Athirika a Thirikari nĩ ũbataraga athirikaari othe a thirikari kũmenyithia thirikari ũhoro wa ũkoroku.,0.655710083,0.409217292,Misati,Watho wa Mwĩkalĩle wa Athirika a Thirikari nĩ ũbataraga athirikaari othe a thirikari kũmenyithia thirikari ũhoro wa ũkoroku.,0.655710083,0.409217292,Ted,,
,Governance,"Report corruption now - Report Corruption Report corruption now - Report Corruption 1 2 3 4 5 DEAR CORRUPTION FIGHTER, WELCOME TO OUR WHISTLE-BLOWING PLATFORM At the core of Corruption Watch's mandate is the reports that we receive from the public.","Ripoti ya ufisadi sasa - Ripoti ya ufisadi Ripoti ya ufisadi sasa - Ripoti ya ufisadi 1 2 3 4 5 Wapenzi wapiganaji wa ufisadi, Karibu kwenye Jukwaa letu la Kufyatua Habari",Ripoti ya ũkoroku rĩu - Ripoti ya ũkoroku rĩu - Ripoti ya ũkoroku 1 2 3 4 5 MŨRŨA-MŨRŨA-MŨRŨA-MŨRŨA-MŨRŨA-MŨRŨA-MŨRŨA-MŨRŨA-MŨRŨA-MŨRŨA-MŨRŨA-MŨRŨA-MŨRŨA-MŨRŨA-MŨRŨA-MŨRŨA-MŨRŨA-MŨRŨA-MŨRŨA-MŨRŨA-MŨRŨA-MŨRŨA-MŨRŨA-MŨRŨA-MŨRŨA-MŨRŨA-MŨRŨA-MŨRŨA-MŨR,0.636676314,0.581252934,Misati,Ripoti ya ũkoroku rĩu - Ripoti ya ũkoroku rĩu - Ripoti ya ũkoroku 1 2 3 4 5 MŨRŨA-MŨRŨA-MŨRŨA-MŨRŨA-MŨRŨA-MŨRŨA-MŨRŨA-MŨRŨA-MŨRŨA-MŨRŨA-MŨRŨA-MŨRŨA-MŨRŨA-MŨRŨA-MŨRŨA-MŨRŨA-MŨRŨA-MŨRŨA-MŨRŨA-MŨRŨA-MŨRŨA-MŨRŨA-MŨRŨA-MŨRŨA-MŨRŨA-MŨRŨA-MŨRŨA-MŨRŨA-MŨR,0.636676314,0.581252934,Ted,,
,Governance,We caution all to beware of fraudsters posing as Commission staff to solicit money in exchange for our services What is the Public Service Commission (PSC) It is a constitutional Service Commission established under Article 233 of the Constitution.,Tunaonya wote wajihadhari na wadanganyifu wanaojitambulisha kuwa wafanyikazi wa Tume ili kuomba pesa kwa kubadilishana huduma zetu Tume ya Huduma ya Umma (PSC) ni Tume ya Huduma ya Katiba iliyoanzishwa chini ya Kifungu cha 233 cha Katiba.,Tũrahe andũ othe mũkaana wa kwĩmenyerera harĩ arĩa maronania ta arĩ anene a commission nĩguo kũhoya mbeca kũgarũrĩra mawĩra maitũ.,0.69271445,0.355417905,Misati,Tũrahe andũ othe mũkaana wa kwĩmenyerera harĩ arĩa maronania ta arĩ anene a commission nĩguo kũhoya mbeca kũgarũrĩra mawĩra maitũ.,0.69271445,0.355417905,Ted,,
,Governance,"Public Health PS Mary Muthoni urges parents and communities to safeguard teens during holidays, highlighting risks of drugs and peer pressure that lead to unwanted pregnancies.","Mary Muthoni anawahimiza wazazi na jamii kulinda matineja wakati wa likizo, akisisitiza hatari za dawa za kulevya na shinikizo la rika ambalo husababisha ujauzito usiotaka.","Mũciari na andũ a itũũra nĩ mekĩragwo ngoro nĩ Mary Muthoni kũgitĩra andũ ethĩ hĩndĩ ya thigũkũ, akĩonania mogwati ma ndawa cia kũrebia na kũhatĩkwo nĩ arĩa angĩ marĩa marehithagia nda itarĩ njega.",0.670936347,0.383162413,Misati,"Mũciari na andũ a itũũra nĩ mekĩragwo ngoro nĩ Mary Muthoni kũgitĩra andũ ethĩ hĩndĩ ya thigũkũ, akĩonania mogwati ma ndawa cia kũrebia na kũhatĩkwo nĩ arĩa angĩ marĩa marehithagia nda itarĩ njega.",0.670936347,0.383162413,Ted,,
,Governance,"The members of the public are warned to beware of scammers who are approaching individuals on WhatsApp with their numbers showing a profile photo of the CCF Kenya, Mr Alex Lemarkoko.","Washiriki wa umma wanaonywa kuwa waangalifu na wadanganyifu ambao wanawasiliana na watu kwenye WhatsApp na nambari zao zinaonyesha picha ya wasifu wa CCF Kenya, Bwana Alex Lemarkoko.","Andũ a mũingĩ nĩ mathĩrĩirio kwĩmenyerera harĩ arĩa mahũthagĩra WhatsApp gũtuĩria andũ arĩa maronania namba ciao cia gũthoora mbica ya mũtongoria wa CCF Kenya, Mr Alex Lemarkoko.",0.672809501,0.407777437,Misati,"Andũ a mũingĩ nĩ mathĩrĩirio kwĩmenyerera harĩ arĩa mahũthagĩra WhatsApp gũtuĩria andũ arĩa maronania namba ciao cia gũthoora mbica ya mũtongoria wa CCF Kenya, Mr Alex Lemarkoko.",0.672809501,0.407777437,Ted,,
,Governance,"On the recruitment day, candidates must report to designated centres by 8am with the original and copies of their academic certificates, ID cards, birth certificates, and, where applicable, NYS discharge certificates with at least a 'GOOD' conduct rating.","Siku ya kuajiri, wagombea lazima wajulishe kwa vituo vilivyowekwa kabla ya saa 8 asubuhi na nakala za awali na nakala za vyeti vyao vya kitaaluma, kadi za kitambulisho, vyeti vya kuzaliwa, na, ikiwezekana, vyeti vya kutolewa kwa NYS na angalau kiwango cha ""MEMA"" cha tabia.","Mũthenya wa kũgiria, agendi magĩrĩire kwĩra ciũngano iria ciamũrĩtwo nginya thaa inyanya cia rũcinĩ marĩ na kĩhumo na macokio ma marũa mao ma kĩama, marũa ma ũũĩ, marũa ma gũciarũo, na, kũngĩhoteka, marũa ma gũtiga wĩra ma NYS marĩ na kĩhumo kĩa ""ŨŨGŨRA"".",0.636878794,0.404287685,Misati,"Mũthenya wa kũgiria, agendi magĩrĩire kwĩra ciũngano iria ciamũrĩtwo nginya thaa inyanya cia rũcinĩ marĩ na kĩhumo na macokio ma marũa mao ma kĩama, marũa ma ũũĩ, marũa ma gũciarũo, na, kũngĩhoteka, marũa ma gũtiga wĩra ma NYS marĩ na kĩhumo kĩa ""ŨŨGŨRA"".",0.636878794,0.404287685,Ted,,
,Governance,The agency also appealed to the public to report any suspicious individuals or activities that could help in ongoing investigations.,Shirika hilo pia liliwaomba watu wote kuripoti watu wowote wenye mashaka au shughuli ambazo zinaweza kusaidia katika uchunguzi unaoendelea.,Ningĩ kĩama kĩu nĩ kĩraheire andũ aingĩ ngoro marute andũ arĩa mangĩagĩire na nganja kana maũndũ mangĩateithirie ũira ũrathiĩ na mbere.,0.567967107,0.37329977,Misati,Ningĩ kĩama kĩu nĩ kĩraheire andũ aingĩ ngoro marute andũ arĩa mangĩagĩire na nganja kana maũndũ mangĩateithirie ũira ũrathiĩ na mbere.,0.567967107,0.37329977,Ted,,
,Governance,The President used the occasion to urge citizens to embrace their democratic rights ahead of the elections.,Rais alitumia fursa hiyo kuwahimiza raia watumie haki zao za kidemokrasia kabla ya uchaguzi.,Mũtongoria wa bũrũri nĩ aahũthĩrire kĩama kĩu kũringĩrĩria andũ gwĩkĩra kĩhooto kĩa demokarathicĩ mbere ya ithurano.,0.704780235,0.460986579,Misati,Mũtongoria wa bũrũri nĩ aahũthĩrire kĩama kĩu kũringĩrĩria andũ gwĩkĩra kĩhooto kĩa demokarathicĩ mbere ya ithurano.,0.704780235,0.460986579,Ted,,
,Governance,DCI said as it urged the public to report any suspicious activities.,DCI ilisema wakati ilipowaomba umma kuripoti shughuli yoyote ya mashaka.,DCI nĩ yoigire atĩ nĩ ĩringithĩrĩirie andũ othe mataarĩrie maũndũ marĩa mangĩkorũo marĩ mahĩtia.,0.488555735,0.426843407,Misati,DCI nĩ yoigire atĩ nĩ ĩringithĩrĩirie andũ othe mataarĩrie maũndũ marĩa mangĩkorũo marĩ mahĩtia.,0.488555735,0.426843407,Ted,,
,Governance,By 5 months ago DIG Lagat warns officers to desist from corruption.,Miezi 5 iliyopita DIG Lagat aliwaonya maafisa kuacha ufisadi.,"Mĩeri ĩtano mĩhĩtũku, DIG Lagat nĩ eerire anene a thitango cia bũrũri atĩ nĩ magĩrĩirũo kũrekereria ũkoroku.",0.679603407,0.45047093,Misati,"Mĩeri ĩtano mĩhĩtũku, DIG Lagat nĩ eerire anene a thitango cia bũrũri atĩ nĩ magĩrĩirũo kũrekereria ũkoroku.",0.679603407,0.45047093,Ted,,
,Governance,Apply for Developer/Operator License through our E-Citizen portal,Omba leseni ya Msanidi programu/mtendaji kupitia portal yetu ya E-Citizen,Kũhoya Wĩyathi wa Kũruta Ũhoro wa Ũhoro wa Ũhoro wa Ũhoro wa Ũhoro wa Ũhoro wa Ũhoro wa Ũhoro wa Ũhoro wa Ũhoro wa Ũhoro wa Ũhoro wa Ũhoro wa Ũhoro wa Ũhoro wa Ũhoro wa Ũhoro wa Ũhoro wa Ũhoro wa Ũhoro wa Ũhoro wa Ũhoro wa Ũhoro wa Ũhoro wa Ũhoro wa Ũhoro wa Ũhoro wa Ũhoro wa Ũhoro wa Ũhoro wa Ũhoro wa Ũhoro wa Ũhoro wa Ũhoro wa Ũhoro wa Ũhoro wa Ũhoro wa Ũhoro wa Ũhoro wa Ũhoro wa Ũhoro wa Ũhoro wa Ũhoro wa Ũhoro wa Andũ,0.537004464,0.426378904,Misati,Kũhoya Wĩyathi wa Kũruta Ũhoro wa Ũhoro wa Ũhoro wa Ũhoro wa Ũhoro wa Ũhoro wa Ũhoro wa Ũhoro wa Ũhoro wa Ũhoro wa Ũhoro wa Ũhoro wa Ũhoro wa Ũhoro wa Ũhoro wa Ũhoro wa Ũhoro wa Ũhoro wa Ũhoro wa Ũhoro wa Ũhoro wa Ũhoro wa Ũhoro wa Ũhoro wa Ũhoro wa Ũhoro wa Ũhoro wa Ũhoro wa Ũhoro wa Ũhoro wa Ũhoro wa Ũhoro wa Ũhoro wa Ũhoro wa Ũhoro wa Ũhoro wa Ũhoro wa Ũhoro wa Ũhoro wa Ũhoro wa Ũhoro wa Ũhoro wa Ũhoro wa Ũhoro wa Andũ,0.537004464,0.426378904,Ted,,
,Governance,The public was encouraged to submit any relevant information they had on the election or electoral process.,Watu walitiwa moyo kuwasilisha habari yoyote muhimu waliyo nayo kuhusu uchaguzi au mchakato wa uchaguzi.,Andũ nĩ meekĩrirũo ngoro marute ũhoro o wothe ũrĩa magĩrĩire wĩgiĩ ithurano kana mũtaratara wa ithurano.,0.644730321,0.510164443,Misati,Andũ nĩ meekĩrirũo ngoro marute ũhoro o wothe ũrĩa magĩrĩire wĩgiĩ ithurano kana mũtaratara wa ithurano.,0.644730321,0.510164443,Ted,,
,Governance,DCI warns parents about for effective governance and urges them to attend.,DCI inawaonya wazazi kuhusu utawala mzuri na kuwahimiza wahudhurie.,DCI nĩ ĩheaga aciari mũkaana nĩguo mathiĩ na mbere na ũrutani mwega na ĩkamathĩrĩria magĩthiĩ.,0.68791163,0.430176595,Misati,DCI nĩ ĩheaga aciari mũkaana nĩguo mathiĩ na mbere na ũrutani mwega na ĩkamathĩrĩria magĩthiĩ.,0.68791163,0.430176595,Ted,,
,Governance,The Public Service Commission urges citizens to verify through official channels.,Tume ya Huduma ya Umma inawaomba raia wafanye uchunguzi kupitia njia rasmi.,Kamĩtĩ ya Ũtungata wa Bũrũri nĩ ĩringithanagia andũ na njĩra ya gũthuthuria ũhoro ũcio kũgerera njĩra cia thirikari.,0.591987653,0.450812259,Misati,Kamĩtĩ ya Ũtungata wa Bũrũri nĩ ĩringithanagia andũ na njĩra ya gũthuthuria ũhoro ũcio kũgerera njĩra cia thirikari.,0.591987653,0.450812259,Ted,,
,Governance,The IEBC has issued a directive requiring residents to stay alert to.,IEBC imechapisha agizo la kuwaamuru wakazi waishi wakiwa macho.,IEBC nĩ ĩhĩtũkire ũtongoria wa gũtongoria mũingĩ wa bũrũri.,0.490994458,0.39400594,Misati,IEBC nĩ ĩhĩtũkire ũtongoria wa gũtongoria mũingĩ wa bũrũri.,0.490994458,0.39400594,Ted,,
,Governance,Ministry of Interior appeals to voters to follow guidelines on for community development.,Wizara ya Mambo ya Ndani inawaomba wapiga kura kufuata miongozo ya maendeleo ya jamii.,Ũtungata wa Ũtungata wa Thĩ ũriaga ateti marũmĩrĩre ũtaaro wa ũthii wa na mbere wa bũrũri.,0.703791604,0.37710038,Misati,Ũtungata wa Ũtungata wa Thĩ ũriaga ateti marũmĩrĩre ũtaaro wa ũthii wa na mbere wa bũrũri.,0.703791604,0.37710038,Ted,,
,Governance,NPSC calls upon residents to engage in for better service delivery.,NPSC inawaomba wakazi wa nchi hiyo wajihusishe katika kutoa huduma bora.,NPSC nĩ ĩringithanagia andũ gũtua wĩra nĩguo kũhoteke kũheana ũtungata ũrĩa wagĩrĩire.,0.504364681,0.370410123,Misati,NPSC nĩ ĩringithanagia andũ gũtua wĩra nĩguo kũhoteke kũheana ũtungata ũrĩa wagĩrĩire.,0.504364681,0.370410123,Ted,,
,Governance,The Communications Authority has issued a directive requiring the public to participate in.,Mamlaka ya Mawasiliano imechapisha agizo linalotaka ushiriki wa umma.,Kĩama gĩa Kũmenyithia Andũ Ũhoro nĩ kĩarutire ũtongoria wa andũ gĩgĩĩthondekera kũnyita mbaru maũndũ marĩa marekĩka.,0.515912722,0.37233821,Misati,Kĩama gĩa Kũmenyithia Andũ Ũhoro nĩ kĩarutire ũtongoria wa andũ gĩgĩĩthondekera kũnyita mbaru maũndũ marĩa marekĩka.,0.515912722,0.37233821,Ted,,
,Governance,Citizens are urged to verify in line with government directives.,Raia wanahimizwa wafanye uchunguzi kulingana na maagizo ya serikali.,Aikari nĩ mekĩragwo ngoro marore nĩ ũndũ wa watho wa thirikari.,0.636635139,0.39291603,Misati,Aikari nĩ mekĩragwo ngoro marore nĩ ũndũ wa watho wa thirikari.,0.636635139,0.39291603,Ted,,
,Governance,The public is encouraged to follow guidelines on to strengthen governance.,Watu wanahimizwa kufuata miongozo ya kuimarisha utawala.,Andũ nĩ mathĩrĩirio kũrũmĩrĩra ũtaaro wa kũongerera ũtongoria.,0.656514181,0.47016789,Misati,Andũ nĩ mathĩrĩirio kũrũmĩrĩra ũtaaro wa kũongerera ũtongoria.,0.656514181,0.47016789,Ted,,
,Governance,The County Government urges the public to register for to strengthen governance.,Serikali ya Wilaya inawasihi watu wajiandikishe ili kuimarisha utawala.,Thirikari ya kaunti nĩ ĩringithanagia andũ kwĩyandikithia nĩguo makũrie wathani.,0.651211512,0.429526003,Misati,Thirikari ya kaunti nĩ ĩringithanagia andũ kwĩyandikithia nĩguo makũrie wathani.,0.651211512,0.429526003,Ted,,
,Governance,NTSA encourages members of the public to verify through official channels.,NTSA inawatia moyo watu wa umma wafanye uchunguzi kupitia njia rasmi.,NTSA nĩ ĩragĩrĩria andũ aingĩ gũthuthuria ũhoro ũcio kũgerera njĩra cia thirikari.,0.531682046,0.458046289,Misati,NTSA nĩ ĩragĩrĩria andũ aingĩ gũthuthuria ũhoro ũcio kũgerera njĩra cia thirikari.,0.531682046,0.458046289,Ted,,
,Governance,Residents are advised to participate in during this period.,Wakazi wanashauriwa kushiriki katika kipindi hiki.,Aikari nĩ magĩrĩirũo kũnyita mbaru ihinda-inĩ rĩu.,0.799182377,0.450132463,Misati,Aikari nĩ magĩrĩirũo kũnyita mbaru ihinda-inĩ rĩu.,0.799182377,0.450132463,Ted,,
,Governance,County Government warns stakeholders about to improve service provision and urges them to submit comments on.,Serikali ya Wilaya inaonya wanaohusika kuhusu kuboresha huduma na kuwahimiza kuwasilisha maoni juu ya.,Thirikari ya kaunti nĩ ĩgũkũũria arĩa marakĩruta wĩra magĩe na wendi wa kũgarũra ũheani wa ũtungata na ĩmagerie kũruta mawoni megiĩ ũndũ ũcio.,0.572855819,0.360370501,Misati,Thirikari ya kaunti nĩ ĩgũkũũria arĩa marakĩruta wĩra magĩe na wendi wa kũgarũra ũheani wa ũtungata na ĩmagerie kũruta mawoni megiĩ ũndũ ũcio.,0.572855819,0.360370501,Ted,,
,Governance,National Police Service calls upon business owners to cooperate with authorities on to protect citizens.,Huduma ya Polisi ya Kitaifa inawaomba wamiliki wa biashara washirikiane na mamlaka ili kulinda raia.,Ũtungata wa Mbũri wa bũrũri nĩ ũragĩra arĩa marĩ na biacara wĩra na thirikari nĩguo magitĩre andũ.,0.595752863,0.375423562,Misati,Ũtungata wa Mbũri wa bũrũri nĩ ũragĩra arĩa marĩ na biacara wĩra na thirikari nĩguo magitĩre andũ.,0.595752863,0.375423562,Ted,,
,Governance,The Office of the President urges youth to stay alert to to improve service provision.,Ofisi ya Rais inawasihi vijana waendelee kuwa macho ili kuboresha huduma zao.,Ũtungata wa Mũrangĩri wa bũrũri nĩ ũragĩrĩria andũ ethĩ gũikara marĩ na ũmenyo wa kũheana ũtungata ũrĩa wagĩrĩire.,0.604845722,0.338151303,Misati,Ũtungata wa Mũrangĩri wa bũrũri nĩ ũragĩrĩria andũ ethĩ gũikara marĩ na ũmenyo wa kũheana ũtungata ũrĩa wagĩrĩire.,0.604845722,0.338151303,Ted,,
,Governance,The Commission calls upon parents to submit comments on during the election period.,Tume inawatia moyo wazazi watoe maoni yao wakati wa uchaguzi.,"O ta ũguo, o na kũrĩ ũguo, nĩ kũrĩ ũndũ ũmwe ũtarĩ wa bata harĩ andũ arĩa matetĩkĩtie kũingĩra bũrũri-inĩ.",0.579046604,0.236870702,Misati,"O ta ũguo, o na kũrĩ ũguo, nĩ kũrĩ ũndũ ũmwe ũtarĩ wa bata harĩ andũ arĩa matetĩkĩtie kũingĩra bũrũri-inĩ.",0.579046604,0.236870702,Ted,,
,Governance,Residents are advised to verify in line with government directives.,Wakazi wanapendekezwa wafanye uchunguzi kulingana na maagizo ya serikali.,Aikari nĩ maraheo ũtaaro wa gwĩthuthuria kũringana na ũtongoria wa thirikari.,0.592920931,0.525769263,Misati,Aikari nĩ maraheo ũtaaro wa gwĩthuthuria kũringana na ũtongoria wa thirikari.,0.592920931,0.525769263,Ted,,
,Governance,The NEMA urges students to register for for national development.,NEMA inawasihi wanafunzi wajiandikishe kwa ajili ya maendeleo ya kitaifa.,NEMA nĩ ĩringithanagia arutwo kwĩyandikithia harĩ kwĩruta ũhoro wa ũthii wa na mbere wa bũrũri.,0.69432462,0.446637823,Misati,NEMA nĩ ĩringithanagia arutwo kwĩyandikithia harĩ kwĩruta ũhoro wa ũthii wa na mbere wa bũrũri.,0.69432462,0.446637823,Ted,,
,Governance,The public is encouraged to avoid to improve service provision.,Watu wanahimizwa waepuke kuboresha huduma.,Andũ nĩ mathĩrĩirio gwĩthema kũgarũra ũheani wa ũtungata.,0.596123513,0.403866328,Misati,Andũ nĩ mathĩrĩirio gwĩthema kũgarũra ũheani wa ũtungata.,0.596123513,0.403866328,Ted,,
,Governance,National Police Service calls upon voters to engage in for community development.,Huduma ya Polisi ya Taifa inawaita wapiga kura kushiriki katika maendeleo ya jamii.,Ũtungata wa Mbũri wa bũrũri nĩ ũringithanagia andũ arĩa mathuuraga nĩguo mathiĩ na mbere kũhingia maũndũ ma ũteti.,0.645444732,0.3416811,Misati,Ũtungata wa Mbũri wa bũrũri nĩ ũringithanagia andũ arĩa mathuuraga nĩguo mathiĩ na mbere kũhingia maũndũ ma ũteti.,0.645444732,0.3416811,Ted,,
,Governance,The government invites stakeholders to provide feedback on to enhance transparency.,Serikali inawaalika washiriki kutoa maoni juu ya kuimarisha uwazi.,Thirikari nĩ ĩranyita mbaru arĩa marĩ na itemi harĩ kũheana mawoni megiĩ kũongerera ũtaratara.,0.531188181,0.447840693,Misati,Thirikari nĩ ĩranyita mbaru arĩa marĩ na itemi harĩ kũheana mawoni megiĩ kũongerera ũtaratara.,0.531188181,0.447840693,Ted,,
,Governance,Kenya Forest Service calls upon the public to provide information on for community development.,Huduma ya Misitu ya Kenya inawaomba watu kutoa habari kuhusu maendeleo ya jamii.,Ũtungata wa Kenya wa Gĩthaka nĩ ũragĩra andũ ngoro marute ũhoro wĩgiĩ ũgarũrũku wa mĩciĩ.,0.610681257,0.317984963,Misati,Ũtungata wa Kenya wa Gĩthaka nĩ ũragĩra andũ ngoro marute ũhoro wĩgiĩ ũgarũrũku wa mĩciĩ.,0.610681257,0.317984963,Ted,,
,Governance,EACC appeals to farmers to support for community development.,EACC inawaomba wakulima kusaidia maendeleo ya jamii.,EACC nĩ ĩringithanagia arĩmi na arĩmi nĩguo matũme andũ makorũo na ũhoti wa kũmenyerera mĩgũnda yao.,0.632079341,0.349885127,Misati,EACC nĩ ĩringithanagia arĩmi na arĩmi nĩguo matũme andũ makorũo na ũhoti wa kũmenyerera mĩgũnda yao.,0.632079341,0.349885127,Ted,,
,Governance,IEBC encourages members of the public to submit comments on for better service delivery.,IEBC inawatia moyo washiriki wa umma kuwasilisha maoni juu ya kutoa huduma bora.,IEBC nĩ ĩragũthĩrĩria andũ aingĩ marute mawoni mao nĩguo mahote kũheana ũtungata ũrĩa wagĩrĩire.,0.693510155,0.4407931,Misati,IEBC nĩ ĩragũthĩrĩria andũ aingĩ marute mawoni mao nĩguo mahote kũheana ũtungata ũrĩa wagĩrĩire.,0.693510155,0.4407931,Ted,,
,Governance,Ministry of Energy calls for public participation in for national development.,Wizara ya Nishati inataka ushiriki wa umma katika maendeleo ya taifa.,Ũtungata wa Ũnene wa Ũnene wa Rũraya na Ũrĩa Ũngĩhota Kũhingia Maũndũ ma Ũrĩmi,0.695747145,0.277285007,Misati,Ũtungata wa Ũnene wa Ũnene wa Rũraya na Ũrĩa Ũngĩhota Kũhingia Maũndũ ma Ũrĩmi,0.695747145,0.277285007,Ted,,
,Governance,The public is encouraged to register for during this period.,Watu wanatiwa moyo kujiandikisha katika kipindi hiki.,Andũ nĩ metĩkĩrĩtio kwĩyandikithia ihinda-inĩ rĩu.,0.629138651,0.542177194,Misati,Andũ nĩ metĩkĩrĩtio kwĩyandikithia ihinda-inĩ rĩu.,0.629138651,0.542177194,Ted,,
,Governance,The County Government has issued a directive requiring members of the public to take advantage of.,Serikali ya Wilaya imechapisha agizo linalotaka washiriki wa umma watumie faida.,Thirikari ya kaunti nĩ ĩhĩtũkire watho wa kũruta andũ mĩhothi ya kũhũthĩra ũhoti ũcio.,0.500900686,0.370469841,Misati,Thirikari ya kaunti nĩ ĩhĩtũkire watho wa kũruta andũ mĩhothi ya kũhũthĩra ũhoti ũcio.,0.500900686,0.370469841,Ted,,
,Governance,Office of the President encourages members of the public to follow guidelines on to strengthen governance.,Ofisi ya Rais inawatia moyo watu kufuata miongozo ya kuimarisha utawala.,Wainegene nĩ erutire andũ othe kũrũmĩrĩra ũtaaro wa kũongerera ũtongoria.,0.663306577,0.372959823,Misati,Wainegene nĩ erutire andũ othe kũrũmĩrĩra ũtaaro wa kũongerera ũtongoria.,0.663306577,0.372959823,Ted,,
,Governance,KRA encourages members of the public to comply with for national development.,KRA inawatia moyo watu wa umma kufuata kwa ajili ya maendeleo ya kitaifa.,KRA nĩ ĩheaga andũ ngoro marũmagĩrĩre mawatho macio nĩ ũndũ wa kwĩithia bũrũri.,0.569009521,0.440235379,Misati,KRA nĩ ĩheaga andũ ngoro marũmagĩrĩre mawatho macio nĩ ũndũ wa kwĩithia bũrũri.,0.569009521,0.440235379,Ted,,
,Governance,The public is encouraged to remain vigilant about to enhance transparency.,Watu wanahimizwa kuendelea kuwa macho ili kuongeza uwazi.,Andũ nĩ mathĩrĩirio gũikara marĩ na ũmenyo wĩgiĩ kũongerera ũtaratara.,0.593615532,0.415414736,Misati,Andũ nĩ mathĩrĩirio gũikara marĩ na ũmenyo wĩgiĩ kũongerera ũtaratara.,0.593615532,0.415414736,Ted,,
,Governance,Ministry of Interior calls upon youth to verify for community development.,Wizara ya Mambo ya Ndani ya Marekani inawaomba vijana wafanye utafiti ili kuhakikisha maendeleo ya jamii.,Ũtungata wa Ũtungata wa Thĩ na wa Ũnene nĩ ũrathaithana harĩ kũmenyeria andũ arĩa angĩ.,0.517842651,0.323837026,Misati,Ũtungata wa Ũtungata wa Thĩ na wa Ũnene nĩ ũrathaithana harĩ kũmenyeria andũ arĩa angĩ.,0.517842651,0.323837026,Ted,,
,Governance,The DCI urges business owners to stay alert to to improve service provision.,DCI inawasihi wamiliki wa biashara kuwa macho ili kuboresha huduma.,DCI nĩ ĩringithanagia ene biacara gũikara marĩ na ũmenyo nĩguo magĩe na wendi wa kũrehe ũgarũrũku harĩ kũheana ũtungata.,0.606175491,0.39353879,Misati,DCI nĩ ĩringithanagia ene biacara gũikara marĩ na ũmenyo nĩguo magĩe na wendi wa kũrehe ũgarũrũku harĩ kũheana ũtungata.,0.606175491,0.39353879,Ted,,
,Governance,Ministry of Water encourages citizens to report any incidents of corruption to official government portal.,Wizara ya Maji inawahimiza raia kuripoti visa vya ufisadi kwenye tovuti rasmi ya serikali.,Ministry ya Maaĩ nĩ ĩgũthĩrĩria andũ othe mataarĩrie mũbango wa thirikari wa kũruta riboti ũhoro wa ũkoroku.,0.654849517,0.327136199,Misati,Ministry ya Maaĩ nĩ ĩgũthĩrĩria andũ othe mataarĩrie mũbango wa thirikari wa kũruta riboti ũhoro wa ũkoroku.,0.654849517,0.327136199,Ted,,
,Governance,The IEBC urges the public to report any incidents of ahead of the upcoming to strengthen governance.,IEBC inawasihi watu kuripoti matukio yoyote ya mbele ya ujao ili kuimarisha utawala.,IEBC nĩ ĩringithanagia andũ othe marute riboti cia maũndũ marĩa marekĩka mbere ya mahinda marĩa maroka nĩguo makũrie ũtongoria.,0.572412759,0.4213385,Misati,IEBC nĩ ĩringithanagia andũ othe marute riboti cia maũndũ marĩa marekĩka mbere ya mahinda marĩa maroka nĩguo makũrie ũtongoria.,0.572412759,0.4213385,Ted,,
,Governance,National Treasury appeals to students to engage in to enhance transparency.,Wizara ya Fedha ya Taifa inawaomba wanafunzi wajiunge katika kuongeza uwazi.,Ũtungata wa thirikari wa bũrũri nĩ ũragĩra arutwo ngoro makorũo na mweke wa kũhingia maũndũ marĩa magĩrĩire.,0.544915213,0.354122672,Misati,Ũtungata wa thirikari wa bũrũri nĩ ũragĩra arutwo ngoro makorũo na mweke wa kũhingia maũndũ marĩa magĩrĩire.,0.544915213,0.354122672,Ted,,
,Governance,Citizens are reminded to remain vigilant about before the election deadline.,Raia wanakumbushwa kuendelea kuwa macho kabla ya tarehe ya mwisho ya uchaguzi.,Aikari nĩ maririkanirio atĩ magĩrĩirũo gũikara marĩ na ũmenyo mbere ya ihinda rĩa gũthuura.,0.659222352,0.335057512,Misati,Aikari nĩ maririkanirio atĩ magĩrĩirũo gũikara marĩ na ũmenyo mbere ya ihinda rĩa gũthuura.,0.659222352,0.335057512,Ted,,
,Governance,The government advises members of the public to cooperate with authorities to enhance transparency.,Serikali inashauri watu kushirikiana na mamlaka ili kuongeza uwazi.,Thirikari nĩ ĩgũkũũria andũ othe makorũo na ũiguano na anene a thirikari nĩguo makũrie ũtararĩko.,0.599689959,0.403546161,Misati,Thirikari nĩ ĩgũkũũria andũ othe makorũo na ũiguano na anene a thirikari nĩguo makũrie ũtararĩko.,0.599689959,0.403546161,Ted,,
,Governance,DCI calls upon farmers to attend for community development.,DCI inawaalika wakulima kuhudhuria maendeleo ya jamii.,DCI nĩ ĩringithanagia arĩmi nĩguo magĩe na mweke wa kwĩrutĩra harĩ gũkũria mĩhari ya mĩgũnda.,0.618875199,0.430786559,Misati,DCI nĩ ĩringithanagia arĩmi nĩguo magĩe na mweke wa kwĩrutĩra harĩ gũkũria mĩhari ya mĩgũnda.,0.618875199,0.430786559,Ted,,
,Governance,The public is encouraged to verify to protect citizens.,Watu wanatiwa moyo wafanye uchunguzi ili kuwalinda raia.,Andũ nĩ mekĩragwo ngoro marute ũira nĩguo magitĩre andũ.,0.53806129,0.460204577,Misati,Andũ nĩ mekĩragwo ngoro marute ũira nĩguo magitĩre andũ.,0.53806129,0.460204577,Ted,,
,Governance,All stakeholders are urged to remain vigilant about during the electoral process.,Washiriki wote wanahimizwa waendelee kuwa macho wakati wa uchaguzi.,Arĩa othe marakĩnyitithania mbaru nĩ marerĩgĩrĩrio makorũo marĩ na ũmenyo wa maũndũ marĩa marekĩka hĩndĩ ya ithurano.,0.501455887,0.387533735,Misati,Arĩa othe marakĩnyitithania mbaru nĩ marerĩgĩrĩrio makorũo marĩ na ũmenyo wa maũndũ marĩa marekĩka hĩndĩ ya ithurano.,0.501455887,0.387533735,Ted,,
,Governance,The government advises the public to register to improve service provision.,Serikali inashauri umma kujiandikisha ili kuboresha huduma.,Thirikari nĩ ĩgũkũũria andũ manyitanĩre nĩguo magĩe na ũhoti wa kũheana ũtungata ũrĩa wagĩrĩire.,0.614606406,0.460642157,Misati,Thirikari nĩ ĩgũkũũria andũ manyitanĩre nĩguo magĩe na ũhoti wa kũheana ũtungata ũrĩa wagĩrĩire.,0.614606406,0.460642157,Ted,,
,Governance,Ministry of Interior calls upon citizens to contribute their views on to strengthen governance.,Wizara ya Mambo ya Ndani inawaita raia kutoa maoni yao katika kuimarisha utawala.,Ũtungata wa bũrũri nĩ ũrathaitha andũ kũheana mawoni mao nĩguo makũrie ũhoti wa thirikari.,0.601426719,0.333785291,Misati,Ũtungata wa bũrũri nĩ ũrathaitha andũ kũheana mawoni mao nĩguo makũrie ũhoti wa thirikari.,0.601426719,0.333785291,Ted,,
,Governance,National Police Service warns stakeholders to improve service provision and urges them to stay alert to.,Huduma ya Polisi ya Kitaifa inawaonya washirika kuboresha huduma na kuwahimiza wawe macho.,Ũtungata wa Kĩama wa Kĩama wa Gĩthũngũ nĩ ũheaga andũ arĩa marakĩruta wĩra ũtaũku wa kũmenyeria arĩa marenda kũmenyeria arĩa angĩ na ũkamekĩra hinya.,0.567890384,0.311081757,Misati,Ũtungata wa Kĩama wa Kĩama wa Gĩthũngũ nĩ ũheaga andũ arĩa marakĩruta wĩra ũtaũku wa kũmenyeria arĩa marenda kũmenyeria arĩa angĩ na ũkamekĩra hinya.,0.567890384,0.311081757,Ted,,
,Governance,The government advises stakeholders to stay alert to in the interest of public welfare.,Serikali inawashauri washirika waendelee kuwa macho kwa niaba ya ustawi wa umma.,Thirikari nĩ ĩraatha andũ arĩa marakĩrutanĩria makorũo marĩ na ũmenyo nĩ ũndũ wa ũgima wa andũ othe.,0.572265981,0.411865714,Misati,Thirikari nĩ ĩraatha andũ arĩa marakĩrutanĩria makorũo marĩ na ũmenyo nĩ ũndũ wa ũgima wa andũ othe.,0.572265981,0.411865714,Ted,,
,Governance,The County Government urges business owners to stay alert to to improve service provision.,Serikali ya Wilaya inawasihi wamiliki wa biashara kukaa macho ili kuboresha huduma.,Thirikari ya kaunti nĩ ĩringithanagia ene biacara gũikara marĩ na ũiguano nĩguo magĩe na wendi wa kũheana ũtungata ũrĩa wagĩrĩire.,0.620229837,0.411166216,Misati,Thirikari ya kaunti nĩ ĩringithanagia ene biacara gũikara marĩ na ũiguano nĩguo magĩe na wendi wa kũheana ũtungata ũrĩa wagĩrĩire.,0.620229837,0.411166216,Ted,,
,Governance,The government advises stakeholders to submit comments on for effective governance.,Serikali inawashauri washirika kuwasilisha maoni yao kwa ajili ya utawala mzuri.,Thirikari nĩ ĩgĩthaitha andũ arĩa marĩ na itemi kũruta mawoni megiĩ ũtongoria mwega.,0.571492322,0.419675375,Misati,Thirikari nĩ ĩgĩthaitha andũ arĩa marĩ na itemi kũruta mawoni megiĩ ũtongoria mwega.,0.571492322,0.419675375,Ted,,
,Governance,The IEBC urges members of the public to cooperate with authorities on ahead of the upcoming during this period.,IEBC inawasihi watu kushirikiana na mamlaka kabla ya kipindi hiki.,IEBC nĩ ĩringithanagia andũ othe kũnyitanĩra na thirikari ihinda-inĩ rĩu.,0.564464856,0.535417745,Misati,IEBC nĩ ĩringithanagia andũ othe kũnyitanĩra na thirikari ihinda-inĩ rĩu.,0.564464856,0.535417745,Ted,,
,Governance,EACC urges citizens not to elect into office persons facing corruption charges.,EACC inawasihi raia wasiwachague watu wanaoshtakiwa kwa ufisadi.,EACC nĩ ĩringithanagia andũ matige gũthuura andũ arĩa mahĩtĩirio nĩ mahĩtia ma ũkoroku.,0.548834987,0.428727615,Misati,EACC nĩ ĩringithanagia andũ matige gũthuura andũ arĩa mahĩtĩirio nĩ mahĩtia ma ũkoroku.,0.548834987,0.428727615,Ted,,
,Governance,IEBC urges students to take this opportunity to register as voters.,IEBC inawasihi wanafunzi kutumia fursa hii kujiandikisha kama wapiga kura.,IEBC nĩ ĩringithanagia arutwo mathiĩ na mbere kwĩyandikithia marĩ athamaki.,0.695619903,0.454784844,Misati,IEBC nĩ ĩringithanagia arutwo mathiĩ na mbere kwĩyandikithia marĩ athamaki.,0.695619903,0.454784844,Ted,,
,Governance,EACC urges Kenyans to report all forms of corruption for investigation.,EACC inawasihi Wakenya kuripoti aina zote za ufisadi kwa uchunguzi.,EACC nĩ ĩringithanagia andũ a Kenya kũruta ũira wa ũkoroku wa mĩthemba yothe nĩguo ũthuthuria ũtuĩke.,0.72303717,0.445843415,Misati,EACC nĩ ĩringithanagia andũ a Kenya kũruta ũira wa ũkoroku wa mĩthemba yothe nĩguo ũthuthuria ũtuĩke.,0.72303717,0.445843415,Ted,,
,Governance,The Commission urges all agencies involved in the issuance of National Identity cards to fast-track the issuance and distribution of the IDs to enable Kenyans who have attained the age of 18 to be registered as voters.,Tume inawasihi mashirika yote yanayohusika katika kutoa kadi za kitambulisho za kitaifa yaharakishe kutoa na kusambaza kitambulisho ili kuwezesha Wakenya ambao wamefikia umri wa miaka 18 kujiandikisha kama wapiga kura.,Kamiti ĩyo nĩ ĩringithanagia mabũrũri mothe marĩa marutaga kaadi cia njũũri cia bũrũri kũhiũrania na kũheana kaadi icio na kũheana kaadi icio nĩ getha andũ a Kenya arĩa makinyĩtie mĩaka 18 mahũthĩre wĩyathi wao wa gũthuura.,0.688839367,0.398919887,Misati,Kamiti ĩyo nĩ ĩringithanagia mabũrũri mothe marĩa marutaga kaadi cia njũũri cia bũrũri kũhiũrania na kũheana kaadi icio na kũheana kaadi icio nĩ getha andũ a Kenya arĩa makinyĩtie mĩaka 18 mahũthĩre wĩyathi wao wa gũthuura.,0.688839367,0.398919887,Ted,,
,Governance,EACC urges every Kenyan to always uphold integrity and proactively participate in the fight against corruption.,EACC inawasihi Wakenya wote kudumisha utimilifu wao na kushiriki kikamilifu katika kupambana na ufisadi.,EACC nĩ ĩringithanagia andũ othe a Kenya gũtũũra marĩ ehokeku na makanyitanĩra na kĩyo kũrũa na ungumania.,0.648001346,0.520855711,Misati,EACC nĩ ĩringithanagia andũ othe a Kenya gũtũũra marĩ ehokeku na makanyitanĩra na kĩyo kũrũa na ungumania.,0.648001346,0.520855711,Ted,,
,Governance,EACC urges Kenyans to be vigilant and avoid falling prey to fraudsters issuing fake integrity clearance letters at a fee,EACC inawahimiza Wakenya kuwa macho na kuepuka kuwa walaghai wa wadanganyifu ambao hutoa barua bandia za uthibitisho wa uadilifu kwa ada,EACC nĩ ĩringithanagia andũ a Kenya kwĩmenyerera na gwĩthema kũgũa mũgwate wa ageni arĩa marutaga marũa ma kũmenyeria wĩhokeku na kũrĩha thogora,0.609921906,0.398966091,Misati,EACC nĩ ĩringithanagia andũ a Kenya kwĩmenyerera na gwĩthema kũgũa mũgwate wa ageni arĩa marutaga marũa ma kũmenyeria wĩhokeku na kũrĩha thogora,0.609921906,0.398966091,Ted,,
,Governance,"IEBC Kenya urges eligible diaspora voters in USA, Germany, South Africa, Tanzania, Uganda, Rwanda, Burundi  and South Sudan to come out  and register before February 4 deadline","IEBC Kenya inawasihi wapiga kura wanaostahili kutoka Marekani, Ujerumani, Afrika Kusini, Tanzania, Uganda, Rwanda, Burundi na Sudan Kusini wajitayarishe kabla ya tarehe 4 Februari","IEBC Kenya nĩ ĩringithanagia arĩa marĩ na kĩhooto gĩa gũthuura bũrũriinĩ wa USA, Germany, South Africa, Tanzania, Uganda, Rwanda, Burundi na South Sudan nĩguo magũre na meyumĩrie mbere ya mũthenya wa 4 mweri wa kerĩ",0.648823368,0.49669339,Misati,"IEBC Kenya nĩ ĩringithanagia arĩa marĩ na kĩhooto gĩa gũthuura bũrũriinĩ wa USA, Germany, South Africa, Tanzania, Uganda, Rwanda, Burundi na South Sudan nĩguo magũre na meyumĩrie mbere ya mũthenya wa 4 mweri wa kerĩ",0.648823368,0.49669339,Ted,,
,Governance,IEBC Kenya urges citizens who are not registered but are eligible to take advantage of this last week to enlist as voters,IEBC Kenya inawasihi raia ambao hawajaandikishwa lakini wanastahili kutumia fursa hii wiki iliyopita kujiandikisha kama wapiga kura,IEBC Kenya nĩ ĩringithanagia andũ arĩa matarĩ maandĩkĩtwo no marĩ na kĩhooto gĩa kũhũthĩra ihinda rĩu kiumia kĩhĩtũku kwĩyandikithia ta ateti,0.686869918,0.417413485,Misati,IEBC Kenya nĩ ĩringithanagia andũ arĩa matarĩ maandĩkĩtwo no marĩ na kĩhooto gĩa kũhũthĩra ihinda rĩu kiumia kĩhĩtũku kwĩyandikithia ta ateti,0.686869918,0.417413485,Ted,,
,Governance,"IEBC Kenya urges voters, candidates and agents to maintain order at polling stations and avoid wearing or carrying campaign materials","IEBC Kenya inawahimiza wapiga kura, wagombea na mawakala wa uchaguzi kudumisha utaratibu katika vituo vya uchaguzi na kuepuka kuvaa au kubeba vifaa vya kampeni","IEBC Kenya nĩ ĩringithanagia aruti a ithurano, aruti a kandarathi na athuri gũtũũria ithondeka cia ithurano na gwĩthema kwĩhumba kana kũruta indo cia kũhũũra mbaara",0.697612237,0.412756561,Misati,"IEBC Kenya nĩ ĩringithanagia aruti a ithurano, aruti a kandarathi na athuri gũtũũria ithondeka cia ithurano na gwĩthema kwĩhumba kana kũruta indo cia kũhũũra mbaara",0.697612237,0.412756561,Ted,,
,Governance,IEBC urges citizens to unconditionally embrace peaceful elections  and shun violence that is retrogressive to our economic growth and social cohesion.,IEBC inawasihi raia wa nchi hiyo kukubali uchaguzi wa amani bila masharti na kuepuka jeuri ambayo inaathiri ukuaji wa uchumi na umoja wetu wa kijamii.,IEBC nĩ ĩringithanagia andũ na njĩra ya kũnyita mbaru maũndũ marĩa marekĩka na njĩra ya thayũ na kũregana na ũhinya ũrĩa ũrehaga ũgarũrũku harĩ ũthii wa na mbere wa ũthii wa na mbere na ũiguano wa ndũrĩrĩ.,0.529283658,0.460143133,Misati,IEBC nĩ ĩringithanagia andũ na njĩra ya kũnyita mbaru maũndũ marĩa marekĩka na njĩra ya thayũ na kũregana na ũhinya ũrĩa ũrehaga ũgarũrũku harĩ ũthii wa na mbere wa ũthii wa na mbere na ũiguano wa ndũrĩrĩ.,0.529283658,0.460143133,Ted,,
,Governance,Kenya Wildlife Service urges all our amazing visitors to our breathtaking National Parks to join hands in preserving the beauty of our wildlife and natural landscapes.,Huduma ya Wanyama wa Wanyama wa Kenya inawahimiza wageni wetu wote wa ajabu wa Hifadhi zetu za Kitaifa waungane katika kuhifadhi uzuri wa wanyama wetu wa mwituni na mazingira yetu ya asili.,Ũtungata wa Kenya wa Kũmenyeria Ũrĩmũndũ wa Gĩthaka nĩ ũringithanagia ageni othe a gĩcigo kĩa Kenya gĩa gũthondeka mĩtĩ na mĩtĩ ya gĩthaka.,0.588956059,0.369252098,Misati,Ũtungata wa Kenya wa Kũmenyeria Ũrĩmũndũ wa Gĩthaka nĩ ũringithanagia ageni othe a gĩcigo kĩa Kenya gĩa gũthondeka mĩtĩ na mĩtĩ ya gĩthaka.,0.588956059,0.369252098,Ted,,
,Governance,EACC urges all professional bodies in the country to infuse integrity and accountability in their self-regulatory mechanisms to enhance corruption intolerance among Kenyan professionals,EACC inawasihi mashirika yote ya kitaaluma nchini humo kuingiza uadilifu na uwajibikaji katika mifumo yao ya kujitegemea ili kuongeza uvumilivu wa ufisadi kati ya wataalamu wa Kenya,EACC nĩ ĩringithanagia ciĩga ciothe cia kĩama bũrũriinĩ kũhingia ũgitĩri na ũira wa gũtua ciira harĩ mĩbango yao ya kwĩmenyeria nĩguo kũongererũo ũkirĩrĩria wa ungumania gatagatĩ ka athomi a Kenya,0.693355326,0.400672091,Misati,EACC nĩ ĩringithanagia ciĩga ciothe cia kĩama bũrũriinĩ kũhingia ũgitĩri na ũira wa gũtua ciira harĩ mĩbango yao ya kwĩmenyeria nĩguo kũongererũo ũkirĩrĩria wa ungumania gatagatĩ ka athomi a Kenya,0.693355326,0.400672091,Ted,,
,Governance,The Commission urges Machakos voters to turn out  and exercise their democratic right,Tume inawasihi wapiga kura wa Machakos wajitoke na kutekeleza haki zao za kidemokrasia,"Ũhoro wa kũhingia kĩhooto kĩa andũ arĩa matũũraga bũrũri wa Machakos nĩ atĩ nĩ ũndũ wa kũhingia kĩhooto kĩu, nĩ ũndũ ũcio nĩ ũrabatara kũhingia kĩhooto kĩu.",0.626343553,0.249605792,Misati,"Ũhoro wa kũhingia kĩhooto kĩa andũ arĩa matũũraga bũrũri wa Machakos nĩ atĩ nĩ ũndũ wa kũhingia kĩhooto kĩu, nĩ ũndũ ũcio nĩ ũrabatara kũhingia kĩhooto kĩu.",0.626343553,0.249605792,Ted,,
,Governance,"The registrar @ORPPKenya, Anne Nderitu urges parliament to fast track the enactment of election-related legislation. Late enactments negatively affect the planning of elections.","Msajili wa @ORPPKenya, Anne Nderitu anaitaka bunge lifanye haraka kupitishwa kwa sheria zinazohusiana na uchaguzi.","Mwandĩkĩri wa watho wa @ORPPKenya, Anne Nderitu, nĩ erire bunge ihingie kũhingia mawatho megiĩ ithurano.",0.614574744,0.437622036,Misati,"Mwandĩkĩri wa watho wa @ORPPKenya, Anne Nderitu, nĩ erire bunge ihingie kũhingia mawatho megiĩ ithurano.",0.614574744,0.437622036,Ted,,
,Governance,NGECKenya representative Winnie Wambua calls for collaboration  and asks participants to work together to ensure violence does not impede women from vying for political seats  and urges participants to start a campaign to have men support women secure positions of leadership,Mwakilishi wa NGECKenya Winnie Wambua anawataka washiriki wa mkutano huo wafanye kazi pamoja ili kuhakikisha kwamba vurugu haizuii wanawake kushindana kwa viti vya kisiasa na anawahimiza washiriki waanze kampeni ya kuwafanya wanaume wawasaidie wanawake kupata nafasi za uongozi salama,Mũrũgamĩrĩri wa NGOECKenya Winnie Wambua nĩ etĩte andũ arĩa marutaga wĩra hamwe nĩguo gwĩthema mĩnyamaro kũgirĩrĩria atumia gũtooria ciĩga cia ũteti na nĩ ekũringĩrĩria andũ arĩa marutaga wĩra mambĩrĩrie mũbango wa kũhe atumia ũteithio wa kũgitĩra atumia itemi rĩa ũtongoria,0.574928874,0.415348631,Misati,Mũrũgamĩrĩri wa NGOECKenya Winnie Wambua nĩ etĩte andũ arĩa marutaga wĩra hamwe nĩguo gwĩthema mĩnyamaro kũgirĩrĩria atumia gũtooria ciĩga cia ũteti na nĩ ekũringĩrĩria andũ arĩa marutaga wĩra mambĩrĩrie mũbango wa kũhe atumia ũteithio wa kũgitĩra atumia itemi rĩa ũtongoria,0.574928874,0.415348631,Ted,,
,Governance,"Canada wishes IEBC success in #ECVR2021, urges citizens to register as their vote matters.","Canada inataka IEBC ifanikiwe katika #ECVR2021, inawasihi raia kujiandikisha kwa sababu ya suala la kura zao.","Canada nĩ ĩendaga IEBC ĩgaacĩre #ECVR2021, ĩgĩthaitha andũ mathiĩ magĩthooma tondũ nĩ ũndũ wa bata wao gũthuura.",0.630789769,0.443053278,Misati,"Canada nĩ ĩendaga IEBC ĩgaacĩre #ECVR2021, ĩgĩthaitha andũ mathiĩ magĩthooma tondũ nĩ ũndũ wa bata wao gũthuura.",0.630789769,0.443053278,Ted,,
,Governance,The Commission Chairman Wafula Chebukati urges Faith Based Organizations to have a collective responsibility to ensure we have a peaceful free and fair election in August 2022.,"Rais wa Tume Wafula Chebukati anawasihi Mashirika ya Imani yafanye kazi pamoja ili kuhakikisha kuwa uchaguzi wa amani, huru na wa haki utafanyika Agosti 2022.",Mũtongoria wa kamĩtĩ ĩyo Wafula Chebukati nĩ erire mĩhĩrĩga ya gwĩtĩkia ĩgĩe na wĩra wa kũhingia itemi rĩa kũmenyeria atĩ nĩ tũgakorũo na ithurano cia thayũ na cia kĩhooto mweri-inĩ wa gatano wa 2022.,0.581232836,0.455264844,Misati,Mũtongoria wa kamĩtĩ ĩyo Wafula Chebukati nĩ erire mĩhĩrĩga ya gwĩtĩkia ĩgĩe na wĩra wa kũhingia itemi rĩa kũmenyeria atĩ nĩ tũgakorũo na ithurano cia thayũ na cia kĩhooto mweri-inĩ wa gatano wa 2022.,0.581232836,0.455264844,Ted,,
,Governance,"Evans Misati, Chairperson of Political Parties Liaison Committee (PPLC) National Steering Committee urges PWDs to register as members of political parties to claim their rightful share in national representation","Evans Misati, Mwenyekiti wa Kamati ya Uhusiano ya Vyama vya Siasa (PPLC) Kamati ya Kitaifa ya Usimamizi inawasihi Wananchi wa PWD kujiandikisha kama wanachama wa vyama vya kisiasa ili kutaka sehemu yao halali katika uwakilishi wa kitaifa","Evans Misati, Mũtongoria wa Kamĩtĩ ya Ũkũrutanĩria ya Mabururi ma Ateti (PPLC) nĩ erire andũ arĩa matũũraga na mĩtugo mĩũru kwĩyandikithia marĩ andũ a ciama cia ũteti nĩguo makorũo na itemi rĩa kĩhooto rĩa kũrũgamĩrĩra bũrũri.",0.659716116,0.420522649,Misati,"Evans Misati, Mũtongoria wa Kamĩtĩ ya Ũkũrutanĩria ya Mabururi ma Ateti (PPLC) nĩ erire andũ arĩa matũũraga na mĩtugo mĩũru kwĩyandikithia marĩ andũ a ciama cia ũteti nĩguo makorũo na itemi rĩa kĩhooto rĩa kũrũgamĩrĩra bũrũri.",0.659716116,0.420522649,Ted,,
,Governance,"Commissioner Wanderi urges women to remain united and support their own candidates in big numbers but also ensure they develop and mentor the youth to be responsible to take up leadership positions in the upcoming August 9, General Election.",Kamishna Wanderi anawahimiza wanawake waendelee kuwa na umoja na kuunga mkono wagombea wao kwa idadi kubwa lakini pia kuhakikisha kuwa wanawaendeleza na kuwaongoza vijana kuwajibika kuchukua nafasi za uongozi katika uchaguzi mkuu ujao wa Agosti 9.,"Kamishonari Wanderi nĩ erire atumia matigane na ũrũmwe na manyite mbaru andũ arĩa marenda gwathana, no nĩ erĩgagĩrĩra atĩ nĩ mekũmenyeria na magathomithia andũ ethĩ nĩguo magĩe na wĩra wa kũrũgamĩrĩra itemi cia ũtongoria hĩndĩ ya ithurano cia mũingĩ iria irekĩka mweri wa gatano.",0.64539805,0.408347946,Misati,"Kamishonari Wanderi nĩ erire atumia matigane na ũrũmwe na manyite mbaru andũ arĩa marenda gwathana, no nĩ erĩgagĩrĩra atĩ nĩ mekũmenyeria na magathomithia andũ ethĩ nĩguo magĩe na wĩra wa kũrũgamĩrĩra itemi cia ũtongoria hĩndĩ ya ithurano cia mũingĩ iria irekĩka mweri wa gatano.",0.64539805,0.408347946,Ted,,
,Governance,Commissioner Cherera urges women to mobilise and bring out those not registered to enlist as voters,Kamishna Cherera anawahimiza wanawake kuhamasisha na kuwaleta nje wale ambao hawajaandikishwa kujiandikisha kama wapiga kura,Kamĩtĩ ya Gwatanĩro ya ucumi nĩ ĩringithanagia andũ arĩa matanyitwo mbaru kũingĩra na kũruta wĩra wa gũthuura andũ arĩa matanyitwo mbaru.,0.657179133,0.298675441,Misati,Kamĩtĩ ya Gwatanĩro ya ucumi nĩ ĩringithanagia andũ arĩa matanyitwo mbaru kũingĩra na kũruta wĩra wa gũthuura andũ arĩa matanyitwo mbaru.,0.657179133,0.298675441,Ted,,
,Governance,"In the meantime, KRA urges all the patriotic citizens of Kenya to stand with the Government, especially during this difficult and unprecedented time.","Wakati huo huo, KRA inawasihi raia wote wa Kenya kuwa upande wa Serikali, hasa katika kipindi hiki kigumu na kisicho na kilele.","O na kũrĩ ũguo, KRA nĩ ĩringithanagia andũ othe a Kenya arĩa mendete bũrũri wao kũnyitanĩra na thirikari, makĩria mahinda-inĩ maya maritũ na matarĩ ma tene.",0.557922226,0.555944316,Misati,"O na kũrĩ ũguo, KRA nĩ ĩringithanagia andũ othe a Kenya arĩa mendete bũrũri wao kũnyitanĩra na thirikari, makĩria mahinda-inĩ maya maritũ na matarĩ ma tene.",0.557922226,0.555944316,Ted,,
,Governance,"Commissioner Francis Wanderi urges media, in the spirit of transparency, to send staff in all polling station to report results as declared by Presiding  and Returning Officers.","Kamishna Francis Wanderi anawahimiza vyombo vya habari, kwa roho ya uwazi, kutuma wafanyakazi katika vituo vyote vya kura kuripoti matokeo kama yalivyoainishwa na maafisa wa rais na kurudi.","Kamĩtĩ ya Gwatanĩro ya ucumi Francis Wanderi nĩ erire ngathĩti cia mohoro, na njĩra ya ũtararĩku, matũme andũ othe gĩcigo-inĩ gĩothe gĩa gũthuura nĩguo marute riboti cia moimĩrĩro ta iria ciarĩrĩirio nĩ anene arĩa matongoragia na arĩa marenda gũcokia.",0.635271347,0.401810887,Misati,"Kamĩtĩ ya Gwatanĩro ya ucumi Francis Wanderi nĩ erire ngathĩti cia mohoro, na njĩra ya ũtararĩku, matũme andũ othe gĩcigo-inĩ gĩothe gĩa gũthuura nĩguo marute riboti cia moimĩrĩro ta iria ciarĩrĩirio nĩ anene arĩa matongoragia na arĩa marenda gũcokia.",0.635271347,0.401810887,Ted,,
,Governance,"Director SCM, Harley Mutisya urges suppliers and service providers to communicate with accuracy on any issues that may hinder their ability to deliver on time to IEBC Kenya","Mkurugenzi wa SCM, Harley Mutisya anawahimiza wauzaji na watoa huduma kuwasiliana kwa usahihi juu ya maswala yoyote ambayo yanaweza kuzuia uwezo wao wa kutoa kwa wakati kwa IEBC Kenya","Mũtongoria wa SCM, Harley Mutisya nĩ erĩgĩrĩire arĩa marenda kũheana indo na arĩa marenda kũheana indo na njĩra ya kĩhooto kũringana na maũndũ marĩa mangĩgirĩrĩria arĩa marenda kũheana indo IEBC Kenya ihinda rĩrĩa rĩagĩrĩire",0.800348107,0.449776986,Misati,"Mũtongoria wa SCM, Harley Mutisya nĩ erĩgĩrĩire arĩa marenda kũheana indo na arĩa marenda kũheana indo na njĩra ya kĩhooto kũringana na maũndũ marĩa mangĩgirĩrĩria arĩa marenda kũheana indo IEBC Kenya ihinda rĩrĩa rĩagĩrĩire",0.800348107,0.449776986,Ted,,
,Governance,"IEBC Chairman Wafula Chebukati urges political parties to familiarize with the Elections Operation Plan (EOP), which provides a roadmap and key timelines of the election calendar.","Mwenyekiti wa IEBC Wafula Chebukati anawasihi vyama vya kisiasa kufahamiana na Mpango wa Uendeshaji wa Uchaguzi (EOP), ambao hutoa ramani ya barabara na mipangilio muhimu ya kalenda ya uchaguzi.","Muikariri giti wa IEBC Wafula Chebukati nioritie ciama cia kiuteti gwethana na mubango wa utongoria wa ithurano (Elections Operation Plan - EOP), uria uratabania mutaratara wa githurano na ihinda ria githurano.",0.700003219,0.514488637,Misati,"Muikariri giti wa IEBC Wafula Chebukati nioritie ciama cia kiuteti gwethana na mubango wa utongoria wa ithurano (Elections Operation Plan - EOP), uria uratabania mutaratara wa githurano na ihinda ria githurano.",0.700003219,0.514488637,Ted,,
,Governance,EACC urges any person with actionable information on corruption to REPORT it for processing in accordance with the law.,EACC inawasihi watu wote wenye habari zinazoweza kutumiwa kuhusu ufisadi waarifu ili wazitumie kwa utaratibu wa kisheria.,EACC nĩ ĩringithanagia mũndũ o wothe ũrĩ na ũhoro wa kũhũthĩra ũhinya nĩguo amwĩre nĩguo ahũthĩre watho.,0.419447136,0.379760683,Misati,EACC nĩ ĩringithanagia mũndũ o wothe ũrĩ na ũhoro wa kũhũthĩra ũhinya nĩguo amwĩre nĩguo ahũthĩre watho.,0.419447136,0.379760683,Ted,,
,Governance,"The Commission urges voters, candidates and agents to maintain order at all polling stations, avoid wearing or carrying campaign materials and to avoid campaigning while on the queue #October14thBy-elections.","Tume inawasihi wapiga kura, wagombea na wawakilishi wa kudumisha utaratibu katika vituo vyote vya uchaguzi, kuepuka kuvaa au kubeba vifaa vya kampeni na kuepuka kufanya kampeni wakati wa mstari wa #October14thBy-machaguo.","Commission nĩ ĩringithanagia ateti, agendi na agendi kũhingia ithurano ciothe, kũregana na kwĩhumba kana kũruta indo cia kũhumbĩra kambĩ na kũregana na kũhumbĩra kambĩ hĩndĩ ĩrĩa marĩ matharaita-inĩ ma #October14thBy-election.",0.636578172,0.400274003,Misati,"Commission nĩ ĩringithanagia ateti, agendi na agendi kũhingia ithurano ciothe, kũregana na kwĩhumba kana kũruta indo cia kũhumbĩra kambĩ na kũregana na kũhumbĩra kambĩ hĩndĩ ĩrĩa marĩ matharaita-inĩ ma #October14thBy-election.",0.636578172,0.400274003,Ted,,
,Governance,Did you know? That you can apply for special number plates? Apply online via the serviceportal.ntsa.go.ke,"Je, unajua kwamba unaweza kuomba namba za namba za pekee?",Hihi nĩ ũĩ atĩ no ũhũthĩre namba cia namba cia mwanya?,0.453422758,0.523100735,Misati,Hihi nĩ ũĩ atĩ no ũhũthĩre namba cia namba cia mwanya?,0.453422758,0.523100735,Ted,,
,Governance,Commissioner Francis Wanderi urges the POs and DPOs to respect the law and be impartial to all candidates and pledged to support them to deliver a credible Nguu/Masumba County Assembly Ward (CAW) by-election for #October14thBy-elections,Kamishna Francis Wanderi anawahimiza POs na DPOs kuheshimu sheria na kuwa bila upendeleo kwa wagombea wote na anaahidi kuwasaidia kutoa uchaguzi wa kuaminika wa Nguu / Masumba County Assembly Ward (CAW) kwa #October14thBy uchaguzi,Kamishina Francis Wanderi nĩ erire MP na DPOs gũtĩa watho na gũkorũo matarĩ na mũthutũkanio na agendi othe na akĩĩhĩtithia kũmatongoria kũbanga ithurano cia gĩcigo kĩa Ngũu/Masumba County Assembly Ward (CAW) cia #October14thBy-thuthuri,0.675259931,0.403416154,Misati,Kamishina Francis Wanderi nĩ erire MP na DPOs gũtĩa watho na gũkorũo matarĩ na mũthutũkanio na agendi othe na akĩĩhĩtithia kũmatongoria kũbanga ithurano cia gĩcigo kĩa Ngũu/Masumba County Assembly Ward (CAW) cia #October14thBy-thuthuri,0.675259931,0.403416154,Ted,,
,Governance,Returning Officer for the Nguu/Masumba County Assembly Ward (CAW) by-election Moureen Kerebi Oyaro urges voters and media to observe Covid-19 protocol.,Afisa wa kurudi kwa uchaguzi wa pili wa Nguu/Masumba County Assembly Ward (CAW) Moureen Kerebi Oyaro anawahimiza wapiga kura na vyombo vya habari kuzingatia itifaki ya Covid-19.,Mutongoria wa thitango cia gucokia ciira wa Nguu/Masumba County Assembly Ward (CAW) Moureen Kerebi Oyaro nĩ erire aruti a wira na media marũmagĩrĩre kĩrĩra kĩa Covid-19.,0.689698401,0.458150125,Misati,Mutongoria wa thitango cia gucokia ciira wa Nguu/Masumba County Assembly Ward (CAW) Moureen Kerebi Oyaro nĩ erire aruti a wira na media marũmagĩrĩre kĩrĩra kĩa Covid-19.,0.689698401,0.458150125,Ted,,
,Governance,"In addition to the matters already under investigations, EACC urges any person with relevant information to promptly report to us","Mbali na mambo ambayo tayari ni chini ya uchunguzi, EACC inawasihi mtu yeyote na taarifa muhimu kwa haraka kuripoti kwetu","Makĩria ma maũndũ marĩa marekĩrũo ũira, EACC nĩ ĩringithanagia mũndũ o wothe ũrĩ na ũhoro wa bata na ahũthĩre ũira ũcio gũtũmenyithia o narua.",0.514379551,0.438404636,Misati,"Makĩria ma maũndũ marĩa marekĩrũo ũira, EACC nĩ ĩringithanagia mũndũ o wothe ũrĩ na ũhoro wa bata na ahũthĩre ũira ũcio gũtũmenyithia o narua.",0.514379551,0.438404636,Ted,,
,Governance,"IEBC Kenya Chairman Wafula Chebukati urges PWDs to walk with the Commission in its onward march to a stronger democracy  and reiterates IEBC s commitment in delivering a free, fair and credible 2022 General Election that meets the democratic aspirations of Kenyan citizens","Mwenyekiti wa IEBC Kenya Wafula Chebukati anawahimiza PWD kutembea pamoja na Tume katika mwendo wake wa mbele kuelekea demokrasia yenye nguvu na anasisitiza kujitolea kwa IEBC katika kutoa uchaguzi mkuu wa bure, wa haki na wa kuaminika wa 2022 ambao unakidhi matarajio ya kidemokrasia ya raia wa Kenya","Muikariri giti wa IEBC Kenya Wafula Chebukati nĩ orĩtie andũ a mĩingĩ arĩa matehotete kũingĩra bũrũri-inĩ wa Kenya manyitanĩre na Commission nĩ ũndũ wa gũthiĩ na mbere na kĩyo gĩayo gĩa gũtua thirikari thirikari na njĩra ya demokarathiya na gũcokia ngumo ya IEBC ya kũrehe ithurano cia mũingĩ cia 2022 iria irĩ na wĩyathi, kĩhooto na cia kwĩhokeka iria ciakinyagia wendi wa demokarathiya wa andũ a Kenya.",0.721325293,0.385980069,Misati,"Muikariri giti wa IEBC Kenya Wafula Chebukati nĩ orĩtie andũ a mĩingĩ arĩa matehotete kũingĩra bũrũri-inĩ wa Kenya manyitanĩre na Commission nĩ ũndũ wa gũthiĩ na mbere na kĩyo gĩayo gĩa gũtua thirikari thirikari na njĩra ya demokarathiya na gũcokia ngumo ya IEBC ya kũrehe ithurano cia mũingĩ cia 2022 iria irĩ na wĩyathi, kĩhooto na cia kwĩhokeka iria ciakinyagia wendi wa demokarathiya wa andũ a Kenya.",0.721325293,0.385980069,Ted,,
,Governance,IEBC calls upon all eligible citizens-especially young people who have recently attained voting age-to visit the nearest constituency office and register.,IEBC inawatia moyo raia wote wanaostahiki - hasa vijana ambao wametimiza umri wa kupiga kura hivi karibuni - kutembelea ofisi ya eneo la karibu zaidi la uchaguzi na kujiandikisha.,IEBC nĩ ĩgwĩta andũ othe arĩa magĩrĩire - na makĩria andũ ethĩ arĩa marakinyia mĩaka ya kũhota kũnyita mbuto ica ikuhĩ - mathiĩ wabici ya gĩcigo kĩa arĩa mathiaga mbuto-inĩ nĩguo meyumĩrie.,0.635924454,0.42308538,Misati,IEBC nĩ ĩgwĩta andũ othe arĩa magĩrĩire - na makĩria andũ ethĩ arĩa marakinyia mĩaka ya kũhota kũnyita mbuto ica ikuhĩ - mathiĩ wabici ya gĩcigo kĩa arĩa mathiaga mbuto-inĩ nĩguo meyumĩrie.,0.635924454,0.42308538,Ted,,
,Governance,Why wait inline when you can register online. Apply for special purpose vehicle today.,Kwa nini kusubiri katika mstari wakati unaweza kujiandikisha online. kuomba kwa ajili ya gari maalum ya madhumuni leo.,Nĩ kĩĩ gĩtũmaga ũkorũo ũrĩ mũrori wa gũthiĩ rĩrĩa ũngĩhota kwĩyandikithia Intaneti-inĩ.,0.617086472,0.32531766,Misati,Nĩ kĩĩ gĩtũmaga ũkorũo ũrĩ mũrori wa gũthiĩ rĩrĩa ũngĩhota kwĩyandikithia Intaneti-inĩ.,0.617086472,0.32531766,Ted,,
,Governance,The Commission calls upon candidates and members of the public to maintain peace and order during the campaign period.,Tume inawatia moyo wagombea na raia waendelee kudumisha amani na utaratibu wakati wa kampeni.,"Nĩ ũndũ ũcio, nĩ ũratũma andũ arĩa marutaga wĩra na arĩa marutaga wĩra mathiĩ na mbere kũgĩa na thayũ na ũgarũrũku wa maũndũ hĩndĩ ya kambĩ.",0.624726327,0.289013747,Misati,"Nĩ ũndũ ũcio, nĩ ũratũma andũ arĩa marutaga wĩra na arĩa marutaga wĩra mathiĩ na mbere kũgĩa na thayũ na ũgarũrũku wa maũndũ hĩndĩ ya kambĩ.",0.624726327,0.289013747,Ted,,
,Governance,"KRA invites you to bid on exciting lots from ICDN, JKIA, CFS 'MSA, and the Western Region. Visit https://ibid.kra.go.ke to view and bid. Bid conveniently, transparently, and from anywhere!","KRA inakualika kutoa zabuni kwa kura ya kuvutia kutoka ICDN, JKIA, CFS 'msa, na Mkoa wa Magharibi. tembelea https://ibid.kra.go.ke kuona na kutoa zabuni. kutoa zabuni kwa urahisi, kwa uwazi, na kutoka mahali popote!","KRA nĩ ĩgũkũũria ũhote kũruta ithurano cia kũgwĩta na gĩkeno kuuma ICDN, JKIA, CFS 'MSA, na Rũraya.",0.683670571,0.371007309,Misati,"KRA nĩ ĩgũkũũria ũhote kũruta ithurano cia kũgwĩta na gĩkeno kuuma ICDN, JKIA, CFS 'MSA, na Rũraya.",0.683670571,0.371007309,Ted,,
,Governance,"Make it official, get your driving license today.","Ifanye rasmi, kupata leseni yako ya dereva leo.","Ũka ũkorũo ũrĩ wa kĩama, na ũheo riboti yaku ya gũtwarithia ngari ũmũthĩ.",0.713057452,0.32676023,Misati,"Ũka ũkorũo ũrĩ wa kĩama, na ũheo riboti yaku ya gũtwarithia ngari ũmũthĩ.",0.713057452,0.32676023,Ted,,
,Governance,"Stay alert, share your info with imposters. Report and block any suspicious accounts.","Kaa macho, shiriki habari zako na walaghai, ripoti na uweke kizuizi akaunti yoyote ya mashaka.","Ikara ũrĩ mwĩiguĩte, ũmenyithie arĩa mahũthagĩra mahũthĩro macio ũhoro waku, na ũgirĩrĩrie andũ arĩa mahũthagĩra mahũthĩro macio.",0.481763143,0.351879549,Misati,"Ikara ũrĩ mwĩiguĩte, ũmenyithie arĩa mahũthagĩra mahũthĩro macio ũhoro waku, na ũgirĩrĩrie andũ arĩa mahũthagĩra mahũthĩro macio.",0.481763143,0.351879549,Ted,,
,Governance,"EACC urges Cooperatives that for them to remain commercially viable and sustainable enterprises for socio-economic development, they must embrace tenets of good governance; realized through selfless delivery, embracing integrity, transparency and accountability","EACC inawasihi ushirika kwamba ili kuendelea kuwa biashara inayofaa na endelevu ya maendeleo ya kijamii na kiuchumi, lazima wazingatie kanuni za utawala mzuri; kutekelezwa kupitia kutoa kwa kujitolea, kuzingatia uadilifu, uwazi na uwajibikaji","EACC nĩ ĩringithanagia atĩ nĩguo ciongererũo na njĩra ya kũhingia ũthii wa na mbere na kũgĩa na ũhoti wa kũhingia ũthii wa na mbere wa ũthii wa na mbere na wa ũgwati, no mũhaka ciĩhotore kũgĩa na ũtongoria mwega; ciĩhotoke kũhingia ũndũ ũcio na njĩra ya kũheana ũteithũũri, kũhingia wĩhokeku, ũtararĩku na ũira.",0.550174037,0.394619014,Misati,"EACC nĩ ĩringithanagia atĩ nĩguo ciongererũo na njĩra ya kũhingia ũthii wa na mbere na kũgĩa na ũhoti wa kũhingia ũthii wa na mbere wa ũthii wa na mbere na wa ũgwati, no mũhaka ciĩhotore kũgĩa na ũtongoria mwega; ciĩhotoke kũhingia ũndũ ũcio na njĩra ya kũheana ũteithũũri, kũhingia wĩhokeku, ũtararĩku na ũira.",0.550174037,0.394619014,Ted,,
,Governance,"KRA urges all licensed manufacturers, importers, distributors, retailers and general public that all bottled water beverages manufactured in or imported into Kenya from 13th November 2019 must be affixed with an Excise Stamp in compliance with the EGMS Regulations.","KRA inawasihi wazalishaji wote walioidhinishwa, waagizaji, wasambazaji, wauzaji wa rejareja na umma kwa ujumla kwamba vinywaji vyote vya maji yaliyotiwa chupa vilivyotengenezwa nchini Kenya au vilivyoingizwa nchini Kenya kuanzia tarehe 13 Novemba 2019 lazima viweke Stamp ya ushuru wa jumla kwa mujibu wa Kanuni za EGMS.",KRA nĩ ĩringithanagia arĩa othe marutaga marũa ma gwĩkĩra marũa ma gwĩkĩra marũa ma gwĩkĩra marũa ma gwĩkĩra marũa ma gwĩkĩra marũa ma gwĩkĩra marũa ma gwĩkĩra marũa ma gwĩkĩra marũa ma gwĩkĩra marũa ma gwĩkĩra marũa ma gwĩkĩra marũa ma gwĩkĩra marũa ma gwĩkĩra marũa ma gwĩkĩra marũa ma gwĩkĩra marũa ma gwĩkĩra marũa ma gwĩkĩra marũa ma gwĩkĩra marũa ma gwĩkĩra marũa ma gwĩkĩra marũa ma gwĩkĩra marũa ma gwĩkĩra marũa ma gwĩkĩra marũa ma gwĩkĩra marũa ma gwĩkĩra marũa ma gwĩkĩra marũa ma gwĩkĩra marũa ma gwĩkĩra marũa ma gwĩkĩra marũa ma gwĩkĩra marũa ma gwĩkĩra marũa ma gwĩkĩra marũa ma gwĩkĩra marũa ma gwĩkĩra marũa ma gwĩkĩra marũa ma gwĩkĩra marũa ma gwĩkĩra marũa,0.663507575,0.658341342,Misati,KRA nĩ ĩringithanagia arĩa othe marutaga marũa ma gwĩkĩra marũa ma gwĩkĩra marũa ma gwĩkĩra marũa ma gwĩkĩra marũa ma gwĩkĩra marũa ma gwĩkĩra marũa ma gwĩkĩra marũa ma gwĩkĩra marũa ma gwĩkĩra marũa ma gwĩkĩra marũa ma gwĩkĩra marũa ma gwĩkĩra marũa ma gwĩkĩra marũa ma gwĩkĩra marũa ma gwĩkĩra marũa ma gwĩkĩra marũa ma gwĩkĩra marũa ma gwĩkĩra marũa ma gwĩkĩra marũa ma gwĩkĩra marũa ma gwĩkĩra marũa ma gwĩkĩra marũa ma gwĩkĩra marũa ma gwĩkĩra marũa ma gwĩkĩra marũa ma gwĩkĩra marũa ma gwĩkĩra marũa ma gwĩkĩra marũa ma gwĩkĩra marũa ma gwĩkĩra marũa ma gwĩkĩra marũa ma gwĩkĩra marũa ma gwĩkĩra marũa ma gwĩkĩra marũa ma gwĩkĩra marũa ma gwĩkĩra marũa ma gwĩkĩra marũa,0.663507575,0.658341342,Ted,,
,Governance,"Ag. Kenya High Commissioner in Rwanda Philip Githiora urges over 6,000 Kenyans living in Rwanda to register at offices. Diaspora Voter Registration is going on in Kigali  and the ambassador has urged Kenyans in different districts in Rwanda to enlist as voters","Ag. Kenya Kamishna Mkuu nchini Rwanda Philip Githiora anawahimiza Wakenya zaidi ya 6,000 wanaoishi Rwanda kujiandikisha katika ofisi. Usajili wa wapiga kura wa diaspora unaendelea huko Kigali na balozi amewahimiza Wakenya katika wilaya tofauti nchini Rwanda kujiandikisha kama wapiga kura","Ag. Kenya Commissioner in Rwanda Philip Githiora nĩ erire akenya makĩria ma 6,000 arĩa matũũraga Rwanda manyitanĩre wabici-inĩ.",0.707954129,0.520080864,Misati,"Ag. Kenya Commissioner in Rwanda Philip Githiora nĩ erire akenya makĩria ma 6,000 arĩa matũũraga Rwanda manyitanĩre wabici-inĩ.",0.707954129,0.520080864,Ted,,
,Governance,We remain steadfast in ensuring the safety and well-being of Kenyans and urges anyone who spots problematic wildlife to immediately report the sighting through the KWS 24/7 hotline on 0800 597 000 or WhatsApp number and254 726 610509,Tunaendelea kuwa imara katika kuhakikisha usalama na ustawi wa Wakenya na tunawahimiza wote wanaotambua wanyama wa pori wenye matatizo kuripoti mara moja tukio hilo kupitia simu ya KWS 24/7 kwenye 0800 597 000 au WhatsApp namba na254 726 610509,Tũratũũra tũtegũthirĩrĩria kũgeria kũgitĩra ũgitĩri na ũgitĩri wa andũ a Kenya na tũgathĩrĩria mũndũ o wothe ũrona nyamũ cia gĩthaka cia mũingĩ kũmenyithia o narua ũhoro wa ũndũ ũcio kũgerera thimũ ya KWS 24/7 thimũinĩ ya 0800 597 000 kana thimũ ya WhatsApp na 254 726 610509,0.54989625,0.469568753,Misati,Tũratũũra tũtegũthirĩrĩria kũgeria kũgitĩra ũgitĩri na ũgitĩri wa andũ a Kenya na tũgathĩrĩria mũndũ o wothe ũrona nyamũ cia gĩthaka cia mũingĩ kũmenyithia o narua ũhoro wa ũndũ ũcio kũgerera thimũ ya KWS 24/7 thimũinĩ ya 0800 597 000 kana thimũ ya WhatsApp na 254 726 610509,0.54989625,0.469568753,Ted,,
,Governance,Director-General Urges New Ambassadors to Uphold Integrity and Professionalism,Mkurugenzi Mkuu Awahimiza Balozi Wapya Watiifu na Wataalamu,Mũrori Mũnene Aathire Athamiri Eerũ Matũũre Maigĩte na Ũtungata,0.559330657,0.309734422,Misati,Mũrori Mũnene Aathire Athamiri Eerũ Matũũre Maigĩte na Ũtungata,0.559330657,0.309734422,Ted,,
,Governance,EACC urges professionals to apply their expertise in advancing public good and desist from facilitating corruption or other conduct harmful to society.,EACC inawasihi wataalamu kutumia ujuzi wao katika kuendeleza mema ya umma na kuacha kurahisisha ufisadi au tabia nyingine zinazoweza kuharibu jamii.,EACC nĩ ĩringithanagia arĩa marutaga wĩra na kĩyo kũhũthĩra ũmenyo wao kũheana ũteithio harĩ andũ othe na kũrega kũhotithia ũkoroku kana mĩtugo ĩngĩ ĩgathũkia mũtũũrĩre wa andũ.,0.615757908,0.451198311,Misati,EACC nĩ ĩringithanagia arĩa marutaga wĩra na kĩyo kũhũthĩra ũmenyo wao kũheana ũteithio harĩ andũ othe na kũrega kũhotithia ũkoroku kana mĩtugo ĩngĩ ĩgathũkia mũtũũrĩre wa andũ.,0.615757908,0.451198311,Ted,,
,Governance,CS Tuya urges World Bank to align funding with government priorities,CS Tuya anataka Benki ya Dunia kuunganisha fedha na vipaumbele vya serikali,CS Tuya kũringĩrĩria Bengi ya Thĩ kũhingia ũtonge na maũndũ marĩa thirikari ĩrathagĩria,0.637763156,0.41449982,Misati,CS Tuya kũringĩrĩria Bengi ya Thĩ kũhingia ũtonge na maũndũ marĩa thirikari ĩrathagĩria,0.637763156,0.41449982,Ted,,
,Governance,"Defence Principal Secretary Mr. Patrick Mariru has implored the newly employed civilian staff and interns to serve the Ministry with diligence, zeal and energy saying it is an uncommon privilege to serve in the public service.","Katibu Mkuu wa Ulinzi Bwana Patrick Mariru amewaomba wafanyakazi wa kiraia na wafanyikazi wa kazi wafanye kazi kwa bidii, bidii na nguvu katika huduma ya serikali.","Mwandĩki mũnene wa thigari cia bũrũri, Patrick Mariru, nĩ erire andũ arĩa marutire wĩra na arĩa marutaga wĩra thĩinĩ wa mũingĩ matungatĩre ũtongoria wa thirikari na kĩyo, kĩyo na hinya akiuga nĩ gĩtĩo kĩnene mũno gũtungata itungatainĩ cia mũingĩ.",0.470119431,0.398621571,Misati,"Mwandĩki mũnene wa thigari cia bũrũri, Patrick Mariru, nĩ erire andũ arĩa marutire wĩra na arĩa marutaga wĩra thĩinĩ wa mũingĩ matungatĩre ũtongoria wa thirikari na kĩyo, kĩyo na hinya akiuga nĩ gĩtĩo kĩnene mũno gũtungata itungatainĩ cia mũingĩ.",0.470119431,0.398621571,Ted,,
,Governance,Defence Cabinet Secretary Hon. Aden Duale has urged Members of Parliament to pass the regulations on National Peace Support Operations Fund proposed by the Defence Council.,"Katibu wa Baraza la Ulinzi, Mheshimiwa Aden Duale, amewahimiza MEPs kupitisha kanuni za Mfuko wa Taifa wa Kazi za Kuunga Mkono Amani zilizowasilishwa na Baraza la Ulinzi.","Mwandĩki wa Kabineti ya Ũrigitani, Hon. Aden Duale nĩ erire Mĩtĩ ya Bunge gũtuĩria mawatho megiĩ Mũhothi wa Gũtongoria Mũhari wa Gũtongoria Mũhari wa Thayũ wa Gũtongoria Ũrigitani ũrĩa ũratharĩirio nĩ Kanitha wa Ũrigitani.",0.588394887,0.374319535,Misati,"Mwandĩki wa Kabineti ya Ũrigitani, Hon. Aden Duale nĩ erire Mĩtĩ ya Bunge gũtuĩria mawatho megiĩ Mũhothi wa Gũtongoria Mũhari wa Gũtongoria Mũhari wa Thayũ wa Gũtongoria Ũrigitani ũrĩa ũratharĩirio nĩ Kanitha wa Ũrigitani.",0.588394887,0.374319535,Ted,,
,Governance,EACC URGES BUNGOMA COUNTY LEADERS TO CHAMPION INTEGRITY IN GOVERNANCE,EACC inawasihi viongozi wa wilaya ya BUNGOMA kupigania uadilifu katika utawala,EACC nĩ ĩrathaithire atongoria a bũrũri wa BUNGOMA kũrũa na ngumo ya gũtongoria bũrũri wega,0.54238681,0.410902446,Misati,EACC nĩ ĩrathaithire atongoria a bũrũri wa BUNGOMA kũrũa na ngumo ya gũtongoria bũrũri wega,0.54238681,0.410902446,Ted,,
,Governance,Dr. Mudavadi Urges Kenyans to Support Diplomatic Efforts Amid Regional Challenges.,Dk Mudavadi anawahimiza Wakenya kuunga mkono juhudi za kidiplomasia katikati ya changamoto za kikanda.,Dr. Mudavadi nĩ erire andũ a Kenya kũnyita mbaru kĩyo kĩa ũtungatĩri wa mabũrũri gatagatĩ ka mĩhang'o ya bũrũri.,0.699566559,0.491855295,Misati,Dr. Mudavadi nĩ erire andũ a Kenya kũnyita mbaru kĩyo kĩa ũtungatĩri wa mabũrũri gatagatĩ ka mĩhang'o ya bũrũri.,0.699566559,0.491855295,Ted,,
,Governance,EACC urges members of the public not to at any time succumb to bribe demands from public officials but always report such matters.,EACC inawasihi washiriki wa umma wasijinyenyekeze wakati wowote kwa madai ya rushwa kutoka kwa maafisa wa umma lakini daima kuripoti mambo kama hayo.,EACC nĩ ĩringithanagia andũ aingĩ matigakinye hĩndĩ o yothe kũheo mũhothi nĩ anene a thirikari no hĩndĩ ciothe marute ũhoro wa maũndũ ta macio.,0.615516519,0.358220479,Misati,EACC nĩ ĩringithanagia andũ aingĩ matigakinye hĩndĩ o yothe kũheo mũhothi nĩ anene a thirikari no hĩndĩ ciothe marute ũhoro wa maũndũ ta macio.,0.615516519,0.358220479,Ted,,
,Governance,IEBC Kenya urges our donors to continue supporting the Commission to implement activities in the 2023-2027 electoral cycle,IEBC Kenya inawaomba wafadhili wetu waendelee kusaidia Tume kutekeleza shughuli katika mzunguko wa uchaguzi wa 2023-2027,IEBC Kenya nĩ ĩringithanagia arĩa matũheaga ũteithio gũthiĩ na mbere gũteithia Kamĩtĩ kũhingia maũndũ marĩa ĩraruta ihinda-inĩ rĩa ithurano rĩa 2023-2027,0.722302248,0.504558337,Misati,IEBC Kenya nĩ ĩringithanagia arĩa matũheaga ũteithio gũthiĩ na mbere gũteithia Kamĩtĩ kũhingia maũndũ marĩa ĩraruta ihinda-inĩ rĩa ithurano rĩa 2023-2027,0.722302248,0.504558337,Ted,,
,Governance,Foreign Affairs PS together with Devolution PS Julius Korir and Planning PS Saitoti Torome visited the Kiptogot Kolongolo water project in Transnzoia County,Shirika la Mambo ya Nje la Shirika la Mambo ya Nje pamoja na Shirika la Devolution la Shirika la Julius Korir na Shirika la Mipango la Shirika la Saitoti Torome walitembelea mradi wa maji wa Kiptogot Kolongolo katika Kaunti ya Transnzoia,PS ya maũndũ ma nja hamwe na PS ya Devolution Julius Korir na Planning PS Saitoti Torome nĩ maathire kĩharoinĩ kĩa maaĩ ma Kiptogot Kolongolo bũrũri-inĩ wa Transnzoia,0.655725814,0.594490469,Misati,PS ya maũndũ ma nja hamwe na PS ya Devolution Julius Korir na Planning PS Saitoti Torome nĩ maathire kĩharoinĩ kĩa maaĩ ma Kiptogot Kolongolo bũrũri-inĩ wa Transnzoia,0.655725814,0.594490469,Ted,,
,Governance,"PS Foreign Affairs @AmbMKamau, PS, Devolution Julius Korir, and PS Planning Saitoti Torome are currently inspecting the Kitale Airport project in Transnzioia County in the ongoing NDITC Project Assessment by PSs","PS Mambo ya nje @AmbMKamau, PS, Devolution Julius Korir, na PS Planning Saitoti Torome kwa sasa wanaangalia mradi wa Uwanja wa Ndege wa Kitale katika Kaunti ya Transnzioia katika Tathmini ya Mradi wa NDITC inayoendelea na PSs","PS Foreign Affairs @AmbMKamau, PS, Devolution Julius Korir, na PS Planning Saitoti Torome rĩu nĩ marathuthuragia kĩhingĩrio kĩa kĩharo kĩa ndege kĩa Kitale gĩcigo-inĩ kĩa Transnzioia, gĩcunjĩ-inĩ kĩa NDITC Project Assessment nĩ PSs",0.802438332,0.561322219,Misati,"PS Foreign Affairs @AmbMKamau, PS, Devolution Julius Korir, na PS Planning Saitoti Torome rĩu nĩ marathuthuragia kĩhingĩrio kĩa kĩharo kĩa ndege kĩa Kitale gĩcigo-inĩ kĩa Transnzioia, gĩcunjĩ-inĩ kĩa NDITC Project Assessment nĩ PSs",0.802438332,0.561322219,Ted,,
,Governance,Kenya Forest Services (KFS) urges citizens to record trees planted on the Jaza Miti app,Huduma za Misitu ya Kenya (KFS) zinawahimiza raia kurekodi miti iliyopandwa kwenye programu ya Jaza Miti,Kambuni ya Kenya Forest Services (KFS) nĩ ĩringithanagia andũ gũtigĩrĩra mĩtĩ ĩrĩa ĩgathandĩtwo thĩinĩ wa programu ya Jaza Miti,0.752457385,0.428880234,Misati,Kambuni ya Kenya Forest Services (KFS) nĩ ĩringithanagia andũ gũtigĩrĩra mĩtĩ ĩrĩa ĩgathandĩtwo thĩinĩ wa programu ya Jaza Miti,0.752457385,0.428880234,Ted,,
,Governance,IEBC urges Kenyan youth to register as voters,IEBC inawasihi vijana wa Kenya kujiandikisha kuwa wapiga kura,IEBC kũria andũ ethĩ a Kenya mathiĩ magĩthooe,0.682217528,0.37834055,Misati,IEBC kũria andũ ethĩ a Kenya mathiĩ magĩthooe,0.682217528,0.37834055,Ted,,
,Governance,IEBC urges Kenyans to be patient for results,IEBC inawahimiza Wakenya wawe na subira kwa matokeo,IEBC nĩ ĩringithanagia andũ a Kenya magĩe na ũkirĩrĩria nĩ ũndũ wa moimĩrĩro,0.603531955,0.533434549,Misati,IEBC nĩ ĩringithanagia andũ a Kenya magĩe na ũkirĩrĩria nĩ ũndũ wa moimĩrĩro,0.603531955,0.533434549,Ted,,
,Governance,IEBC urges Kenyans to verify list of BBI supporters,IEBC inawahimiza Wakenya waangalie orodha ya wafuasi wa BBI,IEBC nĩ ĩringithanagia andũ a Kenya gũthuthuria mũtaratara wa arĩa maretĩkĩra BBI,0.629584435,0.521351067,Misati,IEBC nĩ ĩringithanagia andũ a Kenya gũthuthuria mũtaratara wa arĩa maretĩkĩra BBI,0.629584435,0.521351067,Ted,,
,Governance,IEBC urges youth to register as voters as deadline looms,IEBC inawasihi vijana kujiandikisha kama wapiga kura wakati wa mwisho unakaribia,IEBC nĩ ĩringithanagia andũ ethĩ kwĩyandikithia marĩ ateti tondũ ihinda rĩa gũthuura nĩ rĩkuhĩrĩirie,0.67971655,0.439578223,Misati,IEBC nĩ ĩringithanagia andũ ethĩ kwĩyandikithia marĩ ateti tondũ ihinda rĩa gũthuura nĩ rĩkuhĩrĩirie,0.67971655,0.439578223,Ted,,
,Governance,The Commission invites all new eligible voters and those seeking transfer of registration status and update of voter particulars/information to visit their preferred IEBC Kenya constituency offices with their national identity card or valid Kenyan passport to register.,Tume inawatia moyo wapiga kura wote wapya wanaostahiki na wale wanaotaka kuhamishwa kwa hali ya usajili na sasisho la maelezo ya wapiga kura/habari kutembelea ofisi zao za uchaguzi wa IEBC Kenya na kadi yao ya kitambulisho ya kitaifa au pasipoti halali ya Kenya kujiandikisha.,Commission nĩ ĩgũthokeria athuri othe arĩa marĩĩtĩkanĩtie na arĩa marenda gũtahwo na kũmenyithio ũhoro wa kwandĩkithia na kũmenyithania ũhoro wa athuri gũceerera wabici ciao cia ithurano cia IEBC Kenya na kaadi yao ya gwĩthuurĩra ya bũrũri kana passport ya Kenya ĩrĩa ĩhũthagĩrũo kwĩbũta.,0.670081166,0.389976396,Misati,Commission nĩ ĩgũthokeria athuri othe arĩa marĩĩtĩkanĩtie na arĩa marenda gũtahwo na kũmenyithio ũhoro wa kwandĩkithia na kũmenyithania ũhoro wa athuri gũceerera wabici ciao cia ithurano cia IEBC Kenya na kaadi yao ya gwĩthuurĩra ya bũrũri kana passport ya Kenya ĩrĩa ĩhũthagĩrũo kwĩbũta.,0.670081166,0.389976396,Ted,,
,Governance,"Kisero Kennedy, Secretary-General of KeMUSA, calls on Kenyan youth to take up voter registration in masses.","Katibu Mkuu wa KeMUSA, Kisero Kennedy, anawataka vijana wa Kenya wajiandikishe kwa wingi.","Kisero Kennedy, Mwandĩkĩri Mũnene wa KeMUSA, nĩ erire andũ ethĩ a Kenya manyitanĩre na andũ aingĩ kwĩnyita ũtarati wa gũthuura.",0.599077062,0.408573121,Misati,"Kisero Kennedy, Mwandĩkĩri Mũnene wa KeMUSA, nĩ erire andũ ethĩ a Kenya manyitanĩre na andũ aingĩ kwĩnyita ũtarati wa gũthuura.",0.599077062,0.408573121,Ted,,
,Governance,Mandera County leaders urge residents to embrace IEBC voter registration drive.,Viongozi wa Wilaya ya Mandera wanawasihi wakazi wa eneo hilo wafanye kampeni ya usajili wa wapiga kura wa IEBC.,Atongoria a kaunti ya Mandera nĩ mekĩraga andũ ngoro magĩe na mweke wa kwandĩka ithurano cia IEBC.,0.590318232,0.500564168,Misati,Atongoria a kaunti ya Mandera nĩ mekĩraga andũ ngoro magĩe na mweke wa kwandĩka ithurano cia IEBC.,0.590318232,0.500564168,Ted,,
,Governance,"Government warns that citizens should brace themselves for a bumpy ride ahead, as an additional 10 to 15 billion shillings will be required to subsidise fuel in the coming months","Serikali inaonya raia wajitayarishe kwa safari ngumu mbele, kwani shilingi bilioni 10 hadi 15 zitahitajika zaidi kwa udhamini wa mafuta katika miezi ijayo","Thirikari nĩ ĩgwetete atĩ andũ magĩrĩirũo kwĩhaarĩria nĩ ũndũ wa rũgendo rũu rũrĩ na mĩgwate, tondũ nĩ kũbatarania shilling bilioni 10 nginya 15 cia kũigana nĩguo mahũthĩre maguta mĩeri-inĩ ĩroka",0.514783049,0.409419682,Misati,"Thirikari nĩ ĩgwetete atĩ andũ magĩrĩirũo kwĩhaarĩria nĩ ũndũ wa rũgendo rũu rũrĩ na mĩgwate, tondũ nĩ kũbatarania shilling bilioni 10 nginya 15 cia kũigana nĩguo mahũthĩre maguta mĩeri-inĩ ĩroka",0.514783049,0.409419682,Ted,,
,Governance,West Pokot Governor Kachapin urges residents to enrol for TAIFA care as county records low turnout for SHA registration,Gavana wa West Pokot Kachapin anawahimiza wakazi kujiandikisha kwa huduma ya TAIFA kwani jimbo hilo linaonyesha ufikiaji mdogo wa usajili wa SHA,Ngavana wa West Pokot Kachapin nĩ erire aikari a bũrũri wao manyitanĩre na TAIFA tondũ gĩcigo kĩu kĩarĩ na andũ anini mũno arĩa maanyitanĩire na SHA.,0.574205505,0.438044358,Misati,Ngavana wa West Pokot Kachapin nĩ erire aikari a bũrũri wao manyitanĩre na TAIFA tondũ gĩcigo kĩu kĩarĩ na andũ anini mũno arĩa maanyitanĩire na SHA.,0.574205505,0.438044358,Ted,,
,Governance,Governor Wanga urges Kasipul residents to maintain peace during by-election campaigns,Gavana Wanga anawahimiza wakazi wa Kasipul kudumisha amani wakati wa kampeni za uchaguzi wa kikatiba,Ngavana Wanga nĩ erire aikari a Kasipul gũtũũria thayũ hĩndĩ ya mĩhang'o ya gĩthurano,0.691138524,0.557501733,Misati,Ngavana Wanga nĩ erire aikari a Kasipul gũtũũria thayũ hĩndĩ ya mĩhang'o ya gĩthurano,0.691138524,0.557501733,Ted,,
,Governance,Governor Fatuma Achani urges residents of Kwale to plant trees.,Gavana Fatuma Achani anawahimiza wakazi wa Kwale kupanda miti.,Ngavana Fatuma Achani nĩ erire aikari a Kwale marie mĩtĩ.,0.822397149,0.587303925,Misati,Ngavana Fatuma Achani nĩ erire aikari a Kwale marie mĩtĩ.,0.822397149,0.587303925,Ted,,
,Governance,Livestock PS urges administrators to inform residents of Government projects,Shirika la mifugo linawasihi wasimamizi wawasimulie wakazi kuhusu miradi ya Serikali,PS ya Ũrĩmi wa Nyamũ ĩgĩthaitha athuri mataarĩrie aikari ũhoro wa mĩbango ya thirikari,0.498052604,0.418887832,Misati,PS ya Ũrĩmi wa Nyamũ ĩgĩthaitha athuri mataarĩrie aikari ũhoro wa mĩbango ya thirikari,0.498052604,0.418887832,Ted,,
,Governance,"CS Miano urges Ndaragwa residents to continue registering with the Social Health Authority (SHA), emphasizing the importance of Universal Health Coverage.","CS Miano anawahimiza wakazi wa Ndaragwa kuendelea kujiandikisha na Mamlaka ya Afya ya Jamii (SHA), akisisitiza umuhimu wa Ufunikaji wa Afya ya Ulimwenguni.","CS Miano nĩ erire aikari a Ndaragwa mathiĩ na mbere kwĩyandikithia kũrĩ Kĩama gĩa Ũrigitani (SHA), akĩonania bata wa kũhingia ũrigitani wa andũ othe.",0.738650077,0.517619563,Misati,"CS Miano nĩ erire aikari a Ndaragwa mathiĩ na mbere kwĩyandikithia kũrĩ Kĩama gĩa Ũrigitani (SHA), akĩonania bata wa kũhingia ũrigitani wa andũ othe.",0.738650077,0.517619563,Ted,,
,Governance,"SHA favorable to marginalized communities, MP Geoffrey Ruku urges Mbeere North residents to register with Social Health Authority (SHA).","SHA kwa niaba ya jamii zilizoachwa kando, MEP Geoffrey Ruku anawahimiza wakazi wa Mbeere North kujiandikisha na Mamlaka ya Afya ya Jamii (SHA).",Mumbunge Geoffrey Ruku nĩ etĩkĩrĩĩte andũ a Mbeere North kwĩyandikithia kũrĩ Social Health Authority (SHA).,0.671710791,0.470305317,Misati,Mumbunge Geoffrey Ruku nĩ etĩkĩrĩĩte andũ a Mbeere North kwĩyandikithia kũrĩ Social Health Authority (SHA).,0.671710791,0.470305317,Ted,,
,Governance,Conservationist Jim Nyamu urges residents of Marsabit County to protect elephants.,Mtunzaji wa mazingira Jim Nyamu anawahimiza wakazi wa Kaunti ya Marsabit kulinda tembo.,Mũrori wa maũndũ ma ũgitĩri wa thĩ Jim Nyamu nĩ erire aikari a Marsabit County mathare njogu.,0.719253469,0.439359054,Misati,Mũrori wa maũndũ ma ũgitĩri wa thĩ Jim Nyamu nĩ erire aikari a Marsabit County mathare njogu.,0.719253469,0.439359054,Ted,,
,Governance,Leaders say President Ruto will deliver on projects in Mt. Kenya region. PSS from Mt. Kenya continue with town hall meetings. PS Mary Muthoni urges residents to support the government,Viongozi wanasema Rais Ruto atawasilisha miradi katika mkoa wa Mlima Kenya. PSS kutoka Mlima Kenya inaendelea na mikutano ya manispaa. PS Mary Muthoni anawahimiza wakazi kuunga mkono serikali,Atongoria kuuga President Ruto nĩ akaahotithia kũhingia mĩbango ya bũrũri wa Kenya. PSS kuuma Mount Kenya nĩ ĩgũthiĩ na mbere na mĩcemanio ya nyũmba ya thirikari. PS Mary Muthoni nĩ erĩgĩrĩra aikari manyitanĩre na thirikari,0.67788628,0.461159262,Misati,Atongoria kuuga President Ruto nĩ akaahotithia kũhingia mĩbango ya bũrũri wa Kenya. PSS kuuma Mount Kenya nĩ ĩgũthiĩ na mbere na mĩcemanio ya nyũmba ya thirikari. PS Mary Muthoni nĩ erĩgĩrĩra aikari manyitanĩre na thirikari,0.67788628,0.461159262,Ted,,
,Governance,Reprieve in Tiaty: Tiaty gets office for registration of births and deaths Office to save residents over 230 km of travel PS Bitok urges residents to make use of office,Kuzuia katika Tiaty: Tiaty anapata ofisi ya usajili wa kuzaliwa na kifo Ofisi ya kuokoa wakazi zaidi ya 230 km ya usafiri PS Bitok anawahimiza wakazi kutumia ofisi,Riboti cia Tiaty: Tiaty nĩ ĩgĩte wabici ya kwandĩka ciana na ikuũ cia ciana cia ciana cia ciana cia ciana cia ciana cia ciana cia ciana cia ciana cia ciana cia ciana cia ciana cia ciana cia ciana cia ciana cia ciana cia ciana cia ciana cia ciana cia ciana cia ciana cia ciana cia ciana cia ciana cia ciana cia ciana cia ciana cia ciana cia ciana cia ciana cia ciana cia ciana cia ciana cia ciana cia ciana cia ciana cia ciana cia ciana cia ciana cia ciana cia ciana cia ciana cia ciana cia ciana cia ciana cia ciana cia ciana cia ciana cia ciana cia ciana cia ciana cia ciana cia ciana cia ciana cia ciana cia ciana cia ciana cia ciana cia ciana cia ciana cia ciana cia ciana cia ciana cia ciana cia ciana cia ciana cia ciana cia ciana cia ciana cia ciana cia ciana cia ciana cia ciana cia ciana cia ciana cia ciana cia ciana cia ciana cia ciana cia ciana cia ciana cia ciana cia ciana cia ciana cia ciana cia ciana cia ciana cia ciana cia ciana,0.600183358,0.448370909,Misati,Riboti cia Tiaty: Tiaty nĩ ĩgĩte wabici ya kwandĩka ciana na ikuũ cia ciana cia ciana cia ciana cia ciana cia ciana cia ciana cia ciana cia ciana cia ciana cia ciana cia ciana cia ciana cia ciana cia ciana cia ciana cia ciana cia ciana cia ciana cia ciana cia ciana cia ciana cia ciana cia ciana cia ciana cia ciana cia ciana cia ciana cia ciana cia ciana cia ciana cia ciana cia ciana cia ciana cia ciana cia ciana cia ciana cia ciana cia ciana cia ciana cia ciana cia ciana cia ciana cia ciana cia ciana cia ciana cia ciana cia ciana cia ciana cia ciana cia ciana cia ciana cia ciana cia ciana cia ciana cia ciana cia ciana cia ciana cia ciana cia ciana cia ciana cia ciana cia ciana cia ciana cia ciana cia ciana cia ciana cia ciana cia ciana cia ciana cia ciana cia ciana cia ciana cia ciana cia ciana cia ciana cia ciana cia ciana cia ciana cia ciana cia ciana cia ciana cia ciana cia ciana cia ciana cia ciana cia ciana cia ciana cia ciana,0.600183358,0.448370909,Ted,,
,Governance,KDF urges residents to share intelligence after IED attack in Lamu,KDF inawahimiza wakazi kushiriki taarifa za kienyeji baada ya shambulio la IED huko Lamu,KDF nĩ ĩringithanagia aikari kũmenyithia andũ ũhoro thutha wa mũbango wa kũharũrũkia IED Lamu,0.576161103,0.376220128,Misati,KDF nĩ ĩringithanagia aikari kũmenyithia andũ ũhoro thutha wa mũbango wa kũharũrũkia IED Lamu,0.576161103,0.376220128,Ted,,
,Governance,"Governor Anne Waiguru urges residents to embrace routine cancer screening, emphasizing that early detection remains key to successful treatment.","Gavana Anne Waiguru anawahimiza wakazi wa eneo hilo wafanye uchunguzi wa kawaida wa saratani, akisisitiza kwamba utambuzi wa mapema unabaki kuwa muhimu kwa matibabu ya mafanikio.","Ngavana Anne Waiguru nĩ erire aikari a bũrũri ũcio gwĩkĩra ũtuĩria wa kanza ũgeni, akĩonania atĩ kũmenyeka tene nĩkuo kũngĩtũma ũrigitani ũgaacĩre.",0.605148378,0.382458484,Misati,"Ngavana Anne Waiguru nĩ erire aikari a bũrũri ũcio gwĩkĩra ũtuĩria wa kanza ũgeni, akĩonania atĩ kũmenyeka tene nĩkuo kũngĩtũma ũrigitani ũgaacĩre.",0.605148378,0.382458484,Ted,,
,Governance,Kenya Marine and Fisheries Research Institute (KMFRI) CEO Dr. James Mwaluma urges residents of the coastal region to plant mangroves and seagrass to boost Blue Carbon generation.,Mkurugenzi Mtendaji wa Taasisi ya Utafiti wa Bahari na Uvuvi ya Kenya (KMFRI) Dk James Mwaluma anawahimiza wakazi wa eneo la pwani kupanda miti ya mangrove na majani ya bahari ili kuongeza uzalishaji wa kaboni ya bluu.,"Dr. James Mwaluma, CEO wa Kenya Marine and Fisheries Research Institute (KMFRI), nĩ erire aikari a gĩcigo kĩa iria-inĩ marie mangrove na nyeki cia iria-inĩ nĩguo matũme carbon ya mũthanga ĩgĩe na hinya.",0.737726617,0.50878763,Misati,"Dr. James Mwaluma, CEO wa Kenya Marine and Fisheries Research Institute (KMFRI), nĩ erire aikari a gĩcigo kĩa iria-inĩ marie mangrove na nyeki cia iria-inĩ nĩguo matũme carbon ya mũthanga ĩgĩe na hinya.",0.737726617,0.50878763,Ted,,
,Governance,The president urges residents to surrender guns during the amnesty.,Rais anawahimiza wakazi wa mji huo kutoa silaha wakati wa msamaha.,Mũtongoria wa bũrũri nĩ erire aikari a bũrũri ũcio matige mĩcinga hĩndĩ ya kũrekererio.,0.543871234,0.435823998,Misati,Mũtongoria wa bũrũri nĩ erire aikari a bũrũri ũcio matige mĩcinga hĩndĩ ya kũrekererio.,0.543871234,0.435823998,Ted,,
,Governance,ODM Leader Raila Odinga urges residents of Migori County to register as party members.,Kiongozi wa ODM Raila Odinga anawahimiza wakazi wa Wilaya ya Migori kujiandikisha kama wanachama wa chama.,Mũtongoria wa ODM Raila Odinga nĩ erĩgĩrĩire aikari a kaunti ya Migori kwĩyandikithia marĩ andũ a gĩkundi kĩu.,0.761642512,0.550712417,Misati,Mũtongoria wa ODM Raila Odinga nĩ erĩgĩrĩire aikari a kaunti ya Migori kwĩyandikithia marĩ andũ a gĩkundi kĩu.,0.761642512,0.550712417,Ted,,
,Governance,"Murang a Woman Rep Betty Maina urges residents to be tolerant of local leaders who have taken different political positions, emphasizing that it is their right to do so.","Betty Maina, mwakilishi wa Murang a Woman, anawahimiza wakazi wawe na uvumilivu kuelekea viongozi wa eneo hilo ambao wamechukua msimamo tofauti wa kisiasa, akisisitiza kwamba ni haki yao kufanya hivyo.","Betty Maina, ũrĩa ũrũgamĩrĩire Murang a Woman, nĩ erire aikari a bũrũri ũcio makorũo marĩ na ũkirĩrĩria harĩ atongoria a gĩcigo kĩrĩa makoretwo magĩtongoria maũndũ ma ũteti ngũrani, akĩonania atĩ nĩ kĩhooto kĩao gwĩka ũguo.",0.674573453,0.483620042,Misati,"Betty Maina, ũrĩa ũrũgamĩrĩire Murang a Woman, nĩ erire aikari a bũrũri ũcio makorũo marĩ na ũkirĩrĩria harĩ atongoria a gĩcigo kĩrĩa makoretwo magĩtongoria maũndũ ma ũteti ngũrani, akĩonania atĩ nĩ kĩhooto kĩao gwĩka ũguo.",0.674573453,0.483620042,Ted,,
,Governance,"Kwale Governor Fatuma Achani has urged residents across Kwale County, especially those living in arid areas of Kinango, Samburu, and Lungalunga, to plant more trees as a way to combat the ongoing drought affecting those regions.","Gavana wa Kwale Fatuma Achani amewahimiza wakazi wa Wilaya ya Kwale, hasa wale wanaoishi katika maeneo ya ukame ya Kinango, Samburu, na Lungalunga, kupanda miti zaidi kama njia ya kupambana na ukame unaoendelea unaowaathiri maeneo hayo.","Ngavana wa Kwale Fatuma Achani nĩ erire aikari a kaunti ya Kwale, makĩria arĩa matũũraga gĩcigo-inĩ kĩũmũ kĩa Kinango, Samburu, na Lungalunga, atĩ mambate mĩtĩ mĩingĩ ta njĩra ya kũhiũrania na ng'aragu iria irathiĩ na mbere kũhutia icigo icio.",0.701730316,0.596904657,Misati,"Ngavana wa Kwale Fatuma Achani nĩ erire aikari a kaunti ya Kwale, makĩria arĩa matũũraga gĩcigo-inĩ kĩũmũ kĩa Kinango, Samburu, na Lungalunga, atĩ mambate mĩtĩ mĩingĩ ta njĩra ya kũhiũrania na ng'aragu iria irathiĩ na mbere kũhutia icigo icio.",0.701730316,0.596904657,Ted,,
,Governance,Governor Mbarire urges residents to embrace the project,Gavana Mbarire anawahimiza wakazi wa eneo hilo kuunga mkono mradi huo,Ngavana Mbarire nĩ erire aikari manyitanĩre na mũbango ũcio,0.572753666,0.512651871,Misati,Ngavana Mbarire nĩ erire aikari manyitanĩre na mũbango ũcio,0.572753666,0.512651871,Ted,,
,Governance,"Government commissions boreholes in Habaswein, Wajir county. PS Ronoh urges residents to embrace irrigation farming","Serikali inaweka kazi ya kuchimba mashimo katika Habaswein, wilaya ya Wajir.","Thirikari kũruta wĩra wa gũciara mĩbira ya kũruta maaĩ mwena wa Habaswein, kaunti ya Wajir.",0.513245089,0.351433348,Misati,"Thirikari kũruta wĩra wa gũciara mĩbira ya kũruta maaĩ mwena wa Habaswein, kaunti ya Wajir.",0.513245089,0.351433348,Ted,,
,Governance,Meru County Commissioner urges residents who need government services to make use of Huduma Centre.,Kamishna wa Kaunti ya Meru anawahimiza wakazi wanaohitaji huduma za serikali kutumia Huduma Centre.,Kamishina wa kaunti ya Meru nĩ erĩgĩrĩire aikari arĩa marabatara ũteithio wa thirikari mathiĩ na mbere kũhũthĩra Huduma Centre.,0.76376983,0.47435505,Misati,Kamishina wa kaunti ya Meru nĩ erĩgĩrĩire aikari arĩa marabatara ũteithio wa thirikari mathiĩ na mbere kũhũthĩra Huduma Centre.,0.76376983,0.47435505,Ted,,
,Governance,Political leaders allied to the broad-based government urge citizens to shun divisive politics from the opposition.,Viongozi wa kisiasa walioungana na serikali hiyo ya msingi wanawahimiza raia waepuke siasa za upinzani zinazoleta migawanyiko.,Atongoria a ũteti arĩa marũmagĩrĩra thirikari ĩyo ya kũingĩragia bũrũri nĩ maraheana ũrata wa gũtigana na ũteti wa gĩkundi kĩa mũkararia.,0.549518742,0.358645943,Misati,Atongoria a ũteti arĩa marũmagĩrĩra thirikari ĩyo ya kũingĩragia bũrũri nĩ maraheana ũrata wa gũtigana na ũteti wa gĩkundi kĩa mũkararia.,0.549518742,0.358645943,Ted,,
,Governance,The Baringo Ecosystem: Residents take up conservation agenda Residents urged to guard against exploitation,Ecosystem Baringo: Wakazi wanachukua mpango wa uhifadhi Wakazi wanahimizwa kujilinda dhidi ya utumiaji,Ũhoro wa Gĩthondeka kĩa Iria Ciĩtaga Mũciĩ wa Baringo: Aikari makĩambĩrĩria mũtaratara wa kũgitĩra andũ arĩa matũũraga kuo,0.563951173,0.309711807,Misati,Ũhoro wa Gĩthondeka kĩa Iria Ciĩtaga Mũciĩ wa Baringo: Aikari makĩambĩrĩria mũtaratara wa kũgitĩra andũ arĩa matũũraga kuo,0.563951173,0.309711807,Ted,,
,Governance,CALL FOR CONSERVATION Embu residents urged to adopt a tree planting culture,WATU WA KUHUSU Watiwa Moyo Wafuate Utamaduni wa Kupanda Miti,GĨCUNJĨ KĨA KŨRUTANIA METHĨA A MŨTHENYA wa Embu Kũringĩrĩrio Mĩtũũrĩre ya Kũhanda Mĩmera,0.44085598,0.372598032,Misati,GĨCUNJĨ KĨA KŨRUTANIA METHĨA A MŨTHENYA wa Embu Kũringĩrĩrio Mĩtũũrĩre ya Kũhanda Mĩmera,0.44085598,0.372598032,Ted,,
,Governance,Conserving degraded lands: Nakuru residents urged to help in protecting lands next rivers.,Kuhifadhi ardhi iliyoporomoka: Wakazi wa Nakuru walihimizwa kusaidia kulinda ardhi iliyo karibu na mito.,Kũgitĩra bũrũri ũrĩa wagĩte: Aikari a Nakuru nĩ maathĩrĩirio gũteithia kũgitĩra bũrũri ũrĩa ũrĩ hakuhĩ na njũũĩ.,0.588554351,0.449667823,Misati,Kũgitĩra bũrũri ũrĩa wagĩte: Aikari a Nakuru nĩ maathĩrĩirio gũteithia kũgitĩra bũrũri ũrĩa ũrĩ hakuhĩ na njũũĩ.,0.588554351,0.449667823,Ted,,
,Governance,Egesa Career Clinic: Egesa FM presenters conduct sensitization programme in Kisii Presenters urged residents urged to embrace technical courses,Egesa Career Clinic: Wawasilishaji wa Egesa FM wanafanya programu ya ufahamu katika Kisii Wawasilishaji wanawasihi wakazi wa mji huo waende kwenye masomo ya kiufundi,Egesa Career Clinic: Ahunjia a Egesa FM marutaga wĩra wa kũmenyeria andũ mĩcemanio ya Kisii Ahunjia nĩ mekĩrire aikari ngoro magĩe na ũrutani wa tekinoronjĩ,0.504516938,0.432558427,Misati,Egesa Career Clinic: Ahunjia a Egesa FM marutaga wĩra wa kũmenyeria andũ mĩcemanio ya Kisii Ahunjia nĩ mekĩrire aikari ngoro magĩe na ũrutani wa tekinoronjĩ,0.504516938,0.432558427,Ted,,
,Governance,"East African ocean festival: Residents urged to take part in cleaning the beaches Beach cleaning exercise held in Nyali, Mombasa County","Tamasha la Bahari la Afrika Mashariki: Wakazi wanahitajika kushiriki katika kusafisha fukwe Mazoezi ya kusafisha fukwe yaliyofanyika Nyali, Mombasa County",Kĩũngũĩro kĩa Oceania ya Afrika ya Irathĩro: Aikari makĩringĩrĩrio makorwo makĩruta wĩra wa gũtheria ithaka cia iria rĩrĩa inene.,0.646995775,0.381030229,Misati,Kĩũngũĩro kĩa Oceania ya Afrika ya Irathĩro: Aikari makĩringĩrĩrio makorwo makĩruta wĩra wa gũtheria ithaka cia iria rĩrĩa inene.,0.646995775,0.381030229,Ted,,
,Governance,Embu county residents urged to turn up in large numbers to welcome the President.,Wakazi wa wilaya ya Embu waliwasihi wajitenge kwa idadi kubwa ili kumkaribisha Rais.,Aikari a kaunti ya Embu nĩ maathire na ngoro mathiĩ na mbere gũceerera mũingĩ nĩguo maramũkĩre Mũtongoria wa bũrũri.,0.585609897,0.410765874,Misati,Aikari a kaunti ya Embu nĩ maathire na ngoro mathiĩ na mbere gũceerera mũingĩ nĩguo maramũkĩre Mũtongoria wa bũrũri.,0.585609897,0.410765874,Ted,,
,Governance,"INCREASING FOREST COVER 14,000 trees planted in Kitui. Residents urged to continue planting trees","MISINGI YA MISINGI YAO INAOTAKA 14,000 ilipandwa Kitui.",GĨKŨRA KĨŨRĨA KĨHĨRĨA KĨHĨRĨA KĨRĨA KĨRĨA KĨRĨA KĨRĨA KĨRĨA KĨTUUU KĨRĨA KĨTU KĨRĨA KĨTU KĨRĨA KĨTU KĨRĨA KĨTU KĨRĨA KĨTU KĨRĨA KĨRĨA KĨRĨA KĨRĨA KĨRĨA KĨRĨA KĨRĨA KĨRĨA KĨRĨA KĨRĨA KĨRĨA KĨRĨA KĨRĨA KĨRĨA KĨRĨA KĨRĨA KĨRĨA KĨRĨA KĨRĨA KĨ,0.304720352,0.528742693,Misati,GĨKŨRA KĨŨRĨA KĨHĨRĨA KĨHĨRĨA KĨRĨA KĨRĨA KĨRĨA KĨRĨA KĨRĨA KĨTUUU KĨRĨA KĨTU KĨRĨA KĨTU KĨRĨA KĨTU KĨRĨA KĨTU KĨRĨA KĨTU KĨRĨA KĨRĨA KĨRĨA KĨRĨA KĨRĨA KĨRĨA KĨRĨA KĨRĨA KĨRĨA KĨRĨA KĨRĨA KĨRĨA KĨRĨA KĨRĨA KĨRĨA KĨRĨA KĨRĨA KĨRĨA KĨRĨA KĨ,0.304720352,0.528742693,Ted,,
,Governance,"Residents urged to participate in the budget making process through public participation, to familiarize with projects initiated by the County Government.","Wakazi walihimizwa kushiriki katika mchakato wa kupanga bajeti kupitia ushiriki wa umma, ili kujua kuhusu miradi iliyoanzishwa na Serikali ya Wilaya.",Aikari acio nĩ mekĩrirũo ngoro makorũo makĩhũthĩra mbeca kũgerera kũnyitanĩra na andũ nĩguo mamenye maũndũ marĩa mekĩrirũo nĩ thirikari ya kaunti.,0.671677768,0.408934916,Misati,Aikari acio nĩ mekĩrirũo ngoro makorũo makĩhũthĩra mbeca kũgerera kũnyitanĩra na andũ nĩguo mamenye maũndũ marĩa mekĩrirũo nĩ thirikari ya kaunti.,0.671677768,0.408934916,Ted,,
,Governance,"KRA ON THE ROAD Tax man tours Mombasa County, residents urged to file their returns","Mto wa kodi wa KRA ON THE ROAD unasafiri katika wilaya ya Mombasa, wakazi wanahitajika kuwasilisha taarifa zao","KRA ON THE ROAD Mwĩrĩ wa igoti gũceera kaunti ya Mombasa, aikari makĩringĩrĩrio kũruta riboti ciao",0.41201441,0.469992191,Misati,"KRA ON THE ROAD Mwĩrĩ wa igoti gũceera kaunti ya Mombasa, aikari makĩringĩrĩrio kũruta riboti ciao",0.41201441,0.469992191,Ted,,
,Governance,MALINDI COHESION CALLS. Residents urged to be wary of politicians sowing seeds of discord Local leaders want action taken against politicians propagating hate,WATU WA MALINDI WANAOMBA WATU WAWE NA MWEKEZO WANAOMBA WATU WAWE NA HABARI KUU WAKO WAKO WANAOMBA WAWE NA HABARI KUU Wanasiasa wanaopanda mbegu za kutoelewana Viongozi wa Mitaa wanataka hatua za kuchukua dhidi ya wanasiasa wanaopandikiza chuki,Aikari a bũrũri wa Malindi nĩ mecirĩirio makorũo na ũmenyo nĩ ũndũ wa ateti kũhanda mbeũ cia kĩmena.,0.414007148,0.318993238,Misati,Aikari a bũrũri wa Malindi nĩ mecirĩirio makorũo na ũmenyo nĩ ũndũ wa ateti kũhanda mbeũ cia kĩmena.,0.414007148,0.318993238,Ted,,
,Governance,Meru residents urged to elect leaders of integrity.,Wakazi wa Meru walihimizwa kuchagua viongozi wenye uaminifu.,Aikari a Meru nĩ maathĩrĩirio gũthuura atongoria a gũtũũra marĩ ehokeku.,0.592685468,0.526519927,Misati,Aikari a Meru nĩ maathĩrĩirio gũthuura atongoria a gũtũũra marĩ ehokeku.,0.592685468,0.526519927,Ted,,
,Governance,"Nyahururu unclaimed assets Residents urged to claim cash, sureties held at Nyahururu courts Keago: Assets remain uncollected despite case conclusions","Wakazi wanahitajika kuomba fedha, dhamana zinazoshikiliwa katika mahakama za Nyahururu Keago: Mali bado hazijakusanywa licha ya matokeo ya kesi","Nyahururu indo itarĩ cia gwĩtĩkĩrĩka Aikari kũringĩrĩrio kũhoya mbeca, njũng'wa ciĩhĩtwo igoti-inĩ rĩa Nyahururu Keago: indo itarĩ cia gwĩtĩkĩrĩka o na gũtuĩka ciaregirwo nĩ ciira ũcio",0.543536185,0.399104638,Misati,"Nyahururu indo itarĩ cia gwĩtĩkĩrĩka Aikari kũringĩrĩrio kũhoya mbeca, njũng'wa ciĩhĩtwo igoti-inĩ rĩa Nyahururu Keago: indo itarĩ cia gwĩtĩkĩrĩka o na gũtuĩka ciaregirwo nĩ ciira ũcio",0.543536185,0.399104638,Ted,,
,Governance,Kilifi residents urged to register for SHA,Wakazi wa Kilifi wasihi kujiandikisha kwa SHA,Aikari a Kilifi kũringĩrĩrio mathiĩ magĩthooe SHA,0.541949397,0.451185599,Misati,Aikari a Kilifi kũringĩrĩrio mathiĩ magĩthooe SHA,0.541949397,0.451185599,Ted,,
,Governance,Hospitals urged to embrace and provide services under SHA,Hospitali zinahitajika kukubali na kutoa huduma chini ya SHA,Acibi cia thibitari kũheo na kũheana itungata kũringana na SHA,0.611483728,0.348163001,Misati,Acibi cia thibitari kũheo na kũheana itungata kũringana na SHA,0.611483728,0.348163001,Ted,,
,Governance,Egesa FM hosts career clinic in Nyamira county. Residents urged to embrace technical courses.,Egesa FM ina hospitali ya kazi katika kaunti ya Nyamira.,Egesa FM nĩ ĩkoragwo na kambuni ya kũruta wĩra wa mũingĩ kaunti-inĩ ya Nyamira.,0.611146618,0.449616679,Misati,Egesa FM nĩ ĩkoragwo na kambuni ya kũruta wĩra wa mũingĩ kaunti-inĩ ya Nyamira.,0.611146618,0.449616679,Ted,,
,Governance,KEEPING THE DOCTOR AWAY '¦ Free medical camp held in Machakos town Residents urged to go for frequent medical checks,KUHUSU Daktari KWA KWAO ... kambi ya matibabu ya bure ilifanyika katika mji wa Machakos Wakazi walihimizwa kwenda kwa uchunguzi wa matibabu mara kwa mara,Kũrekereria ndagĩtarĩ athiĩ ... kambĩ ya ũrigitani ya mũhothi nĩ ĩkoretwo itũũrainĩ rĩa Machakos Aikari makĩringĩrĩrio gũthiĩ gũthuthuria ndagĩtarĩ maita maingĩ,0.480514321,0.41742117,Misati,Kũrekereria ndagĩtarĩ athiĩ ... kambĩ ya ũrigitani ya mũhothi nĩ ĩkoretwo itũũrainĩ rĩa Machakos Aikari makĩringĩrĩrio gũthiĩ gũthuthuria ndagĩtarĩ maita maingĩ,0.480514321,0.41742117,Ted,,
,Governance,UDA PARTY ELECTIONS Homabay residents urged to exercise peace as UDA party elections gets underway.,Uchaguzi wa chama cha UDA wakazi wa Homabay waliwasihi wafanye amani wakati uchaguzi wa chama cha UDA unapoendelea.,Aikari a Homabay nĩ mekĩrire ngoro andũ mathiĩ na mbere kũgĩa na thayũ tondũ ithurano cia gĩkundi kĩa UDA nĩ irathiĩ na mbere.,0.618838908,0.434736809,Misati,Aikari a Homabay nĩ mekĩrire ngoro andũ mathiĩ na mbere kũgĩa na thayũ tondũ ithurano cia gĩkundi kĩa UDA nĩ irathiĩ na mbere.,0.618838908,0.434736809,Ted,,
,Governance,Tharaka Nithi residents urged to plant more trees particularly in community lands.,Wakazi wa Tharaka Nithi waliwasihi kupanda miti zaidi hasa katika ardhi za jamii.,Aikari a Tharaka Nithi nĩ mecirĩtie atĩ nĩ magĩrĩire kũhaanda mĩtĩ mĩingĩ mũno makĩria ithaka-inĩ cia andũ.,0.684935656,0.486006094,Misati,Aikari a Tharaka Nithi nĩ mecirĩtie atĩ nĩ magĩrĩire kũhaanda mĩtĩ mĩingĩ mũno makĩria ithaka-inĩ cia andũ.,0.684935656,0.486006094,Ted,,
,Governance,Tana River residents urged to reject attempts by politicians to divide them along ethnic lines for personal gain.,Wakazi wa Mto Tana waliwasihi wakatae jitihada za wanasiasa za kuwagawanya kulingana na makabila yao kwa faida yao wenyewe.,Aikari a Rũũĩ rwa Tana nĩ maathire na hinya maregane na maũndũ marĩa maathitangĩtio nĩ atongoria a ũteti nĩguo mahingie mĩhĩrĩga yao.,0.653828935,0.395271072,Misati,Aikari a Rũũĩ rwa Tana nĩ maathire na hinya maregane na maũndũ marĩa maathitangĩtio nĩ atongoria a ũteti nĩguo mahingie mĩhĩrĩga yao.,0.653828935,0.395271072,Ted,,
,Governance,Residents urged to embrace the Taifa Care program,Wakazi wanahimizwa kuunga mkono mpango wa Taifa Care,Aikari makĩringĩrĩrio manyitane na mũbango wa Taifa Care,0.613116855,0.546827867,Misati,Aikari makĩringĩrĩrio manyitane na mũbango wa Taifa Care,0.613116855,0.546827867,Ted,,
,Governance,Residents urged to embrace alternative dispute resolution,Wakazi wanahimizwa waamue kutatua mizozo kwa njia nyingine,Aikari kũringĩrĩrio manyitanĩre na njĩra ingĩ cia gũtuĩria ngucanio,0.407483478,0.449956748,Misati,Aikari kũringĩrĩrio manyitanĩre na njĩra ingĩ cia gũtuĩria ngucanio,0.407483478,0.449956748,Ted,,
,Governance,Kiambu residents urged to collect their IDS,Wakazi wa Kiambu wapewa maagizo ya kupata kitambulisho,Aikari a Kiambu makĩringĩrĩrio marũnge marũa mao ma gũtuonia andũ arĩa marĩ kuo,0.521391818,0.386079193,Misati,Aikari a Kiambu makĩringĩrĩrio marũnge marũa mao ma gũtuonia andũ arĩa marĩ kuo,0.521391818,0.386079193,Ted,,
,Governance,"0ver 200,000 propagules planted along the Coastal Stretch CSs led the exercise across the coastal region Residents urged to embrace the exercise in a bid to salvage their livelihood.","Karibu vipande 200,000 vya mashamba ya kulevya vilivyopandwa kando ya Mlango wa Pwani vilichukua hatua ya kufanya mazoezi hayo katika eneo lote la pwani Wakazi waliwasihi wafanye mazoezi hayo ili kuokoa maisha yao.","Andũ 200,000 arĩa maathondekwo mwena wa Coastal Stretch nĩ matongoretie kĩama kĩu gĩothe.",0.420763552,0.325216856,Misati,"Andũ 200,000 arĩa maathondekwo mwena wa Coastal Stretch nĩ matongoretie kĩama kĩu gĩothe.",0.420763552,0.325216856,Ted,,
,Governance,Kakamega County residents urged to sign up for affordable housing,Wakazi wa Kaunti ya Kakamega wanahitajika kujiandikisha kwa nyumba za bei rahisi,Aikari a Kaunti ya Kakamega nĩ mekĩragwo ngoro manyitanĩre na mĩciĩ mĩiganu,0.628925893,0.442582621,Misati,Aikari a Kaunti ya Kakamega nĩ mekĩragwo ngoro manyitanĩre na mĩciĩ mĩiganu,0.628925893,0.442582621,Ted,,
,Governance,Laikipia residents urged to join NHIF to avoid seeking hospital waivers,Wakazi wa Laikipia wapewa wito wa kujiunga na NHIF ili kuepuka kutafuta ruhusa za hospitali,Aikari a Laikipia kũringitwo manyitanĩre na NHIF nĩguo mage kũheo thibitari ya kũrekererio thibitari,0.603927859,0.440459923,Misati,Aikari a Laikipia kũringitwo manyitanĩre na NHIF nĩguo mage kũheo thibitari ya kũrekererio thibitari,0.603927859,0.440459923,Ted,,
,Governance,Lamu residents urged to protect wildlife for future generations' benefit,Wakazi wa Lamu wapewe wito wa kulinda wanyama wa mwituni kwa manufaa ya vizazi vijavyo,Aikari a Lamu makĩringĩrĩrio kũgitĩra nyamũ cia gĩthaka nĩguo magunĩke nĩ njiarwa iria iroka,0.640968568,0.538857709,Misati,Aikari a Lamu makĩringĩrĩrio kũgitĩra nyamũ cia gĩthaka nĩguo magunĩke nĩ njiarwa iria iroka,0.640968568,0.538857709,Ted,,
,Governance,Saving Marsabit Forests: Measures launched to protect forests and water bodies in the county Stakeholders urged to sensitise residents to help combat degradation Residents urged to plant trees to protect water catchment areas,Kuokoa Misitu ya Marsabit: Hatua za kulinda misitu na maji katika kaunti Washiriki wanaohusika wanahitajika kuwajulisha wakazi kusaidia kupambana na uharibifu wakazi wanahitajika kupanda miti ili kulinda maeneo ya maji,Gũtũũria mĩtĩ ya Marsabit: Maũndũ marĩa mekĩrirũo nĩ ũndũ wa kũgitĩra mĩtĩ na ithaka cia maaĩ kauntiinĩ Ikundi cia bata nĩ ciĩririe andũ mathiĩ na mbere kũigua ũhoro wa kũgirĩrĩria andũ gũtooria gũthũkia mĩmera.,0.603017811,0.39281784,Misati,Gũtũũria mĩtĩ ya Marsabit: Maũndũ marĩa mekĩrirũo nĩ ũndũ wa kũgitĩra mĩtĩ na ithaka cia maaĩ kauntiinĩ Ikundi cia bata nĩ ciĩririe andũ mathiĩ na mbere kũigua ũhoro wa kũgirĩrĩria andũ gũtooria gũthũkia mĩmera.,0.603017811,0.39281784,Ted,,
,Governance,COVID-19 MASS TESTING NMS launches two mass testing in Nairobi Residents urged to turn up to be tested,NMS yaanza upimaji wa wingi wa COVID-19 Wakazi wanahitajika kujiandikisha,NMS kwambĩrĩria igeranio igĩrĩ cia mũingĩ Nairobi Aikari kũringitwo gũũka magerio,0.381228985,0.366211401,Misati,NMS kwambĩrĩria igeranio igĩrĩ cia mũingĩ Nairobi Aikari kũringitwo gũũka magerio,0.381228985,0.366211401,Ted,,
,Governance,Commission on administrative justice opens Garissa office; residents urged to report issues that need attention.,Tume ya Haki ya Usimamizi inafungua ofisi ya Garissa; wakazi walihimizwa kuripoti masuala yanayohitaji uangalifu.,Kamĩtĩ ya Ũtungata wa Ũtungata nĩ ĩhingũrire wabici ya Garissa; aikari nĩ maathĩrĩirio kũheana riboti ya maũndũ marĩa marabatara kũheo ũmenyo.,0.655501268,0.460059408,Misati,Kamĩtĩ ya Ũtungata wa Ũtungata nĩ ĩhingũrire wabici ya Garissa; aikari nĩ maathĩrĩirio kũheana riboti ya maũndũ marĩa marabatara kũheo ũmenyo.,0.655501268,0.460059408,Ted,,
,Governance,NAROK FOREST CONSERVATION: Residents urged to plant more trees to increase forest cover in the county,UTAJIRI WA MISITU YA NAROK: Wakazi wanahimizwa kupanda miti zaidi ili kuongeza kufunika misitu katika kaunti,GŨTHARĨRIA GĨHARĨ KĨNJĨ KĨ NAROK: Aikari makĩringĩrĩrio kũhaanda mĩtĩ ĩngĩ nĩguo mahingie mahũa kaunti-inĩ ĩyo,0.496337584,0.398324718,Misati,GŨTHARĨRIA GĨHARĨ KĨNJĨ KĨ NAROK: Aikari makĩringĩrĩrio kũhaanda mĩtĩ ĩngĩ nĩguo mahingie mahũa kaunti-inĩ ĩyo,0.496337584,0.398324718,Ted,,
,Governance,Embu residents urged to register with NHIF to scale up UHC,Wakazi wa Embu wasihi kujiandikisha na NHIF ili kuongeza UHC,Aikari a Embu kũringĩrĩrio mathiĩ na mbere kwĩyandikithia kũrĩ NHIF nĩguo magĩe na ũhoti wa kũongerera UHC,0.55776469,0.465062787,Misati,Aikari a Embu kũringĩrĩrio mathiĩ na mbere kwĩyandikithia kũrĩ NHIF nĩguo magĩe na ũhoti wa kũongerera UHC,0.55776469,0.465062787,Ted,,
,Governance,Citizens urged to register with the new medical cover (SHA),Wananchi wapewe wito wa kujiandikisha katika mfumo mpya wa matibabu (SHA),Aikari kũringĩrĩrio mathiĩ na mbere kwĩyandikithia na mũtaratara mwerũ wa ũrigitani (SHA),0.527906182,0.468669062,Misati,Aikari kũringĩrĩrio mathiĩ na mbere kwĩyandikithia na mũtaratara mwerũ wa ũrigitani (SHA),0.527906182,0.468669062,Ted,,
,Governance,Leaders from Tana River County urged to collaborate to ensure citizens benefit from development projects.,Viongozi kutoka Wilaya ya Tana River waliwasihi kushirikiana kuhakikisha raia wananufaika na miradi ya maendeleo.,Atongoria kuuma kaunti ya Tana River nĩ mecirĩtie makorwo makĩrutithania wĩra nĩguo andũ magunĩke nĩ mĩbango ya ũthii wa na mbere.,0.686016524,0.539062469,Misati,Atongoria kuuma kaunti ya Tana River nĩ mecirĩtie makorwo makĩrutithania wĩra nĩguo andũ magunĩke nĩ mĩbango ya ũthii wa na mbere.,0.686016524,0.539062469,Ted,,
,Governance,"SHA ENROLLMENT Deputy Government Spokesperson Mwanaisha Chidzuga has urged citizens to enroll in SHA, which aims to improve healthcare services and provide protection against high medical costs.","Msaidizi wa Msemaji wa Serikali Mwanaisha Chidzuga amewahimiza raia kujiandikisha katika SHA, ambayo inalenga kuboresha huduma za afya na kutoa ulinzi dhidi ya gharama kubwa za matibabu.","Mwangi wa thirikari Mwanaisha Chidzuga nĩ erire andũ mathiĩ na mbere kwĩnyita mbaru thukuru wa SHA, ũrĩa ũkoragwo na muoroto wa kũgarũra maũndũ ma ũrigitani na kũgitĩra andũ kũringana na mbeca cia ũrigitani.",0.745632813,0.420645082,Misati,"Mwangi wa thirikari Mwanaisha Chidzuga nĩ erire andũ mathiĩ na mbere kwĩnyita mbaru thukuru wa SHA, ũrĩa ũkoragwo na muoroto wa kũgarũra maũndũ ma ũrigitani na kũgitĩra andũ kũringana na mbeca cia ũrigitani.",0.745632813,0.420645082,Ted,,
,Governance,"NATIONAL ID PROCESSING Public urged to collect documents from respective constituencies Mwaura: 660,000 IDs awaiting collection 600,000 citizens have applied for new documents","Jamii yaomba kukusanya hati kutoka kwa wilaya zao Mwaura: 660,000 ID zinazosubiri kukusanywa 600,000 wananchi wameomba hati mpya",GĨCUNJĨ GĨA KĨRĨA KĨRĨA KĨRĨA KĨRĨA KĨRĨA KĨRĨA KĨRĨA KĨRĨA KĨRĨA KĨRĨA KĨRĨA KĨRĨA KĨRĨA KĨRĨA KĨRĨA KĨRĨA KĨRĨA KĨRĨA KĨRĨA KĨRĨA KĨRĨA KĨRĨA KĨRĨA KĨRĨA KĨRĨA KĨRĨA KĨRĨA KĨRĨA KĨRĨA KĨRĨA KĨRĨA KĨRĨA KĨRĨA KĨRĨA KĨRĨA KĨRĨA KĨRĨA KĨRĨ,0.448876871,0.681221424,Misati,GĨCUNJĨ GĨA KĨRĨA KĨRĨA KĨRĨA KĨRĨA KĨRĨA KĨRĨA KĨRĨA KĨRĨA KĨRĨA KĨRĨA KĨRĨA KĨRĨA KĨRĨA KĨRĨA KĨRĨA KĨRĨA KĨRĨA KĨRĨA KĨRĨA KĨRĨA KĨRĨA KĨRĨA KĨRĨA KĨRĨA KĨRĨA KĨRĨA KĨRĨA KĨRĨA KĨRĨA KĨRĨA KĨRĨA KĨRĨA KĨRĨA KĨRĨA KĨRĨA KĨRĨA KĨRĨA KĨRĨ,0.448876871,0.681221424,Ted,,
,Governance,"The Director highlighted the role of Missions in harnessing Diaspora Investments. He Urged Kenyans abroad to register at their nearest Kenya Embassy, stressing that the missions are the first point of contact between the nation and its diaspora citizens.","Mkurugenzi alionyesha jukumu la misheni katika kutumia uwekezaji wa wananchi wa Kenya. Aliwahimiza Wakenya walio nje ya nchi kujiandikisha katika ubalozi wa Kenya ulio karibu zaidi, akisisitiza kwamba misheni ni hatua ya kwanza ya kuwasiliana kati ya taifa na wananchi wake wa wananchi wa Kenya.",Mwendandũ akĩaria ũhoro wa itemi rĩa mĩhĩrĩga ya bũrũri wa Kenya harĩ kũhũthĩra mbeca cia andũ a bũrũri wa Kenya.,0.591719256,0.346505202,Misati,Mwendandũ akĩaria ũhoro wa itemi rĩa mĩhĩrĩga ya bũrũri wa Kenya harĩ kũhũthĩra mbeca cia andũ a bũrũri wa Kenya.,0.591719256,0.346505202,Ted,,
,Governance,Citizens are urged to participate in this historic Madaraka Day celebration set to take place in Bungoma County for the first time. - PS Interior Dr. Raymond Omollo,Raia wanahimizwa kushiriki katika sherehe hii ya kihistoria ya Siku ya Madaraka ambayo itafanyika kwa mara ya kwanza katika Kaunti ya Bungoma. - PS Ndani Dr. Raymond Omollo,Aikari nĩ marerĩgĩrĩrio makorũo makĩnyitanĩra na iruga rĩu rĩa historĩ ya mũthenya wa Madaraka rĩrĩa rĩgakorũo rĩgakorũo rĩgakorũo Bungoma County kwa ihinda rĩa mbere. - PS Interior Dr. Raymond Omollo,0.684893778,0.450429227,Misati,Aikari nĩ marerĩgĩrĩrio makorũo makĩnyitanĩra na iruga rĩu rĩa historĩ ya mũthenya wa Madaraka rĩrĩa rĩgakorũo rĩgakorũo rĩgakorũo Bungoma County kwa ihinda rĩa mbere. - PS Interior Dr. Raymond Omollo,0.684893778,0.450429227,Ted,,
,Governance,EACC does not condone any form of corruption among staff. Kindly report the case you refer to through eacc@integrity.go.ke. Citizens are urged to beware of fraudsters impersonating EACC staff.,EACC haipati aina yoyote ya ufisadi kati ya wafanyakazi. Tafadhali kuripoti kesi unaorejelea kupitia eacc@integrity.go.ke. Raia wanahimizwa kuwa makini na wadanganyifu wanaojitambulisha kuwa wafanyakazi wa EACC.,EACC ndĩrĩtĩkagĩra mũbango wa ũkoroku wa andũ arĩa marutaga wĩra. Nĩ ũranyita andũ othe ngoro meige atĩ nĩ kũrĩ na ũkoroku wa andũ arĩa marutaga wĩra.,0.675931279,0.306695406,Misati,EACC ndĩrĩtĩkagĩra mũbango wa ũkoroku wa andũ arĩa marutaga wĩra. Nĩ ũranyita andũ othe ngoro meige atĩ nĩ kũrĩ na ũkoroku wa andũ arĩa marutaga wĩra.,0.675931279,0.306695406,Ted,,
,Governance,Members of the public advised to read and understand the BBI report,Washiriki wa umma walionywa kusoma na kuelewa ripoti ya BBI,Andũ aingĩ nĩ maathĩrĩirio gũthoma na gũtaũkĩrũo nĩ riboti ya BBI,0.636068475,0.582017389,Misati,Andũ aingĩ nĩ maathĩrĩirio gũthoma na gũtaũkĩrũo nĩ riboti ya BBI,0.636068475,0.582017389,Ted,,
,Governance,Thank you for your feedback. Please report all cases of corruption and bribery to EACC Kenya,Asante kwa maoni yako Tafadhali kuripoti kesi zote za ufisadi na rushwa kwa EACC Kenya,Nĩ ngatho nĩ ũndũ wa mawoni maku.,0.753417141,0.553587985,Misati,Nĩ ngatho nĩ ũndũ wa mawoni maku.,0.753417141,0.553587985,Ted,,
,Governance,You are most welcome to Integrity Centre or any of our regional offices. You can visit to report corruption or share knowledge on how best we can fight corruption.,Unakaribishwa sana kwenye Kituo cha Uadilifu au ofisi zetu za mkoa. Unaweza kutembelea ili kuripoti ufisadi au kushiriki maarifa juu ya jinsi ya kupambana na ufisadi kwa njia bora.,Nĩ ũranyitwo ũgeni mũno ũgooka Kĩhũngĩro kĩa Ũgitĩri kana wabici-inĩ ciitũ cia gĩcigo.,0.667854668,0.509377654,Misati,Nĩ ũranyitwo ũgeni mũno ũgooka Kĩhũngĩro kĩa Ũgitĩri kana wabici-inĩ ciitũ cia gĩcigo.,0.667854668,0.509377654,Ted,,
,Governance,You are welcome to report corruption please call Toll Free line 1551 or email report@integrity.go.ke.,Unakaribishwa kuripoti ufisadi tafadhali piga simu ya Toll Free line 1551 au barua pepe report@integrity.go.ke.,"Nĩ ũranyita mbaru kũruta ũira wa ũkoroku, hũra thimũ line ya Toll Free 1551 kana ũtũme email kũrĩ report@integrity.go.ke.",0.74851131,0.499887304,Misati,"Nĩ ũranyita mbaru kũruta ũira wa ũkoroku, hũra thimũ line ya Toll Free 1551 kana ũtũme email kũrĩ report@integrity.go.ke.",0.74851131,0.499887304,Ted,,
,Governance,Good morning. We process number plates within 7 working days. Never deal with brokers. Report cases of corruption to @EACCKenya,Habari za asubuhi. Tunashughulikia namba za alama ndani ya siku 7 za kazi. Kamwe kushughulika na wasambazaji. Ripoti kesi za ufisadi kwa @EACCKenya,Good morning. Tũrathingia namba cia namba matukũ-inĩ 7 ma wĩra. Tũtiganĩirie na arĩa marutaga wĩra. Riboti cia ũkoroku kũrĩ @EACCKenya,0.62033319,0.396744643,Misati,Good morning. Tũrathingia namba cia namba matukũ-inĩ 7 ma wĩra. Tũtiganĩirie na arĩa marutaga wĩra. Riboti cia ũkoroku kũrĩ @EACCKenya,0.62033319,0.396744643,Ted,,
,Governance,Good evening. Please note the Duty field has been updated as PAID and your records were updated. You can now view your vehicle details via the service portal.,Habari za jioni. Tafadhali kumbuka uwanja wa Kazi umesasishwa kama PAID na rekodi zako zimesasishwa. Sasa unaweza kuona maelezo ya gari lako kupitia portal ya huduma.,Ũtukũ mwega. Nĩ tũrakũhoya wĩcirie atĩ gĩcigo kĩa Duty nĩ kĩarũkio ta PAID na marũa maku nĩ marũrũrũtio.,0.71137078,0.411615516,Misati,Ũtukũ mwega. Nĩ tũrakũhoya wĩcirie atĩ gĩcigo kĩa Duty nĩ kĩarũkio ta PAID na marũa maku nĩ marũrũrũtio.,0.71137078,0.411615516,Ted,,
,Governance,You don't need to deal with a broker to access any NTSA service. Kindly report corruption and bribery related,Si lazima kufanya kazi na broker kupata huduma yoyote NTSA. Tafadhali kuripoti ufisadi na rushwa kuhusiana,Ndũbataraga kũgĩa na mũrata wa kũhingia wĩra wa NTSA.,0.678257766,0.374278146,Misati,Ndũbataraga kũgĩa na mũrata wa kũhingia wĩra wa NTSA.,0.678257766,0.374278146,Ted,,
,Governance,Kindly proceed to apply for a duplicate logbook from your account. Please reach out if your require any more information.,Tafadhali endelea kuomba kitabu cha kumbukumbu cha nakala mbili kutoka kwenye akaunti yako. Tafadhali wasiliana na ikiwa unahitaji habari zaidi.,Twaria na mbere na kũhoya ibuku rĩa gũtigithĩria kuuma kũrĩ akaunti yaku.,0.588827005,0.278846576,Misati,Twaria na mbere na kũhoya ibuku rĩa gũtigithĩria kuuma kũrĩ akaunti yaku.,0.588827005,0.278846576,Ted,,
,Governance,"No room for corruption or laziness, ' CS Geoffrey Ruku has urged all public servants to uphold professionalism, report to work on time, and treat Kenyans with dignity and respect.","Hakuna nafasi ya ufisadi au uvivu, ' CS Geoffrey Ruku amewahimiza watumishi wote wa umma kudumisha utaalamu, kutoa ripoti kwa wakati, na kuwatendea Wakenya kwa heshima na heshima.","Gũtirĩ handũ ha kũgĩa na ũkoroku kana ũmaramari, ' CS Geoffrey Ruku nĩ erire anene othe a thirikari matũũre marĩ na kĩyo, marute wĩra na ihinda, na marute akenya gĩtĩo na gĩtĩo.",0.676186457,0.468919701,Misati,"Gũtirĩ handũ ha kũgĩa na ũkoroku kana ũmaramari, ' CS Geoffrey Ruku nĩ erire anene othe a thirikari matũũre marĩ na kĩyo, marute wĩra na ihinda, na marute akenya gĩtĩo na gĩtĩo.",0.676186457,0.468919701,Ted,,
,Governance,Call Toll Free line 1551 or email report@integrity.go.ke to report cases of corruption.,Piga simu kwa simu ya Toll Free line 1551 au barua pepe kwa report@integrity.go.ke ili kuripoti kesi za ufisadi.,Ũngĩringithania na mũtaratara wa 1551 kana ũtũme email kũrĩ report@integrity.go.ke nĩguo ũmenyithie andũ ũhoro wa mahĩtia.,0.661308763,0.423652121,Misati,Ũngĩringithania na mũtaratara wa 1551 kana ũtũme email kũrĩ report@integrity.go.ke nĩguo ũmenyithie andũ ũhoro wa mahĩtia.,0.661308763,0.423652121,Ted,,
,Governance,Please feel free to report any cases of forgery or corruption via email report@integrity.go.ke or call 1551.,Tafadhali jisikie huru kuripoti visa vyovyote vya udanganyifu au ufisadi kupitia barua pepe report@integrity.go.ke au piga simu 1551.,Nĩ tũrakũhoya ũigue ũiguĩte atĩ nĩ ũrahota kũheana ũhoro wa maũndũ marĩa marekĩka ta mahĩtia kana mahĩtia kũgerera email report@integrity.go.ke kana ũhũrĩre thimũ 1551.,0.833024044,0.465541998,Misati,Nĩ tũrakũhoya ũigue ũiguĩte atĩ nĩ ũrahota kũheana ũhoro wa maũndũ marĩa marekĩka ta mahĩtia kana mahĩtia kũgerera email report@integrity.go.ke kana ũhũrĩre thimũ 1551.,0.833024044,0.465541998,Ted,,
,Governance,Report via email report@integrity.go.ke or call 1551 in case you have specific corruption cases which need action.,Ripoti kupitia barua pepe report@integrity.go.ke au piga simu 1551 ikiwa una kesi maalum za ufisadi ambazo zinahitaji hatua.,Ũrie ũhoro ũkĩhũthĩra email report@integrity.go.ke kana ũhũrĩre thimũ 1551 angĩkorũo nĩ ũrĩ na ciĩko cia ũkoroku iria ciabatarania kũrũithio.,0.809701371,0.451305445,Misati,Ũrie ũhoro ũkĩhũthĩra email report@integrity.go.ke kana ũhũrĩre thimũ 1551 angĩkorũo nĩ ũrĩ na ciĩko cia ũkoroku iria ciabatarania kũrũithio.,0.809701371,0.451305445,Ted,,
,Governance,"If you have any particular cases of corruption you need to report, please do so via email report@integrity.go.ke or call 1551.","Ikiwa una kesi yoyote ya ufisadi unayohitaji kuripoti, tafadhali fanya hivyo kupitia barua pepe report@integrity.go.ke au piga simu 1551.","Ũngĩenda kũruta riboti ya mahĩtia-rĩ, hũra thimũ kana ũtũme email report@integrity.go.ke kana ũhũrĩre 1551.",0.786553359,0.492235507,Misati,"Ũngĩenda kũruta riboti ya mahĩtia-rĩ, hũra thimũ kana ũtũme email report@integrity.go.ke kana ũhũrĩre 1551.",0.786553359,0.492235507,Ted,,
,Governance,Meru Huduma Centre launches Customer Service Week: Members of the public have been urged to seek various Government services.,Kituo cha Meru Huduma kinazindua Wiki ya Huduma ya Wateja: Wajumbe wa umma wameombwa kutafuta huduma mbalimbali za Serikali.,Meru Huduma Centre nĩ yambĩrĩirie kiumia kĩa kũheana ũteithio kũrĩ athoomi: Andũ nĩ mekĩrirũo ngoro maroragie ũtungata wa thirikari.,0.694146314,0.425308142,Misati,Meru Huduma Centre nĩ yambĩrĩirie kiumia kĩa kũheana ũteithio kũrĩ athoomi: Andũ nĩ mekĩrirũo ngoro maroragie ũtungata wa thirikari.,0.694146314,0.425308142,Ted,,
,Governance,"We have very many uncollected IDs in our Huduma Centres. I want to strongly urge all Kenyans who have not yet collected their IDs to do so without delay, as it is the first step towards registering for the Social Health Authority (SHA) and accessing vital government services.' Geoffrey Ruku, Cabinet Secretary for Public Service, Human Capital Development and Special Programmes","Tuna idadi kubwa ya vitambulisho ambavyo havijakusanywa katika vituo vyetu vya Huduma. Napenda kuwahimiza sana Wakenya wote ambao bado hawajakusanya vitambulisho vyao wafanye hivyo bila kuchelewa, kwani ni hatua ya kwanza kuelekea kujiandikisha kwa Mamlaka ya Afya ya Jamii (SHA) na kupata huduma muhimu za serikali"". ~ Geoffrey Ruku, Katibu wa Baraza la Mawaziri kwa Huduma ya Umma, Maendeleo ya Msingi wa Binadamu na Programu Maalum","Nĩ tũkoragwo na marũa maingĩ ma gwĩtĩkĩrĩka ma gũthooma thĩinĩ wa ciĩga ciitũ cia Huduma. Nĩ ngwenda kũringĩrĩria mũno Akenya othe arĩa matarĩ macookanĩrĩria marũa mao ma gwĩtĩkĩrĩka meke ũguo o na ihenya, tondũ nĩ ikinya rĩa mbere rĩa kwĩyandikithia kũrĩ Honge ya Ũrigitani ya Ũrĩa Ũrĩa Ũrĩ na Ũthemba na kũgĩa na ũgunĩka harĩ mawĩra ma bata ma thirikari"". ~ Geoffrey Ruku, Secretary wa Cabinet for Public Service, Human Capital Development and Special Programmes",0.711708799,0.453212302,Misati,"Nĩ tũkoragwo na marũa maingĩ ma gwĩtĩkĩrĩka ma gũthooma thĩinĩ wa ciĩga ciitũ cia Huduma. Nĩ ngwenda kũringĩrĩria mũno Akenya othe arĩa matarĩ macookanĩrĩria marũa mao ma gwĩtĩkĩrĩka meke ũguo o na ihenya, tondũ nĩ ikinya rĩa mbere rĩa kwĩyandikithia kũrĩ Honge ya Ũrigitani ya Ũrĩa Ũrĩa Ũrĩ na Ũthemba na kũgĩa na ũgunĩka harĩ mawĩra ma bata ma thirikari"". ~ Geoffrey Ruku, Secretary wa Cabinet for Public Service, Human Capital Development and Special Programmes",0.711708799,0.453212302,Ted,,
,Governance,Need assistance with your taxes? Our services are also available at all Huduma Centres during the extended hours. Drop by at your convenience and let us help you stay compliant.,Huduma Centres pia inapatikana katika Huduma wakati wa masaa ya kuongezeka.,Nĩ ũrabatara ũteithio harĩ mbeca ciaku? Tũtungata ciitũ nĩ cionekaga o na HUDUMA Centers-inĩ ciothe mahinda-inĩ ma wĩra.,0.422354115,0.406325651,Misati,Nĩ ũrabatara ũteithio harĩ mbeca ciaku? Tũtungata ciitũ nĩ cionekaga o na HUDUMA Centers-inĩ ciothe mahinda-inĩ ma wĩra.,0.422354115,0.406325651,Ted,,
,Governance,"President Ruto slams critics of SHA medical scheme, urges Kakamega residents to register","Rais Ruto amshutumu wanashutumu mpango wa matibabu wa SHA, anawahimiza wakazi wa Kakamega kujiandikisha","President Ruto kũhinyĩrĩria arĩa marakarĩrĩria SHA scheme ya ũrigitani, kũringĩrĩria aikari a Kakamega kwĩyandikithia",0.641486896,0.44975919,Misati,"President Ruto kũhinyĩrĩria arĩa marakarĩrĩria SHA scheme ya ũrigitani, kũringĩrĩria aikari a Kakamega kwĩyandikithia",0.641486896,0.44975919,Ted,,
,Governance,Tana River Senator Mungatana urges residents to pursue national government job opportunities for improved livelihoods,Seneta wa Mto Tana Mungatana anawahimiza wakazi wa nchi hiyo kutafuta fursa za kazi za serikali ili kupata maisha bora,Seneta Mungatana wa Tana River nĩ erire aikari a bũrũri wao marũmĩrĩre mĩeke ya wĩra ya thirikari ya bũrũri nĩgetha magĩe na ũtũũro mwega,0.527266158,0.438140191,Misati,Seneta Mungatana wa Tana River nĩ erire aikari a bũrũri wao marũmĩrĩre mĩeke ya wĩra ya thirikari ya bũrũri nĩgetha magĩe na ũtũũro mwega,0.527266158,0.438140191,Ted,,
,Governance,Bura MP Urges Tana River Residents to Register as Voters,MEP Bura awahimiza wakazi wa Mto Tana kujiandikisha kama wapiga kura,Mumbunge wa Bura kũringĩrĩria aikari a Rũũĩ rwa Tana kwĩyandikithia marĩ ateti,0.656944311,0.563050934,Misati,Mumbunge wa Bura kũringĩrĩria aikari a Rũũĩ rwa Tana kwĩyandikithia marĩ ateti,0.656944311,0.563050934,Ted,,
,Governance,CS Opiyo urges Turkana residents to support the new gulf energy 'led oil project,CS Opiyo inawasihi wakazi wa Turkana kusaidia mradi mpya wa mafuta unaoongozwa na nishati ya Ghuba,CS Opiyo nĩ ĩringithanagia aikari a Turkana kũnyita mbaru wĩra wa maguta ũrĩa ũrarutwo nĩ Gulf Energy,0.71317305,0.499063598,Misati,CS Opiyo nĩ ĩringithanagia aikari a Turkana kũnyita mbaru wĩra wa maguta ũrĩa ũrarutwo nĩ Gulf Energy,0.71317305,0.499063598,Ted,,
,Governance,Interior PS urges Kuria residents to work closely with local administration,Serikali ya ndani ya Jamhuri ya Polisi ya Kihispania yawasihi wakazi wa Kuria kufanya kazi kwa karibu na serikali ya ndani,PS ya Gũtongoria wa Kĩama Kĩrĩa Gĩtongoragia Ĩria Aikari a Kuria Mathiĩ na Mbere Kũrutithania Wĩra na Athirikari cia Gĩkũyũ,0.381710029,0.381519533,Misati,PS ya Gũtongoria wa Kĩama Kĩrĩa Gĩtongoragia Ĩria Aikari a Kuria Mathiĩ na Mbere Kũrutithania Wĩra na Athirikari cia Gĩkũyũ,0.381710029,0.381519533,Ted,,
,Governance,Kirinyaga Senator Kamau Murango faults the decision to list Mwea Rice Factory for privatization. He urges the government to consult with Kirinyaga residents before proceeding with the process.,Seneta wa Kirinyaga Kamau Murango anakataa uamuzi wa kuweka Kiwanda cha Punga cha Mwea kwenye orodha ya ushirika. Anahimiza serikali kushauriana na wakazi wa Kirinyaga kabla ya kuendelea na mchakato huo.,Seneta wa Kirinyaga Kamau Murango nĩ areganire na itua rĩa kũiga kĩbungo kĩa Mwia Rice Factory gĩthondekwo na njĩra ya ũingĩ.,0.636683353,0.400964177,Misati,Seneta wa Kirinyaga Kamau Murango nĩ areganire na itua rĩa kũiga kĩbungo kĩa Mwia Rice Factory gĩthondekwo na njĩra ya ũingĩ.,0.636683353,0.400964177,Ted,,
,Governance,Political Watch: Kakamega senator warns residents against UDA party imposters,Sayansi ya kisiasa: Seneta wa Kakamega anaonya wakazi dhidi ya walaghai wa chama cha UDA,Political Watch: Seneta wa Kakamega nĩ araheire aikari mũkaana wa kũregana na maheni ma UDA,0.540027515,0.486121919,Misati,Political Watch: Seneta wa Kakamega nĩ araheire aikari mũkaana wa kũregana na maheni ma UDA,0.540027515,0.486121919,Ted,,
,Governance,"The former senator has called upon the residents to vote for leaders from the sub-county, constituency, and county levels under the DCP party in the 2027 general elections.","Seneta huyo wa zamani amewaalika wakazi wa eneo hilo kupiga kura kwa viongozi kutoka katika wilaya ndogo, wilaya ya uchaguzi, na wilaya chini ya chama cha DCP katika uchaguzi mkuu wa 2027.","Seneta ũcio warĩ wa tene nĩ eetire aikari a bũrũri mathuurĩre atongoria kuuma gĩcigo-inĩ gĩa gĩcigo, gĩcigo-inĩ kĩa ithurano, na gĩcigo-inĩ kĩa gĩcigo kĩa rungu rwa gĩcigo kĩa DCP gĩtĩ-inĩ kĩa gĩcigo kĩa gĩcigo kĩa gĩcigo kĩa gĩcigo kĩa gĩcigo kĩa gĩcigo kĩa gĩcigo kĩa gĩcigo kĩa gĩcigo kĩa gĩcigo kĩa gĩcigo kĩa gĩcigo kĩa gĩcigo kĩa gĩcigo kĩa gĩcigo kĩa gĩcigo kĩa gĩcigo kĩa gĩcigo kĩa gĩcigo kĩa gĩcigo kĩa gĩcigo kĩa gĩcigo kĩa gĩcigo kĩa gĩcigo kĩa gĩcigo kĩa gĩcigo kĩa gĩcigo kĩa gĩcigo kĩa gĩcigo kĩa gĩcigo kĩa gĩcigo kĩa gĩcigo kĩa gĩcigo kĩa gĩ",0.569794178,0.574395004,Misati,"Seneta ũcio warĩ wa tene nĩ eetire aikari a bũrũri mathuurĩre atongoria kuuma gĩcigo-inĩ gĩa gĩcigo, gĩcigo-inĩ kĩa ithurano, na gĩcigo-inĩ kĩa gĩcigo kĩa rungu rwa gĩcigo kĩa DCP gĩtĩ-inĩ kĩa gĩcigo kĩa gĩcigo kĩa gĩcigo kĩa gĩcigo kĩa gĩcigo kĩa gĩcigo kĩa gĩcigo kĩa gĩcigo kĩa gĩcigo kĩa gĩcigo kĩa gĩcigo kĩa gĩcigo kĩa gĩcigo kĩa gĩcigo kĩa gĩcigo kĩa gĩcigo kĩa gĩcigo kĩa gĩcigo kĩa gĩcigo kĩa gĩcigo kĩa gĩcigo kĩa gĩcigo kĩa gĩcigo kĩa gĩcigo kĩa gĩcigo kĩa gĩcigo kĩa gĩcigo kĩa gĩcigo kĩa gĩcigo kĩa gĩcigo kĩa gĩcigo kĩa gĩcigo kĩa gĩcigo kĩa gĩ",0.569794178,0.574395004,Ted,,
,Governance,Lobby group urges residents to expose graft in county government,Kikundi cha washindani kinawasihi wakazi wa wilaya kufunua ufisadi katika serikali ya wilaya,Kĩama kĩa lobby kĩraatha aikari matige gũtaũra mahĩtia thirikari-inĩ ya kaunti,0.518561489,0.379718243,Misati,Kĩama kĩa lobby kĩraatha aikari matige gũtaũra mahĩtia thirikari-inĩ ya kaunti,0.518561489,0.379718243,Ted,,
,Governance,EACC urges counties to strengthen anti-corruption measures and safeguards,EACC inawasihi wilaya kuimarisha hatua za kupambana na ufisadi na ulinzi,Ũtongoria wa EACC nĩ ũragĩrĩria mabũrũri kũongerera ũgitĩri na mĩbango ya kũrũa na ũkoroku,0.622528991,0.374329242,Misati,Ũtongoria wa EACC nĩ ũragĩrĩria mabũrũri kũongerera ũgitĩri na mĩbango ya kũrũa na ũkoroku,0.622528991,0.374329242,Ted,,
,Governance,EACC Urges Counties to Strengthen Anti-Graft Mechanisms to Combat Graft,EACC Inashauri Wilaya Kuimarisha Mifumo ya Kupinga Ufisadi,EACC nĩ ĩringithanagia mĩbango ya bũrũri kũrũa na ũici wa gũtharĩkĩra andũ arĩa angĩ,0.47056982,0.289409156,Misati,EACC nĩ ĩringithanagia mĩbango ya bũrũri kũrũa na ũici wa gũtharĩkĩra andũ arĩa angĩ,0.47056982,0.289409156,Ted,,
,Governance,GT News | EACC urges compliance with traffic laws to combat corruption on Kenyan roads. Motorists play a vital role. Let's prioritize road safety! Report corruption to Toll-Free No.1551.,Habari za GT EACC inashauri kufuata sheria za trafiki ili kupambana na ufisadi kwenye barabara za Kenya.,"Ũhoro wa Gĩthũngũ: Ũhoro wa Gĩthũngũ nĩ atĩ, andũ aingĩ nĩ makoragwo na ũhinya wa kũhũthĩra wĩyathi wa gwĩthuurĩra na njĩra ya ũhinya.",0.496586702,0.247251864,Misati,"Ũhoro wa Gĩthũngũ: Ũhoro wa Gĩthũngũ nĩ atĩ, andũ aingĩ nĩ makoragwo na ũhinya wa kũhũthĩra wĩyathi wa gwĩthuurĩra na njĩra ya ũhinya.",0.496586702,0.247251864,Ted,,
,Governance,"EACC urges Kenyans to report all forms of corruption for investigation, saying they treat all reports with utmost confidentiality and subjects them to a meticulous analysis process.","EACC inawasihi Wakenya kuripoti aina zote za ufisadi kwa uchunguzi, ikisema kwamba wanashughulikia ripoti zote kwa faragha na kuzifanya zifanyike kwa mchakato wa uchambuzi wa kina.","EACC nĩ ĩringithanagia andũ a Kenya kũruta riboti cia mũbango wa ũkoroku, na kuuga atĩ marutaga riboti ciothe na hitho na nĩ mariroraga maũndũ macio na njĩra njega.",0.600455548,0.3918015,Misati,"EACC nĩ ĩringithanagia andũ a Kenya kũruta riboti cia mũbango wa ũkoroku, na kuuga atĩ marutaga riboti ciothe na hitho na nĩ mariroraga maũndũ macio na njĩra njega.",0.600455548,0.3918015,Ted,,
,Governance,IEBC Urges Residents to register as Iten Records No New Voters,IEBC Inashauri Wakazi Kujiandikisha Kama Iten Rekodi Hakuna wapiga kura Wapya,IEBC Kũria Aikari Mathiĩ na Mbere Kwĩyandikithia ta Iten Records No New Voters,0.627756796,0.429093752,Misati,IEBC Kũria Aikari Mathiĩ na Mbere Kwĩyandikithia ta Iten Records No New Voters,0.627756796,0.429093752,Ted,,
,Governance,REPORT CORRUPTION @EACCKenya urges Kenyans to report all forms of corruption for investigation. EACC treats all reports with the utmost confidentiality and subjects them to a meticulous analysis process. Below is the reporting process.,Ripoti ya Ufisadi @EACCKenya inawasihi Wakenya kuripoti aina zote za ufisadi kwa uchunguzi. EACC inachukua ripoti zote kwa faragha na kuzifanya zifanyike kwa mchakato wa uchambuzi wa kina.,REPORT CORRUPTION @EACCKenya nĩ erĩgĩrĩire andũ a Kenya kũruta riboti cia mũbango wa ũkoroku. EACC nĩ ĩhũthagĩra riboti ciothe na ũhitho na ĩgathuthuria maũndũ macio na njĩra njega.,0.583878577,0.452566308,Misati,REPORT CORRUPTION @EACCKenya nĩ erĩgĩrĩire andũ a Kenya kũruta riboti cia mũbango wa ũkoroku. EACC nĩ ĩhũthagĩra riboti ciothe na ũhitho na ĩgathuthuria maũndũ macio na njĩra njega.,0.583878577,0.452566308,Ted,,
,Governance,Siaya County graft probe: Oguna urges EACC to probe misuse of funds in the county Oguna: we call on EACC to conclude Ksh. 600M theft probe,Uchunguzi wa upuuzi wa fedha katika Kaunti ya Siaya: Oguna anataka EACC ichunguze matumizi mabaya ya fedha katika Kaunti ya Oguna: tunaomba EACC kumaliza uchunguzi wa wizi wa Ksh. 600M,Thuthuria wa thitango cia thibitari cia kaunti ya Siaya: Oguna nĩ erire EACC ĩmenye kũhũthĩra ũũru mbeca kauntiinĩ ya Oguna: Tũkĩra EACC ĩrĩkore thuthuria wa thitango ya Ksh. 600M,0.596212486,0.443171409,Misati,Thuthuria wa thitango cia thibitari cia kaunti ya Siaya: Oguna nĩ erire EACC ĩmenye kũhũthĩra ũũru mbeca kauntiinĩ ya Oguna: Tũkĩra EACC ĩrĩkore thuthuria wa thitango ya Ksh. 600M,0.596212486,0.443171409,Ted,,
,Governance,Nyamira's Jerusha Momanyi Urges EACC to Intensify War on Corruption in Nyamira.,Jerusha Momanyi wa Nyamira anashauri EACC kuimarisha vita dhidi ya ufisadi huko Nyamira.,Jerusha Momanyi wa Nyamira nĩ erire EACC ĩgĩkĩrĩre kũrũa na ũkoroku Nyamira.,0.704442574,0.454158465,Misati,Jerusha Momanyi wa Nyamira nĩ erire EACC ĩgĩkĩrĩre kũrũa na ũkoroku Nyamira.,0.704442574,0.454158465,Ted,,
,Governance,"EACC Vows to Deal with all Land Grabbing Cases, Urges Counties to Assist in Rooting Out Culprits","EACC Inatabiri Kushughulikia Kesi Zote za Kukamata Nchi, Inashauri Wilaya Kusaidia Kuondoa Wahalifu","EACC Ĩgwĩtaga Kũhiũrania na Ciira Ciothe cia Kũnyiitwo Thĩ, Ĩgĩthaitha Mbũtũ Itegũthũkia Andũ Arĩa Marĩ na Mahĩtia",0.459455529,0.339720257,Misati,"EACC Ĩgwĩtaga Kũhiũrania na Ciira Ciothe cia Kũnyiitwo Thĩ, Ĩgĩthaitha Mbũtũ Itegũthũkia Andũ Arĩa Marĩ na Mahĩtia",0.459455529,0.339720257,Ted,,
,Governance,PROCEEDS OF CORRUPTION EACC hands to the President Sh5B assets recovered from proceeds of graft President Ruto urges MPs to pass Conflict of Interest Bill in its original form,EACC inampa Rais mali za Sh5B zilizopatikana kutokana na mapato ya rushwa Rais Ruto anawahimiza MEPs kupitisha Kanuni ya Migogoro ya Maslahi katika fomu yake ya awali,EACC kũheana ũtonga wa Sh5B kũgerera mbeca cia mahĩtia President Ruto agĩthaitha Mĩtĩ ya Gũtongoria kũhĩtũkia watho wa kũregana na ithimi ũrĩa warĩ wa kĩambĩrĩria,0.604464362,0.380938047,Misati,EACC kũheana ũtonga wa Sh5B kũgerera mbeca cia mahĩtia President Ruto agĩthaitha Mĩtĩ ya Gũtongoria kũhĩtũkia watho wa kũregana na ithimi ũrĩa warĩ wa kĩambĩrĩria,0.604464362,0.380938047,Ted,,
,Governance,EACC rubbishes KERRA employees defence that he raised 21 M for dowry urges court not to unfreeze.,EACC rubbish KERRA wafanyakazi kutetea kwamba aliongeza 21 M kwa ajili ya zawadi inahimiza mahakama si kufuta.,EACC nĩ ĩhithĩte wĩra wa KERRA na nĩ ĩgĩteithia andũ arĩa marutaga wĩra kũrũgamĩrĩra atĩ nĩ aambĩrĩirie kũruta mbeca cia M21 milioni nĩ ũndũ wa kũheana igoti mbeca cia kũruta wĩra.,0.44833506,0.27065559,Misati,EACC nĩ ĩhithĩte wĩra wa KERRA na nĩ ĩgĩteithia andũ arĩa marutaga wĩra kũrũgamĩrĩra atĩ nĩ aambĩrĩirie kũruta mbeca cia M21 milioni nĩ ũndũ wa kũheana igoti mbeca cia kũruta wĩra.,0.44833506,0.27065559,Ted,,
,Governance,EACC ORDERS all State entities to stop payment of terminal dues to civil servants resigning from government to evade prosecution for forging academic papers.,EACC AMRI mashirika yote ya serikali ya kuacha kulipa ada za mwisho kwa maafisa wa umma ambao wanajiuzulu kutoka serikali ili kuepuka kushtakiwa kwa ajili ya udanganyifu wa karatasi za kitaaluma.,EACC nĩ ĩheete mĩhĩrĩga yothe ya bũrũri watho wa kũrũgamia kũrĩha thiirĩ wa mũthia kũrĩ anene a thirikari arĩa maratiga wĩra wa thirikari nĩguo mage kũhingĩrio nĩ ũndũ wa kũheenania marũa ma gĩthomo.,0.562094445,0.443743185,Misati,EACC nĩ ĩheete mĩhĩrĩga yothe ya bũrũri watho wa kũrũgamia kũrĩha thiirĩ wa mũthia kũrĩ anene a thirikari arĩa maratiga wĩra wa thirikari nĩguo mage kũhingĩrio nĩ ũndũ wa kũheenania marũa ma gĩthomo.,0.562094445,0.443743185,Ted,,
,Governance,"NTSA urges motorists to complete pending transactions on TIMS by Friday, December 15, 2023 ahead of integration of all service access on e-Citizen by January 2, 2024.","NTSA inawasihi waendeshaji wa magari kukamilisha shughuli zilizobaki kwenye TIMS ifikapo Ijumaa, Desemba 15, 2023 kabla ya kuunganishwa kwa huduma zote kwenye e-Citizen ifikapo Januari 2, 2024.","NTSA nĩ ĩringithanagia atwarithia a ngari kũhingia ũtwarithia wa ngari ũrĩa ũrahingĩtio na TIMS nginya mũthenya wa Kiumia, Dicemba 15, 2023, mbere ya kũingĩra kwa ũgunĩka wothe wa ũtungata wa e-Citizen nginya January 2, 2024.",0.682334909,0.414847439,Misati,"NTSA nĩ ĩringithanagia atwarithia a ngari kũhingia ũtwarithia wa ngari ũrĩa ũrahingĩtio na TIMS nginya mũthenya wa Kiumia, Dicemba 15, 2023, mbere ya kũingĩra kwa ũgunĩka wothe wa ũtungata wa e-Citizen nginya January 2, 2024.",0.682334909,0.414847439,Ted,,
,Governance,Government rolls out e-Citizen Mpesa payments for Inua Jamii beneficiaries starting January; Social Protection PS Motari urges beneficiaries to register Safaricom lines.,Serikali inazindua malipo ya e-Citizen Mpesa kwa wafadhili wa Inua Jamii kuanzia Januari; Social Protection PS Motari inawahimiza wafadhili kujiandikisha kwenye safaricom.,Thirikari nĩ ĩyambĩrĩirie kũrĩha thiirĩ wa e-Citizen Mpesa nĩ ũndũ wa aganu a Inua Jamii kwambĩrĩria mweri wa mbere; Social Protection PS Motari nĩ ĩgĩthaitha aganu mathiĩ na mbere kwandĩka marũa ma Safaricom.,0.665452072,0.532158728,Misati,Thirikari nĩ ĩyambĩrĩirie kũrĩha thiirĩ wa e-Citizen Mpesa nĩ ũndũ wa aganu a Inua Jamii kwambĩrĩria mweri wa mbere; Social Protection PS Motari nĩ ĩgĩthaitha aganu mathiĩ na mbere kwandĩka marũa ma Safaricom.,0.665452072,0.532158728,Ted,,
,Governance,Government Urges Pensioners to Register on e-Citizen by May 10 to Avoid Payroll Suspension To all government pensioners: You are urged to register on the e-Citizen platform by the extended deadline of 10th May.' Isaac Mwaura Government Spokesman,"Serikali Inashauri Wenye Mishahara Kujiandikisha kwenye e-Citizen ifikapo Mei 10 ili Kuepuka Kufutwa kwa Malipo Kwa Wenye Mishahara Wote wa Serikali: Unashauriwa kujiandikisha kwenye jukwaa la e-Citizen ifikapo tarehe ya kuongezwa ya Mei 10"". ~ Msemaji wa Serikali Isaac Mwaura",Thirikari nĩ ĩringithanagia arĩa marutaga mĩhothi kwĩyandikithia e-Citizen o nginya 10 mweri wa Gicumi nĩguo mage kũrekererio kũrekererio kwa mũhothi.,0.576618782,0.360060757,Misati,Thirikari nĩ ĩringithanagia arĩa marutaga mĩhothi kwĩyandikithia e-Citizen o nginya 10 mweri wa Gicumi nĩguo mage kũrekererio kũrekererio kwa mũhothi.,0.576618782,0.360060757,Ted,,
,Governance,"Government urges pensioners to register to avoid payroll suspension To all government pensioners, you are urged to register on the e-Citizen platform by the extended deadline of 10th May, the government spokesperson said.",Serikali inawaomba wapenzi kujiandikisha ili kuepuka kuachwa kwa mshahara.,Mũthuri wa thirikari augite athuri a pensioner matigethwo nĩ mũcara wa kũruta wĩra.,0.424751621,0.225146429,Misati,Mũthuri wa thirikari augite athuri a pensioner matigethwo nĩ mũcara wa kũruta wĩra.,0.424751621,0.225146429,Ted,,
,Governance,"Say hello to efficiency: All government services brought together in a single place. From applications to information, find everything you need in one government Digital service hub. Register for eTiMS today via @eCitizenKenya Portal today here; kra.ecitizen.go.ke #GavaMkononi #KRAKwaGavaMkononi","Sema hello kwa ufanisi: Huduma zote za serikali zimeunganishwa katika mahali pamoja. Kutoka kwa maombi hadi habari, pata kila kitu unachohitaji katika kitovu kimoja cha huduma za dijiti za serikali. Jiandikishe kwa eTiMS leo kupitia portal ya @eCitizenKenya leo hapa; kra.ecitizen.go.ke #GavaMkononi #KRAKwaGavaMkononi","Thoma ũhoro wa ũgarũrũku wa wĩra: Thirikari ciothe ciongereirio hamwe handũinĩ kamwe. Kuuma kũrĩ mahoya nginya ũhoro, rora maũndũ marĩa mothe ũrabatara thĩinĩ wa kĩhingo kĩmwe kĩa thirikari gĩa kũhũthĩra thimũ. Thiĩ ũnyitanĩre na eTiMS ũmũthĩ kũgerera @eCitizenKenya Portal ũmũthĩ haha; kra.ecitizen.go.ke #GavaMkononi #KRAKwaGavaMkononi",0.757925868,0.499085627,Misati,"Thoma ũhoro wa ũgarũrũku wa wĩra: Thirikari ciothe ciongereirio hamwe handũinĩ kamwe. Kuuma kũrĩ mahoya nginya ũhoro, rora maũndũ marĩa mothe ũrabatara thĩinĩ wa kĩhingo kĩmwe kĩa thirikari gĩa kũhũthĩra thimũ. Thiĩ ũnyitanĩre na eTiMS ũmũthĩ kũgerera @eCitizenKenya Portal ũmũthĩ haha; kra.ecitizen.go.ke #GavaMkononi #KRAKwaGavaMkononi",0.757925868,0.499085627,Ted,,
,Governance,"eCITIZEN FIRST ANNIVERSARY I urge all Kenyans to register now because eCitizen means service bila stress. Whatever government service you need, eCitizen is your go to platform. -Julius Bitok, PS Immigration  and Citizen Services #KBCniYetu^EM","E-Citizen ni huduma ya serikali ambayo unahitaji, eCitizen ni kwenda kwenye jukwaa lako. - Julius Bitok, PS Uhamiaji na Huduma za Raia #KBCniYetu^EM","E-Citizen nĩ kuuga kũruta wĩra ũtarĩ na mĩhang'o. Ũrĩa wothe ũbataire nĩ thirikari, eCitizen nĩ gĩcunjĩ gĩaku kĩa mbere. -Julius Bitok, PS Immigration and Citizen Services #KBCniYetu^EM",0.556921743,0.499544693,Misati,"E-Citizen nĩ kuuga kũruta wĩra ũtarĩ na mĩhang'o. Ũrĩa wothe ũbataire nĩ thirikari, eCitizen nĩ gĩcunjĩ gĩaku kĩa mbere. -Julius Bitok, PS Immigration and Citizen Services #KBCniYetu^EM",0.556921743,0.499544693,Ted,,
,Governance,Seamlessly register and pay for #EPC2024 participation via The Engineers Board of Kenya user-friendly e-CITIZEN platform. Enjoy convenience and efficiency as you secure your spot at this premier engineering event. To register follow this link: https://t.co/NwCH9yDwTw #EPC2024 #EngineeringAt60,Jiandikishe bila kusumbuliwa na kulipa kwa kushiriki katika #EPC2024 kupitia jukwaa la e-CITIZEN la urafiki wa mtumiaji wa Bodi ya Wahandisi wa Kenya. Furahia urahisi na ufanisi wakati unapata nafasi yako katika hafla hii ya uhandisi ya juu. Ili kujiandikisha fuata kiunga hiki: https://t.co/NwCH9yDwTw #EPC2024 #EngineeringAt60,Gwĩthondeka na kũrĩha kũingĩra #EPC2024 kũgerera mũtaratara wa e-CITIZEN wa The Engineers Board of Kenya. Gwĩthima ũgunĩka na ũtaratara wa kũingĩra kĩharoinĩ gĩkĩ kĩa ũhandia.,0.703359763,0.401858389,Misati,Gwĩthondeka na kũrĩha kũingĩra #EPC2024 kũgerera mũtaratara wa e-CITIZEN wa The Engineers Board of Kenya. Gwĩthima ũgunĩka na ũtaratara wa kũingĩra kĩharoinĩ gĩkĩ kĩa ũhandia.,0.703359763,0.401858389,Ted,,
,Governance,Kindly note you can apply via your phone via http://ntsa.go.ke choose TIMS then register the account then book for your bio-metric details to be taken.,Tafadhali kumbuka unaweza kuomba kupitia simu yako kupitia http://ntsa.go.ke chagua TIMS kisha kujiandikisha akaunti kisha kitabu kwa maelezo yako ya kimetric kuchukuliwa.,"Nĩ ũkuona no ũhũthĩre thimũ yaku kũgerera http://ntsa.go.ke, thuura TIMS na ũandĩke marũa ma kũhĩtũkĩra.",0.703564924,0.436743779,Misati,"Nĩ ũkuona no ũhũthĩre thimũ yaku kũgerera http://ntsa.go.ke, thuura TIMS na ũandĩke marũa ma kũhĩtũkĩra.",0.703564924,0.436743779,Ted,,
,Governance,"Local leaders in Lamu East have urged residents to unite and elect visionary leaders ahead of the upcoming general elections, citing slow development in the region. They urged the Bajuni community to support leaders committed to service and good governance. #KBCniYetu ^MM","Viongozi wa eneo la Lamu Mashariki wamewahimiza wakazi wa eneo hilo kuungana na kuchagua viongozi wenye vipaji vya macho kabla ya uchaguzi mkuu ujao, wakitaja maendeleo polepole katika mkoa huo.","Atongoria a mwena wa Lamu East nĩ mekĩrire andũ ngoro manyitanĩre na mathuurĩre atongoria marĩ na muonere mbere ya ithurano cia muingi iria irekĩka, makĩaria ũhoro wa ũrathi wa kũraganĩria wa maũndũ gĩcigo-inĩ kĩu.",0.57653143,0.414364124,Misati,"Atongoria a mwena wa Lamu East nĩ mekĩrire andũ ngoro manyitanĩre na mathuurĩre atongoria marĩ na muonere mbere ya ithurano cia muingi iria irekĩka, makĩaria ũhoro wa ũrathi wa kũraganĩria wa maũndũ gĩcigo-inĩ kĩu.",0.57653143,0.414364124,Ted,,
,Governance,Lamu County Government Urges Liquor Board to Refrain from Licensing in High-Risk Areas.,Serikali ya Wilaya ya Lamu inashauri Bodi ya Vinywaji vya Kulevya yajiepushe na leseni katika maeneo yenye hatari kubwa.,Thirikari ya kaunti ya Lamu nĩ ĩringithanagia Kĩama gĩa Kwaria na Kwaria na Kwaria na Kwaria na Kwaria na Kwaria na Kwaria na Kwaria na Kwaria na Kwaria na Kwaria na Kwaria na Kwaria na Kwaria na Kwaria na Kwaria na Kwaria na Kwaria na Kwaria na Kwaria na Kwaria na Kwaria na Kwaria na Kwaria na Kwaria na Kwaria na Kwaria na Kwaria na Kwaria na Kwaria na Kwaria na Kwaria na Kwaria na Kwaria na Kwaria na Kwaria na Kwaria na Kwaria na Kwaria na Kwaria na Kwaria na Kwaria na Kwaria na Kwaria na Kwaria na Kwar,0.59442393,0.553980242,Misati,Thirikari ya kaunti ya Lamu nĩ ĩringithanagia Kĩama gĩa Kwaria na Kwaria na Kwaria na Kwaria na Kwaria na Kwaria na Kwaria na Kwaria na Kwaria na Kwaria na Kwaria na Kwaria na Kwaria na Kwaria na Kwaria na Kwaria na Kwaria na Kwaria na Kwaria na Kwaria na Kwaria na Kwaria na Kwaria na Kwaria na Kwaria na Kwaria na Kwaria na Kwaria na Kwaria na Kwaria na Kwaria na Kwaria na Kwaria na Kwaria na Kwaria na Kwaria na Kwaria na Kwaria na Kwaria na Kwaria na Kwaria na Kwaria na Kwaria na Kwaria na Kwaria na Kwar,0.59442393,0.553980242,Ted,,
,Governance,"Push For SHA Registration Nairobi county Woman Rep Esther Passaris, urges Kenyans to register for SHA to make it easy to access government health services.","Push For SHA Registration Mwanamke wa Nairobi County Rep Esther Passaris, anawahimiza Wakenya kujiandikisha kwa SHA ili kuwe na urahisi wa kupata huduma za afya za serikali.","Mutumia wa kaunti ya Nairobi Esther Passaris, nioritie akenya manyitanire na SHA niguo makorwo na muoroto wa kũhotithia andũ kũingĩra na njĩra njega itemi-ini cia thirikari cia ugima wa mwiri.",0.665633416,0.428104019,Misati,"Mutumia wa kaunti ya Nairobi Esther Passaris, nioritie akenya manyitanire na SHA niguo makorwo na muoroto wa kũhotithia andũ kũingĩra na njĩra njega itemi-ini cia thirikari cia ugima wa mwiri.",0.665633416,0.428104019,Ted,,
,Governance,"Nairobi County Government urges members of the public to identify and collect the bodies within one week, failure to which they will be disposed of at city cemeteries.","Serikali ya Kaunti ya Nairobi inawasihi watu wajue na kukusanya miili ndani ya wiki moja, ikishindwa itaachwa kwenye makaburi ya jiji.","Thirikari ya kaunti ya Nairobi nĩ ĩringithanagia andũ a itũũra rĩothe kũmenya na kũruta ciimba icio ihinda rĩa kiumia kĩmwe, na kũngĩaga ũguo nĩ gũkoimagwo mathikĩrĩria-inĩ ma itũũra.",0.566118482,0.390943865,Misati,"Thirikari ya kaunti ya Nairobi nĩ ĩringithanagia andũ a itũũra rĩothe kũmenya na kũruta ciimba icio ihinda rĩa kiumia kĩmwe, na kũngĩaga ũguo nĩ gũkoimagwo mathikĩrĩria-inĩ ma itũũra.",0.566118482,0.390943865,Ted,,
,Governance,"Clergy on schools reopening: Clergy urges government to ensure safety of school children. 10 schools remain submerged in Budalangi, Busia County Odhiambo: Ensure children are safe as schools reopen","Waumini wa shule za kufunguliwa: Waumini wa dini wanaitaka serikali kuhakikisha usalama wa watoto wa shule. Shule 10 bado zimezama katika Budalangi, Busia County Odhiambo: Hakikisha watoto wako salama wakati shule zinafunguliwa tena","Atongoria a ndini kũhingũra thukuru: Atongoria a ndini kũringĩrĩria thirikari kũhingũra ciana cia thukuru. Thukuru 10 nĩ ciathirĩte mũno Budalangi, Busia County Odhiambo: Kũhingũra thukuru nĩ kũhingũra ciana",0.495074652,0.526547971,Misati,"Atongoria a ndini kũhingũra thukuru: Atongoria a ndini kũringĩrĩria thirikari kũhingũra ciana cia thukuru. Thukuru 10 nĩ ciathirĩte mũno Budalangi, Busia County Odhiambo: Kũhingũra thukuru nĩ kũhingũra ciana",0.495074652,0.526547971,Ted,,
,Governance,Nairobi county government urges land rates defaulters to pay up as it targets 30 billion in annual revenues,Serikali ya wilaya ya Nairobi inawaalika wale ambao hawajalipia kodi za ardhi kulipa kwa kuwa inalenga mapato ya bilioni 30 kwa mwaka,Thirikari ya kaunti ya Nairobi nĩ ĩringithanagia andũ arĩa matirĩ na mbeca cia kũgũra mĩgũnda kũrĩha tondũ nĩ ĩgĩte na mbeca cia bilioni 30 cia mwaka,0.472003463,0.403357077,Misati,Thirikari ya kaunti ya Nairobi nĩ ĩringithanagia andũ arĩa matirĩ na mbeca cia kũgũra mĩgũnda kũrĩha tondũ nĩ ĩgĩte na mbeca cia bilioni 30 cia mwaka,0.472003463,0.403357077,Ted,,
,Governance,Assistant County Commissioner Phebians Olungah sheds light on the Government's Promises on Education. He urges Kenyans to be realistic about their expectations.,Naibu Kamishna wa Wilaya Phebians Olungah anaangazia ahadi za Serikali juu ya elimu. Anawahimiza Wakenya wawe wa kweli kuhusu matarajio yao.,Munini wa kamishina wa kaunti ya Kenya Phebians Olungah nĩ aronania atĩ thirikari nĩ ĩrathingithania na ciĩranĩro cia gĩthomo.,0.632568253,0.434664623,Misati,Munini wa kamishina wa kaunti ya Kenya Phebians Olungah nĩ aronania atĩ thirikari nĩ ĩrathingithania na ciĩranĩro cia gĩthomo.,0.632568253,0.434664623,Ted,,
,Governance,"Nairobi County Government, led by Geoffrey Mosiria warns of loud music in church 'Keshas', clubs, and bars. Urges citizens to report any incident of noise pollution","Serikali ya Wilaya ya Nairobi inayoongozwa na Geoffrey Mosiria inaonya dhidi ya muziki wenye kelele katika makanisa, vilabu, na baa.","Thirikari ya kaunti ya Nairobi, ĩtongoretio nĩ Geoffrey Mosiria nĩ ĩgĩtega mũkaana wĩgiĩ mũrurumo mũnene wa nyĩmbo thĩinĩ wa makanitha, makũngũ, na mabara.",0.660679874,0.483973968,Misati,"Thirikari ya kaunti ya Nairobi, ĩtongoretio nĩ Geoffrey Mosiria nĩ ĩgĩtega mũkaana wĩgiĩ mũrurumo mũnene wa nyĩmbo thĩinĩ wa makanitha, makũngũ, na mabara.",0.660679874,0.483973968,Ted,,
,Governance,"Mombasa, Your Voice Matters! Mombasa County invites all citizens to engage in the Finance Bill 2025, ADP, and CBROP discussions. Youth leaders and changemakers read, engage  and influence decisions shaping our county's future. Let's show up,speak up  and build the Mombasa we deserve.","Mombasa, Sauti Yako Ni Muhimu! Kaunti ya Mombasa inawaalika raia wote kushiriki katika mjadala wa Muswada wa Fedha 2025, ADP, na CBROP. Viongozi wa vijana na watengenezaji wa mabadiliko wanasoma, wanahusika na kuathiri maamuzi yanayounda siku zijazo za kaunti yetu.","Mombasa, mũgambo waku nĩ wa bata! Kaunti ya Mombasa nĩ ĩranyita andũ othe ũgeni makanyitanĩre mĩario-inĩ ya watho wa mbeca wa 2025, ADP, na CBROP. Atongoria a andũ ethĩ na arĩa marenda kũrehe mogarũrũku nĩ mathomaga, makanyitanĩra na magathĩkĩra matua marĩa maronania mũtũũrĩre wa kaunti itũ. Rekei tũthiĩ, tũrĩĩre na tũgĩe na mweke wa gwaka Mombasa ũrĩa tũraagĩrĩire.",0.717509026,0.555307054,Misati,"Mombasa, mũgambo waku nĩ wa bata! Kaunti ya Mombasa nĩ ĩranyita andũ othe ũgeni makanyitanĩre mĩario-inĩ ya watho wa mbeca wa 2025, ADP, na CBROP. Atongoria a andũ ethĩ na arĩa marenda kũrehe mogarũrũku nĩ mathomaga, makanyitanĩra na magathĩkĩra matua marĩa maronania mũtũũrĩre wa kaunti itũ. Rekei tũthiĩ, tũrĩĩre na tũgĩe na mweke wa gwaka Mombasa ũrĩa tũraagĩrĩire.",0.717509026,0.555307054,Ted,,
,Governance,National Assembly Speaker Moses Wetang'ula urges county governments to support the government's push to have Kenyans register for SHA.,Rais wa Bunge la Taifa Moses Wetang'ula anawahimiza serikali za wilaya kuunga mkono jitihada za serikali ya kuwafanya Wakenya wajiandikishe kwa SHA.,Mũtongoria wa Kĩama kĩa Mbũtũ ya bũrũri Moses Wetang'ula nĩ erire thirikari cia kaunti irute mbaru wĩra wa thirikari wa kũhe andũ a Kenya mathiĩ magĩthooma SHA.,0.629543887,0.445859269,Misati,Mũtongoria wa Kĩama kĩa Mbũtũ ya bũrũri Moses Wetang'ula nĩ erire thirikari cia kaunti irute mbaru wĩra wa thirikari wa kũhe andũ a Kenya mathiĩ magĩthooma SHA.,0.629543887,0.445859269,Ted,,
,Governance,"The county government of Nyandarua urges farmers to undertake soil testing, following the signing of a Memorandum of Understanding with the Cereal Growers Association.","Serikali ya kaunti ya Nyandarua inawaalika wakulima kufanya upimaji wa udongo, kufuatia saini ya Memorandum of Understanding na Chama cha Wafugaji wa Mazao.","Thirikari ya kaunti ya Nyandarua nĩ ĩringithanagia arimi magathuthurie mĩgũnda, thutha wa kũhingia kĩrĩra kĩa kũiguithania na Kĩama kĩa Arimi a Mĩmera.",0.701946647,0.522187282,Misati,"Thirikari ya kaunti ya Nyandarua nĩ ĩringithanagia arimi magathuthurie mĩgũnda, thutha wa kũhingia kĩrĩra kĩa kũiguithania na Kĩama kĩa Arimi a Mĩmera.",0.701946647,0.522187282,Ted,,
,Governance,"Mental health boost in Kenya: 32 counselors graduate in Thika to tackle depression, trauma, and substance abuse. Africana College Director Dr. Susan Gitau urges government to fund county-level counseling centers to expand access to lifesaving psychosocial support.","Kuongeza afya ya akili nchini Kenya: Washauri 32 wahitimu huko Thika ili kukabiliana na mshuko wa moyo, majeraha, na matumizi mabaya ya dawa. Mkurugenzi wa Chuo cha Africana Dakt. Susan Gitau anawahimiza serikali kuwekeza katika vituo vya ushauri wa wilaya ili kupanua upatikanaji wa msaada wa kisaikolojia wa kuokoa maisha.","Kũgĩria ũgima wa meciria Kenya: Arori 32 nĩ mathire cukuru wa cukuru wa Thika nĩguo marũe na mĩrimũ ya kũhiũrania na mĩrimũ ya kũhinyĩrĩrio nĩ meciria, na kũnyua ndawa cia kũrebia.",0.662377437,0.388970221,Misati,"Kũgĩria ũgima wa meciria Kenya: Arori 32 nĩ mathire cukuru wa cukuru wa Thika nĩguo marũe na mĩrimũ ya kũhiũrania na mĩrimũ ya kũhinyĩrĩrio nĩ meciria, na kũnyua ndawa cia kũrebia.",0.662377437,0.388970221,Ted,,
,Governance,"Met Department warns Kenyans to brace for heavy rainfall, cold nights of below 10 degrees Kenya 7 months ago by Didacus Malowa Kenyans should prepare for a prolonged bout of heavy rainfall and biting cold nights, with temperatures expected to plunge below 10'°C in some regions.","Idara ya Met inaonya Wakenya kujitayarisha kwa mvua kubwa, usiku baridi chini ya digrii 10 Kenya miezi 7 iliyopita na Didacus Malowa Wakenya wanapaswa kujitayarisha kwa kipindi kirefu cha mvua kubwa na usiku baridi, na joto linatarajiwa kushuka chini ya 10 °C katika mikoa fulani.","Mũtabanĩri wa Met nĩ eerire andũ a Kenya kwĩhaarĩria kũgĩa na mbura nene, ũtukũ wa kũhũa wa thĩiniĩ wa digirii 10 Kenya mĩeri mũgwanja mĩhĩtũku nĩ Didacus Malowa Andũ a Kenya magĩrĩirũo kwĩhaarĩria kũgĩa na mbura nene na ũtukũ wa kũhũa, na nĩ kũhoteka atĩ mĩiyũro ya rĩera nĩ ĩgũthiĩ thĩ ya digirii 10 thĩinĩ wa icigo imwe.",0.704831119,0.468000667,Misati,"Mũtabanĩri wa Met nĩ eerire andũ a Kenya kwĩhaarĩria kũgĩa na mbura nene, ũtukũ wa kũhũa wa thĩiniĩ wa digirii 10 Kenya mĩeri mũgwanja mĩhĩtũku nĩ Didacus Malowa Andũ a Kenya magĩrĩirũo kwĩhaarĩria kũgĩa na mbura nene na ũtukũ wa kũhũa, na nĩ kũhoteka atĩ mĩiyũro ya rĩera nĩ ĩgũthiĩ thĩ ya digirii 10 thĩinĩ wa icigo imwe.",0.704831119,0.468000667,Ted,,
,Governance,Citizens are urged to provide information on to improve service provision.,Raia wanahimizwa kutoa taarifa kuhusu kuboresha usambazaji wa huduma.,Aikari nĩ marerĩgĩrĩrio kũheana ũhoro wĩgiĩ kũgarũra ũheani wa ũtungata.,0.629446179,0.401835436,Misati,Aikari nĩ marerĩgĩrĩrio kũheana ũhoro wĩgiĩ kũgarũra ũheani wa ũtungata.,0.629446179,0.401835436,Ted,,
,Governance,The National Treasury urges members of the public to remain vigilant about to ensure public safety.,Wizara ya Fedha ya Taifa inawaomba raia waendelee kuwa macho ili kuhakikisha usalama wa umma.,Mũbango wa thirikari wa bũrũri nĩ kũringĩrĩria andũ othe magĩe na ũmenyo wa kũgitĩra ũgitĩri wa andũ.,0.551160196,0.423221828,Misati,Mũbango wa thirikari wa bũrũri nĩ kũringĩrĩria andũ othe magĩe na ũmenyo wa kũgitĩra ũgitĩri wa andũ.,0.551160196,0.423221828,Ted,,
,Governance,Ministry of Agriculture encourages members of the public to submit comments on for community development.,Wizara ya Kilimo inawatia moyo watu wawasilishe maoni yao kwa ajili ya maendeleo ya jamii.,Ũtungata wa Ũrĩmi nĩ ũragĩrĩria andũ kũruta mawoni megiĩ ũthii wa na mbere wa mĩciĩ.,0.627661757,0.450062031,Misati,Ũtungata wa Ũrĩmi nĩ ũragĩrĩria andũ kũruta mawoni megiĩ ũthii wa na mbere wa mĩciĩ.,0.627661757,0.450062031,Ted,,
,Governance,Citizens are urged to support for community development.,Raia wanahimizwa kusaidia maendeleo ya jamii.,Aikari nĩ marerĩgĩrĩrio kũnyita mbaru ũthii wa na mbere wa mĩciĩ.,0.646461087,0.482227381,Misati,Aikari nĩ marerĩgĩrĩrio kũnyita mbaru ũthii wa na mbere wa mĩciĩ.,0.646461087,0.482227381,Ted,,
,Governance,The Commission calls upon business owners to stay alert to during the election period.,Tume inawasihi wamiliki wa biashara waendelee kuwa macho wakati wa uchaguzi.,"Nĩ ũndũ ũcio, nĩ ũratũma andũ arĩa marĩ na biacara makorũo marĩ na ũmenyo wa maũndũ marĩa magĩrĩire hĩndĩ ya ithurano.",0.572407835,0.289773277,Misati,"Nĩ ũndũ ũcio, nĩ ũratũma andũ arĩa marĩ na biacara makorũo marĩ na ũmenyo wa maũndũ marĩa magĩrĩire hĩndĩ ya ithurano.",0.572407835,0.289773277,Ted,,
,Governance,"Citizens should report corruption cases to hotline 999, 911, or 112.","Raia wanapaswa kuripoti kesi za ufisadi kwa simu ya 999, 911, au 112.","Andũ a bũrũri magĩrĩirũo kũheana ũhoro wa mahĩtia kũrĩ namba ya 999, 911 kana 112.",0.64041019,0.53162961,Misati,"Andũ a bũrũri magĩrĩirũo kũheana ũhoro wa mahĩtia kũrĩ namba ya 999, 911 kana 112.",0.64041019,0.53162961,Ted,,
,Governance,County Government encourages members of the public to exercise caution regarding to ensure public safety.,Serikali ya Wilaya inawatia moyo watu wa umma kuwa waangalifu kuhusu kuhakikisha usalama wa umma.,Thirikari ya kaunti nĩ ĩragũthĩrĩria andũ arĩa matũũraga kuo magĩe na ũmenyo wa kũgitĩra ũgitĩri wa andũ.,0.590376351,0.405882156,Misati,Thirikari ya kaunti nĩ ĩragũthĩrĩria andũ arĩa matũũraga kuo magĩe na ũmenyo wa kũgitĩra ũgitĩri wa andũ.,0.590376351,0.405882156,Ted,,
,Governance,The government advises motorists to remain vigilant about to promote accountability.,Serikali inashauri waendeshaji wa magari wawe macho ili kuimarisha uwajibikaji.,Thirikari nĩ ĩraatha abatari makorũo marĩ na ũmenyo nĩ ũndũ wa kũheana ũhoro.,0.546148494,0.383392081,Misati,Thirikari nĩ ĩraatha abatari makorũo marĩ na ũmenyo nĩ ũndũ wa kũheana ũhoro.,0.546148494,0.383392081,Ted,,
,Governance,"Political Parties Liaison Committee backs IEBC, urges Gen Z to register as voters","Kamati ya Mawasiliano ya Vyama vya Siasa inasaidia IEBC, inawasihi Gen Z kujiandikisha kama wapiga kura","Ũtongoria wa kũmenyithia gĩkundi kĩa gĩkundi cia ũteti cia ũteti cia kũmenyithia IEBC, nĩ kũheana mbarĩ cia kũgiria gĩkundi gĩa Zĩgĩteithia gĩa gũtandĩka gĩgĩtigithia gĩgĩkũgiria gĩgĩgĩte na gĩgĩkũgiria gĩgĩteithia gĩa gũgĩtĩka gĩgĩtĩka gĩgĩteithia gĩa gũgĩtĩka gĩgĩtĩgĩra gĩgĩte na gĩgĩteithia gĩa gũgĩtĩra gĩgĩra gĩgĩra gĩgĩra gĩgĩra gĩgĩra gĩgĩra gĩgĩra gĩgĩra gĩgĩra gĩgĩra gĩgĩra gĩgĩra gĩgĩra gĩgĩra gĩgĩte na gĩgĩra gĩgĩra gĩgĩra gĩgĩra gĩgĩra gĩgĩra gĩgĩte na gĩgĩra gĩgĩra gĩ gĩ gĩ gĩg",0.6366659,0.118980821,Misati,"Ũtongoria wa kũmenyithia gĩkundi kĩa gĩkundi cia ũteti cia ũteti cia kũmenyithia IEBC, nĩ kũheana mbarĩ cia kũgiria gĩkundi gĩa Zĩgĩteithia gĩa gũtandĩka gĩgĩtigithia gĩgĩkũgiria gĩgĩgĩte na gĩgĩkũgiria gĩgĩteithia gĩa gũgĩtĩka gĩgĩtĩka gĩgĩteithia gĩa gũgĩtĩka gĩgĩtĩgĩra gĩgĩte na gĩgĩteithia gĩa gũgĩtĩra gĩgĩra gĩgĩra gĩgĩra gĩgĩra gĩgĩra gĩgĩra gĩgĩra gĩgĩra gĩgĩra gĩgĩra gĩgĩra gĩgĩra gĩgĩra gĩgĩra gĩgĩte na gĩgĩra gĩgĩra gĩgĩra gĩgĩra gĩgĩra gĩgĩra gĩgĩte na gĩgĩra gĩgĩra gĩ gĩ gĩ gĩg",0.6366659,0.118980821,Ted,,
,Governance,President Kenyatta urges the National Government and county governments to work together to address climate change in Kenya,Rais Kenyatta anawahimiza Serikali ya Taifa na serikali za wilaya kufanya kazi pamoja ili kukabiliana na mabadiliko ya hali ya hewa nchini Kenya,President Kenyatta nĩ erire thirikari ya bũrũri na thirikari cia kaunti ciarie hamwe nĩguo igie na mogarũrũku ma ithaka Kenya,0.678377047,0.461194106,Misati,President Kenyatta nĩ erire thirikari ya bũrũri na thirikari cia kaunti ciarie hamwe nĩguo igie na mogarũrũku ma ithaka Kenya,0.678377047,0.461194106,Ted,,
