score,text
12,Intimate Partner Violence
12,"In addition to physical and sexual violence, experience of other types of violence among intimate partners was measured in the 2022 KDHS: psychological/ emotional violence (being humiliated in front of others, being threatened with harm against yourself or someone you care about, being insulted or making you feel bad about yourself) and economic violence (restrict, exploit, or sabotage your ability to acquire or access or maintain economic resources).

Four in ten women who have ever had a husband or intimate partner (41%) have ever experienced economic, psychological/emotional, physical, or sexual violence perpetrated by their current or most recent husband/intimate partner."
12,Female Genital Mutilation (FGM)
12,"The prevalence of FGM declined from 38% in 1998 to 15% in 2022.

Two percent of girls age 0-14 have been circumcised. Among girls whose mothers’ have no education, 11% have been circumcised, while <1% of girls whose mothers have more than secondary education have been circumcised."
12,Key Indicators & Sustainable Development Goal Indicators
12,"Today, we join our colleagues across the Continent in commemorating the African statistics day. As we celebrate, we take cognizance of the many achievements we have made in statistics.

Kenya in particular has made great strides in the realization of importance of statistics as evidenced by the increased demand of statistical information from the public, private sector,development partners and the government. KNBS would like to acknowledge the very significant role that statistics play, because they are an essential tool in public administration. They are instruments that ensure transparency in decision-making and are a very important link between national and international data, based on international sound methodologies. Our statistical products are readily accessible in various platforms. The Bureau currently avails statistical products on the website, online data portals and in printed reports. These platforms ensure transparency, accountability and inclusiveness in decision-making. In the last one year, our key achievements in the production of statistical information include:"
12,"Kenya is set to have its sixth national Census since independence on the night of 24th August 2019. The previous population Censuses were held in 1948, 1962 (pre-independence), 1969, 1979, 1989, 1999 and 2009. The practice of counting the population dates back to ancient times. Historical records show that ancient rulers needed to count their people in order to calculate the amount of taxes they would expect. Censuses have therefore formed the basis for planning of resources for many centuries.

This will be the first Census exercise being conducted since the promulgation of the new constitution and it will help in improved allocation of resources to the counties. For the first time, the enumeration process will be carried out using digital gadgets, a paperless process that will guarantee accuracy, speed of processing and security of the data."
12,Tiras Wainaina Njoroge
12,Tom Michira Nyakaba
12,Chief officer- Revenue administration
12,Priscilla Mahinda
12,"Chief officer-Public Health

General Inquiries"
12,Macro and Fiscal Affairs Department
12,"The Department derives its core functions and responsibilities from the mandate of the National Treasury, some of which include:"
12,"The Kenya National Bureau of Statistics (KNBS) plans to conduct a National Survey to collect data on households to measure among other things welfare and poverty levels. This will address data gaps in the available data hence are necessary for monitoring Government initiatives such as vision 2030.

The survey will thus enable the Government to make informed decisions when planning for development initiatives at the National and County levels. KIHBS is the first survey at the household level to be conducted under the devolved system of Government."
12,2014 Global Adult Tobacco Survey Press Release
12,Global Adult Tobacco Survey
12,Twitter Space Meet up with the PS
12,Debt Recording and Settlement
12,"Debt Recording and Settlement Department

The department is divided into two (2) divisions and its main functions include:"
12,"PS Stephen Isaboke, EBS, represented Cabinet Secretary Hon. William Kabogo, at the Kazakhstan-Kenya Business Forum in Nairobi.

Our Contacts"
12,Frequently asked questions
12,"We love sharing our knowledge and experience on potato farming with you. However, since we are a seed production farm, we operate under strict quarantine measures and can’t allow visitors to our farm. Under training you can find all our training videos. You can also have a look at our Calendar to see where in the country we will be training farmers next"
12,Does Agrico contract farmers for seed production?
12,Can I recycle the seeds?
12,"Agrico Potato Services Africa Limited is the exclusive agent to multiply Agrico seed varieties in Kenya. We do not contract farmers to multiply seeds for us, but do everything ourselves."
12,Can Agrico buy the potatoes from me after growing them?
12,"Weed killing - In this video you will learn how and why you need to manage weeds in your potato crop, both manually and chemical (use of herbicides).

Duration: 2.38 minutes"
12,# 12 Growing | top dressing
12,# 8 Planting | treating
12,# 7 Planting | seed potatoes
12,"Treating seed potatoes - In this video you learn about soil born pests & diseases, specifically nematodes. What is the impact of nematodes on your crop, and how can you prevent or overcome the impact of the same.

Video duration: 1.45 minutes"
12,# 9 Planting | creating ridges
12,"Contributions in to a a registered retirement benefits scheme is tax deductible to a maximum of ksh 20000 pm or ksh 240000 pa. First ksh 600000 of lumpsum upon withdrawal of benefits and ksh 25000 monthly pension received from such scheme is tax free.

Collective investment schemes (Unit Trusts, Real Estate Investment Trusts, Employee Share Ownership Plans)"
12,Exemptions on VAT
12,Mark the Dates! Fun Takes Over Uhuru Park this 12th–14th December 2025 — Don’t Miss Out!
12,Battle Of The Choirs 2nd Edition 2024 Knockouts Stage Qualifiers Held At Charter Hall Nairobi City County
12,The Nairobi Festival: Join us for an extraordinary experience!
12,Join us for the highly anticipated second edition of The Nairobi Festival – where the vibrant pulse of the city comes to life!
12,The Nairobi Festival Caravan Kicks off in earnest…
12,It’s A Wrap! Nairobi’s 2nd Health Scientific Conference Closes with Renewed Commitment to Evidence-Based and Innovative Healthcare
12,Nairobi City County’s Kenya Devolution Support Program II (KDSP II) Grant Pursuit.
12,Notice for Change Of Venue For Public Participation on The Proposed Nairobi City County School Feeding Policy (2025)
12,The 2ND Nairobi Health Scientific Conference Registration is Officially Open
12,Notice For Public Participation For The Proposed Framework For Pre-Primary Teacher Management and Proposed Nairobi City County Childcare Facilities Regulations (2025)
12,Governor Sakaja Welcomes Victorious ‘Naibois’ After Historic CAF Triumph
12,"H.E Governor Sakaja Johnson reinforces development drive during a tour of ongoing works on Amboseli Road, Kilimani Ward"
12,"Click this link for ⇒ Proposed framework for pre-primary teacher management

Click this link ⇒ For Proposed Nairobi City County Childcare Facilities Regulations (Draft)"
12,"Kindly Click this Link ⇒ HERE for the Draft Nairobi City County School Feeding Policy 2025

General Inquiries"
12,Notice for Public Participation on The Proposed Nairobi City County School Feeding Policy (2025)
12,Nairobi County Infrastructure progress gains momentum under Ward Development Programme
12,"Nairobi, 2nd October 2025

In a continued demonstration of commitment to Nairobi County’s infrastructure development, CEO of the Ward Development Programme (WDP), Eng. Eston Kimathi embarked on an inspection tour of ongoing roadworks across various wards of Nairobi City County. This successive visit underscores ongoing oversight efforts to track progress, verify quality, and evaluate the impact of road projects being delivered under H.E. Governor Sakaja’s transformative city development agenda."
12,Nairobi Today News Letter Issue No 26
12,Nairobi emerges top in fight against HIV prevalence
12,"NAIROBI, December 19, 2019, GPS

Nairobi County has been awarded for it’s consistent efforts in offering requisite health solutions aimed at controlling the prevalence of HIV and AIDS."
12,Capacity Building Programme on ADP 2020/21 Public consultations
12,"Nairobi 15th August,2019

Nairobi City county staff who were identified as facilitators were today trained for the upcoming Public Participation forums on Annual Development Plan (ADP) 2020/21."
12,Governor Sonko to open Kariokor leather factory in July
12,"Nairobi residents will access locally made leather products in the next two months after the opening of Kariokor leather factory.

Governor Mike Sonko will unveil the multi-million-shilling factory in July to pave way for production of leather goods like shoes, belts and hand bags."
12,Nairobi City County conducts free mass anti rabies vaccination drive.
12,"Nairobi, 16th March 2024

A total of 726 dogs, 84 cats and 185 donkeys in Nairobi were vaccinated against rabies and issued with vaccination certificates during free mass vaccination exercise conducted by the Nairobi County Veterinary Services Directorate in partnership with animal welfare organizations namely; Brooke, Network for Animals and Kenya Network for Dissemination of Agricultural Technologies( KENDAT)."
12,Nairobi City County Prepares for Biashara Stimulus Programme: Stakeholders Meeting Paves the Way for Public Participation
12,"Nairobi: Tuesday 26th March, 2024

Business and hustler opportunities sector, through the Directorate of Micro, Small and Medium Enterprises Development undertook an internal stakeholders meeting for the soon to be operationalized, Nairobi City County Biashara stimulus programme."
12,New Year Gift as Nairobi City County Government Confirms Unified Business Permit Activation
12,NOTICE FOR PUBLIC PARTICIPATION ON THE NAIROBI SCHOOL FEEDING PROGRAMME
12,Notice for Stakeholders engagement on the proposed Nairobi City County draft public participation and civic education guidelines
12,"Kindly follow this link for the Proposed draft public participation and civic education guidelines

General Inquiries"
12,Advancing sustainable waste management in Nairobi County
12,"Nairobi,10th February 2025

Nairobi County Chief Officer for Environment Mr. Geoffrey Mosiria has affirmed that Nairobi City County remains dedicated to waste reduction, recycling and compliance in an effort to create a cleaner and healthier environment."
12,Nairobi County Government Initiates Comprehensive Evaluation of Fixed Assets in Devolved Functions: Deputy Governor Njoroge Muchiri Leads Identification and Valuation Event
12,Nairobi City County Takes Lead in Combatting Global Air Pollution Crisis: Media Workshop Empowers Journalists to Drive Change
12,County Government and UN-Habitat Forge Collaborative Path for Sustainable Urban Development in Kick-off Meeting
12,News Release
12,Somesha Stories Mobile App Launch Marks a Milestone for Inclusive Education in Nairobi City County
12,"Nairobi City County Government Champions Collaborations for Clean Air: Partnerships, Renewable Energy, and Nature-Based Solutions at the Forefront"
12,Nairobi City County Collaborates with Murang’a and Other Counties to Enhance Food Traceability and Safety in Landmark Initiative
12,Nairobi City County Collaborates with Clean Air Fund to Enhance Air Quality Monitoring Initiatives
12,"Nairobi, 5th February 2024

In a bid to ensure clean air in the city, Nairobi City County is focusing on partnering with Clean Air Fund in the efforts to fulfil its mandate of implementing air quality monitoring programmes."
12,Green Nairobi and World Water Net Forge Collaborative Solutions for Sustainable Rivers: A Dialogue on Elnino Preparedness and Environmental Empowerment in Mukuru Kwa Njenga
12,"Nairobi,30th November 2023

Green Nairobi’s Environment Subsector yesterday in Partnership with World Water Net held a dialogue on Nairobi rivers ecosystem with Community based organizations, youth and women groups in Mukuru Kwa Njenga."
12,"Notice For Public Participation For The Nairobi City County Aggregation And Industrial Park For Wood And Metal Artisans And Value Chain Actors, And Construction Of A New Market In Hospital Ward, Mathare Sub County"
12,Governor Sakaja Pays School Fees for Needy Girl Who Shared Her Story on Social Media
12,"NAIROBI:

Governor Sakaja Johnson has awarded Kimberly Nkatha an Executive Scholarship that will cover her high school education."
12,"Comprehensive Mass Donkey Welfare Campaign and Free Cats, and dogs Rabies Vaccination Drive"
12,"Chief Officer Wilson Gakuya Commends Progress at Nairobi Revenue Authority Offices, Set to Open Mid-March 2024 at Pension Towers"
12,"Nairobi, 10th March, 2024

Chief Officer for Revenue Administration, Wilson Gakuya has noted a remarkable progress made to Nairobi Revenue Authority offices that will be housed at Pension Towers."
12,"Nairobi,12th January 2023

Nairobi City County Governor H.E Sakaja Johnson has today flagged off Kenya Inter- Counties Sports and Cultural Associations (KICOSCA) team set to participate in the forthcoming inter-county games taking place from 15th to 21st January in Kisumu County."
12,County Secretary office signs Performance Contract with key Directorates
12,"Nairobi, 13th December 2024

Nairobi County Secretary, Godfrey Akumali, this morning called upon the directorates under his office to perform their functions diligently and with efficiency. Mr. Akumali was speaking during the signing ceremony for the 2024/2025 Performance Contracts."
12,Nairobi County to align urban mobility with air quality monitoring in an effort to improve air quality- Mr. Ibrahim Auma announces at CLEAN AIR FORUM 2025.
12,"Nairobi, 16th July 2025

Mobility and Works County Executive Committee Member Mr. Ibrahim Auma has unveiled plans to align urban mobility initiatives with air quality monitoring efforts as part of Nairobi County’s strategy to transition to cleaner, more sustainable transport systems, which will contribute directly to improved air quality across the City."
12,The Proposed Construction of Migori Stadium in Migori County
12,"Tender for Equipping of Tado Farm Borehole, Construction of Rising Main & Pipeline Extension to proposed irrigation Hydrants, Water Kiosks and Cattle Troughs in Turkana County"
12,Kenya Pipeline Company Invitation to Tenders
12,Expression Of Interest for Provision of Edible Oil Value Chain Business Development Services
12,Consultancy Services to Carry Out Impact Assessment of the Affordable Housing Program
12,Amendment of RFB Document Through Addendum No. 1 - Provision of Internet Capacity
12,"MyGov DESEMBA 19, 2023"
12,"MyGov DESEMBA 5, 2023"
12,"MyGov NOVEMBA 28, 2023"
12,"MyGov NOVEMBA 7, 2023"
12,"MyGov Oktoba 31, 2023"
12,"MyGov OKTOBA 17,2023"
12,"MyGov OKTOBA 3, 2023"
12,"MyGov SEPTEMBA 19, 2023"
12,"MyGov SEPTEMBA 12, 2023"
12,"MyGov SEPTEMBA 5, 2023"
12,"MyGov AGOSTI 29, 2023"
12,"MyGov AGOSTI 22, 2023"
12,"MyGov AGOSTI 15, 2023"
12,"MyGov AGOSTI 8, 2023"
12,"MyGov Agosti 1, 2023"
12,"MyGov JULAI 25, 2023"
12,"MyGov JULAI 18, 2023"
12,"MyGov JULAI 11, 2023"
12,"MyGov JULAI 4, 2023"
12,"MyGov JUNI 20,2023"
12,"MyGov JUNI 13, 2023"
12,"MyGov JUNI 6, 2023"
12,"MyGov MEI 23, 2023"
12,"MyGov MEI 2, 2023"
12,"MyGov MACHI 28, 2023"
12,"MyGov MACHI 21, 2023"
12,"MyGov MACHI 14, 2023"
12,"MyGov FEBRUARI 28, 2023"
12,"MyGov FEBRUARI 21, 2023"
12,"MyGov FEBRUARI 14, 2023"
12,"MyGov FEBRUARI 7, 2023"
12,MyGov 19th December 2023
12,MyGov 12th December 2023
12,MyGov 5th December 2023
12,MyGov 28th November 2023
12,MyGov 21st November 2023
12,MyGov 14th November 2023
12,"MyGov 7TH NOVEMBER, 2023"
12,"MyGov 31ST OCTOBER, 2023"
12,"MyGov 24TH OCTOBER, 2023"
12,The National ICT Survey was undertaken in 2010 and is presented in two sections. Section I presents a report of the National ICT Survey undertaken by the Kenya National Bureau of Statistics (KNBS). Section II is an Analysis of the National ICT Survey by Apoyo Consultoria on behalf of the Communications Commission of Kenya (CCK). The KNBS report provides a descriptive analysis of the Survey while Section II of the report provides detailed analysis of the ICT situation based on the intervening variables in different regions of Kenya as presented by the ICT consultants. Download report and related materials…
12,"The Festival will commence from 12th to 16th Dec 2022 at Uhuru Park.

Festival call for virtual auditions in Talent category starting from 28th Nov 2022 to 4th Dec 2022 followed by live performances by shortlisted applicants during The Festival. The grand finale will take place on 16th December, 2022 where the Winners will be awarded."
12,"Nairobi will never be the same again, Sonko says at swearing-in"
12,"Today, Nairobi is dirtier than it has ever been. Open sewers and mounds of garbage have become common sights in almost every corner of the city. Acute water shortages have long become a way of life for many residents, who have been left at the mercy of water cartels that make a kill from selling illegally acquired water to them.

Large potholes and blocked drainage systems are today synonymous with Nairobi. Understaffed health facilities that lack proper equipment and adequate medical supplies are what our residents have to put up with every day."
12,NB:
12,DG's Office reviews the cases and gives direction on resolution
12,Step 5
12,"THE OFFICE OF DIRECTOR GENERAL: Reviews the cases and gives direction on resolution; The DG also communicates officially to the complainant.

RECORDS AND REPORTS SUBMITTED TO THE CAJ"
12,Lazima iWork: Sakaja finally delivers Dandora Stadium
12,What you learn
12,Preparation
12,Nairobi is home to international brands of hotels and restaurants where visitors can indulge their taste buds in some delectable and tantalizing cuisines.
12,Relief for City residents as Sonko launches “water for all” project initiative
12,Governor Sakaja formally unveils the Nairobi Festival at the Uhuru Park.
12,Governor Sakaja formally unveils the 2nd Edition of The Nairobi Festival
12,Kangundo road market set to provide 1600 stalls to various Nairobi youth and traders in the city.
12,"Nairobi, 16th December, 2022

Nairobi City County Executive Committee Member for Business and Hustler Opportunities, Ms. Rosemary Kariuki visited the newly constructed Kangundo road market located in Mowlem Ward, Embakasi West Sub-County."
12,"Kariokor leather facility soon to commence production of standardized goods that are competitive locally, regionally and internationally"
12,"Nairobi, 17th December, 2022

The Nairobi County Executive for Business and Hustler opportunities, Ms. Rosemary Kariuki has hit the ground running on a reconnaissance mission of all existing County markets in a bid to identify gaps and unlock hustler opportunities."
12,Nairobi City County Honored as Most Supportive County at Small Business Awards 2023
12,Governor Receives Trophies From The Nairobi County Team Who Participated In The Kenya Inter-Counties Sports And Cultural Association Games
12,Kananu disburses the largest bursary scheme in the country
12,Nairobi City County Chief Officer for Housing Recognized
12,"Nairobi City County Executive for Health Hosts French Ambassador to Kenya, H.E Arnaud Suguet, on behalf of Governor Sakaja."
12,VACANCIES ANNOUNCEMENT
12,NOTICE FOR PUBLIC PARTICIPATION ON INFORMAL TRADE WITHIN CENTRAL BUSINESS DISTRICT (CBD
12,Nairobi City County Government to float a Green bond as part of innovative ways of attracting capital to finance its projects.
12,Governor Sakaja keeps his promise of supporting youth in Business.
12,I will prioritize health and education if elected Governor-Kananu
12,"NAIROBI (GPS) APRIL 2ND, 2022

Nairobi Governor Ann Kananu has vowed to totally transform health and education in Nairobi if she is elected governor in August 9 general election."
12,"Kananu orders release of impounded Boda Bodas, calls for quick installation of biometric plates"
12,"NAIROBI (GPS) MARCH 17, 2022

Nairobi City residents can now hope for order and sanity in the capital City after Nairobi Governor Ann Kananu struck a deal with boda boda operators to end the menace that has affected the sector for years."
12,Supermarket manager arrested and arraigned in court for illegal waste dumping
12,Mandera Deputy Governor pays courtesy call to Nairobi Deputy Governor Njoroge Muchiri
12,The Nairobi City County Liquor Board initiates the reviewing of the Liquor Act
12,"KEBS Tenders for Pre-qualification for Supply of Goods, Works & Services for the Years 2026-2028 & Tender for Supply, Delivery and Installation of Two (2) New Passanger Lifts at KEBS Headquarters"
12,Nairobi County To Partner With Safaricom For Chapa Dimba
12,Nairobi City County and Robert Bosch Stiftung Forge Strategic Partnership for Refugee Inclusion and Development Initiatives
12,"NAIROBI: 14th FEBRUARY 2024

A delegation from The Robert Bosch Stiftung paid a courtesy call to the County Executive Committee Member for Talent Skills Development and Care Ms. Rosemary Kariuki to discuss areas of collaboration."
12,Nairobi County strengthens market revenue stream with training focused on efficiency and transparency
12,"Nairobi, 3rd November, 2022

This morning Nairobi Deputy Governor, Njoroge Muchiri (L) was paid a courtesy call by Mandera Deputy Governor, Dr. Ali Maalim. Discussions evolved around enhancement of mutual relationships between the two counties. The Mandera Deputy Governor was accompanied by Siyad Hassan and Abdulkadir Sheikh."
12,"MyGov Disemba 17, 2024"
12,MyGov 17th December 2024
12,"MyGov Desemba 10, 2024"
12,MyGov 10th December 2024
12,"MyGov Desemba 3, 2024"
12,MyGov 3rd December 2024
12,MyGov 26th Novemba 2024
12,MyGov 26th November 2024
12,"MyGov 19th Novemba, 2024"
12,MyGov Issue 19th November 2024
12,"Ruiru, 13th March, 2023

Nairobi City County Chief Officer, Revenue Collection, Mr. Wilson Gakuya, today led other Chief Officers and County staff during the launch of the Validation of the Finance Bill 2023."
12,"MyGov Novemba 12, 2024"
12,MyGov 12th November 2024
12,"MyGov Novemba 5, 2024"
12,MyGov 5th November 2024
12,MyGov 29th October 2024
12,MyGov 22nd October 2024
12,"MyGov Oktoba 15, 2024"
12,MyGov 15th October 2024
12,"MyGov Oktoba 8, 2024"
12,MyGov 8th October 2024
12,"MyGov_Oktoba 1, 2024"
12,MyGov 1st October 2024
12,"MyGov Septemba 24, 2024"
12,"MyGov September 24, 2024"
12,MyGov 17th September 2024
12,"MyGov Septemba 17, 2024"
12,"MyGov Septemba 10, 2024"
12,"MyGov 10th September, 2024"
12,"MyGov 3rd September, 2024"
12,"MyGov Septemba 3, 2024"
12,Nairobi County Launches 90-Day Revenue Rapid Results Initiative: Deputy Governor Njoroge Muchiri Lead the Charge
12,"Nairobi, 3rd November, 2023- Nairobi County Deputy Governor Njoroge Muchiri and Acting County Secretary Patrick Analo are currently leading a 90 Days Revenue Rapid Results Initiative (RRI) review program exercise.

During this exercise, all NCCG Sectors are required to prepare a 90-day RRI work plan on revenue mobilization aimed at closing performance gap. Each sector will be required to indicate their respective revenue target for the FY 23/24 as well highlight their revenue raising measures , focusing on quick wins that translate to immediate results."
12,"MyGov Agosti 27, 2024"
12,MyGov 27th August 2024
12,"MyGov August 20, 2024"
12,"MyGov August 13, 2024"
12,"MyGov August 6, 2024"
12,"MyGov July 30, 2024"
12,"MyGov July 23, 2024"
12,"MyGov July 16, 2024"
12,"MyGov July 9, 2024"
12,"MyGov July 2, 2024"
12,"MyGov June 25, 2024"
12,"MyGov June 18, 2024"
12,"MyGov June 11, 2024"
12,"MyGov June 4, 2024"
12,"MyGov May 28, 2024.pdf"
12,"MyGov May 21, 2024"
12,"MyGov May 14, 2024"
12,"MyGov May 7, 2024"
12,"MyGov April 30, 2024"
12,"MyGov April 23, 2024"
11,31st
11,Stay Updated with the Blog
11,NATIONAL COMMITTEE MEMBERS
11,"Markets and Trade senior management reviews progress, sets priorities"
11,Nairobi City County is a Corruption free zone. Report Corruption or Crime via sending an email to investigations@nairobi.go.ke
11,Mobility and Works
11,"CS Hon. Geoffrey Ruku, alongside PS. Dr. Jane Imbunya, poses with NYS top leadership during the 2025 NYS graduation ceremony

President William Ruto with CS Geoffrey Ruku, PS Dr. Jane Kere Imbunya, and NYS leadership at the 2025 graduation"
11,| Kenya's Gold | Upangaji wa viazi vya gredi mbalimbali (part 2)
11,| Kenya's Gold | Processing of potatoes - Gold Feature
11,"Kenya's Gold team from Citizen TV Kenya explored our seed potato distribution from Nakuru, Kenya. Click the link below to watch the highlight of their visit, showcasing how we prepare our certified seed potatoes for delivery to potato farmers, enabling them to plant it at the right time."
11,| Kenya's Gold | Upangaji wa viazi vya gredi mbalimbali
11,"Kenya's Gold team from Citizen TV Kenya explored our seed potato cold store in Nakuru, Kenya. Click the link below to watch the highlight of their visit, showcasing how to preserve seed potatoes in the right manner,, to ensure they are of excellent quality for all Eastern African smallholder farmers when they need them."
11,| Kenya's Gold | Ukuzaji wa viazi nchini
11,"To: All Importers, Exporters Shipping Goods to Kenya, Shipowners, Carriers, Shipping Agents, Customs Agents, and Relevant Stakeholders.

Kenya Revenue Authority (KRA) informs all users of Kenya’s ports that an Advance Cargo Declaration (ACD) platform, a digital pre-arrival cargo system for all containerised cargo destined for Kenya ports is now available. The implementation of this platform will be launched on Monday, 3rd August, 2026."
11,Recent News and Events
11,Explore our news and events section and stay updated with the latest from The Kenya National Bureau of Statistics. Our news and events mainly focus on our reports and a few other related areas. To always stay updated be sure to subscribe to our newsletter via the link at the bottom of the page.
11,KRA bans stripping of containers destined for Zanzibar
11,"The Kenya Revenue Authority (KRA) has banned the stripping of cargo containers at the port of Mombasa before onward conveyance by dhows to various consignees in Zanzibar.

The move is meant to curb sea smuggling where cargo is diverted in the ocean, finding its way into the local EAC market. Stripping involves offloading various small consignments from a single container."
11,KRA suspends officers in irregular sale of ethanol
11,"The Kenya Revenue Authority (KRA) has suspended three officers alleged to be involved in irregular sale of ethanol marked for destruction, pending further investigations.

The officers stationed in Mombasa, allegedly aided the sale of eight containers of ethanol outside the normal KRA auction process."
11,Staff Interdicted for Abetting Tax Evasion
11,"10th May, 2019

KRA has today interdicted 75 staff suspected of involvement in activities that undermine the institution’s mandate by abetting tax evasion and facilitating access to services through bribery and corruption. The practices in question include facilitation of irregular/fraudulent clearance of cargo, fraudulent amendment of tax returns so as to help taxpayers evade taxes and the irregular issuance of Tax Compliance Certificates. Of those affected, 61 are from Domestic Taxes Department and 14 are from Customs and Border Control Department. The bulk of the cases (62) touch on staff based in Nairobi."
11,KRA seizes high-end vehicles at Mombasa Port
11,"7th March, 2019

Kenya Revenue Authority (KRA) has intercepted three high-end motor-vehicles concealed as household goods and hidden in two forty-foot containers. The concealment was discovered during a Customs clearance process at the Port of Mombasa."
11,Directors of second-hand motor vehicle company charged with evading Kshs. 126 million in taxes
11,"Two directors of a second-hand motor vehicle firm were today arraigned before a Mombasa court charged with evading payment of tax worth Kshs 126 million.

The accused persons, Nabil Hussain Quresh and Salman Ahmed Rizvi of both Pakistani national, and their company known as Ameen motors Limited were jointly charged for unlawfully making incorrect statements in their income tax returns for a period of four years, reducing their corporate tax liability by a total of Kshs. 126 million."
11,County supplier charged with tax evasion amounting Sh 3 million
11,"A businessman who made supplies worth Kshs 65 million to Trans Nzoia County has been charged before Eldoret Senior Principal Magistrate Hon. Naomi Wairimu with tax fraud amounting to Kshs.3 million.

Joab Lumbasi Simiyu, director of Africonnect Limited, faced four counts of charges jointly with the company. He faced two counts of failure to pay VAT of Kshs 2.9 million and Kshs 155,000 for the years 2015 and 2016 respectively by due dates. He also faced two counts of failure to submit tax returns for the two years as required under Tax Procedures Act 2013."
11,"An interception of a motor vehicle carrying bottled water affixed with fake excise stamps at Kanyonyo area in Kitui County has led to discovery of more stamps worth Kshs. 850,000 in revenue at a Limuru based water factory.

The motor vehicle ferrying Farris Pure Natural Spring water with counterfeit stamps was intercepted by the Multi Agency Team (MAT) on 11th July 2020."
11,"Customs officers based at the Taveta-Holili One-Stop Border Post (OSBP) on Friday evening seized 1,000 pieces of explosive detonators at Mwakitau along the TavetaMombasa highway. Three suspects were arrested in connection to the incident.

The KRA team, backed by administration police officers attached to the OSBP, while on routine patrols intercepted the devices while being transported together with Tobacco by a truck no T143ARG at around 5.30 pm, one kilometer away from Maktau roadblock, Taita Taveta County."
11,KRA set to enhance Trade Facilitation at the Port of Lamu.
11,"Kenya Revenue Authority (KRA) has finalized its plans to enhance trade facilitation and fast-track cargo clearance at the New Lamu Port.

The KRA office in Lamu has been equipped with the necessary infrastructure including connectivity to access all the Customs, KENTRADE and Kenya Ports Authority systems."
11,Two suspects convicted for smuggling sugar from Uganda
11,"Two suspects have been convicted by Kapenguria law court after they were found guilty of smuggling sugar from Uganda. Kapenguria Senior Principal Magistrate Samuel Mutai found Leonard Rotino and Collins Ignatious Steekamp guilty of smuggling 700 bags of sugar each weighing 50kg branded Kaliro brown sugar and which are manufactured in Uganda.

Rotino, importer of the goods, was sentenced to serve 5 years imprisonment or pay a fine of half the dutiable value of the goods which is Kshs 1,575,000 while Steekamp, a truck driver, was sentenced to pay a fine of Ksh 50,000. The 700 bags of brown sugar were also forfeited to the Kenya Revenue Authority. The court delivered the judgment on 22nd January, 2021."
11,"A High Court in a decision rendered on 9th April 2021 found that Brookhouse Schools was liable to pay PAYE totalling KShs.140, 217,163.00 in respect of non-cash benefits accorded to their employees. The Court rejected the argument by the School that there was ambiguity in law on what value to be attached to the benefit.

KRA had filed an Appeal against the decision of the Tax Appeals Tribunal that the school was not liable to pay PAYE on the value of school fees forgone in providing education for the employees’ children and that KRA should have disallowed the cost of providing the benefit and subject the same to Corporation Tax."
11,"KRA officers recover 28,000 USD concealed in apparel"
11,"Kenya Revenue Authority (KRA) officers have recovered 28,000 USD concealed in a jacket shipped into Kenya as a parcel from South Carolina state, USA.

On 5th November 2021, officers from Posta Parcel Office jointly with KRA customs officers based at City Square Post Office discovered 28,000 USD concealed the clothing."
11,"Two traders have been intercepted while trying to smuggle 6200 litres of ethanol while concealed in maize and wheat bran bags. Stephen Njuguna Kironji, owner of goods and Kenneth Karanja Kimaku who was the driver of a motor vehicle registration number KCG 865K.

The driver was arrested on 13th June 2021 in Kinangop area along Nakuru Nairobi Highway and the owner was arrested at Mugumu Police Station where the vehicle was detained. The customs duty of the goods is Kshs 2,571,924."
11,Customs to play key role in new Horn region road network
11,"The Kenya Revenue Authority (KRA) will play a key logistical role in once the new major road connecting the horn of Africa countries is complete. The road, under the banner Horn of Africa Gateway Development Project (HoAGDP), was launched in Isiolo town.

The road will connect Kenya to Somalia and to Ethiopia. The Isiolo-Mandera regional road corridor—the primary project area—traverses the North Eastern counties of Isiolo, Wajir, Mandera and Garissa. Kenya, Ethiopia and Somalia have long common borders, with many potential locations for developing border posts to facilitate trade. KRA is ready to establish One Stops Border Posts (OSBPs) in the border points where the road join the nighbouring countries at Rhamu and Mandera OSBP to ensure business thrives andthat the right revenue is collected."
11,"Two charged for possession of contraband cigarettes, fake stamps"
11,"Two persons have been charged at Nakuru Law court for being in possession of contraband cigarettes and counterfeit Kenya Revenue Authority (KRA) Excise stamps.

The suspects, John Gitau Kamau and Benson Kamau Mburu were arraigned before Principal Magistrate Isaac Orenge to answer to three counts of charges. The charges are that of being in possession of; uncustomed goods, excisable goods affixed with counterfeit Excise stamps and being in possession of counterfeit Excise stamps in contravention of the provisions of Customs Laws and Excise Duty Act of 2015."
11,"A truck driver, who was among four people separately charged with various counts of tax evasion amounting to Kshs 2,745,113 before the Milimani law court, pleaded guilty.

Onesmus Muthini Mutie was charged with a count of conveying excisable goods affixed with counterfeit excise stamps pleaded guilty before Chief Magistrate Wendy Kagendo. Muthini was arrested on 7th October 2021 after police established that the motor vehicle he was driving was conveying 98 cartons of 250ml People Vodka and 44 cartons of East South Magic Times spirit all affixed with counterfeit excise stamps worth KShs 252,121 tax. He pleaded guilty to the charge and was released on a fine of KShs. 50,000/= or to face an imprisonment term of 6months."
11,"A company and its director have been charged before Nakuru Law courts with offences relating to fraudulent under-declaration of an income of KShs.25, 464,424.

Josiah Macharia Kamau, the director of Mellabourne General Construction & Supplies Limited made an incorrect statement in the Company’s returns significantly reducing its tax liability by over KShs.9 Million. He pleaded not guilty before Hon. Isaac Orenge, Principal Magistrate and was granted a bond of KShs. 2,000,000 due to the severity of the offence. The case shall be mentioned on 22nd March, 2022."
11,KENYA REVENUE AUTHORITY VS KEROCHE BREWERIES LIMITED
11,"The Kenya Revenue Authority has today 18th July 2022 moved the High Court to vacate and set aside an order issued on 15th July 2022 in HCCC NO. E250 OF 2022 Keroche Breweries Limited vs Kenya Revenue Authority, which directed the reopening of Keroche.

It is the Authority’s view that the case filed in Court by Keroche and the Orders sought go contrary to previous orders issued by the same Court and the consent agreements arrived at and signed by the tw0 parties."
11,"Investigators unravel concealment trick in 40,000 litres smuggled ethanol seizure"
11,"A joint operation between KRA Investigation Department and the Directorate of Criminal Investigations has led to the unravelling of a unique concealment trick employed by unscrupulous traders in an ethanol smuggling racket.

The intelligence-led operation that began on Sunday 25th August 2024 and dragged through to Wednesday led to the seizure of 40,971 litres of smuggled ethanol valued at KShs. 26.9 million concealed as imported molasses from a neighbouring country. Through the interception, tax loss of over KShs. 20.5 million was averted."
11,Kenya Revenue Authority Announces Executive Appointments
11,"The Kenya Revenue Authority (KRA) is pleased to announce key leadership appointments as part of its ongoing efforts to strengthen institutional capacity, enhance service delivery and drive organizational excellence.

The KRA Board and Management are committed to ensuring that executive roles are substantively filled while maintaining continuity and accountability across the organization."
11,Roll Out of the East African Community (EAC) Bond
11,"Following the official launch of the East African Community (EAC) Customs bond by the EAC Heads of State at the summit held on 7th March, 2026, Kenya Revenue Authority (KRA) hereby informs all Customs Agents that the EAC Customs Bond will effectively be rolled out on 23rd March, 2026.

All system enhancements have been finalized in readiness for the roll out."
11,Automation of Bank Guarantees in iCMS
11,"Kenya Revenue Authority (KRA) wishes to inform all stakeholders, including importers, exporters, clearing agents, and other customs stakeholders, that effective 1st December, 2025, all Bank Guarantees shall be executed and managed exclusively through the Integrated Customs Management System (iCMS).

This transition is part of KRA’s ongoing efforts to enhance efficiency, transparency, and automation in customs processes. Stakeholders are therefore advised to ensure that all future Bank Guarantees are processed within the iCMS platform in compliance with this directive."
11,Excise Duty on Betting
11,"Following the enactment of the Finance Act 2019, Kenya Revenue Authority informs all punters, players, operators and stakeholders in the Betting and Gaming Industry that Excise Duty on Betting is chargeable on all stakes placed by punters on bookmakers at the rate of 20%.

The commencement date is 7th November, 2019."
11,"MOTOR VEHICLES AND HUGE ASSORTMENT OF (OBSOLETE) ASSORTED FURNITURE, SCRAP METALS, TONERS, TYRES & BATTERIES FOR SALE BY PUBLIC AUCTION"
11,"KENYA REVENUE AUTHORITY (K.R.A) in conjunction with LEAKEY’S AUCTIONEERS shall sell by public auction the under mentioned MOTOR VEHICLES AND ASSORTED GOODS as indicated below:-

ASSORTED GOODS TO BE VIEWED AT TIMES TOWER BASEMENT 1& 2."
11,"Kenya Revenue Authority (KRA) wishes to inform manufacturers and importers of spirits ad spirituous beverages of the following changes to Excise Duty Act, 2015 as amended by the Finance Act, 2020.

With effect from 30th June 2020,"
11,Service of Documents in Support of Objections to VAT Automated Audit (VAA) Assessment
11,"The Kenya Revenue Authority informs all our esteemed customers that all documents in support of objections to VAT Automated Audit (VAA) Assessments for VAT Returns for the period January 2018 to May 2018 should be scanned and sent to the following e-mail address:

VAAlegalservices@kra.go.ke"
11,"Kenya Revenue Authority (KRA) wishes to remind all operators of the above mentioned facilities that their licences will expire on 31st December, 2020.

The licencing conditions are spelt out under Section 62-69; 160-166 of the East African Community Customs Management Act, 2004 as read together with Regulation 74-81; 153-168 of the East African Community Customs Management Regulation, 2010."
11,"The Government of Kenya, in a bid to facilitate easy and faster clearance of Cargo, has gazetted various facilities to be used for deconsolidation and clearance of Cargo imported by Small Scale Traders.

All cargo consolidated at the countries of export will, upon importation into the country, be deconsolidated at facilities designated for that purpose."
11,Disposal of Unserviceable Motor Vehicles and ICT Equipment through Public Auction
11,"Kenya Revenue Authority (KRA) in conjunction with Phillips International Auctioneers (formerly trading as Leakey’s Auctioneers) shall sell by public auction the under mentioned VARIOUS MOTOR VEHICLES and ICT EQUIPMENT:- as indicated below: -

1. THURSDAY 20TH MAY 2021 AT LANGATA KRA ESTATE – NAIROBI STARTING AT 11.00 A.M."
11,"Imposition of Excise Duty on Excisable Products Introduced by the Finance Act, 2021"
11,"Kenya Revenue Authority (KRA) would like to remind manufacturers and importers that the Finance Act, 2021 introduced excise duty on the following products with effect from 1st July, 2021: -

Description"
11,"Renewal of Licenses for Bonded Warehouses, Manufacture Under Bond (MUB) & Transit Godowns"
11,"Kenya Revenue Authority (KRA) reminds all Operators of the above mentioned facilities that their licenses will expire on 31st December, 2021.

The licensing conditions are spelt out under Section 62-69; 160-166 of the East African Community Customs Management Act, 2004 as read together with Regulation 74-81; 153-168 of the East African Community Customs Management Regulation, 2010."
11,"Disposal of Motor Vehicles, Generators, Obsolete Furniture & ICT Equipment through Public Auction"
11,"Kenya Revenue Authority - KRA in conjunction with PHILLIPS INTERNATIONAL AUCTIONEERS shall sell by public auction the under mentioned MOTOR VEHICLES, GENERATORS, OBSOLETE FURNITURE AND ICT EQUIPMENT: - as indicated below: -

1. THURSDAY 28TH APRIL, 2022 AT KRA NAIROBI SUPPLIES BRANCH INDUSTRIAL AREA STARTING AT 11.00 A.M"
11,"RENEWAL OF LICENCES FOR BONDED WAREHOUSES, TRANSIT GODOWNS AND MANUFACTURER UNDER BOND (MUB)."
11,"Kenya Revenue Authority (KRA) wishes to remind all Operators of the above-mentioned facilities that their licenses will expire on 31st December, 2023.

The licensing Conditions are spelt out under Section 62-69; 160-166 of the East African Community Customs Management Act, 2004 as read together with Regulation 74-81; 153-168 of the East African Community Customs Management Regulations, 2010."
11,Roll Out of Offshore Bunkering and Ship-to-Ship Transhipment of Cargo
11,"In line with the recent Presidential Stakeholders engagement to re-introduce offshore bunkering and ship-to-ship transhipment processes, the Kenya Ports Authority (KPA) and the Kenya Revenue Authority (KRA) would like to bring to the attention of the public that with effect from 1st May 2024, the following shall be facilitated:

KPA and KRA will continuously engage and collaborate with stakeholders in the roll out of Offshore Bunkering and Ship-to-Ship Transhipment of cargo."
11,"Renewal of Licenses for Bonded Warehouses, Manufacture Under Bond (MUB) and Transit Godowns"
11,"Kenya Revenue Authority (KRA) wishes to remind all operators of the above mentioned facilities that their licenses will expire on 31st December, 2024.

The licensing conditions are spelt out under Section 62-69; 160-166 of the East African Community Customs Management Act, 2004 as read together with Regulations 74-81; 153-168 of the East African Community Customs Management Regulations, 2010."
11,"Imposition of Excise Duty on Excisable Goods & Services Introduced by the Finance Act, 2025"
11,"Kenya Revenue Authority (KRA) notifies the manufacturers, importers and suppliers of the listed goods and services that the Finance Act, 2025 has introduced excise duty on the following goods and services, effective 1st July 2025: -

Excisable Goods"
11,"Adjustment of Excise Duty Rates for Excisable Goods and Services by the Finance Act, 2025"
11,"Kenya Revenue Authority (KRA) notifies the manufacturers, importers and suppliers of the following excisable goods and services that the Finance Act, 2025 adjusted the excise duty rates of the excisable goods and services, effective 1st July 2025, as follows-

No."
11,"RENEWAL OF LICENSES FOR BONDED WAREHOUSES, MANUFACTURE UNDER BOND (MUB) AND TRANSIT GODOWNS"
11,"Kenya Revenue Authority (KRA) wishes to remind all operators of the above-mentioned facilities that their licenses will expire on 31st December 2025.

The licensing conditions are spelt out under Section 62-69; 160-166 of the East African Community Customs Management Act, 2004, as read together with Regulations 74-81; 153-168 of the East African Community Customs Management Regulations, 2010."
11,EU Ambassador pays a courtesy call to the PS Treasury.
11,Treasury CS hosts Belgium Ambassador
11,CS Hon. FCPA John Mbadi in a Productive engagement with the Interreligious Council of Kenya (IRCK)
11,Signing of Performance Contracts (PCs) with the National Treasury Director Generals
11,"Farewell luncheon in honour of Ms. Nnenna Nwabufo, the former Director General for East Africa at the African Development Bank."
11,Things You Need To Know Before Filing Your 2019 Income Tax Returns (For Employment Income)
11,"Filing of returns is not a new concept. Since 1992, every individual with a PIN has been required to file their income tax returns for every year of income by 30th June of the following year. This is a statutory requirement that if not met will attract penalties. Filing of returns also helps you to ascertain that what was deducted from your income as tax by your employer was actually remitted to KRA.

In August 2015, KRA issued a public notice making it mandatory for persons to file their income tax returns online via iTax, the Integrated Tax Management System. While this was meant to simplify the filing process by giving us a chance to file our tax returns from the comfort of our homes or offices, Filing of tax returns is still an uphill task for many. Probably because some of the basic concepts behind income tax filing are not clear."
11,By Sophie Marami
11,"BLOG 21/11/2018

Did you find this content useful?"
11,Taxation of Lump Sum Payments
11,"Those who have been fortunate enough to be employed know at the back of their minds that nothing is permanent, least of all formal employment. However, one thing that most people look forward to is the severance pay at the end of service or in the event that your contract is terminated. Whether you left employment voluntarily or otherwise, payments received upon retirement or termination of your contract are taxable. So, what do you need to know on the procedure of taxing lump sum payments? A lump sum payment refers to a one-time large payment of money that is given to an employee. It may include gratuities, bonuses, and severance pay.

Every employer is required to recover the appropriate tax from any lump sum amount before releasing the balance to the employee. When a lump sum amount is paid to an employee in a year of income that is different from the year that it was earned, such income is considered to be income of the year it was earned."
11,All You Need to Know About Minimum Tax
11,"The Finance Act 2020 of 30th June 2020 introduced Minimum tax (MT), chargeable at the rate of one percent of the gross turnover. MT is provided under section 12D of the Income Tax Act (CAP 470).

Why minimum tax? A number of people may wonder. There are some businesses that continually declare losses in their returns and not paying taxes but have been operational over the years. Conventionally, tax levied on business income is based on the profit made. However, when a business makes losses in a financial year, no taxes are payable and the loss is carried forward to the next period. To address this inequity in tax payment, minimum tax was introduced to ensure that all persons pay a fair share of tax."
11,Understanding Corporate Income Tax
11,"Company registration process in Kenya is now a simplified. Upon registration, tax is one of the key considerations in laying down the new company’s plans and growth strategies. It is important to know the tax obligations associated with the business, that is the due dates of filing tax returns, payment of taxes and the records to be maintained. Corporation tax is of the taxes payable by companies or corporate entities.

Corporate Income Tax Rate"
11,By Margaret Gachina
11,Understanding Pre-Arrival Clearance (PAC)
11,"Pre-Arrival Clearance refers to the electronic submission of import data and documents to Customs and other government authorities for processing before the actual arrival of goods. It is a Customs control measure where risk assessment is done prior to arrival of cargo as well as a trade facilitation measure where cargo release is expedited. PAC therefore enables release of legitimate goods immediately upon arrival, and control high risk cargo for risk mitigation.

All importers are eligible to the program and do not require any approval. The importer and/or the Clearing Agent should lodge declaration to customs and make payments at least 48 hours (2 days) before expected arrival of the vessel to enjoy the benefits of pre-arrival."
11,"Previously, when dealing with a transaction that would attract Capital Gains Tax (CGT), for example purchasing a property or transfer of shares, then the payment of Stamp Duty would only be processed if the CGT has been paid. Early this year, the process was simplified via the iTax system and the two payments are no longer twinned. One can now successfully process Stamp Duty payment without the mandatory acknowledgement number that was required from the CGT payment on the iTax system.

The change was introduced to improve ease of doing business by creating efficiency in the process. Thus, the unnecessary delay that came with the waiting for one party to make a certain payment first, is now a thing of the past."
11,How to pay Stamp Duty
11,Integration with iCMS
11,How will this impact Revenue collection?
11,"The scanners are in the process of being integrated with iCMS by linking iScan with the system, where the scanner verdict is deposited to enable the Customs officer to make a quick decision about clearing a consignment.

In June 2005, the World Customs Organisation (WCO) Council adopted the SAFE Framework of Standards to secure and facilitate global trade that would act as a deterrent to international terrorism, help nations to secure revenue collection and promote trade facilitation worldwide."
11,BY : ELMAD KOYO
11,Uvumbuzi wa Mbinu ya Mpango wa Kujitolea Wakufichua Iwapo Mtu Amelipa Ushuru (Voluntary Tax Disclosure Programme)
11,"BLOG 22/06/2022

Did you find this content useful?"
11,An Introspective look into Tax Incentives
11,"Introduction to Tax Incentives

Tax Incentives are measures that provide for a more favourable tax treatment of certain activities or sectors compared to what is granted to the general industry. These incentives offer a general cut in the tax rate or a generous depreciation scheme for certain sectors of the economy or population. Majority of countries have tax incentives provided for in their tax laws. These incentives usually serve different purposes like to stimulate sectoral growth, encourage trade and investment as well as help make a country seem more attractive in the global market.\"
11,Tax Tips for Kenyan NGOs
11,"Maximize Your Impact, Minimize Your Worries

Navigating taxes can feel complex, especially for Non-Governmental Organizations (NGOs) focused on making a difference. But don't worry! Understanding the tax landscape can actually boost your organization's impact. Let's unravel the mysteries together."
11,KRA's Commitment to Excellent Customer Service: Ensuring Quality and Efficiency for Citizens
11,"At the Kenya Revenue Authority (KRA), we are deeply committed to putting our customers first. Our mission is to ensure that every citizen receives the best possible service from us. This dedication is outlined in our Citizens’ Service Delivery Charter, which is like a promise we make to you about the kind of service you can expect from us.

What is the Citizens’ Service Delivery Charter?"
11,KRA bans stripping of cargo destined for Zanzibar
11,"The Kenya Revenue Authority (KRA) has banned the stripping of cargo containers at the port of Mombasa before onward conveyance by dhows to various consignees in Zanzibar.

The move is meant to curb sea smuggling where cargo is diverted in the ocean, finding its way into the local EAC market. Stripping involves offloading various small consignments from a single container.As a result of cargo diversion, the volumes of cooking oil destined to Pemba and Ungunja have surpassed the consumption capacity of the two islands. KRA in December 2017, seized edible oil cleared at Old Port in the go-downs of Mombasa, this points towards the diversion emanating from stripping."
11,"iCMS, a milestone to trade facilitation"
11,"The Integrated Customs Management Systems (iCMS) is a modern, robust and efficient system that runs on the latest technological platforms which seamlessly connects with KRA?s internal systems and external stakeholders? systems to achieve faster cargo clearance.

Run by the Kenya Revenue Authority, iCMS enables trade efficiency by increasing speed in the cargo clearance process, reduction of complexities associated with several systems of the automation of manual processes and reengineering of processes."
11,Trader Muktar Sheik charged with Sh300m tax evasion
11,"A businessman, Mr. Muktar Sheikh, has been charged in Eldoret Law Court for evading payment of taxes in income and Value Added Taxes (VAT). He faces a total of 13 counts. Mr. Muktar, through his company-Bashas Constructions Limited, violated various sections of the Tax Procedure Act by failing to pay the taxes and altering tax statements to vary the tax liabilities. His company does business in Uasin Gishu, Mombasa and Mandera counties. Mr. Muktar was released on a bond of Kshs 2 million or a cash bail of Kshs. 200,000. The case will be mentioned on 20th September 2019.

More details here: https://www.nation.co.ke/news/Trader-Muktar-Sheik-charged-with-Sh300m-tax-evasion/1056-5225020-dy7xgyz/index.html"
11,"The Principal Secretary for Public Service and Human Capital Development, Dr Jane Kere Imbunya, today presided over the official opening ceremony of the Joint Technical Committee (JTC) meeting between the State Department and the Eastern and Southern African Management Institute (ESAMI) in Naivasha.

The two-day meeting brings together technical teams to deliberate on the implementation of a Pan-African collaborative Memorandum of Understanding (MoU) aimed at strengthening capacity building in the public service. The engagement underscores Kenya’s commitment to regional cooperation and the continuous professional development of public servants to enhance service delivery across the continent."
11,"Kenya continues to position itself at the forefront of global media transformation, with the Secretary for Information and Broadcasting, Mr Temesi Mukani, representing Principal Secretary for Broadcasting and Telecommunications, Mr Stephen Isaboke, at the NAB Show 2026 in Las Vegas, United States. The event, recognised as the world’s premier broadcasting conference, brings together industry leaders, regulators and innovators shaping the future of media.

Mr Mukani is part of a high-level Kenyan delegation engaging with global stakeholders on emerging trends redefining the media landscape. The discussions have focused on critical areas such as the application of artificial intelligence in newsrooms, cloud-based broadcasting systems, and evolving frameworks for digital platform governance. These engagements reflect Kenya’s proactive approach in not only adapting to change, but actively contributing to the direction of global media development."
11,Public Service Innovation Survey Unveils Key Challenges and Recommendations
11,"In a significant move to enhance public service delivery and innovation, Principal Secretary Amos Gathecha chaired a key Heads of Department meeting this morning. The session focused on presenting key findings, challenges, and recommendations derived from a baseline survey on public service delivery and innovation.

The survey aimed to gather and analyze stakeholders' perspectives on the impact of public service delivery innovations. The objective was to establish a systematic innovation framework and empower public servants to embrace new ideas and best practices."
11,Celebrating Public Service Excellence
11,"Tuesday 10th June, 2025

Honouring dedication, driving progress! PS Dr. Jane Kere Imbunya led an energizing procession from Harambee House to KICC, marking the grand opening of the 3-day Africa Public Service Day. Celebrating the invaluable contributions of public servants and reinforcing our shared commitment to excellence in service delivery for Africa."
11,"On behalf of the State Department of Public Service and Human Capital Development, Madam PS Dr. Jane Kere Imbunya extends her warmest congratulations to the Head of Public Service on this prestigious conferment.

His visionary leadership has elevated the public service ethos, fostering excellence, innovation, and unwavering commitment to Kenya’s human capital development."
11,"The State Department for Public Service and Human Capital Development today led a successful tree planting exercise at the Public Service Club, where 2,000 trees of different species were planted as part of ongoing efforts to promote environmental conservation.

The activity, officiated by Secretary Management Consoltancy Services Ms. Peris Bosire on behalf of the Principal Secretary, Dr. Jane Imbunya, is a build-up to Mazingira Day, which will be commemorated nationally on 10th October in Trans Nzoia County."
11,"The State Department for Public Service and Human Capital Development held its 11th Management Meeting on 11th June, chaired by Principal Secretary Dr. Jane Kere Imbunya, to review progress on key strategic initiatives and strengthen service delivery across the public sector.

The meeting deliberated on critical programmes including the implementation of the Public Sector Transformation Policy, preparations for the Africa Public Service Day (APSD) 2026 celebrations, the proposed One-Stop-Shop Huduma Policy and Bill, and the development of organizational structures and career guidelines aimed at enhancing efficiency and professionalism within the public service."
11,"Please note that these printing services are available to all the two levels of government in Kenya, and also to the public

The Government Press Kenya, provides three disciplines related to the manufacturing of printed matter, being Pre-Press, Press and |post Press Operations, as well as related specialized services."
11,MONTHLY PSs CONSULTATIVE MEETING WITH CHIEF OF STAFF & HEAD OF PUBLIC
11,"MONTHLY PSs CONSULTATIVE MEETING WITH CHIEF OF STAFF & HEAD OF PUBLIC

On Wednesday 3rd September, 2025 State Department for Public Service and Human Capital Development Principal Secretary Dr Jane Kere Imbunya joined fellow Principal Secretaries for the weekly consultative meeting with the Chief of Staff and Head of Public Service, Mr. Felix Koskei."
11,"PS Dr. Jane Imbunya Leads Business Process Re-engineering Drive in Public Service

Principal Secretary for Public Service and Human Capital Development, Dr. Jane Imbunya, today chaired a high-level meeting with Heads of Departments to review and roll out the State Department’s Business Process Re-engineering (BPR) initiative for 2025."
11,Objectives of PIM
11,PIM Regulations shall apply to:
11,Africa Public Service Day 2025
11,"Welcome to the Official Portal for Kenya’s APSD 2026 Celebrations

Kenya is honored to join the rest of the African continent in commemorating African Public Service Day (APSD) 2026—a time to reflect, collaborate, innovate, and strengthen public institutions in service of sustainable development and improved quality of life for all citizens."
11,APSD 2026 – Kenya National Celebrations
11,1. Public Service Innovation Exhibition
11,National Highlights
11,"Public service institutions, counties, state corporations, development partners, private sector organizations, and community groups will exhibit innovative solutions that contribute to improved water, sanitation, and public service delivery.

Exhibitions will be organized around the following thematic areas:"
11,"A high-level forum bringing together policymakers, practitioners, researchers, development partners, and citizens to deliberate on the future of public service and sustainable water governance.

Key discussions will focus on:"
11,ICT PS PRESIDES OVER GovAI PUBLIC SECTOR WORKSHOP
11,"ICT and Digital Economy Principal Secretary, Eng. John Tanui presided over the official opening of the GovAI Public Sector Workshop, aimed at enlightening different institutions on GenAI and Large Language Models (LLMs) and how to utilize them in their different workstations for effective service delivery.

In his key note address, the PS applauded the importance of incorporating AI tools which will boost innovations, increase investments, and promote effective data management."
11,WEEKLY HoDs MEETING CHAIRED BY PS DR. IMBUNYA
11,"This morning, the Principal Secretary for Public Service and Human Capital Development, Dr. Jane Kere Imbunya, chaired the Weekly Heads of Departments (HoDs) meeting to review targets and assess progress across various programmes within the State Department.

In her opening remarks, the PS drew inspiration from 1 Corinthians 15:58:“Therefore, my dear brothers and sisters, stand firm. Let nothing move you. Always give yourselves fully to the work of the Lord, because you know that your labor in the Lord is not in vain.”"
11,"The purpose of this guideline is to provide clarity on the process and requirements for:

The guideline aims to facilitate compliance while ensuring proper administration of tax obligations relating to estates of deceased persons."
11,"Governments in the world are always focused on economy, finance and banking services. Actually, these 3 facets of the monetary sector represent three ways to social growth and overall national wealth.

Statistic bureaus in the world analyze data coming from banks and financial institutes, the goal is to define the economic situation and to find new ways for a national economic improvement."
11,County Public service board Draft Sector Report and MTEF FY 2024-2025
11,"County Public service board Draft Sector Report and MTEF FY 2024-2025

General Inquiries"
11,Public Service Management Draft Sector Report and MTEF FY 2024-2025
11,"Public Service Management Draft Sector Report and MTEF FY 2024-2025

General Inquiries"
11,DRAFT URBAN RESILIENCE STRATEGY REPORT FOR NAIROBI CITY
11,"More than 3,518 youth across Vihiga County on 24 October successfully went through a validation exercise under the National Youth Opportunities Towards Advancement (NYOTA) Project a flagship youth empowerment initiative spearheaded by the State Department for Public Service and Human Capital Development.

The two day exercise, conducted across all five sub-counties of Vihiga, was led by Ms. Jackline Otwori, the Acting Secretary for Public Service Reforms, representing Principal Secretary Dr. Jane Kere Imbunya."
11,Print Your KRA PIN Certificate.
11,"VISIT iTAX

Address"
11,"H.E GOVERNOR SAKAJA ARTHUR JOHNSON, CBS 1 YEAR ACHIEVEMENTS REPORT"
11,"H.E GOVERNOR SAKAJA ARTHUR JOHNSON, CBS 1 YEAR ACHIEVEMENTS REPORT

General Inquiries"
11,County Attorney Draft Sector Report and MTEF FY 2024-2025
11,"County Attorney Draft Sector Report and MTEF FY 2024-2025

General Inquiries"
11,Built Environment Draft Sector Report and MTEF FY 2024-2025
11,"Built Environment Draft Sector Report and MTEF FY 2024-2025

General Inquiries"
11,ANNUAL CAPACITY AND PERFOMANCE ASSESMENT(ACPA) REPORT 2017/18
11,Office of the Governor and Deputy Governor Draft Sector Report and MTEF FY 2024-2025
11,"Office of the Governor and Deputy Governor Draft Sector Report and MTEF FY 2024-2025

General Inquiries"
11,County secretary Draft Sector Report and MTEF FY 2024-2025
11,"County secretary Draft Sector Report and MTEF FY 2024-2025

General Inquiries"
11,Ward Development Programmes Draft Sector Report and MTEF FY 2024-2025
11,"Ward Development Programmes Draft Sector Report and MTEF FY 2024-2025

General Inquiries"
11,"Talents, Skill development and Care Draft Sector Report and MTEF FY 2024-2025"
11,"Talents, Skill development and Care Draft Sector Report and MTEF FY 2024-2025

General Inquiries"
11,Internal audit and Risk Management Draft Sector Report and MTEF FY 2024-2025
11,"Internal audit and Risk Management Draft Sector Report and MTEF FY 2024-2025

General Inquiries"
11,Green Nairobi Draft Sector Report and MTEF FY 2024-2025
11,"Green Nairobi Draft Sector Report and MTEF FY 2024-2025

General Inquiries"
11,Innovation and Digital Economy Draft Sector Report and MTEF FY 2024-2025
11,"Innovation and Digital Economy Draft Sector Report and MTEF FY 2024-2025

General Inquiries"
11,"H.E. GOVERNOR SAKAJA ARTHUR JOHNSON, CBS 1 YEAR ACHIEVEMENTS REPORT"
11,"H.E. GOVERNOR SAKAJA ARTHUR JOHNSON, CBS 1 YEAR ACHIEVEMENTS REPORT

General Inquiries"
11,"NAIROBI METROPOLITAN SERVICE IMPROVEMENT PROJECT URBAN RENEWAL PLAN FOR EASTLANDS, NAIROBI-FINAL PLAN REPORT Plan Ref. No. UP/UPR&S/URP-E/ZONE8/170/09/19 Vol. 1 SURVEY REPORT"
11,PIN Without Obligation (PWO)
11,When is a KRA PIN Required?
11,"This option is for individuals who are not currently engaged in any taxable activity (e.g., students, diplomats).

A PWO PIN does not assign any tax obligations. You will not be required to file returns, but you will also not qualify for services that require active obligations such as a Tax Compliance Certificate (TCC), iTax filings, or eTIMS compliance."
11,Bus Route Network Plan for Nairobi – Final Report
11,Bus Route Network Plan for Nairobi - Final Report
11,"Bus Route Network Plan for Nairobi - Final Report

General Inquiries"
11,The project on integrated Urban Development Master Plan for the City of Nairobi-Final Report Dec 2014
11,"The project on integrated Urban Development Master Plan for the City of Nairobi-Final Report Dec 2014

General Inquiries"
11,NAIROBI METROPOLITAN SERVICES IMPROVEMENT PROJECT(NaMsip) EASTLANDS URBAN RENEWAL PLAN – Final Plan Report Sept 2019
11,"NAIROBI METROPOLITAN SERVICES IMPROVEMENT PROJECT(NaMsip) EASTLANDS URBAN RENEWAL PLAN – Final Plan Report Sept 2019

General Inquiries"
11,Report of the Auditor-General on County Executive of Nairobi City for the year ended 30th June 2024
11,"Report of the Auditor-General on County Executive of Nairobi City for the year ended 30th June 2024

General Inquiries"
11,"The Nairobi City County is the creation of the Constitution of Kenya 2010 and successor of the defunct City Council of Nairobi. It operates under the auspices of the Cities and Urban Areas Act, The Devolved Governments Act and a host of other Acts.

The Nairobi City County is charged with the responsibility of providing a variety of services to residents within its area of jurisdiction. These include the services that were hitherto provided by the defunct City Council and the ones that have been transferred from the national government."
11,EXECUTIVE ARM
11,Core values
11,"Led by The Governor and The Deputy Governor, The Executive arm of the County is charged with the responsibility of policy formulation. Within this arm is the County Public Service Board, the County Executive Committee, the City Inspectorate, County Investigations and Information Analysis departments,Disaster Management and Coordination Sector and a host of advisories."
11,THE COUNTY PUBLIC SERVICE BOARD
11,The County Public Service Board is appointed by the Governor and is responsible for the determination of the county Human Resource needs recruitment and related Public Service functions. The board is under the charge of the chairman supported by various committee members.
11,THE COUNTY EXECUTIVE COMMITTEE
11,DISASTER MANAGEMENT AND COORDINATION SECTOR
11,"The Disaster Management Sector was established in 2018.It is responsible for disaster risk and crisis management. The sector is under the office of H.E. Governor headed by a Chief Officer.

SECTOR MANDATE"
11,"Hillary Kiprutto Rutto holds a PhD in Climate change and adoption from the University of Nairobi, a masters degree in environmental law and policy from University of Kent<UK>.Mr. Rutto also holds a Bachelor of Law from Moi University and is a managing partner at MCC Advocates."
11,2023 Economic Survey
11,"Below are the key findings from the 2024 survey: 1. Financial Access: Formal financial access increased from 83.7 percent in 2021 to 84.8 percent in 2024, driven by digital technology, which nearly closed the gender gap in formal access. 2. Exclusion: 9.9 percent of Kenyan adults remain financially excluded, with rural youth forming nearly half of this group (45.5 percent). Key barriers to exclusion include lack of mobile phone (64.1 percent) and lack of Identity Card (51.5 percent). 3. County Comparison: Kiambu, Nairobi, Kirinyaga, Nyeri, Isiolo, and Mandera are the most included counties. On the flipside, Turkana, West Pokot, Elgeyo Marakwet, Trans-Nzoia, Migori, and Narok are the most excluded. 4. Providers: Uptake of brick-and-mortar bank accounts and SACCOs has notably increased but digital services recorded mixed results. Mobile money, mobile bank, and Fuliza moderated in growth ; while digital MFIs, including ‘buy now pay later’ (hire purchase) have recorded increased uptake following the regulation of DCPs."
11,13.0 AMENDMENT TO THIS NOTICE
11,"This privacy notice was last updated on 28th April 2026.

We reserve the right to amend this privacy notice at any time. All amendments to this privacy notice will be posted on KRA’s website. Unless otherwise stated, the current version shall supersede and replace all previous versions of the privacy notices."
11,Two individuals charged in Subukia over fake stamps
11,"The household satellite account presented in this report seeks to address this gap by measuring and valuing unpaid domestic and care work. It comprehensively captures the contribution of non-market household production to the economy. This account aligns and supports implementation of both national and international frameworks to recognize unpaid work as a vital component of economic and social progress. These international frameworks include System of National Accounts (SNA) recommendations, Beijing Platform for Action (BPfA) and Sustainable Development Goals. At the national level, the setting up of this account is anchored on the Constitution of Kenya, Kenya Vision 2030 and its Fourth Medium Term Plan (2023-2027) and several gender policies that include the National Policy on Women Economic Empowerment and the National Care Policy. The valuation of unpaid domestic and care work is key in realization of inclusive and sustainable development."
11,"Complaints can be raised through any of the following channels:

Walk in to any of KRA offices countrywide to lodge a complaint"
11,Feedback
11,Email: This email address is being protected from spambots. You need JavaScript enabled to view it.
11,E-Mail: This email address is being protected from spambots. You need JavaScript enabled to view it.
11,Telephone: + 254 (0)20 281 7700 (hotline ) + 254 (0)20 281 7800 (hotline ) + 254 (0)20 34 33 42
11,courtesy call on Hon. Hu Zhangliang
11,Quality Assurance and Standards
11,"Education lies at the heart of Kenya’s national development agenda. It empowers individuals, transforms communities and lays the foundation for a just, inclusive and sustainable society. As we pursue the aspirations outlined in the Kenya Vision 2030 and align our national efforts with global commitments such as Sustainable Development Goal 4, we are reminded that quality must be the cornerstone of our education system.

QUALITY ASSURANCE AND STANDARDS DOCUMENTS"
11,Swearing-in of the newly-appointed Cabinet Secretaries and Principal Secretaries at State House Kenya
11,"HIVAIDSFacts on HIV & AIDS

1. HIV – Human Immunodeficiency Virus 2. AIDS – Acquired Immune Deficiency Syndrome 3. HIV – A virus that enters in a Human body and attacks, destroys the Immune system 4. AIDS – Full blown case of HIV when the body systems is incapable of dealing with the virus or opportunistic infections."
11,Kisumu National Agricultural Show
11,"The Tribunal is pleased to participate in the Kisumu National Agricultural Show,taking place from 22nd to 26th July 2026.Through its exhibition stand,the secretariat will engage members of the public,stakeholders,businesses and institutions on the Tribunal's mandate,services and the role it plays in promoting fair competition and access to justice in competition related disputes"
11,"Ensuring universal access to high quality broadcasting and telecommunication services, promote innovation, digital inclusion and protect consumer interest."
11,Date: 09/06/2021
11,KNBS Quality Policy
11,"The Kenya National Bureau of Statistics (KNBS) is committed to providing statistical services through production and management of quality statistics.

The Kenya National Bureau of Statistics (KNBS) is a State Corporation established by the Statistics Act, 2006, for the collection, compilation, analysis, publication and dissemination of statistical information, and the coordination of the national statistical system. It is the principal agency of the Government for collecting, analysing and disseminating statistical data in Kenya and the custodian of official statistical information"
11,"Broadcasting and Telecommunications Principal Secretary Steve Isaboke EBS hosted the Ambassador of Romania to Kenya H.E Gentiana Serbu at the Ministry headquarters this afternoon.

The two discussed a wide array of subjects including opportunities for partnership between Kenya and Romania in combating the growing global challenge of fake news, misinformation and disinformation."
11,Auditor General Report - The National Treasury FY ending 30th June 2024
11,Financial Analysis
11,Proin sagittis feugiat elit finibus pretium. Donec et tortor non purus vulputate tincidunt.
11,"Great design, beauty theme best ever !"
11,2nd-AFRICA-PEAR-REVIEW-MECHANISM-Country-Review-Report-For-The-Rebublic-Of-Kenya-2017
11,Petititon Commitee Regulations
11,2nd-AFRICA-PEAR-REVIEW-MECHANISM-Country-Review-Report-For-The-Rebublic-Of-Kenya
11,IFMIS Strategic Plan
11,The Medium-Term Revenue Strategy
11,APPLICATION FORM FOR THE YEAR 2025.FULL TIME SNE DIPLOMA COURSE AT KENYA INSTITUTE OF SPECIAL EDUCATION
11,RECRUITMENT OF SPECIAL NEEDS EDUCATION (SNE) DIPLOMA FULL TIME IN-SERVICE COURSE AT THE KENYA INSTITUTE OF SPECIAL EDUCATION (KISE) FOR THE YEAR 2025/sites/default/files/MOE%20SNE%20DIPLOMA%20ADVERT%20%20APRIL%202025.pdf
11,NCB-G02 /MOE-TVET/TVET/KfW 2020 65 068/2024-2025
11,Duis sed odio sit amet nibh vulputate cursus a sit amet mauris cumsan ipsum velit nam nec tellus a odio tincidunt auctor a ornare odiosedon mauris vitae erat consequat auctor eu in elit. Class aptent taciti sociosqu ad litora torquent per.
11,01. our mission
11,Overview Company
11,Looks awesome on any mobile different devices but you can customize each element’s easily to manage Visual Composer responsive options window. Our built-in mega menu is the perfect choice for large menus.
11,02. our promise
11,03. core values
11,"Looks awesome on any mobile different devices but you can customize each element’s easily to manage Visual Composer responsive options window. Our built-in mega menu is the perfect choice for large menus.

Everything you expect from one of the world’s most trusted names in home services."
11,Our Company
11,H3 Heading
11,Hightlight
11,H4 Heading
11,"Lorem ipsum dolor sit amet, consectetur adipiscing elit. Aliquam iaculis lobortis commodo. Vestibulum ac lorem id enim viverra posuere. Duis malesuada accumsan metus, et rutrum ex venenatis vel. Vivamus semper orci mi, a laoreet Aliquam iaculis lobortis gravida. Donec id dui tortor. Ut lobortis maximus lectus, at convallis est ornare in. Donec condimentum, erat eget mollis venenatis, libero lorem consectetur ante, at vulputate mauris lectus a ligula. Duis et rutrum risus. Phasellus volutpat quis nunc nec tincidunt."
11,Dropcap
11,"A enean ac dignissim nibh. Suspendisse sapien. Donec in faucibus volutpat, velit in leo ultrices posuere ante a nisl. Sed nec magna. Donec enim luctus diam eu mauris. Pellentesque facilisis. Nulla augue a. orem ipsum dolor sit amet, consectetur adipiscing elit. Aliquam iaculis lobortis commodo. Vestibulum ac lorem id enim viverra estibulum ac. Pellentesque rhoncus vitae lorem vitae iaculis. Mauris sit amet feugiat lorem id enim viverra posuere

A enean ac dignissim nibh. Suspendisse sapien. Donec in faucibus volutpat, velit in leo ultrices posuere ante a nisl. Sed nec magna. Donec enim luctus diam eu mauris. Pellentesque facilisis. Nulla augue a. orem ipsum dolor sit amet, consectetur adipiscing elit. Aliquam iaculis lobortis commodo. Vestibulum ac lorem id enim viverra estibulum ac. Pellentesque rhoncus vitae lorem vitae iaculis. Mauris sit amet feugiat lorem id enim viverra posuere"
11,List style
11,"Lorem ipsum dolor sit amet, consectetur adipiscing elit. Aliquam iaculis lobortis commodo. Vestibulum ac lorem id enim viverra posuere. Duis malesuada accumsan metus, et rutrum ex venenatis vel. Vivamus semper orci mi, a laoreet tellus vestibulum gravida. Donec id dui tortor. Ut lobortis maximus lectus, at convallis est ornare in. Donec condimentum, erat eget mollis venenatis, libero lorem consectetur ante, at vulputate mauris lectus a ligula. Duis et rutrum risus. Phasellus volutpat quis nunc nec tincidunt.Aenean non lorem non nunc venenatis dignissim eget vel nulla. Class aptent taciti sociosqu ad litora torquent per conubia nostra, per inceptos himenaeos.

Lorem ipsum dolor sit amet, consectetur adipiscing elit. Aliquam iaculis lobortis commodo. Vestibulum ac lorem id enim viverra posuere. Duis malesuada accumsan metus, et rutrum ex venenatis vel. Vivamus semper orci mi, a laoreet tellus vestibulum gravida. Donec id dui tortor. Ut lobortis maximus lectus, at convallis est ornare in. Donec condimentum, erat eget mollis venenatis, libero lorem consectetur ante, at vulputate mauris lectus a ligula. Duis et rutrum risus. Phasellus volutpat quis nunc nec tincidunt.Aenean non lorem non nunc venenatis dignissim eget vel nulla. Class aptent taciti sociosqu ad litora torquent per conubia nostra, per inceptos himenaeos."
11,4th Annual Schoolyard Dash 5K
11,"Sed ut perspiciatis unde omnis iste natus error sit voluptatem accusantium doloremque laudantium, totam rem aperiam, eaque ipsa quae ab illo.

Sed ut perspiciatis unde omnis iste natus error sit voluptatem accusantium doloremque laudantium, totam rem aperiam, eaque ipsa quae ab illo inventore veritatis et quasi architecto beatae vitae dicta sunt explicabo. Nemo enim ipsam voluptatem quia voluptas sit aspernatur aut odit aut fugit, sed quia consequuntur magni dolores eos qui ratione voluptatem sequi nesciunt."
11,Online event registration done better
11,Proconstruction Services
11,"Circular No.21-2016 on Compliance with Quarterly Reporting as Outlined in the PFM ACT, 2012"
11,Provision Of Cleaning Services At Cbk Pension Towers On Third Floor
11,Kenya poised to be Africa’s Green Digital Hub
11,"Kenya is investing in visionary policies and strategies such as cloud computing, the national artificial strategy and expansive fiber-optic and broadband infrastructure, firmly positioning itself as the continent’s next digital powerhouse.

Speaking when he hosted H.E. Michael Lotem, Ambassador of Israel to Kenya for a high-level engagement on the countries' shared digital ambitions, ICT and Digital Economy Principal Secretary Eng.John Tanui noted that with over 90 percent of Kenya's energy coming from renewable sources, the country is positioning itself as a competitive host for efficient green energy digital infrastructure."
11,TICAD 9 YOKOHAMA DECLARATION
11,Diplomacy Journal Issue 1
11,"KENYA AND EGYPT ADVANCE STRATEGIC PARTNERSHIP, STRENGTHENING REGIONAL COOPERATION

Kenya and Egypt have begun implementing their Strategic and Comprehensive Partnership, signaling a deliberate shift toward structured cooperation between two of Africa’s most influential regional actors."
11,"Kenya Reaffirms Support for UN Reforms as Fifth Committee Meets in Nairobi

Kenya has reiterated its commitment to a stronger, more inclusive United Nations as senior diplomats and officials from the UN General Assembly’s Fifth Committee convened in Nairobi to deliberate on governance, financing, and institutional reform."
11,"The 30th edition of the Rome Marathon, held on 16th March 2025, attracted over 27,000 participants.

The 42 km race started at Via dei Fori Imperiali near the Colosseum and ended at the historic Circo Massimo."
11,Advancing AU Institutional Reforms
11,"Advancing AU Institutional Reforms: Kenya Holds Collaborative Consultative Meeting

Following the appointment of President William Ruto by his peers as the African Union (AU) Champion for Institutional Reforms in February 2024, the Ministry of Foreign and Diaspora Affairs was tasked the responsibility of steering the President's mandate as the Champion."
11,Unveiling Kenya’s 8th globally recognized Site; Gedi National Monument recognised as UNESCO World Heritage Site.
11,"The event also marked a historic moment, celebrating the 40th anniversary of the discovery of Turkana Boy and the return of British colonial documents from 1908 to 1968 to their rightful home in Kenya."
11,Kenya Feted in Ethiopia
11,"On August 29, 2024, Ambassador George M. Orina, Ambassador/Permanent Representative, was honoured to receive an award on behalf of the Republic of Kenya from Hon. Temesgen Tiruneh, the Deputy Prime Minister of the Federal Democratic Republic of Ethiopia.

Kenya was feted for being the continent's leading trade partner in pulses with Ethiopia. This unique gesture serves as a testament to the amicable relationship between Kenya and Ethiopia, as well as a distinct indication of the expanding trade flows between the two nations. It is anticipated that bilateral trade will experience an even greater expansion within the AfCFTA framework."
11,"Diaspora Affairs PS Ms Roseline Kathure Njogu has stressed that the Kenyan Diaspora serves as a bridge between Kenya and the global market on matters trade. Speaking during the opening session of the diaspora-driven UK-Kenya Trade Mission 2024 in Nairobi, PS Njogu, said the Kenyan Diaspora is a valuable asset to both Kenya and their particular host countries. “The Kenyan diaspora is one of our most valuable assets. With a presence across the world, particularly in the United Kingdom and Commonwealth countries, the diaspora serves as a bridge between Kenya and the global market.” she said.

The PS asserted that the Kenya Diaspora is not just a community abroad but a vital component on the trade value chain."
11,"Eng. John Tanui, Principal Secretary for ICT and Digital Economy, was the keynote speaker this afternoon during the panel discussion on the Business Process Outsourcing (BPO) track on day one of the Connected Africa Summit 2025 (CAS25). The summit, themed ""The Digital Journey: Vision to Reality,"" is being held at the Diamonds Leisure Beach and Golf Resort in Diani.

In his address, PS Tanui highlighted the vast potential of the global BPO market, currently valued at over $260 billion and projected to exceed $500 billion."
11,"The Women in Diplomacy Leadership Programme 2026 has commenced in Nairobi, bringing together women diplomats from Kenya’s Foreign Service for a three-day capacity-building initiative aimed at enhancing leadership, negotiation, communication, and policy influence skills.

The programme was officially launched by H.E. Gisele Fernández Ludlow, Ambassador of Mexico to Kenya; Dr. Ishmael Shaiye, Director of the Office of Strategic Partnerships and Donor Relations; Ms. Carolina Unger, Deputy Director of the Konrad Adenauer Stiftung Kenya Office; and the Acting Director of the Foreign Service Academy, Ambassador Wamoto."
11,"To project, promote and protect Kenya’s interests and image globally through innovative diplomacy, and contribute towards a just, peaceful and equitable world."
11,"Ø

Ø Patriotism"
11,"Statistics:

Clarifications & misinformation"
11,"Tax compliance refers to adhering to tax laws, including registration, filing, and payment of taxes. All individuals, businesses, and organizations earning income or engaging in taxable activities must comply.

Non-compliance can result in penalties, fines, interest on unpaid taxes, and legal action in severe cases."
11,PS ICT Eng. John Kipchumba Tanui’s Arrival for Inspection of the Siaya Community Digital Hub
11,"Eng. John Kipchumba Tanui, Principal Secretary for ICT and the Digital Economy, today arrived in Siaya for an inspection and tour of the Siaya Community Digital Hub ahead of its official launch tomorrow.

He was accompanied by John Kiarie, Member of Parliament for Dagoretti South and Chairperson of the Parliamentary Committee on ICT."
11,Opinion Piece: Building Digital Trust: Kenya’s Path in the Age of AI Weaponization
11,"By Stephen Isaboke, EBS

In today’s digital age we are experiencing a shift in how we share and receive information. While we have more data at our fingertips than ever before, it has become increasingly complex for the public to tell the difference between verified truth and sophisticated digital falsehoods."
11,PS Isaboke Supports Stronger Industry Collaboration Ahead of Broadcasters Convention
11,"Principal Secretary for Broadcasting and Telecommunications, Mr Stephen Isaboke, EBS, today held a courtesy meeting with officials from the National Association of Professional Broadcasters (NAPB), where discussions focused on strengthening professionalism, ethical standards and excellence within the broadcasting industry.

The discussions highlighted the importance of supporting professional bodies in advancing industry growth, promoting best practices and enhancing capacity building among media practitioners."
11,Why Would my Tax Agent License be Cancelled?
11,Voluntary Cancellation
11,"Your license can be cancelled if :

1. A tax return prepared and filed by the tax agent is false."
11,Nairobi County develops new Standard Operating Procedures to enhance rider safety and helmet compliance
11,"Kenya’s participation in the Mobile World Congress (MWC) Shanghai 2026 has reinforced the country’s commitment to advancing digital transformation, artificial intelligence, and inclusive connectivity as key pillars of its development agenda.

Principal Secretary for Broadcasting and Telecommunications, Mr. Stephen Isaboke, is representing Kenya at the global technology gathering, which brought together industry leaders, policymakers, and innovators to explore the future of digital infrastructure and the emerging intelligent economy."
11,"Principal Secretary for Broadcasting and Telecommunications, Mr Stephen Isaboke, EBS, today hosted a delegation from the GSMA led by Mr. John Giusti, Chief Regulatory Officer and President of the GSMA Mobile for Development Foundation.

The meeting provided an opportunity to discuss areas of mutual interest and strengthen collaboration in advancing Kenya's digital transformation agenda. Discussions focused on investment opportunities in the ICT sector, the key drivers shaping the new digital era, and the importance of ensuring quality of service and network reliability for consumers."
11,Nairobi charts path to climate resilience with focus on data and inclusive planning
11,"Nairobi, 25th April 2026

Nairobi County has commenced the development of a Climate Adaptation and Resilience Plan aimed at strengthening the city’s response to climate risks and addressing the cost of inaction."
11,Nairobi County bolsters urban health with landmark Qatar-Amref partnership
11,"Nairobi, 27th February​, 2026

Nairobi City County has solidified a strategic partnership with Amref Health Africa to launch the Urban Health Project, a high-impact initiative funded by the Qatar Fund for Development (QFFD)."
11,"Good policies shape efficient institutions, enhance accountability, and ensure citizens receive quality services. A strong legal and governance framework is essential in streamlining public service delivery and promoting transparency.

This afternoon, the Principal Secretary for Public Service and Human Capital Development, Dr. Jane Kere Imbunya, joined a team drawn from the Huduma Kenya Secretariat and the State Department for Public Service and Human Capital Development to assess the progress of the ongoing review of the Huduma Kenya One-Stop Shop Policy and Bill in Machakos County."
11,Celebrating Customer Service Week!
11,"Happy Customer Service Week 2024!

This year’s theme 'Above and Beyond' mirrors our drive to push the boundaries of excellence. Hon. Justin B. Muturi CS Public Service, proudly leads the way as he sets off the vibrant Huduma Kenya Customer Service Week procession, embodying our shared commitment to delivering exceptional service to all. Together, we’re raising the standard and creating unforgettable experiences!""#Happycustomerserviceweek!"
11,"The Principal Secretary, State Department for Public Service and Human Capital Development, Dr. Jane Imbunya, today, held a consultative meeting with the National Youth Service (NYS) management team led by Commandant General Mr. James Tembur.

The meeting focused on key strategic and operational issues, including:"
11,"HR Professionals to Convene in Mombasa for the 11th Annual National HRM Congress

The Institute of Human Resource Management (IHRM) is set to host its 11th Annual National Human Resource Management Congress from 27th to 30th May 2025 at Sarova Whitesands Beach Resort in Mombasa. This year's congress will run under the theme: “Reimagining HR: Navigating Strategy, People & Technology.”"
11,"Public Service PS Dr. Jane Kere Imbunya Welcomes Newly Appointed Clerical Officers with Induction Exercise in Kitui - 21st May, 2025

A new cohort of Clerical Officers II, CSG 13, was officially inducted into the Public Service today at a ceremony held at the Kitui Multipurpose Development Centre. The induction marks a pivotal moment for the newly appointed officers drawn from various Ministries and State Departments."
11,"Wednesday, 11th June 2025, KICC Nairobi, Kenya

The second day of the Africa Public Service Day (APSD) 2025 celebrations delivered insightful conversations on the future of governance in Africa, centering on inclusivity, legal reform, and digital transformation."
11,APSD 2025 Kenya Celebrations Communique
11,"Symposium Communique on the 2025 Africa Public Service Day National Celebrations held from 10th – 12th June 2025 at the Kenyatta International Convention Center, Nairobi.

Theme: “Enhancing the Agility and Resilience of Public Institutions to Achieve Equitable Governance and Rapidly Address Historical Service Delivery Gaps.”"
11,Monthly Principal Secretaries Coordination Forum
11,"Wednesday 6th August, 2025KICC

Dr. Jane Kere Imbunya, Principal Secretary, Public Service & Human Capital Development, joined the Chief of Staff and Head of Public Service, Mr. Felix Koskei, alongside fellow Principal Secretaries for the PS's monthly meeting."
11,Strategic Retreat to drive NYS into the future
11,"Wednesday, 6th August 2025Naivasha

Reviewing and enhancing institutional frameworks is essential for effective implementation, improved service delivery, and alignment with evolving national priorities. It also promotes transparency and accountability in public institutions."
11,Katibu Mkuu Dkt. Jane Kere Imbunya Azungumzia Utendakazi Serikalini
11,"Katibu Mkuu Dkt. Jane Kere Imbunya Azungumzia Utendakazi Serikalini

Katibu Mkuu wa Utumishi wa Umma, Dkt. Jane Kere Imbunya, tarehe mosi alishiriki mahojiano katika kipindi cha Jambo Kenya cha Redio Citizen. Katika mahojiano hayo, alitumia fursa hiyo kuangazia masuala muhimu yanayohusu idara yake pamoja na utendakazi wa serikali kwa jumla."
11,EMBRACING TECHNOLOGY FOR EFFECTIVE AND EFFICIENT SERVICE DELIVERY
11,"The Principal Secretary for Public Service and Human Capital Development, Dr. Jane Kere Imbunya, this evening held a strategic meeting with tech entrepreneur Mr. Humphrey Muchuma, Founder and Group CEO of INUA AI Group.

INUA AI Group is at the forefront of driving digital transformation, workforce development, and AI-aligned opportunities across Africa, with a strong focus on future-ready skills."
11,"Public Service and Human Capital Development Principal Secretary Dr. Jane Kere Imbunya attended the 14th Development Partnership Forum hosted by the Deputy President H.E. Prof. Kithure Kindiki, at his official residence in Karen.

The forum underscored the critical role that development partners continue to play in supporting Kenya’s national development agenda."
11,What are the taxes exempted and what legislation supports the exemption?
11,Who is a returning resident?
11,"Returning residents are exempt from payment of Import Duty, Excise Duty, Value Added Tax (VAT), and Import Declaration Fee (IDF). The following are the legal provisions for the exemption of the said taxes:

Railway Development Levy (RDL) is chargeable under Section 8 of the Miscellaneous Fees and Levies Act, Cap 469C."
11,What goods are covered under the exemption regime for returning residents?
11,"For qualification of exemption as a returning resident, the following conditions apply:"
11,"State Department for Public Service and Human Capital Development Principal Secretary Dr. Jane Kere Imbunya has today presided over the opening of the Africa Transformation Leadership Conference in Nairobi.

Hosted by the Institute of Human Resource Management (IHRM) in partnership with K2 Career Centre, the conference is themed: “Rooted and Rising: Powering Growth Through Authentic Transformational Leadership for Africa.”"
11,PS DR. IMBUNYA COMMENDS EXPANSION OF NEA SERVICES AT HUDUMA CENTRES
11,"PS DR. IMBUNYA COMMENDS EXPANSION OF NEA SERVICES AT HUDUMA CENTRES

Principal Secretary for Public Service and Human Capital Development, Dr. Jane Kere Imbunya, made a stopover at the Huduma Centres in Kisumu and Kakamega to assess service delivery levels and customer satisfaction."
11,Quarterly GDP
11,Regional Economic Dynamics: Explore how different regions within Kenya contribute to the overall GDP. It’s valuable for regional development planning and investment strategies.
11,External Trade and GDP Report
11,International Trade Impact: Understand the relationship between Kenya’s external trade activities and its GDP. This report sheds light on how global markets influence the nation’s economic health.
11,Historical GDP Trends
11,"Past to Present: Delve into historical GDP data to identify long-term economic trends and cycles, aiding in strategic planning and policy formulation."
11,"These Quarterly GDP Reports provide a comprehensive view of Kenya's economic performance, offering valuable insights for businesses, investors, and policymakers. They are your compass in navigating Kenya's economic landscape."
11,A measure of our nation's economic health.
11,Quarterly Gross Domestic Product – First Quarter 2026
11,Rate of Tax
11,What is the Tax Point?
11,The rate of tax is 15% of the net gain. It is a final tax i.e. the Capital Gain is not subject to further taxation after payment of the 15% rate of tax.Net Gain is Sales Proceeds minus the Acquisition and Incidental costCGT is on gains arising from sale of property.
11,How to Compute Capital Gains Tax
11,"On 17th May at the East Africa Superwoman Awards at the Argyle Grand Hotel, PS Dr. Jane Kere Imbunya reflected on her journey from a small village to a stage celebrating resilience, courage, and leadership.

In her message, she reminded women that their beginnings do not define their endings and encouraged those facing unseen battles to keep going. Inspired by the brilliance of women across all fields, she reaffirmed her commitment to creating more opportunities for women to lead, serve, and transform communities."
11,Step by Step Guide for PIN Registration [Non- Individual ]
11,"NAIROBI METROPOLITAN SERVICE IMPROVEMENT PROJECT URBAN RENEWAL PLAN FOR EASTLANDS, NAIROBI FINAL PLAN REPORT Plan Ref. No. UP/UPR&S/URP-E/ZONE8/170/09/19 Vol. 3 ANNEXES AND APPENDICES"
11,Business Hustler and Opportunities Draft Sector Report and MTEF FY 2024-2025
11,"Business Hustler and Opportunities Draft Sector Report and MTEF FY 2024-2025

General Inquiries"
11,"NAIROBI METROPOLITAN SERVICE IMPROVEMENT PROJECT URBAN RENEWAL PLAN FOR EASTLANDS, NAIROBI-FINAL PLAN REPORT Plan Ref. No. UP/UPR&S/URP-E/ZONE8/170/09/19 Vol. 2 URBAN RENEWAL PLAN"
11,"You can request for cancellation of your PIN or Tax Obligations.

Apply for Cancellation"
11,"Accountability, transparency, excellence, accessibility, integrity, responsiveness, equity and team work.

After the elections of 2013, Nairobi City Council became Nairobi City County. Nairobi City County elected its first Governor in March 2013."
11,Kenya
11,"Situated in Eastern Africa, the Republic of Kenya is a country of remarkable diversity, strategic importance, and vibrant growth. It presently has a population of approximately 54.9 million people, according to statistics from the Kenya Bureau of Statistics. 2024 UN estimates.

Kenya's capital city, Nairobi, sits in the south-central part of the country and serves as a major regional, political, economic, and cultural hub in Africa."
11,"Nairobi, 9th June, 2026

Nairobi County has taken a significant step towards improving road safety by developing Standard Operating Procedures (SOPs) for the enforcement of helmet use and safety obligations among motorcycle and wheeled cycle operators."
11,Artificial Intelligence Must Now Mean Africa is included Guterres Tells TICAD9 Summit
11,"United Nations Secretary-General António Guterres has challenged world leaders to embrace Africa’s demographic strength, natural wealth, and technological potential as catalysts for global progress.

While delivering his keynote address at the 9th Tokyo International Conference on African Development (TICAD9) in Yokohama, Mr. Guterres underscored the urgency of reform, investment, and partnership to unlock Africa’s vast opportunities."
11,"In this Jan- March 2025 edition https://mfa.go.ke/sites/default/files/2025-05/Jan-Mar%202025%20Newsletter.pdf interesting areas include:

The African Union’s Journey for Reforms; Understanding the historical background to the AU’s theme of the year 2025 Year of Reparations;"
11,Benjamin Avusevwa
11,"Director, Statistical Coordination and Methods"
11,"The Board of Directors, Management and Staff of Kenya National Bureau of Statistics warmly welcome Dr. Jane Weru to the Bureau. Dr. Weru is the new Director Corporate Services having taken over from Madam Ann Mburu who exited the Bureau last year.

Dr. Weru brings 23 years of extensive management and technical experience in human resource management having served in diverse human resource leadership positions. Prior to joining KNBS, she served as a Senior Lecturer at the South Eastern Kenya University-School of Business and Economics and served in an acting capacity as the Director-Human Resource management in the same University; was a Deputy Director at the State Corporations Advisory Committee and Head of Human Resource Management at Technical University of Mombasa. She has wealth of experience on governance and management of state corporations having worked in the inspectorate of state corporations for thirteen (13) years."
11,A strict preventative spraying schedule against late blight is necessary as Arizona is susceptible to this.
11,Tuber features
11,"C

CS Hon. FCPA John Mbadi this morning hosted a productive engagement with the Interreligious Council of Kenya (IRCK) to deliberate on critical economic and social issues affecting Kenyans. Present were PS for Economic Planning, Mr. James Muhati."
11,Annual General Meeting (AGM)
11,Human Resource Database
11,"Local and international tours are organized to visit institutions of learning for bench marking, sharing of experiences and best practices in the provision of education."
11,Digital Skills
11,"The development of quality ICT human resources is a prerequisite to the development of a viable ICT sector. It ensures that ICT development, implementation and exploitation are integral and sustainable components of development.

Kenya has low and intermediate digital skilled experts with few professionals possessing advanced digital skills. High-end ICT skills are essential to facilitate a vibrant digital economy, design and support complex digital Systems as well as spur innovation. Digital skills constitute the foundation for accessing, adopting, adapting and benefiting from emerging technologies"
11,"There are a few instances where withholding tax is a final tax.

Withholding tax of is final when deducted in relation to a payment made to a non-resident person with no permanent establishment in Kenya"
11,"Ministry of Information, Communications & The Digital EconomyGPO Telposta Towers, Koinange StreetP.O BOX 30025-00100 Nairobi, KenyaTel: +254-020-4920000 /1 OR +254-020-920030Email: info@information.go.ke"
11,"Principal Secretary for Broadcasting and Telecommunications, Mr Stephen Isaboke, today hosted a group of young creatives for an engaging and insightful conversation on the future of Kenya’s creative economy.

The discussions explored the immense potential within the sector and the pathways needed to nurture and grow young talent. From music and film to digital content and design, it was evident that young people are not just participating in the industry—they are actively shaping it and redefining its future."
11,"The Principal Secretary for Broadcasting and Telecommunications, Mr Stephen Isaboke, EBS, today hosted a delegation from Huawei Kenya led by Deputy Chief Executive Officer Mr. Sun Quan James and Director for Policy and Partnerships Mr. Adam Lane.

The meeting focused on strengthening connectivity and telecommunications infrastructure to support key national projects, including Talanta Stadium and its associated facilities."
11,Optic Fibre Cable
11,"By June 2013, 4,300 Km of the National Optic Fibre Backbone (NOFBI) Network had been laid in 27 Counties. In June 2016, over 6, 000 Km of NOFBI network had been laid across all the 47 Counties. 44 out of 46 OSP and LAN survey in the Counties have been completed. Installation of equipment has been completed in 29 Counties while installation works is in progress in 9 Counties.

OSP and LAN has been completed in 29 Counties. Installation is on-going in the 12 Counties while 5 Counties are awaiting approval of design and wayleave."
11,SEEQIP featured in the KEPSHA 2025 National AGM
11,SEEQIP LATEST NEWs
11,"SEEQIP featured in the KEPSHA 2025 National AGM and Conference Magazine “Building Futures: How SEEQIP Will Transform Kenya’s Secondary Education Landscape.” The article highlights the transformative role of the Secondary Education Quality Improvement Project (SEEQIP) in shaping the future of secondary education across the country. Pg 28-29 KEPSHA 2025

SEEQIP PRESENTATION AT KEPSHA"
11,Proposed Privatisation of Kenya Pipeline Company Limited
11,"The National Treasury Cabinet Secretary,Hon. FCPA John Mbadi Ng’ongo and the Principal Secretary Dr. Chris Kiptoo yesterday made submissions to the Parliamentary Committee on Public Debt and Privatization on the National Treasury’s Sessional Paper No. 2 of 2025, which proposes the listing of the Kenya Pipeline Company (KPC) through an Initial Public Offer (IPO) on the Nairobi Securities Exchange."
11,"CLARIFICATIONS -SUPPLY AND DELIVERY OF ASSISTIVE DEVICES FOR LEARNERS WITH SPECIAL NEEDS

ADDENDUM TENDER FOR PROPOSED ERECTION AND COMPLETION OF TWIN WORKSHOP, CLASSROOMS AND OFFICES BLOCK IN FOURTEEN (14) TECHNICAL VOCATIONAL COLLEGES IN FOURTEEN (14) CONSTITUENCIES"
11,ISO 9001:2015 is an internationally recognized standard for quality management systems (QMS)
11,About ISO 9001:2015
11,"ISO 9001:2015 is an internationally recognized standard for quality management systems (QMS). It is part of the ISO 9000 family of standards, which provides guidelines and criteria for organizations to establish, implement, and improve their quality management practices. ISO 9001:2015 sets out the criteria for a QMS that focuses on enhancing customer satisfaction by meeting customer requirements and continually improving processes.

The Kenya National Bureau of Statistics (KNBS) is a State Corporation established by the Statistics Act, 2006, for the collection, compilation, analysis, publication and dissemination of statistical information, and the coordination of the national statistical system. It is the principal agency of the Government for collecting, analysing and disseminating statistical data in Kenya and the custodian of official statistical information"
11,"ADDENDUM NO.2- INVITATION TO PRE-QUALIFIED SUPPLIERS UNDER FOOD (RICE, BEANS, VEGETABLE OIL AND SALT)

ADDENDUM NO.1- INVITATION TO PRE-QUALIFIED SUPPLIERS UNDER FOOD (RICE, BEANS, VEGETABLE OIL AND SALT)"
11,Kenya RE Annual Report 2021
11,LAPSSET Corridor Development Authority 2020-2021 FY
11,Kenya Power and Lightning Company 2020-2021 FY
11,"The Kenya International Investment Conference 2026 opens in Nairobi

The Kenya International Investment Conference 2026 kicked off today in Nairobi, bringing together global investors, policymakers and private sector leaders to explore new opportunities for business and partnership in Kenya.The three-day conference forms part of a broader investment platform that also features the 2nd COMESA Investment Forum and the Africa Green Industrialization Initiative (AGII) Forum"
11,Kenya Showcases Rule-of-Law Credentials at 19th Ambassadors’ Conference
11,"Kenya Showcases Rule-of-Law Credentials at 19th Ambassadors’ Conference

Kenya has reaffirmed the central role of judicial independence and constitutional governance in its diplomatic posture, using the 19th Ambassadors’ Conference as a platform to highlight its commitment to a rules-based international order."
11,"President Ruto Urges Africa to Finance Its Own Infrastructure as Nairobi Hosts Landmark Summit

The inaugural Africa We Build Summit 2026 opened today in Nairobi under the theme “Infrastructure as the Engine of Industrialisation.”"
11,Foreign Service Academy Convenes Inaugural Research Caucus on Kenya’s Diplomatic Future
11,"Foreign Service Academy Convenes Inaugural Research Caucus on Kenya’s Diplomatic Future

Kenya’s Foreign Service Academy hosted its inaugural Research Caucus, bringing together international relations scholars, policy analysts, and seasoned diplomats—both serving and retired—to deliberate on the future of the country’s diplomacy amid a shifting global order."
11,Quarterly BOP
11,Kenya's Global Economic Connections
11,Kenya National Bureau of Statistics is ISO 9001:2015 Certified
11,Quarterly Balance of Payments – Second Quarter 2018
11,"Anticipating International Trade Trends: This report offers forecasts and outlooks for Kenya’s BOP, helping businesses and investors anticipate global trade trends and make informed decisions."
11,Quarterly Balance of Payments – First Quarter 2026
11,Quarterly Balance of Payments – Third Quarter 2025
11,Quarterly Balance of Payments – Second Quarter 2025
11,Quarterly Balance of Payments – First Quarter 2025
11,Quarterly Balance of Payments – First Quarter 2024
11,Quarterly Balance of Payments Third Quarter 2023
11,Quarterly Balance of Payments – Second Quarter 2023
11,Quarterly Balance of Payments – First Quarter 2023
11,Quarterly Balance of Payments – Third Quarter 2022
11,Quarterly Balance of Payments – Third Quarter 2021
11,Quarterly Balance of Payments – Second Quarter 2021
11,Quarterly Balance of Payments – First Quarter 2021
11,Quarterly Balance of Payments – Third Quarter 2020
11,Quarterly Balance of Payments – Second Quarter 2020
11,Quarterly Balance of Payments – First Quarter 2020
11,Quarterly Balance of Payments – Third Quarter 2019
11,Quarterly Balance of Payments – First Quarter 2019
11,Quarterly Balance of Payments – Third Quarter 2018
11,The Nairobi City County Sexual and Gender Based Violence Management and Control Bill 2019
11,"Nairobi City County developed this bill to create awareness, prevention and support to victims of GBV. Kindly review and advice to enrich the bill before it is passed by the County Assembly. You may quote the clause, proposed amendment and justification. You may also make general observations on the bill and make input.

Kindly submit on or before 20th August,2020."
11,What is Rent?
11,Rent means payments received from a right granted to another person for use or occupation of immovable property which includes premium or similar consideration received for the use or occupation of property.
11,Overview of Monthly Rental Income (MRI)
11,Exemptions from MRI
11,"The Finance 2023 Act has introduced a provision for appointment of rental income tax agents for the purposes of collection and remittance of rental income tax to the Commissioner (effective 1st July 2023.) The tax shall be charged at 7.5% effective 1st January 2024 and remitted by the fifth working day after the deduction was made. Further, the Commissioner may revoke this appointment at any time."
11,How to file MRI
11,"What is input tax deduction?

It is the right of a VAT-registered business to claim back the VAT paid on purchases and imports, as long as those purchases are used to make taxable supplies."
11,"18) Can digital service providers amend a VAT return?

An amended return can be done to rectify a position in line with the provisions of the Tax Procedures Act (“TPA”). However, Where an amendment results in an overpayment of tax, the overpaid amount shall be retained as a credit in favour of the person who overpaid and offset against the tax payable in the subsequent tax period."
11,We all have a role to play- Embracing Gender Equity
11,"As the world celebrates International Women’s Day, the discourse is no longer centered around women’s traditional roles as home makers. Instead, the focus through the theme is on Embracing Gender Equity and acknowledging the outstanding contributions of women in all spheres of life. This day is about recognizing the achievements of women and advocating for their right.

The Focus on Embracing Gender Equity on International Women’s Day"
11,Who is a Tax Agent?
11,"They are individuals or partnerships that prepare taxes on your behalf.

They offer professional assistance to people or companies that can't or don't want to prepare taxes on their own."
11,The Buyer shall maintain records of invoices issued through their system for a minimum of five (5) years. The system shall maintain an audit trail for all relevant records.
11,Issue Management
11,What documents do I require to register for a PIN?
11,Excise duty is a tax imposed on goods and services manufactured in Kenya or imported into Kenya and specified in the first schedule of the Excise Duty Act (2015).
11,"Soma label is a mobile application that supports EGMS. The application enables consumers to verify the authenticity of excise stamps affixed on products.

Address"
11,How to Access the Migrated Data and Adjusting the Migrated Balances
11,Migrated Legacy System Balances
11,"The migrated Legacy System ledger balances can be viewed in the taxpayer’s iTax profile in the General Ledger under the ‘Account Type – Taxpayer Legacy Account’ Menu. Detailed statements of the migrated balances are also available for download under taxpayer’s iTax profile under the ‘Debt & Enforcement’ Menu.

The Legacy System data was validated and migrated as a net balance per period as per taxpayer’s submitted records."
11,Adjustments of the migrated balances
11,Migration of Legacy System data to iTax
11,"From August 2015, all taxpayers were on boarded into iTax which was an online system. Taxpayers could now file their returns independently and have sight of any updates in their profiles real time.

In order to have visibility of all the debts and taxpayer ledgers including those in the Legacy System, migration of Legacy ledger balances to the iTax system was necessary. Having successfully migrated the Legacy System data, the KRA is granting taxpayers an opportunity up to 31st December 2024 to review the migrated ledger balances and provide feedback on any gaps identified for adjustment or clarification."
11,Step by Step Guide for PIN Registration [ Individual ]
11,"While applying for the KRA PIN, you will be required to select a tax obligation. These tax obligations include:

Income Tax"
11,"e-Procurement

For more information on IFMIS, kindly visit www.ifmis.go.ke."
11,"Assets Management Indicator Guidelines in the Public Sector Performance Contracting (20th Cycle) FY 2023-24

State Corporations Annual Performance Evaluation Report for the FY 2021-2022"
11,Performance Contract Evaluation Report FY 2020-21
11,"FY 2018/19 - 2020/21

FY 2017/18 – 2019/20"
11,"Public Participation of the Draft National Policy on Virtual Assets and Virtual Asset Service Providers: and the Virtual Assets Service Providers Bill, 2024"
11,"Public Participation of the Draft National Policy on Virtual Assets and Virtual Asset Service Providers: and the Virtual Assets Service Providers Bill, 2024 taking place in Public Participation of the Draft National Policy on Virtual Assets and Virtual Asset Service Providers: and the Virtual Assets Service Providers Bill, 2024"
11,Launch of National Treasury & Planning website
11,"The National Treasury & Planning Cabinet Secretary Hon. Amb. Ukur Yattani will on 31st March 2021, 10.00 a.m, unveil the newly revamped National Treasury & Planning, and PFMR websites. The event will take place at the National Treasury building."
11,Reporting Templates
11,"Principal Secretary for Public Service, Dr. Jane Kere Imbunya, today joined His Excellency President William Samoei Ruto in the official launch of the NYOTA Programme at the Mumias Sports Complex in Kakamega County.During the event, President Ruto unveiled the business support initiative targeting young people across the country. Under the programme, beneficiaries will receive KSh 50,000 in support capital, with the first instalment of KSh 25,000 already disbursed instantly at the press of a button.The launch attracted a huge turnout, with over 12,000 youth attending the event in Mumias — a clear indicator of the growing interest and anticipation for opportunities that empower young people to venture into enterprise and economic productivity."
11,"Nairobi, 17th June 2026

The Markets and Trade Sub-Sector today held a senior management meeting to review ongoing programmes and assess performance targets aimed at strengthening service delivery across the departments."
11,HIV and Tuberculosis
11,Micronutrient Supplementation and Deworming
11,Knowledge of HIV Prevention Methods
11,Menstrual Hygiene
11,Handwashing
11,"Further, 97% used appropriate materials during their last menstruation. The most commonly used material to collect or absorb blood from the most recent menstrual period is disposable sanitary pads (91%) followed by reusable sanitary pads (5%)."
11,Sanitation
11,Pregnancy Outcomes and Induced
11,Teenage Pregnancy
11,"Of all pregnancies to women age 15-49 ending in the 3 years before the survey, 88% resulted in live births, 10% were miscarriages, 2% stillbirths, and less than 1% were induced abortions.

Nine percent of married women report having 1 or more co-wives while 5% of married men report having 2 or more wives."
11,Family Planning
11,Current Use of Family Planning
11,59% use a modern method. The most popular type of family planning method for sexually active unmarried women is the male condom. The use of implants is higher in rural areas (16%) than in urban areas (7%).
11,Trends in Family Planning Use
11,Disability
11,"Disability, Health Insurance, Social Assistance"
11,"The 2022 KDHS included questions about 6 functional domains of disability – seeing, hearing, communicating, cognition, walking, and self-care – among the household population age 5 and above.

Overall, 5% of the household population age 5 and above has a lot of difficulty or cannot function in at least one domain. Fifteen percent of the population age 5 and older are reported to have some level of difficulty in at least one domain. The most common type of disability is disability in mobility (2%) followed by disability in vision (2%)."
11,"Kenya and South Africa Strengthen Bilateral Relations Through Six New Cooperation Agreements

President William Ruto and South African President Cyril Ramaphosa have witnessed the signing of six Memoranda of Understanding (MoUs) aimed at strengthening bilateral cooperation and advancing the strategic partnership between Kenya and South Africa."
11,Ambulance Fees
11,Birth and Death Certificates
11,"Supervisor , Fire Station-Tom Mboya Street"
11,Pumwani
11,"The procedure for developing bills in Kenya follows a well-defined process outlined in the Constitution of Kenya (2010) and the Standing Orders of the Parliament of Kenya. This procedure is designed to ensure that laws are made through a democratic process, with adequate public participation and scrutiny.

These are the laws that the National Treasury has to date introduced in Parliament as new legislation, to amend an existing legislation or to repeal existing law(s)."
11,"The Ministry of Foreign and Diaspora Affairs has begun a comprehensive review of the outcomes of Kenya’s international engagements to ensure that diplomacy continues to deliver tangible benefits to citizens through increased investment, job creation, technology transfer and sustainable development.

The review is being undertaken through the Foreign Policy Outcomes and Deliverables Review Retreat 2026, which brings together senior officials and technical experts to assess how Kenya’s engagements with international partners are contributing to national development priorities and improving the lives of Kenyans."
11,Boroughs and Sub County Administration Draft Sector Report and MTEF FY 2024-2025
11,"Boroughs and Sub County Administration Draft Sector Report and MTEF FY 2024-2025

General Inquiries"
11,Geofrey Omatoke Mosiria
11,Ag. Chief officer- Security and Compliance
11,Eng. Bob Ariemba
11,Ag. Chief officer- Works
11,Dr. Machel Waikenda
11,"As a cooperative, Agrico is committed to collaboration and partnership. It believes collaboration is the best guarantee for excellent growth and achieving the highest quality.

In Kenya, Migotiyo Plantations Limited (“MPL”) was the best matching and most professional partner. The agreement was made to establish a Kenyan Joint Venture that would import, multiply and distribute seed potatoes on a large scale in Kenya: Potato Services Africa (“PSA”) was born. Since 2016, PSA has been investing in a state-of-the-art infrastructure – including in ventilated cold storage, handling and field equipment and drip irrigation – enabling PSA to supply seed potatoes to Kenyan farmers all year round. In view of the fact that PSA’s goals seamlessly matched Kenyan and Dutch development policy goals, the Dutch government decided to co-finance PSA during its start-up phase."
11,Farmer ecosystem
11,"From the very beginning, PSA has been aware that providing Kenyan farmers access to certified seed potatoes was only one (important) piece of the puzzle. Yet in order to create a sustainable value chain, a “farmer ecosystem” needed to be created, providing collaborating farmers access to:

Hence, from day one, creating and scaling up this farmer ecosystem has been – and will continue to be – the centre of our potato value chain development strategy. Naturally, PSA cannot do this by itself and therefore we have been collaborating with various strategic partners that share our holistic view."
11,Templates for 2024
11,Debt and Borrowing Policy
11,Debt and Debt Sustainability Indicators
11,Fiscal Commitment & Contingent Liabilities
11,Kenya External Resources Policy
11,Sustainability-Linked Financing Framework
11,"The Strategic Plan is guided by the Bureau's Vision; ""Quality Statistics for better lives"" while the mission is; ""Provide, manage and promote quality statistics through utilization of best practices for public use."""
11,Methodology of developing the Strategic Plan
11,"PS Stephen Isaboke, EBS, has been appointed the Goodwill Ambassador for Shabana FC. He received the news through the club's Secretary General, Dr Elizaphan Kerama and Vice-Chairperson Eng. Albert Ocharo.

Our Contacts"
11,"Principal Secretary for Broadcasting and Telecommunications, Mr Stephen Isaboke, EBS, met with a high level delegation from GSMA led by Ms Luciana Camargos, Global Head of Spectrum at GSMA; Ms Caroline Mbugua, Senior Director, Public Policy and Communications; Mr Luiz Felippe Zoghbi, Spectrum Engagement Director; and Senior Policy Manager, Sub-Saharan Africa Mr. Linus Melly. Also present was Secretary for Information and Broadcasting Mr. Temesi Mukani.

Our Contacts"
11,Human Resource Management Policy
11,"The Management Consultancy Services Department is mandated to advice the Public Service on appropriate organizational Structures; review and introduce modern management techniques towards attaining the goals of Vision 2030; interpret provisions of the Constitution and translate them into functions, structures, operations and staffing norms; formulate business solutions appropriate for the Public Service; develop and review Career Progression Guidelines; and undertake research, innovation and reforms to promote modernization of the Public Service."
11,Counselling and Wellness Services
11,"Counselling Unit was established in 2006 as part of the public sector reforms, aimed at improving productivity of public servants by enhancing their mental health and wellbeing. In September 2023 the Unit was upgraded into the Directorate of Counselling and Wellness Services.

Email: counsellingunit@psyg.go.ke"
11,Human Resource Information Services (HRIS)
11,Part 5: potato harvesting
11,"From our potato seed multiplication farm in Nakuru our Agrico agronomist demonstrates and teaches farmers step by step (preparation, planting, growing, harvesting) what profitable potato farming entails. Of course, the application of intensive management based on GAP is an important part of these training courses."
11,# 22 Harvest | maturing period
11,"Maturing period - In this video you learn about how to check for maturity of your potato crop; by visual observation for signs of physical maturity (wilting) and by performing the ‘finger test’. This is important to ensure maturity of the crop and to help farmers harvest at the right time to increase yield, quality and income.

Duration: 5.21 minutes"
11,# 23 Harvest | harvesting (mechanized)
11,"Furrow & ridge distances - In this video you will learn all about correct spacing of your potatoes; the recommendation is 30 cms between the seeds and 75cms between the rows. There are 2 different seed size, which have different planting rates.

Duration: 4:43 minutes"
11,# 6 Planting | seed selection
11,Governor Sakaja commits to new dawn for Gikomba traders as Riverfront Souk takes shape
11,"Nairobi, 15th May, 2026

Governor Sakaja Johnson has reaffirmed his administration’s commitment to fundamentally transform Gikomba Market into a modern economic hub, following a progress tour of the ongoing Riverfront souk market construction."
11,Farm Works Deductions
11,Computer software
11,"This deduction is a capital allowance granted to a farmer who incurs capital expenditure on the construction of farm works at the rate of 100% of the cost.

A farm work is any structure constructed to enhance the operations of a farm."
11,Special Economic Zones
11,Medical incentives
11,Incentives through Double Tax Agreement
11,"In the case of a full time employee including whole time service directors, the value of medical services provided by the employer or medical insurance provided by an insurance provider approved by the Commissioner and paid for by the employer on behalf of a full time employee."
11,"Kenya’s real Gross Domestic Product (GDP) grew by 4.6 per cent in 2025 compared to a growth of 4.7 per cent in 2024 supported by positive growths in all sectors of the economy. Notably, Agriculture, Forestry and Fishing sector, which accounts for over twenty per cent of the total economy expanded by 3.1 per cent. Construction activities rebounded from a 0.7 per cent contraction in 2024 to grow by 6.8 per cent in 2025. Similarly, Mining and Quarrying sector recovered from a 7.8 per cent contraction in 2024, to 14.9 per cent in 2025 partly driven by increased production of minerals used in cement production. Other sectors that recorded notable growth included Accommodation & Food Service (15.6%), Public Administration (8.3%), Financial & Insurance (6.5%), Information and Communication (4.8%). Transportation and Storage (3.7%) and Wholesale and Retail Trade (3.6%)."
11,Delegation from China visits City Hall
11,H.E Governor Mike Sonko emphasises on the need to eradicate corruption in the County
11,Food systems strategy workshop
11,78TH Ordinary Session Of The County Executive Committee Meeting
11,Sonko promises more protection to gazetted war grave sites in Nairobi
11,Sonko deploys disaster management officers in all Nairobi Sub-Counties
11,Shortlisted Candidates For Various Posts In Nairobi City County
11,"NAIROBI, November 27, 2019, GPS

The much awaited report of the Nairobi City County biometric exercise that kicked off in May 2019 is finally out."
11,"NAIROBI, December 2, 2019, GPS

Nairobi Governor Mike Sonko has reaffirmed his commitment to protect the 38 gazetted war grave sites in Nairobi."
11,Growing Nairobi population an indicator of more opportunities – Sonko
11,"Nairobi Governor Mike Sonko, Health Cabinet Secretary Sicily Kariuki and her Treasury counterpart Ukur Yatani during flagging off of the “Power March” walk on November 10, 2019 at Uhuru Park. PHOTO|GPS| Nairobi County

NAIROBI, November 10, 2019, GPS"
11,"Join us for an insightful session titled “Breaking Silos with Digital Innovation: Driving Equitable and Efficient Clinical Research In Africa” This virtual discussion will explore how digital platforms are transforming clinical research ecosystems, enabling collaboration, transparency, and inclusion across the continent.

Date: Friday,31 October 2025"
11,"Sonko mourns Moi, roots for unity and inclusivity."
11,"NAIROBI, February 9, 2019, GPS

Nairobi governor Mike Sonko has called on all the elected leaders to embrace the spirit of national unity and inclusivity in the country."
11,Nairobi County teams up with State officials to drive clean energy access for persons with disabilities
11,"Nairobi, 4th December 2025

Nairobi City County’s Executive Committee Member for Mobility and Works, Mr. Ibrahim Auma, yesterday joined senior officials from the State Department for Energy to mark the International Day of Persons with Disabilities with a powerful message of inclusion and dignity."
11,Nairobi County works towards strengthening gender inclusion in Revised Urban Agriculture and Livestock Policy.
11,"Machakos, 22nd November 2025

Nairobi City County’s Subsector of Food, Agriculture and Natural Resources in collaboration with Mazingira Institute convened a workshop to strengthen gender integration within the ongoing review of the Nairobi Urban and Peri-Urban Agriculture, Livestock and Fisheries Policy."
11,Nairobi City County unveils Air Quality Action Plan 2025-2029 and a Nairobi City owned data management system in a colourful ceremony
11,"Nairobi, 28th November 2025

Nairobi City County has today made a major achievement towards ensuring cleaner and healthier air by launching its second Air Quality Action Plan 2025-2029, and a Nairobi City owned data management system, supported by the Clean Air Fund’s Breathe Cities Initiative. These platforms will help the County strengthen its policy decisions, promote transparency and accountability as well as track progress in real time."
11,Nairobi city county Air quality Action Plan (2025-2029)
11,Valuation Roll task force retreat in Mombasa
11,"11.09 2019

The Nairobi city county task force on Land Valuation Roll is on a working retreat in Mombasa considering mechanisms for transitioning from the 1980 Valuation Roll. The taskforce is expected to come up with a new proposal of a rates struct for levying rates on property. Currently, the County Levies property rates at the rate of 25% of the 1980 Unimproved Site Values. For the last two days, the task force has been grappling with analysis of multiple variable covering 156,000 properties captured in the proposed 2019 valuation roll. The taskforce consists of technical teams from Lands, Economic Planning, Legal, Revenue and public communications."
11,Nairobi County Tourism department holds stakeholders meeting
11,"Nairobi 12.09.2019

Nairobi City County Tourism department on 12th September 2019 held a stakeholders meeting at a Nairobi hotel to have their input in the preliminary stages in development of the Nairobi City County Tourism strategy."
11,"Nairobi, 29th January 2026

Motorcycle crash victims now account for nearly 50 per cent of hospital bed occupancy in Nairobi, prompting Nairobi County to strengthen helmet-use regulations for bodaboda (motorcycle taxi) riders and passengers in a bid to curb preventable head injuries and deaths."
11,Nairobi County Fast-Tracks Urban Safety: County Sectors Unite to Streamline City Development agenda
11,"Nairobi, 5th February 2026

In a landmark move to end “silo” operations and bolster public safety, Nairobi City County’s Mobility & Works and Built Environment & Urban Planning sectors have announced a high level joint coordination pact."
11,Day
11,"Nairobi, 8th December, 2025

Nairobi County’s Tourism department will take part in the week-long Tourism, Wildlife, and Meetings, Incentives, Conferences, and Exhibitions (MICE) Week, a major highlight leading up to the Jamuhuri Day 2025 National Celebrations on December 12th."
11,Nairobi County Second Cohort of Students Graduate on basic Software Development
11,"NAIROBI: 8th December 2023

Nairobi County Innovation and Digital Economy Sector, in partnership with Moringa School, successfully graduated their second cohort of 55 students on basic software development with a focus on introduction to website design using HTML, Cascading Style Sheets (CSS) and Javascript."
11,County Chief Officers partner to extend clean up exercise to Muthurwa Market
11,Governor Sakaja Leads High-Level Meeting to Enhance Service Delivery and Transform the City into a Hub of Order and Opportunity
11,Education Innovation Summit 2023 Comes To a Close
11,"Nairobi, 25th November, 2023

Nairobi City County Executive for Talent, Skills Development and Care Rosemary Kariuki was among the panelist who attended the just concluded Education Innovation Summit 2023 held at The Kenya National Museums."
11,"Nairobi, 21st January, 2024

When Governor Sakaja Johnson assumed office in August 2022, he initiated talks with the Ministry of Roads and KeNHa to construct an exit of the Expressway into the Central Business District (CBD) which was omitted during the initial construction."
11,Nairobi County To Hire 194 New Drivers And Plant Operators
11,County Executive Maureen Njeri Champions Nairobi’s Manufacturing Future at the Changamka Kenya Shopping Festival 2023 Expo
11,"Nairobi 3rd February 2024

Nairobi City County yesterday partnered with National Environmental Management Authority to host World Wetland day commemorations at Dik-dik Gardens Wetland in Kileleshwa, Dagoretti North Sub County."
11,East Africa Regional Tourism Expo and 13th Magical Kenya Travel Expo Culminate in Spectacular Closing Ceremony at KICC: County Executive Calls for Continued Collaboration and Unveils Invitation to Nairobi Festival
11,"NAIROBI: 23rd November 2023.

Curtains draw at the East Africa Regional Tourism expo and the 13th magical Kenya travel expo at Kenyatta International Convention Center (KICC)."
11,Nairobi City County Unites for Comprehensive Disaster Management Plan Ahead of Impending El Niño Rains
11,"Nairobi, 23rd November 2023

Disaster management and coordination sector held a joint meeting with sub county and ward administrators, Kenya red cross and representatives of the Nairobi hub-caucus that brings together humanitarian aid workers drawn from donor and development partners."
11,Governor Sakaja administration increases Ward Development Fund from Kshs 1.4B to 2B in a bid to spur development in all 85wards in Nairobi
11,"Naivasha, 24th November, 2023

This financial year 2023/2024 The Ward Development Program (WDP) under the leadership of Nairobi Governor, Sakaja Johnson has increased Ward development fund allocation from Kshs 1.4B to KES 2B (17m to Kshs 23M per ward)."
11,Refugees Run for Peace concludes in Nairobi
11,"NAIROBI: 25th November 2023.

Chief Officer Youth, Talent and Sports, Oscar M. Igaida received Members of the Refugee World Peace Campaign who ran from Machakos to Nairobi in a campaign to promote peace."
11,Nairobi Ward Administrators Urged to Champion Effective Service Delivery and Community Engagement
11,"Nairobi, 30th November 2024

Nairobi Ward Administrators have been called upon to ensure they execute their mandates effectively and efficiently to Nairobi residents."
11,"Nairobi, 4th January, 2024 Nairobi Governor Sakaja Johnson has announced a strictly No CASH policy in Revenue collection.

Speaking at City Hall, Annex, where he recently launched the Customer Service Centre and where the Governor has been based since the new year, assisting the Revenue Collection and Customer care teams respectively with customer and payments management."
11,"Nairobi, Friday 08.03.2024

The stadium, which was commissioned by Nairobi County Governor Sakaja Johnson, will provide quality sporting facilities to more than one million city residents. View the commissioning event pictures and video…."
11,Nairobi County Treasury Facilitates Empowering Workshop for CBEF Members on Fiscal Strategy and Debt Management
11,"Nairobi 12th March, 2024

Nairobi County Treasury held a one-day workshop program to sensitize appointed independent members of County Budget Economic Forum (CBEF) on County Fiscal Strategy Paper (CFSP) and Medium Term Debt Management Strategy Paper (MTDMSP)."
11,Nairobi City County Gears Up for Biashara Stimulus Programme.
11,"Nairobi: Wednesday, March 27th, 2024

The Nairobi City County’s Business and Hustler Opportunities Sector, through the Micro, Small and Medium Enterprises Directorate, held a public participation exercise for external stakeholders to gather feedback on the soon-to-be-launched Nairobi City County Biashara Stimulus Programme. The two-day sensitization meeting began with internal stakeholders on day one. This group included Sub County and Ward Administrators, Market Managers, Community Development Officers, and Community Health Promoters. They pledged to disseminate information at the grassroots level in preparation for public participation barazas scheduled for April 3rd and 4th, 2024, across all 17 Sub Counties."
11,Cutting the cost: Sakaja moves county vehicles from private garages
11,"Nairobi Friday, 22 March2024.

Nairobi Governor Sakaja Johnson today visited the county central garage to access the ongoing repair works of county vehicles, and machines."
11,"The Principal Secretary for Public Service and Human Capital Development, Dr. Jane Kere Imbunya, chaired a consultative meeting on the implementation of WIBA, GPA and Last Expense on 22nd May 2026 at the Harambee House, 11th Floor Boardroom. The meeting brought together representatives from Pioneer general insurance.

The session focused on strengthening coordination and improving the management of employee welfare and compensation processes within the public service."
11,NAIROBI COUNTY ANNUAL CAPACITY AND PERFORMANCE ASSESSMENT (ACPA)REPORT 2016/17
11,"This report measured multidimensional poverty among children, youths, adult women and men, and the elderly in Kenya; studied the relationship between monetary and multidimensional poverty; and identified factors associated with poverty among children, youths and women. The report also identities the most vulnerable population groups that are both multidimensional and monetary poor, and sheds light into geographical inequalities with realisation of rights and fulfillment of basic needs. In addition to addressing the existing data gaps on well-being in Kenya, the findings of the report are readily usable for monitoring Kenya’s progress in achieving Sustainable Development Goals (SDGs) targets 1.1 and 1.2, SDG 5 targets and for continuous monitoring of the Vision 2030 and the “Big Four” Agenda among other programmes. The findings of the report are also intended to inform gender-sensitive policies and programmes aimed at enhancing well-being and gender equality at the national and county level.

Comprehensive Poverty Report"
11,"Africa is moving forward in the digital era — and Kenya is leading the way!

At the Regional Centre of Competence at KSG Lower Kabete, we are equipping public servants with AI skills that power smarter governance, stronger institutions, and better service delivery."
11,Implementing County Public Service Board decisions relating to:
11,"Nairobi County actively working towards a waste management system that is inclusive, efficient and Sustainable"
11,"Naivasha, 21st June 2025

The County Director of Environment, Natural Resources and Climate Change Mr. JP Malawi outlined Nairobi City County’s intervention plans towards tackling solid waste management, during his presentation on Solid waste management paradigm shift in urban realm at the Second Sessions of Kenya Urban Forum held in Naivasha from 17th to 19th June, painting a promising future picture of a better, cleaner and green City."
11,Developing framework for Clean air in Nairobi County
11,"Nairobi, 21st July 2025

To enhance the draft Nairobi City County Air Quality Action Plan 2025–2029, the County Air Quality and Climate Change Unit on Friday convened a stakeholder workshop aimed at gathering technical expertise to enrich the draft document."
11,Who we collaborate with
11,KNBS Partners
11,"Office for National Statistics (ONS) is the UK’s largest independent producer of official statistics and is its recognised national statistical institute. ONS is responsible for collecting and publishing statistics related to the economy, population and society at national, regional and local levels. ONS also conduct the census in England and Wales every 10 years. Learn more >>

The Kenya National Bureau of Statistics (KNBS) is a State Corporation established by the Statistics Act, 2006, for the collection, compilation, analysis, publication and dissemination of statistical information, and the coordination of the national statistical system. It is the principal agency of the Government for collecting, analysing and disseminating statistical data in Kenya and the custodian of official statistical information"
11,"Dr. Macdonald George Obudho serves as the Director General at Kenya National Bureau of Statistics, where he has dedicated his career to promoting excellence in the development and production of high-quality official statistics in Kenya. With a wealth of experience in top management roles spanning over seventeen years, he has led various technical teams in conducting population and housing censuses, registration and profiling of farmers, and designing and executing numerous sample surveys.

Dr. Obudho is a respected authority in the field of statistics, playing a key role in the development and implementation of statistical methods and standards, statistics policies, laws, and production, as well as the dissemination and utilization of statistical data. His leadership as Director of Population and Social Statistics was instrumental in overseeing the successful execution of the first digital census during the 2019 Kenya Population and Housing Census."
11,Notice For Public Participation For The County Fiscal Strategy Paper (CFSP) 2026
11,"The 3rd National Wage Bill Conference -2024 kicked off this morning at the Bomas of Kenya, Principal Secretary State Department for Public Service Mr. Amos Gathecha being one of the speakers made a presentation on 'Leveraging Technology to enhance payroll accountability in the Public Service'. One key high light of this technology is to enable one-govt approach in HR data management in public service through web based system - HRIS-Kenya."
11,"This sector deals with all the City Markets in Nairobi, Single Business Permits, Liquor Licensing –"
11,Health Wellness and Nutrition
11,Finance and Economic Planning affairs
11,"The sector deals with developing and implementing financial and economic policies in the county.

County Executive – Mr. Charles KerichChief officer Finance – Asha AbdiChief officer Economic Planning Affairs – John Lintari.Chief Officer Revenue Administration –Tiras Njoroge"
11,Built Environment and Urban Planning
11,Boroughs administration and Personnel Sector
11,"Physical Location: City Hall, 2nd Floor, City Hall Annex, 2nd FloorTelephone: +254 722 788 726

Chief officer Security and compliance –Physical Location: City Hall Annex, 7th Floor"
11,"Talents, skills Development and Care Sector"
11,"Physical Location: City Hall Annex, 10th FloorTelephone: +254 -20-2221166"
11,"Nairobi was as a railway town, and the main headquarters of is still situated at Nairobi Railway Station, which is located near the city centre. The line runs through Nairobi, from Mombasa to Kampala. Its main use is freight traffic, but regular nightly passenger trains connect Nairobi to Mombasa and Kisumu.

A number of morning and evening commuter trains connect the centre with the suburbs. These include the Syokimau Station and those along Jogoo Road, Imara Daima and Makadara Estates."
11,"Popularly known as ‘Boda Boda’, Motorcycles are a convenient and affordable way to weave through Nairobi Traffic. Motorcycles provide a quick and safer means to navigate the city’s residential areas by night as they can easily navigate narrow foot-paths. This has helped open up transport to more remote parts of the city.

Regulations have been enacted that secure the riders safety through safety gear such as helmets and reflective jackets."
11,Banking
11,Highways
11,"Nairobi is the leading economic hub in the East and Central Africa Region. Leading local and international banks have set operations in the city creating a vibrant and competitive financial ecosystem that is ever evolving.

Kenya’s largest Bank, Equity Bank, based in Nairobi County has received international acclaim for innovative banking solutions while another local brand Central Bank of Africa is changing the banking landscape through a fast growing mobile banking and credit system in partnership with Safaricom; Kenya’s largest Telecommunications Company."
11,"Ongoing renovations at Mbagathi District Hospital. This is in line with Governor Sonko’s promise to improve the Nairobi City County health sector. After the completion of the refurbishment of Pumwani Maternity Hospital, the Countyt is focusing on rehabilitating Mbagathi Hospital in order to improve provision of healthcare at the county facility.

General Inquiries"
11,"President Ruto champions Africa’s development vision At TICAD 9

President William Ruto led Kenya’s delegation to the Ninth Tokyo International Conference on African Development (TICAD 9) in Yokohama, Japan, from August 20 to 22, 2025."
11,Nairobi County VET Officers and Principals Introduced to New TVET Course Application System
11,"Nairobi, 27th March 2025

Vocational Education and Training (VET) officers and principals from Nairobi County’s Vocational Training Centres (VTCs) received a presentation on a Technical and Vocational Education and Training (TVET) course application system by a team led by Riho Pihelpuu, CEO of ADM Group, an Estonian digital solutions company."
11,"Strategic Workshop Enhances Coordination for Nairobi’s Digital Economy and Innovation Sector, Focusing on Prioritization, Budgeting, and Impactful Service Delivery"
11,"Nakuru, 16th March, 2025

The Innovation and Digital Economy Sector Working Group (SWG) convened a strategic workshop to strengthen coordination among its three sub-sectors; ICT Infrastructure, Digital Economy and Startups, and Smart Nairobi. The workshop aimed at mobilizing technical and financial resources, improving service delivery, and enhancing sector outcomes."
11,Quarterly Balance of Payments – Second Quarter 2019
11,Quarterly Balance of Payments – First Quarter 2018
11,Quarterly Balance of Payments – Third Quarter 2017
11,Quarterly Balance of Payments – Second Quarter 2017
11,Quarterly Balance of Payments – First Quarter 2017
11,Quarterly Balance of Payments – Third Quarter 2016
11,Nairobi County Chief Officer Victor Otieno Highlights Innovation Initiatives at KPMG Private Enterprise Speed Pitching Event
11,Nairobi City County hosts local Climate Change stocktake event
11,"Nairobi, 18th November 2023

Nairobi City County on Thursday hosted local Climate Stocktake event which is a crucial step in understanding and confronting the challenges that climate change poses to the City of Nairobi, at Charter Hall, Nairobi."
11,"Nairobi City County Executive Committee Member for Green Nairobi, Mr. Ibrahim Auma, Engages in Inaugural C40 Cities Political Leadership Masterclass on Climate Change Governance in Tshwane, South Africa"
11,"South Africa, 15th November 2023

Nairobi City County Executive Committee Member for Green Nairobi Mr. Ibrahim Auma today attended the inaugural C40 Cities political leadership Masterclass on Climate Change governance, hosted by the City of Tshwane, South Africa."
11,Christmas comes early for detained Patients at County Hospitals as Sakaja orders for their release
11,"Nairobi, 18th December, 2022

Nairobi City County Governor H.E Sakaja Johnson has today ordered for the release of all detained patients in Nairobi City County hospitals due to non payment of hospital bills."
11,Nairobi City County to host Innovate Nairobi Technology Week
11,"In his remarks, County Chief Victor said that after interactions with various ecosystem stakeholder start ups, he saw the need to have a consolidated working group that is able to come up with an innovation week that will ensure inclusion of Startups, corporates, incubators, academia, CSOs and Government stakeholders among others.

The Innovate Nairobi Technology week will be held in August, 2023 and its objective is to provide a platform for startup investor pitch, Startup linkage to global startup cities, career opportunities for youth, patnership opportunities for international startups and businesses among others."
11,Empowering Nairobi’s Agriculture: Leaders Gather at ACAT 2023 to Boost African Farming Innovation
11,"Nairobi, 30th October 2023

Nairobi City County’s Food, Agriculture and Natural Resources Sub Sector Heads attending African Conference on Agricultural Technology (ACAT)2023 which kicked off today 30th October – 3rd November 2023,at Safari Park Hotel, Nairobi."
11,Nairobi City County Embarks on Transformative Agricultural Project in Partnership with World Bank: A Vision for Safer Food and Sustainable Urban Agriculture
11,"Nairobi, 9th March, 2023

The Nairobi City County Executive for Health, Wellness and Nutrition, Dr. Anastasia Nyalita and Health Advisor to the governor, Dr. Samora Otieno hosted the French Ambassador to Kenya, H.E Arnaud Suguet, on behalf of Governor Sakaja."
11,"Kananu Condoles with the family of the Late Hon, Naftali Ogola MCA Korogocho Ward."
11,"Nairobi, 7th January, 2022-

Nairobi City County Governor, Ann Kananu visited Mrs. Doris Owuor, widow of the late Hon. Naftali Ogola, MCA, Korogocho Ward at their Lucky Summer home."
11,Kananu hosts the CEO of Greiner a Global company leader in the field of plastic and foam solutions provision
11,Kananu and Dr. Paul Tergat commissions the construction of USD350M state of the art OlympAfrica Sports complex
11,"Nairobi City County rolls out Dogs, Donkeys, anti-rabies vaccination exercise in Nairobi County"
11,"Nairobi, 23rd, February, 2022

Nairobi City County Directorate of Veterinary Services, this week commenced a Nine (9) day vaccination campaign against rabies in Kasarani, Embakasi East, Embakasi Central and Kibera Sub counties."
11,Invitation to public participation forum on child protection and safe guarding policy
11,"Kindly Click this link to download the draft policy

General Inquiries"
11,"Nairobi,3rd October 2023

Nairobi City County Executive Committee Member for Green Nairobi Mr. Ibrahim Auma today on behalf of Nairobi Governor H.E Sakaja Johnson, hosted a team from World Bank and National Project Coordination Unit on who briefed him on the National Agricultural Value Chain Development Project(NAVCDP)."
11,Kananu signs the city’s Food System Strategy to address food security in the city
11,Nairobi Climate Action Plan 2020-2050 Summary booklet
11,Kananu puts polluters on notice after Nairobi climate action plan launch
11,Nairobi City County Marks international Women’s day with women emphasizing on breaking the bias.
11,"Nairobi 3rd March 2022

Nairobi City County Gender Department in collaboration with other partners today held International Women’s day commemorations themed ‘Gender equality today for a sustainable tomorrow’ at Hilton hotel."
11,Nairobi residents urged to join fight against Gender Based Violence(GBV)
11,"Nairobi, 2nd December, 2022

Roselyn Mukabana, Nairobi City County, Gender Based Violence (GBV) Coordinator joined other stakeholders at Mbagathi hospital for the official unveil of Tumaini clinic; a facility that will be used by victims of Gender Based violence (GBV)."
11,Local Heroes Triumph: Nairobi Couple Clinches National Farmer of the Year Award for Excellence in Urban Farming
11,"Nairobi, 2nd October 2023

A Nairobi City County Couple; Mr. David Wamae and Maryann Wamae, practising urban farming from Karen, Langata Subcounty, was awarded best farmer countrywide after emerging winner in the National Farmers Award competition conducted early last month."
11,Facilitators trained on the upcoming Public Participation forum focusing on validation of the CIDP 2023-27-draft report
11,"Nairobi County to roll out physical addressing system with precise physical identifiers for Locations, streets, residential and other property"
11,"Nairobi 8th February 2022

Nairobi City County Governor H. E Ann Kananu this morning received a total of 22 trophies from the Nairobi County team who participated in the Kenya Inter-Counties Sports and Cultural Association (KICOSCA) games held in Embu County last year."
11,"The first quarter of 2015 experienced relative stability in key macroeconomic indicators. The Kenya Shilling strengthened significantly against all its major trading currencies but depreciated by 6.0 per cent against the US dollar. The current account worsened despite cheaper oil prices mainly due to a significant increase in the import bill against a contraction in export earnings. Interest on commercial bank loans declined by 8.7 per cent to average at 15.52 per cent during the quarter under review compared to an average of 17.00 per cent during the first quarter of 2014. The Central Bank Rate (CBR) was maintained at 8.5 per cent throughout the quarter.

Inflation eased downwards to an average of 5.8 per cent compared to 6.8 per cent recorded in the same quarter of 2014. The decline in inflation was mainly driven by a significant drop in oil prices during the review period. The decrease in oil prices also contributed to lower costs of electricity and transport services. Increased generation of geothermal electricity coupled with a reduction in thermal generation also contributed to lower cost of electricity during the review period. However, increased prices of vegetables and some key food products, in the first two months of the year, worked against the cost of living and led to a moderate level of inflation during the quarter."
11,PS DR. IMBUNYA PRESIDES OVER THE 2ND ANNUAL WOMEN IN HR BREAKFAST MEETING
11,"PS DR. IMBUNYA PRESIDES OVER THE 2ND ANNUAL WOMEN IN HR BREAKFAST MEETING

The Principal Secretary for Public Service and Human Capital Development, Dr Jane Kere Imbunya, on Monday 9th March, 2026 graced the 2nd Annual Women in HR Breakfast Event as the Chief Guest in Nairobi."
11,"County Executive and Chief Officer Commence Rigorous Vetting for Governor Sakaja’s Scholarships in Nairobi, Prioritizing Transparency and Fairness"
11,"NAIROBI: 9th January 2024

County Executive for Talents, Skills Development and Care Ms. Rosemary Kariuki accompanied by the Chief Officer for Early Childhood Development Education and Vocational Training Mr. Ahmed Abdi have begun the process of vetting applicants for Governor Sakaja’s Scholarship program."
11,"Nairobi 25th October 2024

Nairobi County Revenue Administration held a two-day intensive training for In-charges of markets revenue stream at CBK Pension Towers aimed at equipping them with modern strategies to enhance efficiency, focused on streamlining the collection and management of market Cess across the county’s 17 sub-counties in line with H.E Johnson Sakaja’s vision for a smart Nairobi."
11,"Nairobi 1st March 2022

Nairobi City County Governor H.E Ann Kananu in the company National Olympic Committee of Kenya (NOCK) Dr. Paul Tergat today commissioned the construction of USD350M state of the art OlympAfrica Sports complex Centre in Muhuri Muchiri Ruai Ward, Kasarani Subcounty."
11,Culprits arrested for contravening the Nairobi City County Alcoholic Licensing Act (2014) to be arraigned in court on Monday
11,"Nairobi, 6th November, 2022

Nairobi City County Environmental Compliance and Monitoring Unit, Liquor Licensing Board and the Kilimani Police last night conducted operations which targeted:-"
11,"H.E. GOVERNOR SAKAJA ARTHUR JOHNSON, CBS ONE YEAR ACHIEVEMENTS REPORT"
11,"Kindly click this link to download this document

General Inquiries"
10,The Kenya National Bureau of Statistics
10,Quality statistics for better lives
10,E-Citizen Paybill Numbers
10,USSD_Instructions
10,ecitizen_Libraryservices
10,ecitizen_BoardedItems
10,ecitizen_Maps
10,ecitizen_Books
10,Kenya Leading Economic Indicators May-2026
10,Construction Input Price Indices for second Quarter-2026
10,Kenya Residential Property Price Index – First Quarter 2026
10,Consumer Price Indices and Inflation Rates – June 2026
10,Kenya Leading Economic Indicators April 2026
10,"Tea production decreased from 58,966.9 MT in January 2024, to 55,447.3 MT in February 2024."
10,Horticultural Exports
10,"To provide an interactive constructive forum for investors to network, share experiences and best practices in Education."
10,KPSA Featured Schools
10,IBEC Meeting
10,MICDE
10,"Digital Economy

Enhancing Digital"
10,Public Participation
10,Documents open for comments
10,Public WiFi Map
10,Digital Hubs
10,"Find a Jitume Hub near you

Our Contacts"
10,PUBLIC SERVICE COMMISSION
10,Quick Guiding Steps
10,Latest News
10,Calendar
10,African Public Service Day
10,Taking Legal Aid to the public at the community level.
10,Alternative Dispute Resolution
10,Creation of Legal Awareness
10,Awareness through public legal education or legal literacy.
10,Signing of partial divestment of 15 percent of Government shareholding in Safaricom PLC
10,"Ministry Headquarters

Old Treasury Building,"
10,"A good quality of seed is an important basis for sustainable agriculture. That was the message at the first international Seed Quality Conference, organized by Kenya Plant Health Inspectorate Service (KEPHIS) recently in Nairobi, Kenya."
10,Kenya's Gold team from Citizen TV Kenya visited Kenya’s processor SimpliFine to learn how they transform our Markies potato variety into delicious Kenyan chips. Click the link to see how potato processing works in Naivasha Kenya.
10,"PUBLIC NOTICES 14/07/2026

Advance Cargo Declaration (ACD) Platform for Containerized Cargo"
10,All KNBS News & Events
10,2024 African Statistics Day
10,launch of the fifth KNBS Strategic Plan for the Period 2023 to 2027
10,Honouring Amb. Dr. Monica Juma
10,KENYA ON THE GLOBAL STAGE WHERE CONVERSATION TURN INTO CONNECTION
10,"PUBLIC NOTICES 27/06/2025

PROCEDURE FOR LICENSING A BONDED WAREHOUSE"
10,-The facility must be accessible from the highway through an all-weather road
10,1. Location
10,2. Construction Standards
10,"Upon bond execution, the iCMS will generate the e-slip for payment of the bonded warehouse fee and the license generated for activation of the warehouse operations."
10,5. ISSUANCE OF THE LICENCE
10,"PRESS RELEASE 11/05/2026

Businessman Charged Over KES 130 Million Tax Fraud"
10,UNdata
10,USAID
10,Kenya Population and Housing Census 2009
10,KRA smashes ethanol smuggling ring at the Inland Container Depot (ICD)
10,"15th May, 2019

Kenya Revenue Authority (KRA) has seized a consignment of smuggled ethanol, declared as imported spaghetti at the Inland Container Depot (ICD) in Embakasi, Nairobi."
10,CONSUMER PRICE INDICES AND INFLATION RATES FOR JUNE 2021
10,2021 FINACCESS SURVEY
10,Foreign Investment Survey 2020 data collection
10,VAT regulations 2017 are valid and have the force of law
10,"KRA is set to continue with the implementation of the VAT Regulations 2017 after the High Court confirmed that the said regulations are valid as they were indeed tabled before the National Assembly on 10th May 2017.

KRA had moved to Court seeking review of the Judgement delivered on 31st January 2022 that had made a finding that the Value Added Tax Regulations, 2017 ceased to have any effect immediately on the 8th day after the said Regulations were not tabled before the National Assembly."
10,"PUBLIC NOTICES 23/09/2025

APPLICATIONS FOR RENEWAL OF CUSTOMS AGENTS LICENCES 2026"
10,"SPEECHES 30/01/2023

SPEECH BY COMMISSIONER GENERAL DURING THE 2023 INTERNATIONAL CUSTOMS DAY"
10,"BLOG 16/03/2020

Mainstreaming of Tax Education in the Curriculum"
10,"BLOG 02/08/2019

Did you find this content useful?"
10,Consumer Price Indices and Inflation Rates for May 2019
10,CAUTION AGAINST FAKE JOB ADVERTISEMENT ON THE 2019 KENYA POPULATION AND HOUSING CENSUS
10,Consumer Price Indices (CPI) and Inflation Rates
10,CPI and Inflation Rates for January 2017
10,CPI and Inflation Rates for September 2016
10,CPI and inflation rates for July 2016
10,"Signing ceremony for The Agreement On Economic and Technical Cooperation for provision of Grant amounting To Rmb 100 Million, with H.E. Ms. Guo Haiyan Ambassador of The People’s Republic Of China."
10,Budget & Appropriation Committee Meeting.
10,Wrap up meeting with World Bank Mission on Debt Management Performance Assessment
10,Kiptoo holds a meeting with a delegation from MCC.
10,Producer Price Index (PPI) First Quarter 2014
10,"Population Distribution by Sex, Place of Residence and Type of Settlement"
10,"Population Distribution by Sex, Number of Households, Area and Density by Administrative Units"
10,"Population by Place of Residence, Sex, Number of Households, Area and Density"
10,Percentage Urban Households by main type of Floor Material for the main dwelling unit
10,Percentage Urban Households by main source of water
10,Religious Affiliation
10,"In 2017, the Kenya National Bureau of Statistics initiated the process of revising and rebasing the National Accounts. The main objectives of the revision were to further implementation of recommendations of the international 2008 System of National Accounts (2008 SNA), change the base year from 2009 to 2016, and revise the annual and quarterly National Accounts over the same period.

Read More"
10,Marital Status by County and District
10,Statistical Abstract 2015
10,Data Speak About The Increasing Kenyans’ Interest Towards Poker
10,Foreign Investment Survey 2013
10,"BLOG 25/05/2021

Did you find this content useful?"
10,"BLOG 03/06/2021

Did you find this content useful?"
10,Access to finance for potato farmers
10,"Potato storage plays a key role in food security. What many people do not know is that choosing the right potato variety has a major impact on storability, as was explained by the CEO of National Potato Council of Kenya, Mr. Kanguongo."
10,Access to potato markets
10,"Providing farmers access to potato markets is one of the key foundations for any sustainable potato value chain. A nice example how this works in Kenya is illustrated by Simplifine, a new Kenyan processor."
10,2017 AFRICAN STATISTICS DAY CELEBRATIONS
10,Ushirikiano wa KRA na taasisi mbalimbali katika kupambana na ufisadi
10,"Ufisadi umekuwa changamoto kubwa katika maendeleo ya nchi nyingi, na Kenya haiko nyuma katika vita dhidi ya uovu huu. Mamlaka ya Ushuru ya Kenya (KRA) imekuwa ikichukua hatua thabiti katika kupambana na ufisadi, na moja ya njia kuu ambazo imefanya hivyo ni kwa kushirikiana na taasisi mbalimbali za serikali na mashirika mengine yanayohusika katika mapambano dhidi ya ufisadi. Katika makala hii, tutachunguza jinsi ushirikiano huu umesaidia KRA katika kupambana na ufisadi na mafanikio yake.

Moja ya washirika muhimu wa KRA katika vita dhidi ya ufisadi ni Ofisi ya Mwanasheria Mkuu (Office of the Attorney General). KRA inashirikiana na Ofisi ya Mwanasheria Mkuu katika kutafsiri na kutekeleza sheria za kodi, na pia katika kuchukua hatua za kisheria dhidi ya wahalifu wa kodi. Ushirikiano huu umesaidia katika kuimarisha utoaji wa haki na kuwezesha hatua za kisheria kuchukuliwa dhidi ya watu au makampuni yanayohusika na ufisadi wa kodi."
10,"Dear Younger Me,"
10,"By David E. Aoll

You think you’re walking this life alone — a single player in a private game. But life’s trickier than that. There are coaches calling from the sidelines, rivals making moves you don’t yet see, and quiet allies shifting pieces in your favour without you knowing. The board doesn’t reset after each turn. It remembers every risk, hesitation, and leap. And so will you."
10,"BLOG 16/03/2020

Did you find this content useful?"
10,"Performance Review & Prospects for Financial Year 2017/2018

iCMS, a milestone to trade facilitation"
10,"Presidents Kenyatta, Museveni commission Busia OSBP

iCMS, a milestone to trade facilitation"
10,The African Statistics Day Celebration
10,Census 2019 Frequently Asked Questions
10,KRA's Staff Volunteerism Programme Praised by Global Movement for Doing Good
10,"A global movement has commended KRA’s staff volunteerism programme, which is part of the organisation’s Corporate Social Responsibility (CSR) initiatives. Mr Kaynan Rabino, the President and CEO of Good Deeds Day, spoke when he visited KRA to explore areas of collaboration and knowledge transfer on the staff volunteerism programme. Good Deeds Day is a global movement of people and organisations dedicated to doing good every day.

Innovative Social Engagement Approach"
10,"BLOG 27/05/2020

Taxation of Lump Sum Payments"
10,"PRESS RELEASE 30/10/2018

KRA to honour taxpayers during Taxpayers' Day"
10,"PRESS RELEASE 16/01/2019

KRA set to raise revenue through a three-year blue print"
10,"PRESS RELEASE 16/10/2019

Directors charged with tax evasion amounting to Kshs. 273 million"
10,"PRESS RELEASE 04/10/2019

Motor Vehicle Importers & Clearing Agents Arrested for Tax Evasion"
10,"PRESS RELEASE 30/10/2019

Motorcycle dealers arrested over tax evasion amounting KShs 698 million"
10,Public Service Reforms in focus
10,Signing of the 2021-2025 Collective Bargaining Agreement (CBA) cycle.
10,Kaptagat Integrated Conservation Programme
10,Public Service PS champions youth mentorship
10,CS Ruku Leads Relief Drive in Mwakirunge
10,National Defence College Graduation
10,100% Digital Compliance Achieved!
10,Ministerial Performance Validation Exercise
10,State Department Honoured for Gender and Inclusion Excellence
10,CS Ruku Meets Global Adaptation Leaders Ahead of Nairobi Launch
10,"Launch of 59th Huduma Centre in Mogotio, Baringo County"
10,Bilateral Meeting: PS Imbunya & Eswatini Minister for Public Service
10,Kenya Showcases Key Public Service Reforms at Continental Forum
10,"PS Imbunya Engages with African Innovators at APSD 2025, Addis Ababa"
10,Kenya showcases innovative public service solutions at APSD 2025 in Addis Ababa
10,"PUBLIC NOTICES 02/12/2022

APPLICATION FOR LICENSES FOR TRANSIT GOODS (C28) AND VEHICLES CONVEYING OTHER GOODS UNDER CUSTOMS CONTROL (C40)"
10,"PUBLIC NOTICES 03/10/2023

Verification Rates - Q1 2023/2024"
10,"PUBLIC NOTICES 18/10/2022

Data Collection Exercise on Rental Properties in Nairobi City County and Nairobi Metropolis"
10,"PUBLIC NOTICES 01/12/2021

Roll-Out of New Generation of Excise Stamps"
10,"PUBLIC NOTICES 05/11/2021

Renewal & Application for 2022 Reserved Parking & Loading Zones"
10,"PUBLIC NOTICES 26/05/2021

Excisable Goods affixed with Counterfeit Excise Stamps"
10,"PUBLIC NOTICES 02/05/2021

Paperless Customs Clearance at the Entry and Exit Points"
10,"Addis Ababa, Ethiopia

June 21, 2025"
10,"Addis Ababa, Ethiopia

June 23, 2025"
10,"Harambee House

18th July 2025"
10,"Vihiga County

Friday, 11th July, 2025"
10,Multimedia Gallery
10,The sector consists of four sub sectors with the following functions:-
10,"Wellness, Nutrition And School Feeding Sub Sector Functions"
10,"Physical Location: City Hall Annex, 3rd Floor, Room 305

Telephone:+254…."
10,"1. What is Kenya Demographic and Health Survey (KDHS)? The Kenya Demographic and Health Survey is a national research activity designed to collect data to monitor the population and health situation in the country.

2. Has the KDHS been conducted before in Kenya? Yes. The KDHS was conducted in 1989, 1993, 1998, 2003 and 2009."
10,What Are Publications?
10,Major Sectors of Kenya's Economy
10,"Major industries include agriculture, forestry, fishing, mining, manufacturing, energy, tourism and financial services."
10,"The agricultural sector is the backbone of the economy, contributing approximately 33 percent of Kenya’s Gross Domestic Product (GDP). The agriculture sector employs more than 40 percent of the total population and 70 percent of the rural population."
10,Auction Notice
10,Newsletter Signup
10,"Addis Ababa, Ethiopia

Tuesday, 24th June 2025"
10,Special Issue Vol. CXXIII—No. 222
10,"Event Dates: 22nd–23rd June 2026

Venue: Kenyatta International Convention Centre (KICC), Nairobi."
10,The Kenya Gazette Vol. 206
10,"Vol. CXXIII—No. 206

NAIROBI, 8th October, 2021"
10,"Vol. CXXIII—No. 201

NAIROBI, 1st October, 2021"
10,SIGNING OF SECOND LEVEL PERFORMANCE CONTRACTS
10,Consultancies
10,A request for deregistration shall be accompanied by the following documents:
10,6. Requirements for Registration of a PIN for the Estate of a Deceased Person
10,7. Application Process
10,"The applicant shall submit the request through one of the following channels:

All documents submitted must be clear and where required, certified copies."
10,DRAFT PUBLIC PARTICIPATION AND CIVIC EDUCATION GUIDELINES FOR BOTH INTERNAL AND EXTERNAL STAKEHOLDERS ENGAGEMENT – 2024
10,DRAFT PUBLIC PARTICIPATION AND CIVIC EDUCATION GUIDELINES FOR BOTH INTERNAL AND EXTERNAL STAKEHOLDERS ENGAGEMENT - 2024
10,"DRAFT PUBLIC PARTICIPATION AND CIVIC EDUCATION GUIDELINES FOR BOTH INTERNAL AND EXTERNAL STAKEHOLDERS ENGAGEMENT - 2024

General Inquiries"
10,APPOINTMENT OF BOARD AND SUB-COUNTY LIQUOR COMMITTEE MEMBERS
10,"GAZETTE NOTICE NO. 3657 THE NAIROBI CITY COUNTY ALCOHOLIC DRINKS CONTROL AND LICENSING ACT (No. 3 of 2014)

APPOINTMENT OF BOARD AND SUB-COUNTY LIQUOR COMMITTEE MEMBERS"
10,"The Quarterly Labour Force Survey (QLFS) is a modular survey under the Kenya Continuous Household Survey Programme (KCHSP). The programme is designed to provide a constant stream of data on a wide range of socio-economic indicators. The QLFS collects information about the Kenyan labour market activities for the population aged 5 years and above.

This quarterly release analyses the labour market situation for the population aged 15 to 64 years. Topics covered include labour force participation, employment, unemployment, Labour underutilization and inactivity."
10,Guidelines For Revision Of The Financial Year 2023/2024 Budget Estimates
10,"Guidelines For Revision Of The Financial Year 2023/2024 Budget Estimates

General Inquiries"
10,"In the first quarter of 2017, the current account deficit more than doubled to KSh 123.2 billion from KSh 43.4 billion in the first quarter of 2016 as shown in Table 1. International merchandise trade which includes exports and imports of goods registered a deficit of KSh 259.6 billion in the quarter under review, an increase of 67.3 per cent from a deficit of KSh 155.2billion in the first quarter of 2016. This was mainly on account of a decline of 2.3 per cent in exports to KSh 152.0 billion and an increase of 32.4 per cent in imports on f.o.b basis to KSh 411.6 billion in the first quarter of 2017.

International trade in services posted a surplus of KSh 50.9 billion in the quarter under review compared to a surplus of KSh 38.1 billion in the corresponding quarter of 2016. Service receipts increased by 18.9 per cent to KSh 131.7 billion while service payments increased by 11.3 per cent to KSh 80.9billion in the first quarter of 2017. The expansion in the service receipts could be attributed to increased travel inflows following improved tourism arrivals in the quarter under review. Diaspora remittances increased by 5.5 per cent to KSh 45.1 billion in the first quarter of 2017 from KSh 42.8 billion in the first quarter of 2016."
10,Guidelines for the preparation of supplementary (NO.1) Budget Estimates for the financial year 2024/2025
10,"Guidelines for the preparation of supplementary (NO.1) Budget Estimates for the financial year 2024/2025

General Inquiries"
10,CIRCULAR NO 2-GUIDELINES FOR THE PREPARATION OF SUPPLEMENTARY (NO.2) BUDGET ESTIMATES FOR THE FINANCIAL YEAR 2024/2025
10,"CIRCULAR NO 2-GUIDELINES FOR THE PREPARATION OF SUPPLEMENTARY (NO.2) BUDGET ESTIMATES FOR THE FINANCIAL YEAR 2024/2025

General Inquiries"
10,Circular No 3/2025 -Guidelines for Implementation of the Financial year 2025/26 and the Medium-Term Budget
10,"Circular No 3/2025 -Guidelines for Implementation of the Financial year 2025/26 and the Medium-Term Budget

General Inquiries"
10,Other Kenyan Industries That Are Achieving Great Results
10,"However, the Kenyan economy includes also other sectors, that are also well developed in this country: tourism, financial institutions, gambling facilities, tobacco industries. In particular, it seems that Kenya is trying to work on its internal laws in order to facilitate the expansion of such industries. Poker laws in Kenya permit gamblers to access poker games in the internet, which is the most chosen tool to access direct poker games. Anyways, gambling in Kenya is legal since 1966, soon after the national independency from the UK.

In Kenya over 50% of the population can access to the internet – a really high percentage compared to other African countries."
10,Casinos In Kenya & Kenyan Gamblers
10,NCC Open Government Partnership Local Action Plan 2025-2027
10,"NCC Open Government Partnership Local Action Plan 2025-2027

General Inquiries"
10,CIRCULAR NO 5/2025 – GUIDELINES FOR THE PREPARATICON OF SUPPLEMENTARY(NO.1) BUDGET ESTIMATES FOR THE FINANCIAL YEAR 2025/2026
10,CIRCULAR NO 5/2025 - GUIDELINES FOR THE PREPARATICON OF SUPPLEMENTARY(NO.1) BUDGET ESTIMATES FOR THE FINANCIAL YEAR 2025/2026
10,"CIRCULAR NO 5 - GUIDELINES FOR THE PREPARATICON OF SUPPLEMENTARY(NO.1) BUDGET ESTIMATES FOR THE FINANCIAL YEAR 2025/2026

General Inquiries"
10,Nairobi City County Open Government Partnership Local Action Plan 2025-2027
10,Internships
10,No Vacancies at the moment!
10,The National Assembly update on the status of disbursement of funds.
10,"You asked, and we listened!

Now is the FINAL CHANCE:"
10,Director - Budget and Fund Managers.
10,How to Apply
10,"After completing the ICDP Feedback Form, convert it into PDF format before submission.

Submit to: This email address is being protected from spambots. You need JavaScript enabled to view it. (copy: This email address is being protected from spambots. You need JavaScript enabled to view it.)."
10,Launch of the Electronic Government Procurement System.
10,Vice Chairman of the China International Development Cooperation Agency.
10,"There are several reasons that motivate the analysis of inequality which has been a dominant feature of the Kenyan economy since the early 1900s. A key motivation is that Kenya has no previous studies that have comprehensively analysed multidimensional inequality. The study is also motivated by cross country empirical studies that find that inequality is negatively associated with economic growth

Read More"
10,"(a) Any person who, by a determination made by the Authority under this Act:

(i) is directed to discontinue or not to repeat any trade practice."
10,Bilateral meeting with the leadership of the Multilateral Investment Guarantee Agency
10,Jobs
10,Current Vacancies Advertisement
10,"Currently, there are no vacancies."
10,Job Advertisement
10,"APPLICATION FOR EMPLOYMENT FORM

VACANCIES-DRIVER II-CSG 15"
10,"International Monetary Fund World Bank Spring Meetings

ACBF to Strengthen Capacity Building Collaboration with Kenya."
10,VACANCIES-DRIVER II-CSG 15
10,APPLICATION FOR EMPLOYMENT FORM
10,CS signs Financial Agreement with OPEC Fund President Dr. Abdulhamid Alkhalifa
10,Diplomatic Directory
10,Agencies Under SD Broadcasting and Telecommunication
10,Broadcasting and Telecommunication Projects
10,Broadcasting and Telecommunications Vision and Mission
10,Suitable for all types of farmers
10,Manitou
10,"For Kenya, we have 3 varieties that match all its market demands and is suitable for all types of farmers, their specific climate zones, altitudes and other conditions.

Experience has shown that our potato varieties boost net income for Kenyan smallholders provided they become part of a holistic potato value chain and apply intensive good agronomic practices."
10,High demand for Agrico's potatoes
10,Arizona
10,Markies
10,"Arizona is the perfect potato for local markets and retail. It is a yellow skin potato suitable for cooking, mashing or using in stews. It is an early maturing variety (95 days), which gives a high yield with big sized tubers in various climate conditions due to its good heat and drought tolerance.

Take a look at our growing guide!"
10,Circulars & Guidelines
10,"FULL TIME SNE DIPLOMA COURSE AT KENYA INSTITUTE OF SPECIAL EDUCATION

APPLICATION"
10,Contacts
10,Contact us
10,ELIMU SCHOLARSHIP 2023 APPLICATION FORM- THE JOMO KENYATTA FOUNDATION
10,Chief Administrative Secretary
10,APPLICATION FORM FULL-TIME SNE DIPLOMA COURSE AT KENYA INSTITUTE OF SPECIAL EDUCATION
10,SERVICE CHARTER-KISWAHILI VERSION
10,ELIMU SCHOLARSHIP ONLINE APPLICATION PROCESS -2023
10,GUIDELINES FOR IMPLEMENTATION OF JUNIOR SECONDARY EDUCATION
10,Application Forms for Elimu scholarship 2024- The Jomo Kenyatta Foundation
10,Application Forms for Elimu scholarship 2024 (For Refugees)- The Jomo Kenyatta Foundation
10,Advert for Elimu scholarship 2024
10,Advert for Elimu Scholarship 2024
10,ADVERT FOR FULL-TIME SNE DIPLOMA COURSE AT KENYA INSTITUTE OF SPECIAL EDUCATION
10,Application Forms for Elimu scholarship 2024
10,Application Forms for Elimu scholarship 2024-Equity Foundation Group
10,"Kenya Literature Bureau (Amendment) Bill, 2024"
10,KENYA INSTITUTE OF CURRICULUM DEVELOPMENT (AMENDMENT) BILL
10,LEASING OF MOTOR VEHICLES UNDER THE GOVERNMENT MOTOR VEHICLE LEASING PROGRAMME PHASE VIII
10,PROVISION OF FLEET MANAGEMENT SOLUTION FOR MOTOR VEHICLE LEASING PROGRAMME PHASE VIII
10,LEASING OF ELECTRIC VEHICLES (EVs) UNDER THE GOVERNMENT MOTOR VEHICLE LEASING PROGRAMME PHASE VIII
10,LEASING OF ELECTRIC VEHICLE DC FAST CHARGER UNDER THE GOVERNMENT MOTOR VEHICLE LEASING PROGRAMME
10,RECRUITMENT OF MEMBER OF THE AUDIT COMMITTEE FOR THE NATIONAL TREASURY
10,"THE SCIENCE TECHNOLOGY AND INNOVATION (AMENDMENT) BILL, 2024"
10,"PROVISION OF ASSETS DISPOSAL AGENCY SERVICES FOR ‘AS AND WHEN REQUIRED BASIS’, FOR ONE YEAR"
10,Kenya's Disaster Risk Financing Strategy 2026 - 2030
10,Sustainability-Linked Financing Instruments
10,"TENDER FOR MANAGEMENT AND OPERATION OF NATIONAL TREASURY GYM/HEALTH CLUB AT THE THIRTEENTH (13TH) FLOOR OF BIMA HOUSE, NAIROBI"
10,"THE BASIC EDUCATION BILL, 2024"
10,Development of An Ultra-Modern Medical Training Complex Project for The Moi Teaching and Referral Hospital (MTRH) on Public Private Partnership (PPP) Basis
10,TERMS OF REFERENCE AND SCOPE OF SERVICES FOR FINANCE AND COMPLIANCE SPECIALIST
10,Mobile Weather App
10,"Supply, Installation and Commissioning of IT Equipment"
10,"SUPPLY AND DELIVERY OF PIPES AND FITTINGS AS AND WHEN REQUIRED, FOR TWO YEARS"
10,Tender For Provision Of Staff Medical Insurance Cover For The Public Financial Reforms Secretariat
10,Tender For Provision Of Electronic Government Procurement Help Desk System
10,Transaction Advisor For The Establishment Of The Kenya Credit Guarantee Company (KCGC)
10,"MINISTRY OF FINANCE AND COMMERCE (MOFCOM) SCHOLARSHIP –

CHINA, 2026 PROGRAM"
10,LINK FOR VIRTUAL PRE-BID CONFERENCE FOR CONSULTANCY AND FRAMEWORK CONTRACT FOR SOLARIZATION
10,provision of cleaning services
10,"PROVISION OF TUITION FREE PLACES FOR STUDIES AT THE

MOSCOW STATE INSTITUTE OF INTERNATIONAL RELATIONS"
10,banner 5
10,banner 4
10,EXPRESSION OF INTEREST FOR PROVISION OF CONSULTANCY SERVICE TO CONDUCT PRE-FEASIBILITY AND FEASIBILITY STUDIES FOR THE PROPOSED PIPELINE GoK/AfDB TVET PHASE IV PROJECT
10,ERASMUS MUNDUS SCHOLARSHIP
10,MAURITIUS AFRICA SCHOLARSHIP SCHEME
10,UNCTAD Scholarship
10,MASTER OF ADVANCED STUDIES IN EUROPEAN AND INTERNATIONAL GOVERNANCE
10,AUSTRIAN SCHOLARSHIP PROGRAMS
10,Events
10,National Education Strategic Plan
10,INVITED LISTED AS PER DRY FOOD STUFF CIRCULAR_from supplies branch
10,Compose tips
10,Text Formats
10,Plain text
10,"You can align images, videos, blockquotes and so on to the left, right or center. Examples:

You can caption images, videos, blockquotes, and so on. Examples:"
10,ADDENDUM I - EXTENSION OF TIME - 4 LOTS
10,DAAD SCHOLARSHIP
10,COMMONWEALTH PhD AND MASTERS SCHOLARSHIPS
10,Course
10,Click here to access the TVET Management Information System(TVET MIS)
10,TERMS OF REFERENCE (ToRs) FOR TECHNICAL ASSISTANCE TO DEVELOP INTER-INSTITUTIONAL COLLABORATION FRAMEWORK UNDER EASTRIP IDA CREDIT NO. 63334-KE
10,ALGERIAN MINISTRY OF RELIGIOUS AFFAIRS AND WAKFS SCHOLARSHIPS
10,"ALGERIAN MINISTRY OF RELIGIOUS AFFAIRS AND WAKFS SCHOLARSHIPS

KCSE, speak Arabic language and are able to recite the Holy Quran."
10,Cyprus postgraduate (msc) scholarships (C
10,TENDER DOCUMENT- MAINTENANCE OF ISO INTERNATIONAL STANDARDS
10,INVITATION TO TENDER-MAINTENANCE OF ISO INTERNATIONAL STANDARDS
10,INVITATION TO TENDER--MAINTENANCE OF ISO INTERNATIONAL STANDARDS
10,ELIMU SCHOLARSHIP APPLICATION FORM (2023)- JOMO KENYATTA FOUNDATION
10,"THE 18TH EDITION OF ALGERIA INTERNATIONAL PRIZE FOR THE RECITATION OF THE HOLY QURAN

MORE INFOR IS FOUND ON THE ADVERT"
10,news
10,BID CLARIFICATION
10,"THE SUPPLY AND DELIVERY OF HEAVY DUTY, UTILITY PASSENGER VEHICLE,4x4, L.W.B, 2701-3000cc, DIESEL (1No)"
10,THE
10,TENDER FOR THE PROPOSED CONSTRUCTION OF HOSTEL BLOCK IN WUMINGU TECHNICAL AND VOCATIONAL COLLEGE - TAITA TAVETA COUNTY
10,HUNGARY SCHORLARSHIP 2023
10,RECORD OF BID CLARIFICATION/AMENDMENT
10,NCB-01/MOE-TVET/TVET/KfW 2020 65 068/2024-2025
10,Request for Proposal for Development of Higher Education Management Information System (HEMIS)
10,ICB-09/MOE-VTT/TVET/KfW 2016 67 211/003/2024-2025
10,ICB-07/MOE-VTT/TVET/KfW 2016 67 211 /001/2024-2025
10,ADVERT FOR RECRUITMENT OF SPECIAL NEEDS DIPLOMA FULL TIME IN SERVICE COURSE AT THE KENYA INSTUTE OF SPECIAL EDUCATION(KISE) FOR THE YEAR 2024
10,Advert Consultancy for Carrying out an End Term Project Evaluation for The Kenya Secondary Education Quality Improvement Project (SEQIP)
10,"ADDENDUM TENDER FOR PROPOSED ERECTION AND COMPLETION OF TWIN WORKSHOP, CLASSROOMS AND OFFICES BLOCK IN FOURTEEN (14) TECHNICAL VOCATIONAL COLLEGES IN FOURTEEN (14) CONSTITUENCIES"
10,Addendum Supply and Delivery of Specialized Equipment
10,Addendum No. 2 Supply and Delivery of Specialized Equipment
10,ADDENDUM TWO AND EXTENSION OF CLOSING DATE
10,"ADDENDUM NO.2- INVITATION TO PRE-QUALIFIED SUPPLIERS UNDER FOOD (RICE, BEANS, VEGETABLE OIL AND SALT)"
10,ADDENDUM NO.3
10,ADDENDUM NO.3:SUPPLY AND DELIVERY OF VARIOUS COMMON USER ITEMS AND PROVISION OF SERVICES
10,Addendum No. 1 Supply and Delivery of Specialized Equipment
10,ADDENDUM NO.1-----SUPPLY AND DELIVERY OF VARIOUS COMMON USER ITEMS AND PROVISION OF SERVICES
10,ADDENDUM NO.1-SUPPLY OF FURNITURE AND EQUIPMENTS FOR DSINCP
10,"ADDENDUM NO.1- INVITATION TO PRE-QUALIFIED SUPPLIERS UNDER FOOD (RICE, BEANS, VEGETABLE OIL AND SALT)"
10,Provide better service
10,Let Us Help You Grow
10,Ready to launch your business to the stratosphere and beyond!
10,24/7 Expert Support
10,Our clients say
10,Easy To Customize
10,IMPROVE OUR LEVEL
10,Curabitur ac lacus arcu. Sed vehicula varius lectus auctor viverra. Vehicula nibh vel ante commodo feugiat.
10,Knowledge Base
10,USTRALIAN AWARDS MASTERS SCHOLARSHIP
10,AUSTRALIAN AWARDS MASTERS SCHOLARSHIP
10,NORWEGIAN LANGUAGE AND CULTURE COURSES FOR SUMMER 2026
10,GRADE 9 CLASSROOM PHASE 2
10,List of grade 9 classrooms constructed
10,Co-Curricular Activities
10,BRAZILIAN EXCHANGE PROGRAM FOR UNDERGRADUATE STUDIES IN BRAZIL FOR THE 2025 ACADEMIC YEAR
10,CLARIFICATIONS AND ANSWERS ON BIDDER’S QUERIES DURING THE VIRTUAL PRE-BID MEETING HELD ON 22nd AUGUST 2024
10,"CLARIFICATIONS AND ANSWERS ON BIDDER’S QUERIES DURING THE VIRTUAL PRE-BID MEETING HELD ON 22nd AUGUST 2024

TECHNICAL SPECIFICATIONS FOR THE EQUIPMENT"
10,2026 GLOBAL KOREA SCHOLARSHIP FOR GRADUATE DEGREES (GKS-G)
10,STUDY INCANADA SCHOLARSHIP PROGRAM: 2024-2025 ACADEMIC YEAR
10,SUPPLY OF FURNITURE AND EQUIPMENTS FOR DSINCP- LOT 19
10,1/1 Columns
10,1/4 Columns
10,1/2 Columns
10,1/3 Columns
10,1/6 Columns
10,2/3 Columns
10,3/4 Columns
10,TVET TRACER
10,CLICK HERE TO ACCESS THE TVET TRACER VERSATILE DATABASE
10,SUPPLY OF FURNITURE AND EQUIPMENTS FOR DSINCP- LOT 14
10,SUPPLY OF FURNITURE AND EQUIPMENTS FOR DSINCP- LOT 17
10,SUPPLY OF FURNITURE AND EQUIPMENTS FOR DSINCP- LOT 13
10,SUPPLY OF FURNITURE AND EQUIPMENTS FOR DSINCP- LOT 12
10,SUPPLY OF FURNITURE AND EQUIPMENTS FOR DSINCP- LOT 18
10,SUPPLY OF FURNITURE AND EQUIPMENTS FOR DSINCP- LOT 15
10,SUPPLY OF FURNITURE AND EQUIPMENTS FOR DSINCP- LOT 1
10,SUPPLY OF FURNITURE AND EQUIPMENTS FOR DSINCP- LOT 11
10,SUPPLY OF FURNITURE AND EQUIPMENTS FOR DSINCP- LOT 10
10,SUPPLY OF FURNITURE AND EQUIPMENTS FOR DSINCP -LOT 5
10,SUPPLY OF FURNITURE AND EQUIPMENTS FOR DSINCP -LOT 16
10,Supply and Delivery of Specialized Equipment
10,Advertisement Supply and Delivery of Specialized Equipment
10,SUPPLY AND DELIVERY OF PHOTOCOPYING PAPERS AND VARIOUS TONERS FOR THE PERIOD UP TO 30 /06/2025.
10,SUPPLY AND DELIVERY OF KPEEL PROJECT MOTOR VEHICLES
10,SULTANATE OF OMAN SCHOLARSHIPS-UNDERGRADUATE
10,SUPPLY AND DELIVERY OF ASSISTIVE DEVICES FOR LEARNERS WITH SPECIAL NEEDS
10,CLARIFICATIONS -SUPPLY AND DELIVERY OF ASSISTIVE DEVICES FOR LEARNERS WITH SPECIAL NEEDS
10,Supply and Delivery of Assistive Devices for Learners with Special Needs
10,TOR-Technical Assistance (TA) for Competence Based Curriculum (CBC)
10,TURKISH LANGUAGE PROGRAMME FOR PUBLIC OFFICIALS AND ACADEMICIANS – KATIP COURSE (2024 - 2025)
10,TVET MAGAZINE
10,CELEBRATING 100 YEARS OF TVET SUCCESS IN KENYA
10,SUPPLY OF FURNITURE AND EQUIPMENTS FOR DSINCP- LOT 23
10,SUPPLY OF FURNITURE AND EQUIPMENTS FOR DSINCP- LOT 24
10,SUPPLY OF FURNITURE AND EQUIPMENTS FOR DSINCP- LOT 21
10,SUPPLY OF FURNITURE AND EQUIPMENTS FOR DSINCP- LOT 22
10,SUPPLY OF FURNITURE AND EQUIPMENTS FOR DSINCP- LOT 2
10,SUPPLY OF FURNITURE AND EQUIPMENTS FOR DSINCP- LOT 3
10,SUPPLY OF FURNITURE AND EQUIPMENTS FOR DSINCP- LOT 20
10,SUPPLY OF FURNITURE AND EQUIPMENTS FOR DSINCP- LOT 4
10,SUPPLY OF FURNITURE AND EQUIPMENTS FOR DSINCP- LOT 6
10,SUPPLY OF FURNITURE AND EQUIPMENTS FOR DSINCP- LOT 7
10,SUPPLY OF FURNITURE AND EQUIPMENTS FOR DSINCP- LOT 8
10,SUPPLY OF FURNITURE AND EQUIPMENTS FOR DSINCP- LOT 9
10,"SWITZERLAND SCHOLARSHIPS ON RESEARCH FELLOWSHIPS, PhD AND POSTDOCTORAL STUDIES FOR THE ACADEMIC YEAR 2024- 2025"
10,"THE KENYA LITERATURE BUREAU (AMENDMENT) BILL, 2024"
10,"THE INDIAN INSTITUTE OF SCIENCE (IISc), BANGALORE, INDIA"
10,"THE BASIC EDUCATION SCHOLARSHIPS AND BURSARIES BILL, 2024"
10,STUDY IN SAUDIA INITIATIVE
10,CONSULTANCY SERVICES FOR TECHNICAL ASSISTANCE TO CONDUCT SKILLS MAPPING FOR EASTRIP SKILL AREAS
10,CONSULTANCY FOR STRENGTHENING THE IMPLEMENTATION OF COMPETENCY BASED CURRICULUM CBC (KPEELP- P176867)
10,Consultancy for Environmental and Social Safeguards Specialist - ToR
10,Consultancy for Environmental and Social Safeguards Specialist -ToR
10,Consultancy for Carrying out an End Term Project Evaluation for The Kenya Secondary Education Quality Improvement Project (SEQIP)
10,COLOMBIA POSTGRADUATE SCHOLARSHIP PROGRAM FOR FOREIGNERS 2024
10,INVITATION TO TENDER-PROPOSED ERECTION TO COMPLETION OF ONE STOREY DORMITORY
10,PROPOSED ERECTION TO COMPLETION OF ONE STOREY DORMITORY
10,INVITATION TO TENDER - SUPPLY OF FURNITURE AND EQUIPMENT FOR DSINCP
10,Services Page
10,Innovative Platform Built for Creative Teams
10,Powerful Options
10,Pre-made Templates
10,Excellent Quality
10,We Provide The Exceptional Service We'd Want To Experience Ourselves.
10,Business Analysis
10,Happy Customers
10,Trusted by some of the world’s biggest brands.
10,Email
10,Awesome Support
10,Strategic Vision
10,"Builder Hub, Newyork 10012, USA"
10,+44 567 890123
10,info@uxima-demo.com
10,Sessional Paper NO x 2024
10,SECOND EDITION OF THE MOBILITY PROGRAMME OF THE GROUP OF INTERNATIONAL COOPERATION OF BRAZILIAN UNIVERSITIES (GCUB-MOB) SCHOLARSHIPS
10,THAILAND INTERNATIONAL POSTGRADUATE PROGRAMME (TIPP) 2025
10,TERMS OF REFERENCE FOR A CONSULTANCY FIRM IN EDUCATIONAL ASSESSMENT AND RESEARCH
10,"TENDER FOR THE PROPOSED ERECTION AND COMPLETION OF TWIN WORKSHOP, CLASSROOMS AND OFFICES BLOCK (2-STOREY) AT WAJIR WEST TECHNICAL AND VOCATIONAL COLLEGE – WAJIR COUNTY"
10,"TENDER FOR THE PROPOSED ERECTION AND COMPLETION OF TWIN WORKSHOP, CLASSROOMS AND OFFICES BLOCK (2-STOREY) AT SUBUKIA TECHNICAL AND VOCATIONAL COLLEGE – NAKURU COUNTY"
10,"TENDER FOR THE PROPOSED ERECTION AND COMPLETION OF TWIN WORKSHOP, CLASSROOMS AND OFFICES BLOCK (2-STOREY) AT SIGOWET/SOIN TECHNICAL AND VOCATIONAL COLLEGE – KERICHO COUNTY"
10,"TENDER FOR THE PROPOSED ERECTION AND COMPLETION OF TWIN WORKSHOP, CLASSROOMS AND OFFICES BLOCK (2-STOREY) AT NYALI TECHNICAL AND VOCATIONAL COLLEGE – MOMBASA COUNTY"
10,"TENDER FOR THE PROPOSED ERECTION AND COMPLETION OF TWIN WORKSHOP, CLASSROOMS AND OFFICES BLOCK (2-STOREY) AT NAROK NORTH TECHNICAL AND VOCATIONAL COLLEGE – NAROK COUNTY"
10,"TENDER FOR THE PROPOSED ERECTION AND COMPLETION OF TWIN WORKSHOP, CLASSROOMS AND OFFICES BLOCK (2-STOREY) AT MUHORONI TECHNICAL AND VOCATIONAL COLLEGE – KISUMU COUNTY"
10,"TENDER FOR THE PROPOSED ERECTION AND COMPLETION OF TWIN WORKSHOP, CLASSROOMS AND OFFICES BLOCK (2-STOREY) AT MWINGI WEST TECHNICAL AND VOCATIONAL COLLEGE – KITUI COUNTY"
10,"TENDER FOR THE PROPOSED ERECTION AND COMPLETION OF TWIN WORKSHOP, CLASSROOMS AND OFFICES BLOCK (2-STOREY) AT KILIFI SOUTH TECHNICAL AND VOCATIONAL COLLEGE – KILIFI COUNTY"
10,"TENDER FOR THE PROPOSED ERECTION AND COMPLETION OF TWIN WORKSHOP, CLASSROOMS AND OFFICES BLOCK (2-STOREY) AT KAJIADO SOUTH TECHNICAL AND VOCATIONAL COLLEGE – KAJIADO COUNTY"
10,"TENDER FOR THE PROPOSED ERECTION AND COMPLETION OF TWIN WORKSHOP, CLASSROOMS AND OFFICES BLOCK (2-STOREY) AT MATUNGU TECHNICAL AND VOCATIONAL COLLEGE – KAKAMEGA COUNTY"
10,"TENDER FOR THE PROPOSED ERECTION AND COMPLETION OF TWIN WORKSHOP, CLASSROOMS AND OFFICES BLOCK (2-STOREY) AT KENNETH MATIBA TECHNICAL AND VOCATIONAL COLLEGE – KIHARU CONSTITUENCY, MURANG’A COUNTY"
10,"Proposed erection and completion of twin workshop, classrooms, and offices block (2- storey)"
10,"TENDER FOR THE PROPOSED ERECTION AND COMPLETION OF TWIN WORKSHOP, CLASSROOMS AND OFFICES BLOCK (2-STOREY) AT KENNETH MATIBA TECHNICAL AND VOCATIONAL COLLEGE – MURANG’A COUNTY"
10,"TENDER FOR THE PROPOSED ERECTION AND COMPLETION OF TWIN WORKSHOP, CLASSROOMS AND OFFICES BLOCK (2-STOREY) AT CHEVAYWA TECHNICAL AND VOCATIONAL COLLEGE – KAKAMEGA COUNTY"
10,"TENDER FOR THE PROPOSED ERECTION AND COMPLETION OF TWIN WORKSHOP, CLASSROOMS AND OFFICES BLOCK (2-STOREY) AT KIAMBAA TECHNICAL AND VOCATIONAL COLLEGE – KIAMBU COUNTY"
10,PROVISION OF CONFERENCE FACILITIES AND AIRTICKET/CHOPPER SERVICES
10,PROVISION OF CONFERENCE FACILITIES AND AIR TICKETS/CHOPPER SERVICES
10,ADDENDUM NO.2: PROVISION OF CONFERENCE FACILITIES AND AIR TICKETS/CHOPPER SERVICES
10,PROVISION OF CLEANING SERVICES AT MINISTRY OF EDUCATION OFFICES
10,EXPRESSION OF INTEREST FOR PROVISION OF CONSULTANCY SERVICE ON INTEGRATION OF THE KENYA NATIONAL LEANERS RECORDS DATABASE (KNLRD)
10,EUROPEAN PUBLIC LAW ORGANISATION (EPLO) MASTERS PROGRAM
10,ELIMU SCHOLARSHIP APPLICATION FORM 2024 -EQUITY GROUP FOUNDATION
10,ELIMU SCHOLARSHIP APPLICATION FORM 2024 -THE JOMO KENYATTA FOUNDATION
10,ELIMU SCHOLARSHIP APPLICATION FORM (REFUGEE) -2024- THE JOMO KENYATTA FOUNDATION
10,Egyptian Scholarship For the Academic Year 2024/25
10,"EDUCATION APPEALS TRIBUNAL BILL, 2024"
10,2025 COMMONWEALTH PhD AND MASTERS SCHOLARSHIPS TENABLE IN THE UNITED KINGDOM
10,2025 KOICA FELLOWSHIP PROGRAMS
10,2025 commonwealth PHD and masters scholarships tenable in thr United kingdom
10,2025 commonwealth PHD and Masters scholarships tenable in the United Kingdom
10,2024-2025 VANIER CANADA GRADUATE SCHOLARSHIP
10,2025/2026 YOUTH OF EXCELLENCE SCHEME OF CHINA PROGRAM
10,2024 COMMONWEALTH PhD AND MASTER’S SCHOLARSHIPS TENABLE IN THE UNITED KINGDOM
10,Circulars
10,CIFAR AZRIELI GLOBALS SCHOLARS PROGRAM
10,11TH BATCH MASTERS DEGREE AND INTERNSHIP PROGRAM OF THE AFRICAN BUSINESS EDUCATION INITIATIVE FOR THE YOUTH (ABE INITIATIVE) AND SDGs GLOBAL LEADERSHIP PROGRAM JY 2024
10,Bid document for the Supply and Delivery of Specialized Equipment
10,ROJECT WORLD IN SERBIA SCHOLARSHIPS FOR THE ACADEMIC YEAR 2024/2025
10,REFUGEES JKF ELIMU Application form 2026
10,RECORD OF BID CLARIFICATION / AMENDMENT 1
10,RECRUITMENT OF SPECIAL NEEDS DIPLOMA FULL TIME IN SERVICE COURSE AT THE KENYA INSTUTE OF SPECIAL EDUCATION(KISE) FOR THE YEAR 2024
10,RECRUITMENT OF SPECIAL NEEDS EDUCATION (SNE) DIPLOMA FULL TIME IN-SERVICE COURSE AT THE KENYA INSTITUTE OF SPECIAL EDUCATION(KISE) FOR THE YEAR 2025
10,Download the Guidelines /sites/default/files/MOE%20SNE%20DIPLOMA%20ADVERT%20%20APRIL%202025.pdf
10,Past Ministers
10,"Minister for Education, Science and Technology

Minister for Basic Education"
10,INTERNATIONAL AWARD FOR PROMOTION OF BUDDHISM
10,INDONESIAN AID SCHOLARSHIPS
10,INDIA-AFRICA MAITRI SCHOLARSHIP SCHEME FOR ACADEMIC YEAR 2024/2025
10,Implementation Guidelines for Sector Policy for Learners and Trainees with Disabilities
10,Implementation of Curiculum Reforms Programmes
10,IAEA MARIE SKLODOWSKA -CURIE FELLOWSHIP PROGRAMME (MSCFP)
10,GRADE 9 CLASSROOM PHASE 1
10,The list of grade 9 classrooms constructed
10,FIRMS UNDER FRAMEWORK AGREEMENT/CONTRACTS F/Y 2023-2024-2024-2025
10,FELLOWSHIP FOR FIELD RESEARCH PROGRAM
10,KPLEEP Second AF Draft SEP
10,FELLOWSHIP FOR POSTDOCTORAL RESEARCH PROGRAM
10,KOREA SCIENCE ACADEMY (KSA) 2025 INTERNATIONAL SCHOLARSHIP OPPORTUNITIES
10,MOE/SEQIP/NCB/01/2023-2024
10,MOE/SDBE/NCB/04/2022-2023
10,PROCUREMENT OF MAINTENANCE SERVICES FOR THE ICT EQUIPMENT’S
10,MINISTRY OF EDUCATION ELIMU SCHOLARSHIP
10,Advertisement for Elimu Scholarship 2024
10,MAURITIUS- AFRICA SCHOLARSHIP SCHEME 2024
10,MAURITIUS- AFRICA SCHOLARSHIP SCHEME 2024MAURITIUS- AFRICA SCHOLARSHIP SCHEME 2024
10,MINISTRY OF EDUCATION -PUBLIC AUCTION
10,MINISTRY OF FOREIGN AFFAIRS OF ROMANIA 2024/ 2025 SCHOLARSHIPS
10,"MINI COMPETITION TECHNICAL TENDER DOCUMENT UNDER FOOD CATEGORY OF SUPPLIES BRANCH CONTRACTS (BEANS, RICE AND SALT)"
10,MAURITIUS – AFRICA SCHOLARSHIP SCHEME 2025
10,MALAYSIAN TECHNICAL COOPERATION PROGRAMME (MTCP)-SCHOLARSHIPS FOR MASTERS PROGRAMMES FOR THE ACADEMIC YEAR 2023
10,MALAYSIA INTERNATIONAL SCHOLARSHIP (MIS)
10,Malaysia Technical Cooperation Scholarship
10,HUNGARIAN GRADUATE SCHOLARSHIPS
10,Home 3
10,Home 1
10,TENDER FOR THE PROPOSED CONSTRUCTION OF ADDITIONAL TWO NUMBER (2 NO.) FLOORS AT KIBRA TECHNICAL AND VOCATIONAL COLLEGE – NAIROBI COUNTY
10,TENDER DOCUMENT FOR PROPOSED ERECTION TO COMPLETION OF A DOMITORY WITHOUT ABLUTION BLOCK AT BELGUT STAREHE GIRLS CENTRE
10,"TENDER FOR PROPOSED ERECTION AND COMPLETION OF TWIN WORKSHOP, CLASSROOMS AND OFFICES BLOCK IN FOURTEEN (14) TECHNICAL VOCATIONAL COLLEGES IN FOURTEEN (14) CONSTITUENCIES"
10,Technical Equipment for Automotive Mechatronics and Body Building
10,TECHNICAL SPECIFICATIONS-SUPPLY OF FURNITURE AND EQUIPMENTS FOR DSINCP
10,"TECHNICAL ASSISTANT ON POLICY, PROJECT MANAGEMENT AND COORDINATION"
10,"ADVERT TECHNICAL ASSISTANT ON POLICY, PROJECT MANAGEMENT AND COORDINATION"
10,TENDER DOCUMENT FOR PROPOSED ERECTION TO COMPLETION OF A DOMITORY WITHOUT ABLUTION BLOCK AT BELGUT TAPTUGEN STAREHE BOYS CENTRE
10,"TASKFORCE ON ENHANCING ACCESS, RELEVANCE, TRANSITION, EQUITY AND QUALITY FOR EFFECTIVE CURRICULUM REFORMS IMPLEMENTATION"
10,Nicolas Hoffmann
10,National Policy on Continuous development for TVET
10,NATIONAL PRE-PRIMARY EDUCATION POLICY
10,NATIONAL EDUCATION STRATEGIC PLAN 2023-2027
10,SCHOLARSHIPS IN TUNISIAN UNIVERSITIES FOR THE ACADEMIC YEAR 2024/2025
10,SCHOLARSHIP FOR GRADUATE STUDIES PROGRAM
10,SALE OF BOARDED MOTOR VEHICLE AND ASORTED ITEMS
10,SALE OF BOARDED MOTOR VEHICLE AND ASSORTED ITEMS
10,"UNDERGRADUATE SCHOLARSHIP OPPORTUNIES FROM THE UNIVERTSITY OF OTTAWA, CANADA"
10,Advert-Technical Assistance (TA) for Competence Based Curriculum (CBC)
10,Technical Assistance (TA) for Competence Based Curriculum (CBC)
10,ADVERT-SUPPLY AND DELIVERY OF KPEEL PROJECT MOTOR VEHICLES
10,ADVERT- PROPOSED ERECTION TO COMPLETION OF A DOMITORY WITHOUT ABLUTION BLOCK AT BELGUT TAPTUGEN STAREHE BOYS CENTRE
10,ADVERT- PROPOSED ERECTION TO COMPLETION OF A DOMITORY WITHOUT ABLUTION BLOCK
10,ADVERT FOR THE SUPPLY AND DELIVERY OF VARIOUS COMMON USER ITEMS AND PROVISION OF SERVICES
10,Advert-Consultancy for Environmental and Social Safeguards Specialist
10,ALL FOR APPLICATIONS FOR 2025 JOINT NAM S&T CENTRE-ZMT BREMEN (GERMANY) FELLOWSHIP PROGRAMME ON “BLUE ECONOMY IN TROPICAL COASTAL MARINE RESEARCH”
10,ALGERIAN SCHOLARSHIP FOR ACADEMIC YEAR 2023-2024
10,ALGERIAN SCHOLARSHIP FOR THE ACADEMIC YEAR 2023-2024
10,APPLICATION FORM FOR THE YEAR 2024.FULL TIME SNE DIPLOMA COURSE AT KENYA INSTITUTE OF SPECIAL EDUCATION
10,FULL TIME SNE DIPLOMA COURSE AT KENYA INSTITUTE OF SPECIAL EDUCATION
10,APPLICATIONS FOR THE SECOND CYCLE OF 2023-2024 QUEEN ELIZABETH COMMONWEALTH SCHOLARSHIPS ARE NOW OPEN
10,PROGRAMING AND OPERATION OF CNC TURNING MACHINES” COURSE
10,Project Documents
10,Disclosure
10,ARCHITECTURAL DRAWING FOR THE PROPOSED ONE STOREY BUILDING
10,ARCHITECTURAL DRAWING FOR THE PROPOSED ONE STOREY BUILDING - BELGUT STAREHE GIRLS
10,PHYSICAL EDUCATION AND SPORT POLICY FOR BASIC EDUCATION
10,Policy-Framework-for-Nomadic-Education in Kenya
10,"Procurement of consultancy services, conducting capacity needs assessment for project stakeholders on environment, climate and social safeguards mainstreaming, development of relevant training tools and rollout of capacity building activities"
10,"Procurement Of Computing Equipment (Servers) To Support Ifmis Re-Engineering For Migration To Accrual Basis Accounting, Treasury Single Account And Configuration Of New Standard Chart Account"
10,The Ministry is in receipt of communication from the Gwangju Institute of Science and Technology (GIST) in the R
10,MASTER’S & PHD SCHOLARSHIPS AT THE GWANGJU INSTITUTE OF SCIENCE & TECHNOLOGY (GIST) FOR THE 2024 SPRING SEMESTER
10,"THE SUPPLY AND DELIVERY OF SPECIAL DUTY, UTILITY PASSENGER CARAVAN VEHICLE,4x4, L.W.B, 2900-4500cc, DIESEL (1No)"
10,TENDER DOCUMENT FOR PROPOSED ERECTION TO COMPLETION OF ONE STOREY DORMITORY AT BELGUT STAREHE GIRLS CENTRE
10,"INVITED CONTRACTORS FOR FOOD CATEGORY (BEANS, RICE AND SALT) UNDER SUPPLIES BRANCH"
10,"FIRM TO SUPPORT THE NATIONAL TREASURY -IFMIS DEPARTMENT ENHANCE THE IFMIS SYSTEM TO SUPPORT THE DEVELOPMENT, IMPLEMENTATION AND ROLLOUT OF NATIONAL LEVEL ACTIVITIES ON COUNTY EXCHEQUER SOLUTION, CGAAA FRAMEWORK, PENDING BILLS TEMPLATE AND INTEGRATIONS TO"
10,PROVISION OF AUCTIONEERING SERVICES USING OPEN TENDERING METHOD
10,Public Participation Veterinary Services Development Fund
10,GOVERNMENT ASSETS VALUATION POLICY FRAMEWORK FOR THE PUBLIC SECTOR
10,"The 9th edition of the Kaptagat Integrated Livelihood Program’s Annual Tree Growing initiative, to advance Kenya’s reforestation efforts."
10,Budget Statement For the Fiscal Year 2016/2017
10,Budget Statement For the Fiscal Year 2017/2018
10,CS Chirchir Talking Notes – KPC Share Transfer Agreement Signing Ceremony
10,"Privatisation Bill, 2023"
10,Financial Projections
10,Free Online Language course state Language of Kazakhstan
10,TNTP-CS-Speech-NIFC-Authority-Launch
10,TNT PS Remarks – Kenya Economic Update
10,CS Prof. Njuguna Ndung’u speech – Launch of the CPF FY 23-28
10,Dr. Julius Muia Speech – Official Handover Ceremony Speech
10,CS National Treasury & Economic Planning Speech – National Tree Planting Campaign
10,Draft Public Finance Management Regulation 2024
10,"TNTP CS Talking Notes – GCF Twende Launch 10th Feb, 2021"
10,Leasing Of Electric Vehicles (Evs) Under The Government Motor Vehicle Leasing Programme (Stage One)
10,CS Hon. John Mbadi Meets political leadership of Homa Bay County led by Governor Gladys Wanga
10,Consultative meeting on the Draft National Policy for Virtual Assets (VA) and Virtual Asset Service Provider (VASPs) in Kisii Town.
10,Request for proposals (rfp) For Provision of consultancy services to support the Development of gcf funding proposals and concept Notes
10,Web Traffic Management
10,"ADDENDUM NO. 3 - PROCUREMENT OF TRANSACTION ADVISORY SERVICES FOR THE DEVELOPMENT OF KENYA’S DIPLOMATIC PROPERTIES PROPOSED FOR IMPLEMENTATION UNDER THE PUBLIC PRIVATE PARTNERSHIPS ACT, 2021"
10,"PROCUREMENT OF TRANSACTION ADVISORY SERVICES FOR THE DEVELOPMENT OF KENYA’S DIPLOMATIC PROPERTIES PROPOSED FOR IMPLEMENTATION UNDER THE PUBLIC PRIVATE PARTNERSHIPS ACT, 2021"
10,Advisory to Kenyans in the middle east following conflict escalation
10,PROVISION OF TRANSPORT SERVICES
10,PROVISION OF TRAVEL AND AIR TICKETING SERVICES
10,PUBLIC STATEMENT ON THE SITUATION IN THE MIDDLE EAST
10,JOINT COMMUNIQUÉ KENYA- ZIMBABWE
10,"WELCOME REMARKS BY DR. ALFRED N. MUTUA, E.G.H., CABINET SECRETARY, MINISTRY OF FOREIGN AND DIASPORA AFFAIRS DURING THE OPENING CEREMONY OF THE 43RD ORDINARY SESSION OF THE EXECUTIVE COUNCIL, 13TH JULY, 2023, NAIROBI"
10,"JOINT COMMUNIQUE OF THE UGANDA-KENYA JMC, KAMPALA, 12-14 MAY 2024"
10,DIPLOMACY ENEWSLETTER DEC 2022 – JAN 2023
10,JOINT COMMUNIQUE KENYA-EGYPT JCC
10,Princess Lalla Asmaa of Morocco in Kenya for Cochlear Implant Medical Mission
10,KENYA'S STATEMENT DURING THE HIGH-LEVEL ROUNDTABLE OF THE GLOBAL CHAMPIONS ON ADEQUATE AND AFFORDABLE HOUSING ON THE SIDELINES OF THE 80TH SESSION OF THE UNITED NATIONS GENERAL ASSEMBLY (UNGA80)
10,Reasons To Play Lotteries
10,"First off, we should wonder why so many people decide to play a lottery. Commonly, experts say that the reasons to try and play a lotto game are always the same, no matter if you are a player in Kenya, in the USA or in Japan.

The psychological reasons that leads you to lottery games are basically the same, no matter what cultural background you might have. In fact, the first reason to try a lottery game is the jackpot: anyone wants to improve their financial conditions, sometimes even those people who are already wealth."
10,Don’t Forget Online Lotteries!
10,"Opening remarks by H.E. Dr. Musalia Mudavadi, E.G.H., Prime Cabinet Secretary and Cabinet Secretary for Foreign and Diaspora affairs, during the media Roundtable on the review of the Foreign Policy-Nairobi"
10,ICT Policy
10,Diplomats Playbook on Articial Intelligence
10,CS STATEMENT LUNCHEON WITH ALL AFRICAN AMBASSADORS
10,PROVISION OF HOTEL ACCOMODATION AND CONFERENCING SERVICES
10,Archives
10,Video Gallery
10,"Vision, Mission and Core Values"
10,Budget Review and Outlook Paper
10,FY 2025-2026
10,FY 2019-2020
10,FY 2020-2021
10,17.09.2019_Press Release on_Draft 2019 BROP PS
10,FY 2018-2019
10,FY 2017-2018
10,2017 Budget Review and Outlook Paper
10,FY 2016-2017
10,Previous Years...
10,"2026 Budget Policy Statement

2026 Draft Budget Policy Statement"
10,2025 Budget Policy Statement
10,2024 Budget Policy Statement
10,2023 Budget Policy Statement
10,"2023 Budget Policy Statement

Draft 2023 Budget Policy Statement"
10,2022 Budget Policy Statement
10,"2022 Budget Policy Statement

Draft 2022 Budget Policy Statement"
10,2021 Budget Policy Statement
10,2020 Budget Policy Statement
10,2019 Budget Policy Statement
10,2018 Budget Policy Statement
10,2017 Budget Policy Statement
10,2014 Budget Policy Statement
10,"Budget Related Acts, Bills & Regulations"
10,Misinformation & Clarifications
10,"Misinformation about tax compliance can lead to confusion and potentially result in non-compliance. Here are some common misconceptions by taxpayers:

FAQs, Procedures & Guidelines"
10,"What are Customs Duties?

These are taxes levied on goods imported into Kenya. They include Import duty, Value Added Tax, Excise Duty and other levies as guided by various Government legislations"
10,Strategic Goals
10,"Hon. FCPA John Mbadi Ng’ongo, EGH"
10,Management
10,"Cabinet Secretary, The National Treasury and Economic Planning"
10,"Dr. Chris K. Kiptoo, CBS"
10,"Principal Secretary, The National Treasury"
10,Mr. Bernard Ndungu
10,Mr. Albert Mwenda
10,Mr. Raphael Owino Otieno
10,"Director General, Budget, Fiscal & Economic Affairs"
10,Eng. Kefa Seda
10,"Director General, Public Private Partnerships Directorate"
10,Mr. Lawrence Kibet
10,Organization structure
10,Organization Structure
10,Nairobi County Engages Stakeholders on the Proposed Conservancy fee integration into monthly water bill
10,Notice For Public Participation For The Proposed Nairobi City County Environmental A Social Risk Management Draft Policy
10,Nairobi County Rallies Stakeholders To Turn Air Quality Plan Into Action
10,"Nairobi, 30th April 2026

Nairobi County has initiated a consultative process with stakeholders on a proposal to incorporate conservancy fee into the monthly water bills, as it seeks to strengthen solid waste management across Nairobi."
10,"Nairobi City County Executive, County Assembly Sectoral Committee on Culture move to tighten alcohol laws in major regulatory overhaul to protect Nairobi families"
10,"February 22nd, 2026

Nairobi City County has moved to tighten regulation of the alcohol sector following consultative deliberations on the proposed Nairobi City County Alcoholic Drinks Control and Licensing Bill (Repeal), 2025."
10,Trade and Investment
10,Investment Guide
10,"Addis Ababa, Ethiopia

June 22, 2025"
10,"Arusha, Tanzania

July 3, 2025"
10,"July 8, 2025

Nairobi, Kenya"
10,"9th July 2025

Safari Park Hotel, Nairobi"
10,"Mogotio, Baringo County

July 4, 2025"
10,Earlier today Principal Secretary State Department for Public Service for Mr. Amos Gathecha was at KSG Lower Kabete where he presided over KSG Alumni Association Consultative meeting.
10,Foreign Nationals
10,Work Permit
10,"S/N

COUNTRY"
10,"First Lady graces National Defence College Graduation

27th May, 2025"
10,"Transformative Role of HR in Public Service Highlighted at Fellows Dinner

Friday 13th June, 2025"
10,"Elgeyo Marakwet County

12th July, 2025"
10,"KICD, Nairobi

Tuesday 15th July, 2025"
10,"Makadara, Nairobi

Thursday, July 17th, 2025"
10,"Wednesday 30th July 2025

Harambee House"
10,"Consultative Meeting on Operations and Introduction of New Huduma Secretariat Staff

Monday, 8th September 2025"
10,2020/21 FY Budget Estimates – Submitted 30th April 2020
10,"Rt. Hon. Raila Amolo Odinga, E.G.H

1945 - 2025"
10,Vital for Navigating Economic Vitality
10,Nairobi County GCP Report
10,"Economic Hub of Kenya: Delve into the GCP report for Nairobi County, Kenya’s capital and economic powerhouse. Discover its contribution to the national economy and its diverse economic sectors."
10,Mombasa County GCP Report
10,The offer a comprehensive view of Kenya's economic performance.
10,"Economic Expansion in Focus: This report provides a detailed analysis of Kenya’s GDP growth rate for a specific quarter. It highlights the factors contributing to economic expansion or contraction, aiding businesses and policymakers in strategy development."
10,Net Gain = (Transfer value - Incidental Costs on Transfer) - Adjusted Cost ( Acquisition Cost + Incidental Costs on Acquisition + Any enhancement Cost)
10,What constitutes a transfer?
10,"Registration is done online through the iTax platform

• Login to iTax using your PIN and password via https://itax.kra.go.ke"
10,"You can now also file and pay your TOT using the new KRA M-service App.

Address"
10,"Gross County Product 2023 is the third in a series of reports with the first having been disseminated in 2019 and the second in 2021. The Gross County Product (GCP) reports provide a monetary measure of the net market value of all the final goods and services produced within each of the 47 counties. The GCP 2023 highlights the differences in the size of the economy across counties from 2018 to 2022.Only four counties, namely: Nairobi City (27.5%), Kiambu (5.7%), Nakuru (4.9%) and Mombasa (4.9 %) have a Gross Value Added (GVA) contribution which is above 4.0 per cent. Counties with a wide range of agricultural products and large-scale grain farming were the major contributors to agriculture GVA. Counties with Export Processing Zones (EPZ) in their jurisdiction, such as Nairobi City, Mombasa, and Machakos, posted larger contributions to manufacturing activity. Only six counties had per capita GCP greater than the national GDP per capita of KSh 264,077 while eighteen of the forty-seven counties had a GCP per capita below KSh 150,000 in 2022, underscoring the huge disparities across counties."
10,Kenyans Citizens
10,Kenyans in Distress
10,Diplomatic Corps
10,"SERVICES TO DIPLOMATIC CORPS

Ø Provision of protocol services"
10,documents authentication
10,"Authentication of Documents

Ø Academic Certificates"
10,kenya in distress
10,"Send an email to diaspora@mfa.go.ke with the following details:

1. The full names and passport number of the distressed person;"
10,Leadership
10,Prime Cabinet Secretary and CS for Foreign and Diaspora Affairs
10,"The Kenya National Bureau of Statistics (KNBS) hereby releases provisional GDP estimates for the First Quarter 2016, which shows that the economy expanded by 5.9 per cent compared to a growth of 5.0 per cent in the corresponding quarter of 2015. Download First Quarter 2016…"
10,Arizona | The perfect potato variety for retail and local markets
10,"Arizona is an excellent table potato variety for retail and the Wakulima (local) market. It is a yellow skin potato suitable for cooking, mashing or using in stews. It is an early maturing variety (95 days), which gives a high yield with big sized tubers in various climate conditions due to its good heat and drought tolerance."
10,Photo Galleries
10,"National accounts are a set of macroeconomic statistics which are key in understanding the workings of an economy and crucial for macroeconomic analysis and decision making. They provide information on the economic transactions between different economic agents in an economy and also with the rest of the world and are used for international comparison. Evidently, economies are dynamic in nature: they grow, they shrink, they add new sectors, new products and new technologies, and consumer behavior and tastes change over time.

Read More"
10,CS and Director ICT Basic
10,Discussion with the Huawei Team on how to enhance ICT in education sector
10,launch of the country’s first semi-conductor production unit at Dekut
10,KCSE 2022 Exams
10,Oceans and Blue Economy
10,Objectives of Oceans and Blue Diplomacy
10,"Press Statement by the Acting Cabinet Secretary for National Treasury and Planning Hon. (Amb.) Ukur Yatani on the upcoming 2019 Kenya Population and Housing Census

Get ready to be counted"
10,International jobs
10,DISCLAIMER
10,Ministry Leadership
10,Patricia Terer Ondeng’ MPRSK ‘ndc(f)
10,"Secretary, Public Communication

Our Contacts"
10,Certificate Verification
10,"The Ministry verifies academic certificates for Kenyans whenever institutions require applicants’ certificates verified.

It conducts certification of academic documents."
10,What are your contacts?
10,Where is the ministry located?
10,"P.O Box 30025-00100 Nairobi, Kenya

Tel. No: (+254) 4920000 / 1 OR (+254) 020 4920030"
10,Media Council of Kenya
10,MyGov Issues
10,"PS Stephen Isaboke met with a delegation from the Karibimage International Studios.

Our Contacts"
10,"PS Stephen Isaboke joined other Principal Secretaries for their monthly coordination meeting hosted by Head of Public Service and Chief of Staff, Hon Felix Koskei.

Our Contacts"
10,"PS Stephen Isaboke attended the Safaricom De(cO)dE 4.0 Made of Kenya event.

Our Contacts"
10,"PS Stephen Isaboke represented Kenya at the Pan African Postal Union Plenipotentiary Conference held in Kampala, Uganda

Our Contacts"
10,"PS Stephen Isaboke represented Kenya at the Mobile World Congress (MWC) 2026 in Barcelona.

Our Contacts"
10,"PS for Broadcasting and Telecommunications, Mr Stephen Isaboke attended the TikTok Safer Internet Summit 2026 held in Nairobi.

Our Contacts"
10,"The Principal Secretary for Broadcasting and Telecommunications, Mr Stephen Isaboke, EBS, hosted the South African Deputy Minister in the Presidency, Hon Kenny Morolong.

Our Contacts"
10,Lessons learned from the 'Smallholders Potato Initiative’
10,"The key goal of this smallholder income growth program was to become a so-called ‘connected farmer’. This means providing potato farmers access to:

Connected farmers would witness a boost in their net income. The three Kenyan based companies provided extensive support to almost 2,000 farmers in three counties (Meru, Narok and Nakuru) on all these topics."
10,"Vision, Mission & Core Values"
10,To provide policy direction on digital infrastructure and communication services by leveraging on technology and innovation for socio-economic transformation and global competitiveness.
10,"The mandate of the Ministry is derived from the Executive Order No. 2 of 2023, which stipulated the following functions:"
10,SEEQIP Program Documents
10,Program Appraisal Document (PAD)
10,Final Environmental and Social System Assessment(ESSA)
10,Final Technical Assessment
10,Environment and social commitment
10,Agencies Under SD ICT & DE
10,ICT and Digital Economy Projects
10,Regulations
10,NEMIS
10,"Standard Scholarship Application Form

SCHOLARSHIPS IN TUNISIAN UNIVERSITIES FOR THE ACADEMIC YEAR 2026/2027"
10,Draft National Policy on Continuous Professional Development for TVET Trainers
10,Standard Scholarship Application Form
10,"TERMS OF REFERENCE FOR A CONSULTANCY FIRM IN EDUCATIONAL ASSESSMENT AND RESEARCH

CONSULTANCY FOR STRENGTHENING THE IMPLEMENTATION OF COMPETENCY BASED CURRICULUM CBC (KPEELP- P176867)"
10,"Standard Scholarship Application Form

OFFER OF THE CHAIRMAN A.M SCHOLARSHIP AWARD FOR EAST AFRICA"
10,Launches the 5th Cycle ISO certificate
10,"Standard Scholarship Application Form

2025 KOICA FELLOWSHIP PROGRAMS"
10,"Standard Scholarship Application Form

ERASMUS MUNDUS SCHOLARSHIP"
10,"PROVISION OF CONFERENCE FACILITIES AND AIRTICKET/CHOPPER SERVICES

SUPPLY AND DELIVERY OF PHOTOCOPYING PAPERS AND VARIOUS TONERS FOR THE PERIOD UP TO 30 /06/2025."
10,"Standard Scholarship Application Form

Malaysia Technical Cooperation Scholarship"
10,"Standard Scholarship Application Form

APPLICATIONS FOR THE SECOND CYCLE OF 2023-2024 QUEEN ELIZABETH COMMONWEALTH SCHOLARSHIPS ARE NOW OPEN"
10,"Standard Scholarship Application Form

KOREA SCIENCE ACADEMY (KSA) 2025 INTERNATIONAL SCHOLARSHIP OPPORTUNITIES"
10,"Standard Scholarship Application Form

2024 COMMONWEALTH PhD AND MASTER’S SCHOLARSHIPS TENABLE IN THE UNITED KINGDOM"
10,"Standard Scholarship Application Form

STUDY IN SAUDIA INITIATIVE"
10,"Standard Scholarship Application Form

SECOND EDITION OF THE MOBILITY PROGRAMME OF THE GROUP OF INTERNATIONAL COOPERATION OF BRAZILIAN UNIVERSITIES (GCUB-MOB) SCHOLARSHIPS"
10,"Standard Scholarship Application Form

2025 COMMONWEALTH PhD AND MASTERS SCHOLARSHIPS TENABLE IN THE UNITED KINGDOM"
10,"Standard Scholarship Application Form

2025 commonwealth PHD and Masters scholarships tenable in the United Kingdom"
10,"Standard Scholarship Application Form

THAILAND INTERNATIONAL POSTGRADUATE PROGRAMME (TIPP) 2025"
10,"Standard Scholarship Application Form

COMMONWEALTH PhD AND MASTERS SCHOLARSHIPS"
10,"Standard Scholarship Application Form

APPLICATIONS FOR THE SECOND CYCLE OF 2025-2026 QUEEN ELIZABETH COMMONWEALTH SCHOLARSHIPS"
10,"Leading Economic Indicators are statistical metrics used to forecast future economic trends and changes, providing insights into the direction of the economy before it becomes apparent in other data points."
10,NSE All Share Index
10,"Total local electricity generation de- creased from 1,067.36 million KWh in January 2023 to 960.92 million KWh in February 2023. In the international mar- ket, the price of the OPEC crude oil bas- ket increased slightly from US Dollars 81.62 per barrel in January 2023 to US Dollars 81.88 per barrel in December 2023.

The national average domestic retail oil prices of motor gasoline premium, light diesel and Kerosene was KSh 178.05, KSh 162.91 and KSh 146.86 per litre respectively in February 2023. Charcoal prices averaged KSh 68.43 per Kg while the price of a 13-Kg cylinder of gas averaged KSh 3,101.94 during the same period."
10,"Manufacturing, Building & Construction"
10,DISPOSAL OF ASSETS AND OTHER ITEMS
10,"SUPPLY OF FURNITURE AND EQUIPMENTS FOR DSINCP- LOT 9

SUPPLY OF FURNITURE AND EQUIPMENTS FOR DSINCP- LOT 8"
10,"RECORD OF BID CLARIFICATION / AMENDMENT

RECORD OF BID CLARIFICATION / AMENDMENT"
10,SACCO Societies Regulatory Authority (SASRA)2020-2021
10,Lawrence Kibet
10,Pest Control Products BoardF-1162-2-2021
10,National Housing Corporation 2020-2021 FY
10,Coast Development Authority
10,Consolidated Bank
10,"Centre for Mathematics, Science and Technology Education in Africa"
10,Bomet University College
10,Pyrethrum Processing Company of Kenya 2020-2021 FY
10,POLICY ON THE ISSUANCE OF GOVERNMENT SUPPORT MEASURES IN SUPPORT OF INVESTMENT PROGRAMMES
10,THE NATIONAL TREASURY COMPLAINTS HANDLING POLICY AND PROCEDURES
10,"A Service Delivery Charter is a formal agreement between a service provider and its clients, defining service terms and expectations"
10,What is a Service Delivery Charter?
10,"A Service Delivery Charter is a formal agreement between a service provider and its clients, defining service terms and expectations. It outlines services offered, including scope and standards, alongside specific performance metrics like response times and uptime percentages. Financial aspects such as pricing and billing details are also covered.

Moreover, the charter delineates customer rights and responsibilities, offering guidelines for service requests, issue reporting, and feedback provision. It includes provisions for addressing complaints and conflicts, ensuring effective conflict resolution. Additionally, it serves as a framework for ongoing improvement, outlining procedures for reviewing service performance and implementing necessary enhancements, thus fostering transparency, accountability, and customer satisfaction."
10,"The Kenya National Bureau of Statistics (KNBS) was established by the Statistics Act of 2006 with the core mandate of collection, compilation, analysis, publication and dissemination of statistical information for public use."
10,County Allocation Revenue Act
10,"File using your P9. Your employment details are prepopulated on iTax for ease of filing. If you had more than one employer in 2025, declare income from all employers in a single return."
10,"Declare your employment income together with any additional income (e.g., freelance, consultancy, online services, farming, or other income-generating activities)."
10,SMILE
10,"Sometimes, when we feel hopeless about the word and our part in it, we tend to look at situations with pessimism. There is so much social pressure to be or appear to be happy that we may feel ashamed when we are not. Adding shame to sadness is a pretty toxic cocktail. It is hard enough to deal with sadness, depression, or any type of anxiety without the added societal expectations. You might not be in such a situation therefore, showing kindness and empathy to everyone is salient as we might not know what someone else is battling. We all have our demons. When someone loses their smile, they lose their ability to laugh, truly laugh, without wonder or worry. Usually, one does not notice themselves changing because the change is a gradual and imperceptible one. More often than not, we tend to notice this when we meet up with people we have not seen in a long time. This should be enough reason to observe yourself and your thoughts. Begin to think of what made you feel good and what has changed since then. As you work towards getting your smile back, keep in mind that happiness is not something readymade, but is a feeling that comes from within and is dependent on your actions and worldview. It is important to note that every emotion is connected and comes from somewhere and if we take time to search within ourselves we will get to be more emotionally intelligent.

The actions that could help you get your smile back may include;"
10,KRA's CSR to Refurbish Moi Referral Hospital's Renal Ward
10,"HEALTHCARE 08/08/2018

KRA has announced plans to adopt the paediatric renal ward at the Moi Teaching and Referral Hospital (MTRH)."
10,"The jobholder will be responsible for managing, supporting, and maintaining the Scheme’s ICT systems, networks, and technology infrastructure to ensure secure, efficient, and reliable operations, while providing user support and technical assistance to staff and stakeholders.

Duties & Responsibilities:"
10,"The jobholder will be responsible for Coordinating and executing all procurement operations in line with the KRASPS procurement policies, guidelines, best practice and the prevailing procurement law and regulations.

Duties & Responsibilities:"
10,"ACQUISITION OF OFFICE SPACE FOR KENYA REVENUE AUTHORITY IN UPPER HILL, NAIROBI FOR A PERIOD OF FOUR (4) YEARS (RE-ADVERTISEMENT)"
10,"ACQUISITION OF OFFICE SPACE FOR KENYA REVENUE AUTHORITY IN RUMURUTI TOWN, LAIKIPIA COUNTY FOR A PERIOD OF FOUR (4) YEARS"
10,Who is a Customs Agent?
10,About Customs Agents
10,"A company that is licensed by the Commissioner Customs and Border Control to carry out clearance procedures on behalf of a company or individual.

List of Licensed Customs Clearing Agents"
10,8. Where to Get Support
10,7. How to Get a Certified Integrator
10,"KRA offers training, technical support, and advisory through the integration journey.

Address"
10,"Buyer Initiated Invoicing (BII) under eTIMS is supported by Kenyan tax law, which sets out requirements for electronic invoicing and conditions under which a buyer may generate a tax invoice on behalf of a seller.

Section 16(1)(c) of the Income Tax Act (Cap 470) mandates the use of electronic invoicing through eTIMS for the allowance of deductions on loss or expenditure and the Tax Procedures Act Cap 469B Section 23A (3A) allows a purchaser to issue an electronic invoice on behalf of a small-scale seller."
10,Appendix 2: BII process flow diagram
10,"A detailed flowchart illustrating each step in the Buyer Invoice Initiation (BII) process—from buyer login and invoice entry, through system validations, seller notifications, to final approval or rejection. This diagram provides a visual reference for stakeholders and technical teams."
10,What Business Expenses are excluded from eTIMS?
10,The following valid business costs have been excluded from the requirement of being supported by an eTIMS invoice:
10,FAQs?
10,3. Installment Tax
10,"Installment Tax is paid in advance at four equal installments. It is paid before the year of income is over and before the accounts of the business are prepared to establish the actual tax payable.

Installment tax is computed in either of the following ways;"
10,What is the rate of taxation for Installment Tax?
10,Installment Tax for companies in the Agricultural Sector
10,"After the accounts of the business are prepared to establish the actual tax payable, any balance of tax payable should be paid on, or before, the last day of the 4th month following the end of year of income or the accounting period."
10,4. Withholding Tax
10,"Stamp Duty are payable to the government in different rates, depending of the nature of the instrument.

What instruments are assessed for Stamp Duty?"
10,b) Betting and Pool Tax
10,"Science, Technology and Innovation Diplomacy"
10,"Objectives of Science, Technology and Innovation Diplomacy"
10,Objectives of Kenya’s Global Governance and Multilateral Diplomacy
10,Launch of the FY 2024/25 and MT Budget Preparation Process
10,Click below for a Live Preview
10,"A deep dive into Kenya's economic, social, and demographic aspects plus much more"
10,"Leading Economic Indicators provide predictive insights into an economy's future direction by monitoring data such as jobless claims, stock market performance, and consumer sentiment."
10,Blogs
10,Budget Books
10,Budget Books 2026/2027
10,Annual Unaudited Consolidated Financial Statements
10,"Year 2023

FINANCIAL STATEMENTS – SAGAs 2023"
10,Gallery
10,Mission & Vision
10,Taxpayers may download the Service Delivery Charter in either English or Kiswahili using the links below.
10,Service Charter Summary Video
10,The National Treasury is mandated by law to:
10,"Cooking, Space Heating, and Lighting"
10,Education and Literacy
10,"Twenty-four percent of the household population in Kenya has access to clean fuels and technologies for cooking, including stoves/cookers using electricity, LPG/natural gas/biogas, solar, and alcohol/ethanol. Use of clean fuels and technology for cooking is substantially higher in urban areas than in rural areas (59% versus 6%).

The majority of households in Kenya do not heat their homes. For those who do, only 5% use clean fuels and technologies for heating."
10,Household Water and Sanitation
10,Drinking Water
10,"In Kenya, 51% of the population has a basic handwashing facility with soap and water on the premises."
10,Men’s Nutritional Status
10,"Among adolescent men age 15-19, 43% are thin according to BMI-for-age and 2% are overweight or obese. Among men age 20-49, 14% are thin according to BMI and 19% are overweight or obese.

Twelve percent of men age 20-49 in urban areas are thin compared with 16% in rural areas. Twenty-five percent of men in urban areas are overweight or obese compared with 14% in rural areas."
10,Feeding Practices and Supplementation
10,Breastfeeding and the Introduction of Complementary Foods
10,"Sixty percent of children are put to breast within 1 hour of birth, while 83% of children are exclusively breastfed for the first 2 days after birth.

WHO recommends that children receive nothing but breastmilk (exclusive breastfeeding) for the first 6 months of life. In Kenya, 60% of children age 0-5 months are exclusively breastfed. Complementary foods should be introduced when a child is 6 months old to reduce the risk of malnutrition. In Kenya, 87% of children age 6-8 months were fed solid, semi-solid, or soft foods the day before the survey."
10,Minimum Acceptable Diet and Unhealthy Feeding Practices
10,"Children age 6-23 months have a minimum acceptable diet when they are fed from at least 5 of 8 defined food groups the minimum number of times or more during the day before the survey. In Kenya, 37% of children received minimum dietary diversity the day before the survey and 71% received minimum meal frequency. Overall, 31% received the minimum acceptable diet.

For healthy growth, infants and young children should not be given sweet foods and beverages and instead should be fed healthy foods including fruits and vegetables. In Kenya, 49% of children age 6-23 months were given a sweet beverage in the day before the survey, 26% had unhealthy foods, and 25% consumed zero vegetables or fruit. Unhealthy feeding practices vary by breastfeeding status, with breastfed children fed fewer unhealthy foods."
10,"Seventy-six percent of women and 72% of men know that the risk of mother-to-child transmission (MTCT) of HIV can be reduced by the mother taking ARVs.

Knowledge that the risk of MTCT can be reduced by taking ARVs has increased from 33% in 2003 to 76% in 2022 among women, while for men, it increased from 38% in 2003 to 72% in 2022 KDHS."
10,"Overall, 85% of women and 73% of men have ever been tested for HIV and received results, and 47% of women and 39% of men have been tested for HIV in the past 12 months and received the results of the last test.

Fifty-five percent of women and 65% of men have ever heard of HIV self-test kits. However, only 10% of women and 9% of men have ever used one."
10,Ownership of Insecticide-Treated Nets
10,"Fifty-four percent of households have at least 1 insecticide-treated net (ITN); on average, there are 1.2 ITNs per household."
10,Employment
10,"Overall, 77% of married women and 93% of married men who were employed in the last 12 months earned cash, while the proportion of women who were not paid for their work is almost 5 times higher than that of men (19% versus 4%). Of those married women who were employed in the last 12 months and earned cash, 96% made decisions on how to spend their earnings either alone or jointly with their husband/partner. Among married women who received cash earnings, 9% earn more than their husband/partner, 71% earn less, and 13% earn about the same as their husband/partner."
10,"Twenty-seven percent of women and 34% of men own land either alone or jointly.

About 4 in 5 women and men own a mobile phone, while 43% of women and 49% of men own a smartphone. Twenty-nine percent of women and 39% of men have and use a bank account. Across Kenya, about 4 in 5 women and men have and use a bank account or used a mobile phone for financial transactions in the last 12 months. Use of mobile phones or bank accounts is higher in urban areas (88% for women, 93% for men) than in rural areas (73% for women, 75% for men)."
10,"Monday, 28th July 2025

Harambee House, Nairobi"
10,"Kisauni, Mombasa

July 10, 2025"
10,"Youth Roundtable Discussion on Empowerment

Monday, 9th September 2025Harambee House, Nairobi"
10,and statesman. RIP Raila Odinga
10,patriot
10,Farewell to a leader
10,Diplomatic Missions
10,Monthly and Quarterly Statistics
10,Tony Michael Kimani
10,Chief officer-Public Health
10,"The overall objective purpose of Foreign Investment Survey (FIS) is to collect information from resident enterprises on their foreign assets and liabilities, and investor perceptions on the business environment; – for use in the compilation of Balance of Payments (BOP), International Investment Position (IIP) and related external debt statistics; – To comply with current international methods and practices of compilation and reporting of BOP and IIP statistics.

Download Presentation by Mr. Zachary Mwangi, Director General"
10,Ms. Suzanne Silantoi
10,"CECM – Health, wellness and Nutrition

General Inquiries"
10,Amina Mohammed
10,"Chief officer- Wellness, Nutrition, and School Feeding.

General Inquiries"
10,"The economic activity in the domestic economy remained vibrant in 2019 although the performance was slower relative to 2018. The real Gross Domestic Product (GDP) grew by 5.4 per cent in 2019 compared to a growth of 6.3 per cent in 2018. The growth, albeit slower than 2018 was spread across all sectors of the economy but was more pronounced in service-oriented sectors.

The slower growth in 2019 was also reflected in other macroeconomic indicators. The annual inflation increased from 4.7 per cent in 2018 to 5.2 per cent in 2019. The upsurge in inflation was mainly due to less favourable weather conditions in first half of 2019. Weather conditions gradually improved over the remaining part of the year causing drops in food as well as overall inflation. Prudent macroeconomic policies as well as a relatively stable Kenya shilling against the major currencies especially the US dollar helped in containing the inflation."
10,How we are organised
10,Creating a sustainable potato value chain
10,"In 2015 two reputable organisations: Migotiyo Plantations Ltd. & Agrico BV. decided to join forces, resulting in the establishment of Agrico Potato Services Africa Ltd.

All year round, we produce and supply large quantities of top-quality certified seed potatoes on our farms in Nakuru County. Based on our 'connected farmer approach', our seed potatoes are sold across the country through farmer cooperatives and self-help groups (SHGs). Farmers then produce large volumes of ware potatoes and thus contribute to Kenya's food security and its Big 4 agenda."
10,Benjamin Kemboi
10,2024
10,"PS Stephen Isaboke and his colleague, PS Medical Service Dr Ouma Oluga toured the Kisii Cancer Centre to check on its progress.

Our Contacts"
10,Free potato training video
10,Group training by our agronomist Constance on our farm in Nakuru at our Potato Centre of Excellence (PCE). Interested? Fill in the registration form to participate in our potato training.
10,The report provides a synopsis of statistics that reflect similarities and disparities in the level of financial inclusion at county level that would otherwise have been masked by the national averages. Read More
10,Help & Learning
10,Integration & Special Use Cases
10,"Access tutorials and contact details for support on eTIMS.

Address"
10,"Late and early blight - In this video you will learn about the potato diseases early and late blight. We will explain how to recognise theses diseases in the field.

Duration 3:04 minutes"
10,# 17 Diseases | leafroll & insects
10,"This is granted to Donor Funded project upon recommendation by National Treasury, Diplomats (DA 1s) upon recommendation by CS for Foreign affairs, and privileged persons e.g. KDF"
10,"This is granted to Donor Funded project upon recommendation by National Treasury, Diplomats (DA 1s) upon recommendation by CS for Foreign affairs, and privileged persons e.g. KDF

Address"
10,IMPACT OF DEVOLUTION ON SERVICE DELIVERY
10,Elaborate Measures put in place by H.E Mike Mbuvi Sonko to restore Nairobi River
10,Nairobi Moves to Position Itself as a Centre of Excellence in Air Quality Management
10,Nairobi City County Goes For Gold: Governor Sakaja Flags Off Team To Defend KICOSCA Title In Siaya
10,Nairobi Charts Smart Mobility Path at the Smart Mobility Africa 2025 Summit
10,"Notice For Public Participation On The Proposed Nairobi City County AIR Quality(Ambient)Regulations,2025"
10,2ND Nairobi Health Scientific Conference Registration Countdown 35 Days to Go
10,"Kindly click here to access the draft Nairobi City County Air Quality (Ambient) Regulations,2025

General Inquiries"
10,Notice For Public Participation On The Annual Development Plan (ADP) 2026/2027 FY
10,"Notice on Public Participation on the Draft Customer Service Charter Scheduled for 7th August 2025 At Charter Hall, City hall Building"
10,"Registration is officially open!!!

Be part of the 2nd Nairobi Health Scientific Conference happening 5th -7th November at Argyle Grand Hotel, Nairobi."
10,"35 Days to Go !!!

The Countdown to the 2nd Nairobi Health Scientific Conference is on! 5th – 7th November 2025"
10,Office location
10,Telephone: +254-020-2227411
10,"For General Enquiry:

info@psyg.go.ke"
10,"Nairobi 30th July 2019

Nairobi City County Ag.County Secretary Mr. Leboo Ole Morintat on 30th July 2019 inspected various County projects which are near completion before they are commissioned."
10,"Nairobi, 16th March 2024

Nairobi City County Battle of The Choirs’ Technical Committee met with the knockout stage qualifiers for capacity building to advise on their expectations regarding preparation, repertoire, and performance and to clarify any outstanding matters before the actual competition."
10,Green Nairobi Executive Leads Inaugural Wangari Maathai Marathon to Honor Environmental Legacy and Promote Sustainability
10,"Are you a budding talent within Nairobi seeking to grow and nurture your talent- be it singing, dancing, spoken word, fashion and design or even modeling?

” Here’s your chance to showcase your talent amongst NAIROBI’S FINEST ” !!!"
10,Chief Officer George Mutiso Closes Two-Day Child Protection Workshop Sponsored by World Vision’s Tumikia Mtoto Initiative in Nairobi City County
10,"Nairobi 7th December 2023

Chief Officer for Social Services Mr. George Mutiso has closed a two-day workshop on Child Protection and Safeguarding, the workshop was sponsored by the World Vision (Tumikia Mtoto) initiative."
10,Nairobi County Commits to Green Bond Financing in Support of Global Climate Change Agenda
10,"Wednesday,15th November 2023

Nairobi county to explore Green Bond financing as part of its commitment to Global Climate Change agenda."
10,"Nairobi, 7th September 2025

Nairobi City County, through the Department of Mobility and Public Works led by CECM Ibrahim Auma, oversaw the restoration of street lights in the Nairobi CBD."
10,Notisi Ya Ushirikishi Wa Umma Kuhusu Mradi Wa Kaunti Ya Nairobi Wa Viwanda Kwa Mafundi Wa Vyuma Na Ujenzi Wa Soko Jipya Katika Hospital Ward Kaunti Ndogo Ya Mathare
10,Governor Sakaja Presides Over the Ground Breaking Of Seven Kitchens In Nairobi County
10,"Nairobi, Wednesday 27 March 2024.

H.E Governor Sakaja Johnson presided over the ground breaking of Seven Central kitchens this week which are part of the School Feeding Program, Dishi na County."
10,"Nairobi City County Continues Education Support: 2nd Batch of Scholarships and Bursaries on Horizon, Building Brighter Futures"
10,"MOMBASA: 23 March 2024

Nairobi City County earlier in the year released the 3rd batch executive scholarships Kshs 131million and ward bursaries 170million for academic year ended December 2023."
10,Nairobi City County moves to lay groundwork for a future clean transport
10,Notice For Rescheduling Of Public Participation For The Development And Review Of Six Nairobi City County Transport Act Draft Regulations
10,Nairobi County to create favorable business Environment for traders by developing frameworks that promote economic growth
10,County Environment Officers equipped to professionally enforce environmental regulations
10,NOTICE FOR PUBLIC PARTICIPATION FOR THE DEVELOPMENT AND REVIEW OF SEVENTEEN (17) NAIROBI CITY COUNTY TRANSPORT ACT DRAFT REGULATIONS
10,Transitioning Nairobi City County from linear to circular waste management model
10,Nairobi County Hosts Major Grant Award Ceremony to Promote Inclusive Trade Innovations and Business Growth
10,Counselling
10,"H.E Governor Mike Mbuvi Sonko, promises youth who used to engage in crime and have reformed, employment opportunities here

General Inquiries"
10,Management Consultancy
10,Kenya's Foreign Pillars
10,Fill this form to give feedback to KNBS
10,Location
10,"Nairobi City boasts of many exciting tourist attractions and experiences in Africa. Recently, it was ranked the best city to visit in 2024 by Lonely planet. Nairobi is the safari capital of the world. It is the only Capital city with a national park within its boundaries. The city is home to many leading tour operators and travel agencies which can help you book your dream trip anytime.

It also has a rich culture being a historical city, which makes it desirable as a tourist destination. In addition, it’s a melting pot for many Kenyan cultures and is the home of many architectural landmarks."
10,"Nairobi -Sunday, 06 August 2023

Nairobi County is on course to deliver meals for for the 250,000 children in public schools from 10 central kitchens at the end of August."
10,"2,500 trees planted at Mutuini Primary School to mitigate effects of climate change and conserve environment"
10,Nairobi County to forge city collaborations and business partnerships to unlock growth and development amongst cities
10,Tip #2: Use The Lucky Number Pick Options
10,"This will help you keep on playing even when your budget might not be entirely prepared for a new week of lottery play. The Megamillions-lotto site offers nice discounts you should check out – they include lower prices for multi-draws, as well as subscriptions so they are highly advantageous. The cheaper the tickets you buy, the more you can afford and the greater your chances to keep playing."
10,Governor Kananu rewards top KCPE student
10,"NAIROBI (GPS) APRIL 4, 2022

Nairobi Governor Ann Kananu has rewarded Bruce Mackenzie Magata, the 14-year-old who emerged top nationally in the 2021 KCPE exams."
10,Nairobi will work through meaningful partnerships-says Dep governor Muchiri as he met KenHA delegation at city hall.
10,"Nairobi, 8th November, 2022

Nairobi County Deputy Governor, Njoroge Muchiri this afternoon met a delegation from Kenya National Highways Authority (KenHA) led by the Director General Eng. Ndung’u."
10,Green park terminus opened for use by long distance PSVs
10,"Nairobi, 1st December, 2022

Nairobi City County Governor, Sakaja Johnson today commissioned the Green Park Terminus to the public."
10,Governor Sakaja to attend high-level opening of School Meals Coalition Summit
10,"Paris, 18 October 2023

Nairobi City County Governor Sakaja Johnson will today morning attend the high-level School Meals Coalition opening ceremony, where he will be representing the President."
10,Nairobi County Ward Climate Change Planning Committees Undergo Crucial Training on the Sidelines of UNEA 6 for Effective Implementation of Climate Change Actions
10,County Director Chairs Crucial Meeting with Water Sector Stakeholders to Enhance Coordination and Review Annual Work Plan Progress
10,Frequently Asked Questions And Answers On The Dishi Na County School Feeding Program
10,Statement by CEC Health on the status of Unclaimed bodies.
10,"Kindly follow this link for the draft Customer Service Charter

General Inquiries"
10,Nairobi Countys’ Liquor department finalizes the draft policy on the zoning of Night Clubs
10,"Nairobi, 5th November 2023

Nairobi County’s’ Liquor department has finalized the draft policy on the zoning of Night Clubs."
10,"Nairobi, 28th, October, 2025

This morning Nairobi Governor Sakaja Johnson received the victorious Nairobi United football team at the Jomo Kenyatta airport."
9,"At the Kenya National Bureau of Statistics, our mission is clear: We exist to provide, manage and promote quality statistics on Kenya’s society and economy through utilization of best practices for data-driven decision making."
9,"We believe in the power of collaboration. If you’re a dedicated professional or organization with a passion for data and development, consider partnering with KNBS. Explore our tender opportunities and be a part of driving positive change in Kenya through data-driven initiatives."
9,"At KNBS, we nurture talent and foster growth. Your career journey with us is an opportunity to make an impact on Kenya’s development while advancing your own aspirations. Discover a fulfilling career path where your skills and dedication are valued."
9,News & Events
9,Coffee Exports
9,"The quantity of exported coffee increased from 2,745.2 MT in February 2024 to 4,291.3 MT in March 2024, with a corresponding increase in value from KSh 2.1 billion to KSh 3.3 billion, during the same period."
9,Our Partners
9,Why E-learning is the future
9,"NEWSLETTER

Stay Up To Date With News and Upcoming Events"
9,Unified communication channel
9,"Nyandarua potato income: from KES 4,800 to KES 440,000"
9,COVID-19 KPSA-2020-10-23
9,Brief On Wash Information Package
9,Executive Summary Of The Report On Baseline Study On Wash Status
9,"President Uhuru Kenyatta and his Tanzanian counterpart John Pombe Maghufuli will on Saturday 1st December launch the Namanga One Stop Border Post (OSBP), marking a huge milestone in trade facilitation across East African Community (EAC).

The launch of Namanga OSBP paves way for speedy clearance of goods moving in the main trade corridor between Kenya and Tanzania. The Namanga OSBP is part of the EAC regional initiative, implemented jointly with Kenya and Tanzania, supported by development partners through Japan International Cooperation Agency (JICA) and AfDB."
9,Contractors charged with Kshs 35.7 million tax fraud
9,"Two contractors were this morning charged before the Milimani Court Chief Magistrate Hon. Kennedy Cheruiyot with several counts of tax evasion amounting to KShs 35.7 million.

The two contractors; Yussuf Khalif Bulle and Abdirahim Osman Yarrow, both directors of El-Yumo Contractors Limited, jointly faced eleven counts which involve failure to pay taxes, falsifying accounts statements to reduce tax liability and failure to file tax returns all happening between 2014 and 2018."
9,Directors Charged with Tax Fraud Amounting Kshs.1.4 billion
9,"Two directors of a computer company were today charged with ten counts of tax evasion charges amounting to Kshs.1.4 billion before Milimani Court Chief Magistrate Hon. Francis Andayi.

The two; Mr. George Bhutto Abiga and Bernard Ochieng Okello both directors of Olympus Computer Garage Limited were charged with various counts including under-declaration of customs value of goods to reduce payable taxes, claiming tax relief through use of fictitious invoices, failing to declare sales, omitting taxable income from returns and failing to submit returns. The accused persons were arrested on 9th October 2019."
9,Tax Agents Charged for Aiding Tax Evasion
9,"Three tax agents were today charged at a Mombasa court for aiding two companies to fraudulently reduce their Value Added Tax (VAT). The two were charged alongside directors of the two companies.

The tax agents from Ogot &Associates, together with directors of Gaab Transporters Limited and Samumu Construction Services were charged with several counts in two separate cases. They appeared before Mombasa Senior Resident Magistrate Christine Ogweno."
9,Solar Lighting Contractor Charged with Tax Evasion amounting to Kshs. 7.1 million
9,"A director of a solar lighting company, awarded a tender to light up streets in Uasin Gishu County, was today charged before Eldoret court Senior Resident Magistrate Hon. Emily Kigen with tax evasion amounting to Kshs. 7.1 million.

Mr. Abdifaisal Amin Abdullahi of Keflogic Systems Limited faced four counts of tax fraud which include failure to pay Value Added Tax (VAT) for 2014 and 2015 totalling Kshs 7.1 as imposed under Section 19 of the VAT Act 2013. He also faced charges of failure to submit monthly VAT returns and annual Income Tax returns for the two years. The accused denied all the counts and was released on a bond of KShs. 2 million and alternative bail of KShs 1 million. The case will be heard on 29th October 2019."
9,Mombasa contractor charged with Ksh 41 Million Tax Evasion
9,"A building contractor was today arraigned in a Mombasa court and charged with evading payment of taxes totaling to Ksh41,087,414.

The suspect, Josuph Okumu Ouma and his firm Jomoyosh Building Contractors Limited faced were charged with nine counts of evading payment of income tax worth Ksh31,417,070 and one count of evading Ksh9,670,344."
9,"Six directors of a company dealing in the lucrative motorcycles (boda boda) trade within Marsabit County have today been charged with tax evasion related frauds amounting to Kshs. 698 million.

Ali Ibrahim Dida, Hassannoor Adan Ali, Kose Isatu Hirbo, Ibrahim Worku Hirbo, Wako Bate Hirbo, Abdullahi Mamo Jillo, all directors of Northern Auto Dealers Limited appeared before Nyeri Court Senior Resident Magistrate Hon. Faith Muguongo. The six failed to declare the correct amounts of taxable income between 2016 and 2018 to reduce and evade payable income tax liability. The accused further failed to declare the correct amounts in sales of vatable goods hence evading payment of value added taxes (VAT)."
9,"The High Court sitting in Nairobi has dismissed an appeal by Mars Logistics Limited contesting a charge of Value Added Tax (VAT) on transportation services among other claims.

Mars Logistics Limited had contested Tax Appeal Tribunal’s (TAT) decision that transportation of goods in transit attracts VAT at the rate of 16%. The TAT had also held that transportation services that end outside Kenya are not exported services and thus taxable."
9,Statement on Conservatory Order Suspending Implementation of Minimum Tax.
9,"The High Court sitting in Machakos has today morning issued conservatory orders temporarily suspending KRA's implementation of the Minimum Tax pending the hearing and determination of the Petition.

The Petition had been filed by Isinya Bar Owners Association and Kenya Association of Manufacturers."
9,"Two liquor traders have been separately fined a total of KShs.87,000 after they pleaded guilty to a charge of being in possession of excisable goods affixed with counterfeit excise stamps.

The two; Joel Kimani Mwaura and Eunice Wangui were on Monday fined KShs. 37,140 and KShs.50,000 respectively by Makadara law courts. Kimani appeared before Senior Resident Magistrate Hon. Lewis Gatheru while Wangui appeared before Chief Magistrate Hon. A. R. Kithinji."
9,Over 3000 traders facilitated as KRA collects KShs. 1 billion in new shed
9,"THREE THOUSAND AND TWO (3002) small-scale traders have benefited from the Kenya Railways Boma Line (National De-consolidation Centre) since President Uhuru Kenyatta launched the facility in February 2020. All consolidated cargo imported by sea and transported to Nairobi through the Standard Gauge Railway, is deconsolidated, cleared, and collected by the owners at the Kenya Railways Corporation (Boma Line) Transit Shed.

A total of 1,021 twenty-foot equivalent units (TEUs) of consolidated goods belonging to the small-scale traders have been cleared in the last nine months."
9,Two charged with conveying goods fixed with fake excise stamps
9,"Two persons have been arraigned before the Milimani Law Court Principal Magistrate Bernard Ochoi for being in possession of excisable goods affixed with counterfeit excise stamps with a revenue implication of KShs. 1,430,370.

The accused persons; Francis Mbarire Hungi who is a driver and his “turn boy” Benson Mwangi Mburu were found conveying 16560 bottles of 2500ml Venice vodka affixed with counterfeit excise stamps along the Bomet-Narok Highway on 21st September 2021."
9,"A company and a director have been charged before Eldoret Law courts with counts relating to fraudulent evasion of payment of taxes amounting to KShs. 65,417,877.

Smart Phones Stores Limited and Rachnaben Vikrambhai Patel were jointly charged for the offence of Fraud in relation to tax contrary to section 97(c) of the Tax Procedures Act 2015 before the Senior Resident Magistrate Hon. Christine Menya. Through investigations KRA established that the accused persons grossly under declared income by KShs 694,825,482 in the tax returns thereby reducing the company’s tax liability. They denied the charges and were each released on bond of Kshs 500,000 or bail of Kshs 100,000. The case will be heard on 12th January 2022."
9,"A company director and his driver have been fined a total of KShs. 2.5 million or one year imprisonment by Milimani law court after they pleaded guilty to a charge of possession of counterfeit excise stamps.

Francis Mwaura Muthoni, a director at Janfra Enterprises, a company that manufactures mineral water and sells wholesale in various places in the country. He was fined KShs 2 million for possession of 719 cases of Mt. Zion purified drinking water all affixed with counterfeit excise stamps with a dutiable value of KShs. 137,503 which his driver Misheck Muchiri Mwangi was arrested with while conveying along the Thika - Garissa Road at Bondeni area using lorry registration number KAQ 600U. Muchiri was fined KShs. 500,000."
9,"Trader faces KShs.460, 000 tax evasion charge"
9,"A company director, Mr. Fartum Ahmed Mohamud Jama, has been arraigned before Eldoret law court on seven counts of tax evasion amounting to KShs. 467,166/=. Mr. Fartum made incorrect statements in their VAT returns by using fictitious invoices belonging to Baba Hardware and General Store Limited which was no longer trading. The use of the invoices reduced the tax liability by Kshs 467,166. Several other companies which are under investigation used the invoices. This amounts to fraud in relation to tax contrary to section 97(c) of the Tax Procedures Act.

The accused pleaded guilty/not guilty before Hon Barnabas Kiptoo Senior Resident Magistrate and was fined/released on a bond of KShs.100,000 or alternative bail of KShs. 20,000. The case will be heard on 31st January 2022. If convicted, a fine not exceeding KShs. 10 million or double the tax evaded, whichever is higher or imprisonment for a term not exceeding 5 years Tax Procedures Act."
9,"Three people were charged at the Millimani Law courts before Chief Magistrate Winnie Kagendo with forgery of KRA VIP stickers, uttering false documents and obtaining money by false pretence.

KRA County Revenue Officer while conducting normal operations within the Nairobi Central Business District encountered motor vehicles that had been affixed with VIP parking stickers on the windscreen and for which parking fees had not been paid. Upon verification of the stickers, it was established that they were fake and the suspects David Ogola, Paul Maina and Jacob Omondi who were identified by the owners of the vehicles as the people who had sold the stickers to them were arrested."
9,"A suspect, David Ogola Origa, was on 17th February, 2022 arraigned at the Milimani Law courts and charged with the offence of forgery of a KRA VIP sticker.

KRA County Revenue Officers while conducting normal operations within the Nairobi Central Business District encountered a motor vehicle that had been affixed with a VIP parking sticker on the windscreen and for which parking fees had not been paid. Upon verification of the sticker it was established that it was fake and on inquiry, the owner of the motor vehicle identified Origa as the person who had sold the sticker to him, consequently leading to his arrest. He pleaded not guilty to the offence and was held in custody as he awaits trial."
9,"An international company with business interest in transport sector has been ordered to pay KRA taxes amounting to KShs.189,027,638. In a judgment delivered on 4th February 2022, the Tax Appeals Tribunal (TAT) ordered Brick and Mortar Holdings Limited to pay the taxes after it failed to demonstrate gaps through production of required evidence in KRA’s assessment of its tax obligations. The taxes in demand by KRA comprise of Corporation Tax, PAYE and VAT.

The company, in its appeal, had alleged that KRA had failed to communicate its decision within the stipulated timelines, thus rendering its objection allowed by operation of the law."
9,"A trader, Peter Kamau Mburu was today charged with possession of excisable goods affixed with counterfeit excise stamps before Milimani Law Courts Chief Magistrate Hon. Wendy Micheni.

Police officers from Kiambu police station arrested the accused on 15th March, 2022 within Kiambu town upon receiving a tip off that he was in possession of 51 cartons containing 1,018 pieces of Aquila Vodka affixed with counterfeit excise stamps aboard motor vehicle registration number KG 8505. Possession of counterfeit excise stamps is illegal under the Excise Duty Act (EGMS) Regulations."
9,"Margaret Rwamba Muraya and Augustine Ndunga Mutwiwa were separately charged at Milimani Chief Magistrate’s Court on 24th March 2022 for the offence of forgery of KRA VIP parking stickers.

Following intensified efforts to ensure that no Government levies are lost, KRA officers on 9th March 2022, conducted a crackdown on motor vehicle bearing KRA VIP parking stickers and parked within Nairobi Central Business District. It was discovered that stickers number NCCA16/HON/2021 and NCCA54/HON/2021 respectively affixed to motor vehicles belonging to the suspects were not genuine and the parking fees had not been paid. The suspects were subsequently identified and arrested."
9,Suspect charged with forgery of KRA VIP parking stickers
9,"Bilhah Njoki Mwangi was charged at Milimani Chief Magistrate’s Court on 22nd March 2022 for the offence of forgery of KRA VIP parking stickers.

Following intensified efforts to ensure that no Government levies are lost, KRA officers on 3rd March 2022, conducted a crackdown on a motor vehicle bearing KRA VIP parking stickers and parked within Nairobi Central Business District. It was discovered that sticker number NCCA111/HON/2021 affixed to a motor vehicle belonging to the suspect was not genuine and the parking fees had not been paid. The suspect was subsequently identified and arrested."
9,Suspect charged with possession of 30 litres ethanol in house
9,"A suspect has been charged with being in possession of 30 litres of ethanol before Nakuru law court. The suspect, John Kinyua Wachira, faced a charge of being in possession of restricted goods contrary to section 200(d) (ii) as read with section 210 (c) of the East African Community Customs Management Act, 2004.

Kinyua was arrested on 18th May, 2022 by KRA officers with the help of Police officers from Bondeni Police Station at his house at Flamingo Estate in Nakuru East after he was found with five jerricans of 30 litres of ethanol. He pleaded not guilty before Chief Magistrate Hon. Bildad Ochieng and was granted a bail of KShs. 100,000 due to the gravity of the offence. The case shall be mentioned on 7th June 2022."
9,"Driver, turn boy charged with smuggling ethanol worth Kshs8 million tax"
9,"A truck driver and turn boy have been charged at Kisumu Law Courts with smuggling 8,750 litres of ethanol worth Kshs 8.4 million in tax. The duo; Salim Otieno Ooko and Joseph Odhiambo, were charged jointly before Principal Magistrate Dennis Ogal.

The two were arrested on 23rd July 2025 at Nyamasaria area along Kisumu-Nairobi highway in Kisumu County after their lorry was found transporting 35 barrels of 250 litres each of suspected ethanol while concealed in 66 empty wooden crates."
9,List of Containers Pending Clearance
9,"KRA has been holding numerous import containers, among them 26 containers that were imported on various dates between 2016 and 2018 and whose interception was occasioned by evidence of tax evasion perpetrated through concealment of the true identity of the goods imported.

Records indicate that the container contents were primarily declared as machinery and equipment which attracts zero tax rate, while in reality the cargo comprised of assorted commercial items including electronics, motor vehicle spares, cosmetics, garments and edible oil."
9,Migration of Legacy Ledger Balances to iTax
9,"KRA is undertaking a reconciliation exercise of the taxpayers’ accounts in the old system to establish the correct tax balances. The balances will thereafter be migrated to the new iTax system.

During the exercise, taxpayers will be contacted by heads of their respective Tax Stations through letters to confirm their ledger balances before the migration. The exercise which has commenced with Large and Medium Taxpayers will in due course be rolled out to other taxpayers’ countrywide."
9,Single Customs Territory a game changer in EAC trade
9,"At the designated entry and exit border points between Kenya and its East African neighbours is an overflowing traffic of trucks and people dawn to dusk, a clear indication of thriving trade.

Going by the latest statistics on revenue collection from the border, it is evident the East African Community (EAC) region's investment in joint customs initiatives is bearing fruit."
9,Do you understand the Role of your Tax Agent?
9,"You have quite often approached a KRA tax agent to provide you with guidance and support on taxation.

Here is what you need to know, to effectively work with your tax agent in achieving your tax obligations:"
9,Tax Issues to Consider when Investing in Kenya
9,"Are you interested in investing in Kenya? If so, we encourage you to make the move, because Kenya is among the most sought after investment destination, in emerging markets.

A recent survey by Quartz Africa, a leading Business Intelligence Company, International Monetary Fund (IMF) and The World Bank, ranks Kenya as one of the top 10 fastest growing economies in Africa. The survey lists Kenya as a top investment destination in Africa."
9,Emerging Business Models in the Digital Economy
9,"The concept of business models is the architecture of a business or the way a firm finds a systematic way to unlock long-term value through monetization strategies. There are different types of economies that support business, but conversations today mainly focus on the digital economy.

A digital economy is a range of economic activities that use digitized information and knowledge as key factors of production. The economy has introduced new and innovative business models that occasionally are parallel to traditional business models. Furthermore, these models from time to time complement and overlap, for example, payment services can be described under cloud computing or e-commerce. Reinforced by a continuously advancing information technology industry, business operations today are substantially large scale and executed over long distances."
9,"As part of a public-private partnership (PPP) between the Tanzanian and Dutch governments, in 2017 Wageningen University founded a Center of Development for the Potato Industry in Tanzania (CDPIT). Over a period of several years, Wageningen University determined how different Dutch varieties fared under the challenging Tanzanian conditions. This revealed that all Agrico potato varieties achieved very high yields, with Manitou achieving the highest score of all Dutch varieties. The combination of good agricultural practices, production through irrigation, plus the Manitou variety itself, resulted in yields of between 62 and 72 tons per ha (25 and 29 tons per acre). Hence our Tanzanian slogan ‘Manitou, the potato variety with the proven highest yield.

Mark Zuidhof, Agrico’s Operational Director: “The market in Tanzania has very high potential. The country has 3.7 million small-scale farmers with an average low potato yield of around 2 to 3 tons per acre. Our existing potato varieties allow us to improve yields for these farmers by up to 12 and 16 tons per acre. We are very pleased that Teddy Mcha decided to become a distributor for Agrico. She has good knowledge of the local market, but also a lot of experience in cooperations between Dutch and Tanzanian companies within the agricultural sector, because of her previous roles for the embassy – and her position as managing director of CDPIT.”"
9,Everything about Tax Refunds
9,"Have you ever filed a tax return and ended up with a negative figure on the tax computation sheet?

If you are in employment, this would be a shocker since the expectation is that all your taxes have already been deducted and remitted by your employer. Well, far from it, a negative figure does not imply that you have a tax due; it means that you have a tax refund."
9,Taxation of Dividends
9,"Dividends for purposes of taxation is any distribution, whether in cash or kind, made before or during winding-up by a company to its shareholders with respect to their equity interest in the company

The Finance Act, 2018 amended the Income Tax Act by repealing section 7A and replaced it with a new a new section 7A with effect from 1 January 2019."
9,Understanding Fringe Benefit Tax
9,"Loan facilities come in handy with the need for that extra cash. Some employers offer loans to their employees at interest rates lower than market rate. This is an employment benefit to the employee(s) which is subject to a tax known as Fringe Benefit Tax (FBT).

Fringe benefit tax is payable by every employer in respect of a loan provided to an employee, director or their relatives at an interest rate lower than the market rate."
9,Demystifying Digital Services Tax
9,"The Digital Services Tax (DST) was introduced through The Finance Act 2020. It is a tax that is payable on income derived or accrued in Kenya from services offered through a digital marketplace. A digital marketplace is a platform that enables direct interaction between buyers and sellers of goods and services through electronic means. DST is payable at the rate of 1.5% of the gross transaction value.

The effective date of DST is 1st January 2020. The tax is payable by both residents and non-residents who are either digital service providers or digital market place providers."
9,By Rhoda Wambui
9,"In the course of my duty, I have encountered several people, more especially employees, wondering why they are required to file the annual tax return yet tax has already been deducted during the year and paid to KRA by the employer. To demystify this, we need to understand what a tax return is and the importance of filing the return.

A tax return is a declaration made by a taxpayer of all income earned during a year of income, detailing the tax payable or refund claimable in the year of income. A tax return summarises the income earned and taxes paid (if any) in a year of income. In Kenya, the year of income for individuals runs from 1st January to 31st December and they are required to file their returns between 1st January to 30th June following the year of income. For companies, the filing is done within six months after the end of the accounting period."
9,"KRA's huge investment in non-intrusive tools at the port is expected to be reflected in the reduction of the cargo dwell-time at the port, enhanced trade facilitation through faster movement of raw materials and enabling KRA to collect more revenue.

The faster clearance would also lead to lower cost of production, which may translate to cheaper goods and services for consumers, higher economic development and better living standards for people."
9,UPSCALING POTATO PRODUCTION: MORE LOCAL FOR LOCAL
9,"In order to fulfill the growing demand for our Agrico varieties, we continue to upscale our potato production in Nakuru region. This upscaling consists of investing in more farming equipment, further increasing our potato acreage as well as increasing the number of staff members. As a result more Kenyans can enjoy potatoes, crisps and chips grown and produced in Kenya, instead of importing these from other countries. In other words: “more local for local”!

One of the key challenges in potato farming is doing all the right things – land preparation, planting, spraying, fertilizing, harvesting, sorting, storing and dispatching - at the right time. The large size of our operations, our different production locations and the fact we are producing year round, puts a high pressure on the availability of the right equipment on the right place at the right time. Meanwhile the demand for our Agrico varieties keeps on growing. More and more farmers and processors from almost all Kenyan counties are eager to adopt our varieties. Delivering the demanded quantities of potatoes in exactly the right time thus becomes even more challenging than it already was."
9,The Race to The Bottom and The Global Minimum Corporate Tax Proposal
9,"By Alan Kasibwa

This famous phrase was coined by Justice Louis Brandeis in 1933 in his judgement in the case Liggett V. Lee and is a tact employed by developing countries to lower their corporate tax rates in order to attract multinational companies thus increasing the country’s foreign direct investment revenue."
9,Measures KRA has taken to promote inclusivity
9,"The Taxpayers Month (TPM) and Customer Service Week (CSW) celebrations have become a tradition in KRA for the last 18 years. TPM initially began as a day activity, graduated to a week, and currently, a month, which has become synonymous with KRA depicting a human face to appreciate enthusiastic and dedicated Kenyans for the role they play in building the nation through payment of taxes.

Taxpayers’ Month 2022: Leaving No One Behind"
9,Unpacking the Vital Role of Customs Controls in Shaping International Trade
9,"By John Gathatwa

Customs control is the process where Customs inspects, verifies and examines inward and outward means of transport, goods, personal articles as well as mails and parcels according to the law to ensure the implementation of national laws and regulations concerning entry and exit of means of transport, goods, personal articles as well as mails and parcels through acceptance of declarations, document inspection, examination and release and other related management systems and procedures."
9,"Revenue up 9.6% against backdrop of depressed business environment

Overall Revenue for the first half (H1) of FY 2017/18 grew by Sh 62.5 billion to Sh 712.2 billion from Sh 649.7 billion recorded in the previous year, while Exchequer Revenue grew more strongly by 10% to reach Sh 664.77 billion up from Sh 604.27 billion in FY 2016/17. This growth compares well with the 3-year (2014/15 to 2016/17) average Exchequer Revenue growth of 10.5%."
9,KRA innovations and process improvements for Refunds and Air Cargo Processes
9,"KRA has adopted several innovations in the financial year 2021/22, in a bid to optimize the Refunds and Air Cargo business processes.

The objective was to improve processing turnaround of the 2 focus areas:"
9,KRA intercepts motorists with 39.8 Kgs of Cannabis
9,"Two motorists have been intercepted with 39.8kgs of Cannabis along Muhuru/Koweru/Kopanga road within Nyatike sub-county in Migori. KRA officers acted on a tip-off from an informer and managed to intercept the contraband goods concealed in polypropylene bags.

The suspects managed to escape after knocking off the barrier mounted by the Muhuru Bay KRA patrol team and are still at large. KRA officers took into custody the intercepted marijuana as well as the two (2) motorbikes used for transportation. A notice of seizure number 017354/5 has since been issued for the Cannabis Sativa and the two Motorbikes deposited at the Isibania OSBP Customs warehouse."
9,"Kenyan news also covered the state visit. Of the parties present at the roundtable discussion, only Agrico PSA made the news broadcast."
9,Leave a Reply Cancel reply
9,"Your email address will not be published. Required fields are marked *

NEWSLETTER"
9,NSS BULLETIN
9,"View (Questionnaires,Reports,Reference Documents,Other materials)"
9,Kenya is East Africa’s hub for financial services. The Nairobi Securities Exchange (NSE) is ranked 4th in Africa in terms of market capitalisation. The banking sector in Kenya is regulated by The Central Bank Of Kenya. Kenya’s banking sector is mainly dominated by local commercial banks.
9,Review of Policies on Food Security and Nutrition in Kenya
9,An Analysis on Nutritional Anthropometric Trends in Kenya
9,Socio Economic Impact of COVID 19 on Households Survey Wave 1
9,"List of Overstayed Goods Inland Container Depot Nairobi- July 2026

List of Overstayed Goods Container Freight Stations – Mombasa, Cluster A1- July 2026"
9,Public Investment Management Unit
9,"Public Investment Management Unit was established at The National Treasury in the year 2018 after diagnostic studies by WB and IMF AFRITAC East 2016, 2017 and 2018 which identified weaknesses in project proposals and lack of gate-keeping role in selecting project for financing and it was recommended formation of the PIM Unit at The National Treasury to spearhead the project gate-keeping and appraisal process.

The National Treasury developed a Public Investment Management (PIM) Framework and issued the PIM Guidelines in the year 2020 through a National Treasury Circular no.16/2019 for implementation by all MDAs. Public Finance Management (Public Investment Management) Regulations 2022 were later issued."
9,COVID-19 Surveys
9,"The Leading Economic Indicators highlights trends in Consumer Price Indices (CPI) and inflation, interest rates, exchange rates, international trade, agriculture, energy, manufacturing, building and construction, tourism and transport.

Consumer Price Index (CPI) increased from 182.98 points in March 2017 to 186.24 points in April 2017. The overall rate of inflation rose from 10.28 per cent to 11.48 per cent during the same period. In March 2017, the Kenyan Shilling depreciated against the major trading currencies except for the South African Rand and the Ugandan shilling."
9,"Upon receipt of the application;

The process shall be completed within sixty (60) days, subject to submission of all required documentation. The applicant will be notified through their official email once the process has been completed."
9,"The Leading Economic Indicators for the month of March 2015 highlights trends in Consumer Price Indices (CPI) and inflation, interest rates, exchange rates, international trade, agriculture, energy, manufacturing, building and construction, tourism and transport.

Consumer Price Index (CPI) increased from 154.14 points in February 2015 to 155.86 points in March 2015. The overall rate of inflation expanded from 5.61 per cent to 6.31 per cent during the same period. In March 2015, the Kenyan Shilling depreciated against the US dollar, the Japanese Yen and the Ugandan shilling while appreciating against the other major currencies. However, the Kenyan shilling maintained the same exchange rate during the review period. The average yield rate for the 91-day Treasury bills, which is a benchmark for the general trend of interest rates, declined to 8.49 per cent in March 2015. The inter-bank rates fell to 6.84 per cent during the period. The Nairobi Securities Exchange 20 share index decreased from 5,491 points in February 2015 to 5,346 points in March 2015, while the total number of shares traded increased from 593 million to 614 million shares during the same period. The total value of NSE shares traded expanded from KSh 16.11 billion to KSh 20.52 billion over the same period. Broad money supply (M3), a key indicator for monetary policy formulation expanded from KSh 2,407.83 billion in February 2015 to KSh 2,398.76 billion in March 2015. Gross Foreign Exchange Reserves increased from KSh 890.55 billion in January 2015 to KSh 910.92 billion in February 2015. Net Foreign Exchange Reserves went up from KSh 474.00 billion to KSh 488.50 billion over the same period. Download Leading Economic Indicators March 2015"
9,"The Leading Economic Indicators for the month of November 2015 highlights trends in Consumer Price Indices (CPI) and inflation, interest rates, exchange rates, international trade, agriculture, energy, manufacturing, building and construction, tourism and transport.

Consumer Price Index (CPI) increased from 162.13 points in October 2015 to 162.97 points in November 2015. The overall rate of inflation went up from 6.72 per cent to 7.32 per cent during the same period. In November 2015, the Kenyan Shilling appreciated against all the major currencies except the Japanese Yen, Tanzanian and Ugandan shilling. The average yield rate for the 91-day Treasury bills, which is a benchmark for the general trend of interest rates, increased from 14.00 per cent in September 2015 to 21.04 per cent in October 2015 to. However, the inter-bank rate declined to 15.35 in October 2015 from 21.24 per cent in September 2015. The Nairobi Securities Exchange (NSE) 20 share index expanded from 3,869 points in October 2015 to 4,016 points in November 2015, while the total number of shares traded decreased from 540 million to 441 million shares during the same period. The total value of NSE shares traded contracted from KSh 17.84 billion in October 2015 to KSh 13.15 billion in November 2015. Broad money supply (M3), a key indicator for monetary policy formulation rose from KSh 2,562.46 billion in September 2015 to KSh 2,567.66 billion in October 2015. Gross Foreign Exchange Reserves increased from KSh 916.03 billion in September 2015 to KSh 948.77 billion in October 2015. Net Foreign Exchange Reserves increased from KSh 391.39 billion in September 2015 to KSh 438.59 billion in October 2015.Download Leading Economic Indicator November 2015"
9,"In recent years, the sector of online financial services has been growing larger and larger. This impressive growth is due not only to a personal choice by customers of using online financial services rather than an offline ones, but it’s also due to an expansion of technologies and advanced systems operating in the financial world that make everything easier for customers.

Today, you can find in the internet even more diversified financial services than in the real life:"
9,How to De-register your PIN as a Foreigner
9,NAIROBI CITY COUNTY CHILD PROTECTION AND SAFEGUARDING POLICY 2022-Draft
9,CIRCULAR NO.3/2022- GUIDELINES FOR THE PREPARATION OF THE MEDIUM TERM EXPENDITURE FRAMEWORK (MTEF) BUDGET FOR THE PERIOD 2023/24– 2025/2026
9,"CIRCULAR NO.3/2022 August 30, 2022 TO : ALL COUNTY EXECUTIVE COMMITTEE MEMBERS ALL COUNTY CHIEF OFFICERS GUIDELINES FOR THE PREPARATION OF THE MEDIUM TERM EXPENDITURE FRAMEWORK (MTEF) BUDGET FOR THE PERIOD 2023/24– 2025/2026

General Inquiries"
9,"Before 1993, all foreign exchange transactions were controlled by the Central Bank of Kenya (CBK), and therefore all data on foreign exchange transactions was available. The liberalization of economies has led to large inflows of private capital into the country.

These flows have significant macroeconomic effects on the economy that demand urgent policy responses. Information on the level and composition of private capital flows are important for appropriate and timely decisions by policy makers. Despite of the importance of capital flows information, Kenya has conducted only one survey with a reference period of 2007 and 2008."
9,Africa Group 1 Constituency Meeting in Washington
9,"The Leading Economic Indicators for the month of December 2014 highlights trends in Consumer Price Indices (CPI) and inflation, interest rates, exchange rates, international trade, agriculture, energy, manufacturing, building and construction, tourism and transport.

Consumer Price Index (CPI) increased from 151.85 points in November 2014 to 152.51 points in December 2014. The overall rate of inflation declined from 6.09 per cent to 6.02 per cent during the same period. In December, the Kenyan Shilling appreciated against the sterling pound, the Euro, the Japanese Yen, the South African Rand and the Ugandan Shilling while depreciating against the US dollar and the other currencies. The average yield rate for the 91-day Treasury bills, which is a benchmark for the general trend of interest rates, dropped to 8.50 per cent in December 2014 from 8.64 per cent in November 2014. The inter-bank rates rose to 6.92 per cent during the period. The Nairobi Securities Exchange 20 share index dropped from 5,156 points in November 2014 to 5,113 points in December 2014, while the total number of shares traded increased from 666 million to 900 million shares during the same period. The total value of NSE shares traded expanded from KSh 14.34 billion to KSh 31.58 billion over the same period. Broad money supply (M3), a key indicator for monetary policy formulation expanded from KSh 2,260.02 billion in October 2014 to KSh 2,291.82 billion in November 2014. Gross Foreign Exchange Reserves went up from KSh 820.0 billion in November 2014 to KSh 893.1 billion in December 2014. Net Foreign Exchange Reserves increased from KSh 420.9 billion to Ksh 481.5 billion over the same period."
9,"The Leading Economic Indicators for the month of February 2015 highlights trends in Consumer Price Indices (CPI) and inflation, interest rates, exchange rates, international trade, agriculture, energy, manufacturing, building and construction, tourism and transport.

Consumer Price Index (CPI) increased from 153.43 points in January 2014 to 154.14 points in February 2015. The overall rate of inflation expanded from 5.53 per cent to 5.61 per cent during the same period. In February 2015, the Kenyan Shilling depreciated against the US dollar while appreciating against the other major currencies. The average yield rate for the 91-day Treasury bills, which is a benchmark for the general trend of interest rates, rmaintained a value of 8.59 per cent in February 2015. The inter-bank rates fell to 6.91 per cent during the period. The Nairobi Securities Exchange 20 share index increased from 5,212 points in January 2014 to 5,491 points in February 2015, while the total number of shares traded increased from 414 million to 593 million shares during the same period. The total value of NSE shares traded expanded from KSh 9.72 billion to KSh 16.11 billion over the same period. Broad money supply (M3), a key indicator for monetary policy formulation expanded from KSh 2,351.02 billion in January 2015 to KSh 2,439.98 billion in February 2015. Gross Foreign Exchange Reserves increased from KSh 890.55 billion in January 2015 to KSh 910.92 billion in February 2015. Net Foreign Exchange Reserves went up from KSh 474.00 billion to KSh 488.50 billion over the same period. Download Leading Economic Indicators February 2015…"
9,"To provide affordable, accessible and sustainable quality services, enhancing community participation and creating a secure climate for political, social and economic development through the commitment of a motivated and dedicated team."
9,"Accountability, transparency, excellence, accessibility, integrity, responsiveness, equity and team work.The Nairobi City County, in execution of responsibilities and functions bestowed upon it by the above Acts has been divided into three arms as follows:"
9,"The Leading Economic Indicators for the month of August 2015 highlights trends in Consumer Price Indices (CPI) and inflation, interest rates, exchange rates, international trade, agriculture, energy, manufacturing, building and construction, tourism and transport.

Consumer Price Index (CPI) increased from 160.57 points in July 2015 to 160.90 points in August 2015. The overall rate of inflation declined from 6.62 per cent to 5.84 per cent during the same period. In August 2015, the Kenyan Shilling appreciated against the South African Rand and the Tanzanian shilling while depreciating against the other currencies. The average yield rate for the 91-day Treasury bills, which is a benchmark for the general trend of interest rates, increased from 10.56 per cent in July 2015 to 11.54 per cent in August 2015.Similarly, the inter-bank rates increased to a level of 18.63 per cent in August 2015. The Nairobi Securities Exchange (NSE) 20 share index contracted from 4,405 points in July 2015 to 4,176 points in August 2015, while the total number of shares traded increased from 715 million to 734 million shares during the same period. The total value of NSE shares traded contracted from KSh21.55 billion in July 2015 to KSh 20.79 billion in August 2015. Broad money supply (M3), a key indicator for monetary policy formulation expanded from KSh 2,549.57 billion in July 2015 to KSh 2,570.45 billion in August 2015. Gross Foreign Exchange Reserves increased from KSh 943.77 billion in July 2015 to KSh 948.73 billion in August 2015. Net Foreign Exchange Reserves declined from KSh 414.76 billion to KSh 406.60 billion over the same period. Download Leading Economic Indicators August 2015"
9,"The Leading Economic Indicators for the month of September 2014 highlights trends in Consumer Price Indices (CPI) and inflation, interest rates, exchange rates, international trade, agriculture, energy, manufacturing, building and construction, tourism and transport. The Consumer Price Index (CPI) rose from 152.02 points in August 2014 to 152.24 points in September 2014.

The overall rate of inflation declined from 8.36 per cent to 6.60 per cent during the same period. In September, the Kenyan Shilling appreciated against the Sterling pound, the Euro, the Japanese Yen and the South African Rand. In contrast, the Shilling depreciated against the US Dollar, the Ugandan and Tanzanian shilling. The average yield rate for the 91-day Treasury bills, which is a benchmark for the general trend of interest rates, rose to 8.35 per cent in September 2014 from 8.29 per cent in August 2014. The inter-bank rates dropped to 7.43 per cent during the period. The Nairobi Securities Exchange 20 share index rose from 4,906 points in July 2014 to 5,139 points in August 2014, while the total number of shares traded increased from 625 million to 629 million shares during the same period."
9,"The Leading Economic Indicators highlights trends in Consumer Price Indices (CPI) and inflation, interest rates, exchange rates, international trade, agriculture, energy, manufacturing, building and construction, tourism and transport. Consumer Price Index (CPI) rose from 164.67 points in February 2015 to 165.92 points in March 2016. The overall rate of inflation dropped from 6.84 per cent to 6.45 per cent during the same period. In March, 2016 the Kenyan Shilling depreciated against major currencies but appreciated against Tanzanian shilling. The average yield rate for the 91-day Treasury bills, which is a benchmark for the general trend of interest rates, declined from 10.63 per cent in February 2016 to 8.72 per cent in March 2016. However, the inter-bank rate fell to 4.04 in March 2016 from 4.53 per cent in February 2016.

The Nairobi Securities Exchange (NSE) 20 share index expanded from 3,871 points in February 2015 to 3,982 points in March 2016, while the total number of shares traded increased from 341 million to 536 million shares during the same period. The total value of NSE shares traded went up from KSh 10.16 billion in February 2015 to KSh 13.45 billion in March 2016. Broad money supply (M3), a key indicator for monetary policy formulation rose from KSh 2,627.76 billion in February 2016 to KSh 2,662.90 billion in March 2016. Gross Foreign Exchange Reserves increased from KSh 962.57 billion in February 2016 to KSh 991.42 billion in March 2016. Net Foreign Exchange Reserves expanded from KSh 458.84 billion in February 2016 to KSh 473.46 billion in March 2016. Download Leading Economic Indicators March 2016.."
9,2024-25 Kenya Census of Agriculture – Pilot Report
9,"Click the link below to Download

2024-25 Kenya Census of Agriculture Questionnaire – Pilot"
9,"Nairobi, 18th June, 2026

Digital Economy and Startups Sub-sector graduated its second cohort of youth under the International Certificate of Digital Literacy Africa (ICDL) programme, with nine graduates receiving laptops to support their continued learning and participation in the digital economy."
9,"CS Hon. FCPA John Mbadi launches the construction of the Awach Water Project in Seme North Ward, Kisumu County"
9,"CS FCPA John Mbadi this afternoon officially launched the construction of the Awach Water Project in Seme North Ward, Kisumu County.

The Ksh287 million project is expected to benefit over 50,000 residents upon completion."
9,Abuse of Buyer Power
9,Consumer Welfare
9,"This occurs when a large buyer uses its dominant market position to impose unfair, disproportionate, or non-negotiable terms on weaker suppliers through delayed payments, unilateral contract changes, or forced funding for promotions and rebates."
9,Exemption of Certain Restrictive Trade Practices
9,2023-24 Kenya Housing Survey - Data Tables
9,2023/24 Kenya Housing Survey – Basic Report
9,"Chapter 2 – Methodology https://www.knbs.or.ke/wp-content/uploads/2024/04/2023-Economic-Survey-Kenya-Agriculture-Sector.xlsx

Chapter 3- Household Demographic and Economic Characteristics"
9,The 4th meeting of the Project Coordination Committee for the SAFER Project
9,"PS Dr. Chris Kiptoo, CBS, this morning chaired the 4th meeting of the Project Coordination Committee (PCC) for the Supporting Access to Finance and Enterprise Recovery (SAFER) Project.

The PS commended the Project Implementation Unit (PIU), housed at the National Treasury, for effectively coordinating activities aimed at enhancing access to finance for MSMEs."
9,2024/25 KENYA INTEGRATED HOUSEHOLD BUDGET SURVEY (KIHBS) – Pilot Report
9,"Click the link Below to Download Pilot Questionnaires

2024/25 KIHBS (Pilot Questionnaires)"
9,"It has long been recognised that women’s empowerment is a precondition for sustained economic development and poverty reduction; and that it is inexorably linked to social transformation. Empowerment of women and girls has therefore been incorporated in numerous policy and legal instruments like the UN Convention on the Elimination of All Forms of Discrimination against Women (CEDAW), the Millennium Development Goals (MDGs), the Sustainable Development Goals (SDGs), and the Maputo Protocol amongst others. In addition to signing and ratifying these documents, the Government of Kenya mainstreamed women’s empowerment through several articles in its 2010 Constitution. The topic holds an important place in the country’s key development policy and strategy documents.

Women’s Empowerment in Kenya"
9,"The Global Forum on Transparency and Exchange of Information for Tax Purposes was founded in 2000 and restructured in September 2009. It consists of OECD member countries as well as other jurisdictions that have agreed to implement tax related transparency and information exchange

A plenary meeting was held in Berlin in October 2014 where the African members of the Global Forum discussed the high levels of illicit financial flows and the potential of tax transparency and exchange of information to raise resources for development of the African countries."
9,"For any additional queries, you may also reach out to our Contact Centre via:"
9,"Two suspects have been arrested and charged with being in possession of alcoholic drinks affixed with counterfeit excise stamps, being in possession of alcoholic drinks without excise stamps and manufacturing alcoholic drinks without a license at Subukia Township.

KRA officers with the help police arrested the suspects on 14th April, 2022 with during an operation in Subukia Township within Nakuru County while in possession of alcoholic drinks affixed with counterfeit excise stamps and several items and equipment used to manufacture the alcoholic drinks."
9,"All applicants are required to draft an application letter stating whether the application is by an Individual, Company or Partnership, together with the requirements specified above and address it to:

The Commissioner,"
9,"In 2024, Kenya’s real Gross Domestic Product (GDP) grew by 4.7 per cent, compared to a revised growth of 5.7 per cent in 2023. The growth was noted in most of the sectors of the economy with Agriculture, Forestry and Fishing growing by 4.6 per cent compared to 6.6 per cent growth in 2023. Other sectors also had notable growths including Financial & Insurance Activities (7.6%), Transportation and Storage (4.4%) and Real Estate (5.3%). Construction however, recorded a contraction of 0.7 per cent down from a growth of 3.0 per cent in 2023. Similarly, mining and quarrying recorded a contraction of 9.2 per cent compared to a 2023 contraction of 6.5 per cent as evidenced in the reduced production of key minerals, including construction materials, titanium, salt (crude), and gemstones."
9,"This is an Appellate Tribunal established under the Competition Act, No. 12 of 2010 Laws of Kenya. It is charged with hearing and determining appeals and review applications emanating from the decisions of Competition Authority of Kenya. It may also determine other matters arising under the Act or referred to it by a Competent Court of Law."
9,"Written submissions may be sent to aipolicy@moict.go.ke, copied to legal@moict.go.ke, or delivered to:

Your participation is essential in shaping an inclusive, innovative, secure and trusted AI and emerging technologies ecosystem for Kenya."
9,"The Leading Economic Indicators highlights trends in Consumer Price Indices (CPI) and inflation, interest rates, exchange rates, international trade, agriculture, energy, manufacturing, building and construction, tourism and transport. Consumer Price Index (CPI) expanded from 165.92 points in March 2015 to 167.07 points in April 2016. The overall rate of inflation contracted from 6.45 per cent to 5.27 per cent during the same period. In April, 2016 the Kenyan Shilling appreciated against the Sterling pound, the Euro and the Uganda shilling while apppreciating against the US Dollar and the Tanzania shilling. The average yield rate for the 91-day Treasury bills, which is a benchmark for the general trend of interest rates, rose from 8.72 per cent in March 2016 to 8.92 per cent in April 2016. However, the inter-bank rate fell to 3.92 in April 2016 from 4.04 per cent in March 2016. The Nairobi Securities Exchange (NSE) 20 share index expanded from 3,982 points in March 2016 to 4,009 points in April 2016, while the total number of shares traded decreased from 536 million 426 million shares during the same period. The total value of NSE shares traded dropped from KSh 13.45 billion in March 2016 to KSh 10.07 billion in April 2016. Broad money supply (M3), a key indicator for monetary policy formulation rose from KSh 2,662.63 billion in March 2016 to KSh 2,691.69 billion in April 2016. Gross Foreign Exchange Reserves increased from KSh 991.42 billion in March 2016 to KSh 1,003.36 billion in April 2016. Net Foreign Exchange Reserves expanded from KSh 473.46 billion in March 2016 to KSh 492.02 billion in April 2016. Download Leading Economic Indicators April 2016"
9,Installment Tax
9,Rental Income for Residential Property
9,"Tax paid by both individuals and corporate taxpayers who have a tax liability of over Kshs. 40,000 payable for any year. This excludes individuals whose tax liability for a particular year is fully covered by PAYE."
9,Capital Gains Tax (CGT)
9,How to Pay Taxes
9,Fringe Benefit Tax
9,"Initiating payments for taxes is always done on the iTax platform.

After filing the return online via iTax, generate a payment slip and present it at any of the appointed KRA banks to pay the due tax."
9,"Email: pstnt@treasury.go.ke

For enquiries email the following addresses:-EthicsEmail: integrity@treasury.go.keGeneral EnquiriesEmail: communications@treasury.go.keComplaintsEmail: complaints@treasury.go.ke"
9,REQUEST FOR PROPOSAL FOR PROVISION OF CONSULTANCY SERVICES TO DEVELOP A CO-FINANCING MONITORING FRAMEWORK
9,REQUEST FOR PROPOSAL FOR PROVISION OF CONSULTANCY SERVICES TO DEVELOP A HEALTH FINANCING TRANSITION FRAMEWORK
9,REQUEST FOR PROPOSAL FOR PROVISION OF CONSULTANCY SERVICES TO DEVELOP A MONITORING & EVALUATION (M&E) FRAMEWORK
9,RECRUITMENT OF A MONITORING AND EVALUATION TECHNICAL OFFICER
9,CANCELLATION/TERMINATION OF FRAMEWORK TENDER
9,A wooden fishing boat rests on Deal in Kent
9,Leaner Responsive Images With Client Hints
9,8th Monitoring and Evaluation (M&E) Week
9,LAUNCH OF THE STRATEGIC PLAN FOR THE PERIOD 2018-2022
9,CS National Treasury Keynote Address during the Launch of the FY 2022-2023 Budget Process – 5th August 2021
9,"KNBS in collaboration with the Ministry of Health and other stakeholders is planning to conduct the 2022 Kenya Demographic and Health Survey (2022 KDHS) in selected areas in the country. The survey will be conducted for a period of about six months from 17th February 2022.

Read More"
9,Guidelines and handbooks
9,"The National Treasury generates a variety of guidelines and handbook on diverse issues of interest in the sector. These provide insights into aspects of public finance management thus providing useful insights that inform decisions on public finance management from time to time as well as industry trends that shape the development of the finance sector.

Asset management indicator guidelines in the Public Sector Performance Contracting (21st Cycle) FY 2024/2025"
9,GavaConnect - Developers Portal
9,"What is GavaConnect?

GavaConnect is KRA’s Enterprise API (EAPI) platform,It provides secure, official access to KRA APIs so developers, fintechs, ERPs and businesses can embed tax functions—like verification, filing and payments—directly into their systems and apps."
9,Construction Input Price Forecast
9,Machinery and Equipment Price Index
9,"Anticipating Cost Trends: This report offers forecasts and outlooks for construction input prices, helping developers and builders plan for future projects and budget effectively."
9,Regional PI Analysis
9,Local Cost Variations: Explore how construction input prices vary by region. It assists in identifying cost-effective areas for development projects.
9,"These Construction Input Price Indices provide valuable insights into the cost dynamics of construction, enabling professionals and policymakers to make informed decisions about infrastructure and development projects. Here are three engaging titles for the page:"
9,"What is Duty Remission Scheme?

In accordance to East African Community Customs Management Act section 140, the Council of Ministers may grant remission of duty for the manufacture of goods in a Partner State either:"
9,"How do tax assessments arise? How does the Legal team get involved in the process?

The Kenyan tax system is a self-assessment system where a taxpayer assesses himself or herself and makes payments to KRA."
9,"What is Turnover Tax (TOT)?

Turnover Tax (TOT) is a tax charged on gross sales of a business as per Sec.12 (c) of the Income Tax Act. The tax is payable by resident persons whose gross turnover is more than Ksh 1,000,000 but less than Ksh 50,000,000 in any given year."
9,"1) What is the effective date for VAT on Digital Marketplace Supply (DMS) in Kenya?

The effective date for VAT on Digital Marketplace Supply is the 9th of October 2020. However, the VAT (Digital Marketplace Supply) Regulations 2020 provided a six (6) month transition clause from the date of gazettement of the regulations to enable taxpayers to comply."
9,"Nairobi’s Mobility and Works sector sets 2026 agenda with firm focus on implementation, accountability and integrated planning"
9,"Nairobi, 19th January 2026

Nairobi City County’s Mobility and Works Sector has outlined a decisive 2026 agenda anchored on full implementation of transport regulations, strengthened accountability, and integrated city planning, as the County opens the year following major legislative gains achieved in 2025."
9,Jericho iHub ICDL Graduation: Turning Skills into Digital Opportunity
9,"Nairobi, 21st April, 2026

A total of 67 students graduated during the inaugural Jericho iHub graduation ceremony held at Jericho Social Hall, marking the successful completion of the International Computer and Digital Literacy (ICDL) Programme at the community-based facility."
9,Nairobi City County moves to streamline Boda Boda sector with new regulations
9,"Nairobi, 23rd April 2026

Nairobi City County has today engaged stakeholders on the Nairobi City County Boda Boda Regulations 2025, aiming to improve safety and bring order to the fast growing Boda Boda Sector."
9,"Nairobi, 9th March 2026

Nairobi City County, in collaboration with the United Nations Office for Disaster Risk Reduction (UNDRR), convened a stakeholder meeting to commemorate International Women’s Day 2026 under the global theme “Rights. Justice. Action. For ALL Women and Girls.”"
9,"Nairobi, 28th March, 2026

Nairobi City County, in partnership with the Clean Air Fund through the Breathe Cities Initiative and the Environmental Compliance Institute, conducted a stakeholder workshop to drive the implementation of the Nairobi City County Air Quality Action Plan (2025–2029)."
9,What is required when registering for a PIN?
9,"The KRA PIN

Why have a PIN? Where will you need to use it?"
9,What Tax Incentives do Businesses get?
9,"The Tax Laws (Amendment) Act which was assented to on 25th April 2020 amends various tax legislations.

The Second Schedule to the Income Tax Act which dealt with capital allowances has been repealed and replaced with new second Schedule titled ‘Investment Allowance” whose key highlights are as follows:-"
9,"A person is accorded an exemption on another motor vehicle once every four years and provided that all the duties on the earlier exempted motor vehicle have been paid. (Paragraph 5(3)(d) of the Fifth Schedule Part B of the East African Community Customs Management Act, 2004)."
9,What documents will be required for processing the exemptions?
9,Gross County Product Reports
9,"These GCP reports provide valuable insights into the economic performance and potential of Kenya's counties, offering essential information for businesses, investors, and policymakers. They are your guide to understanding regional economic vitality."
9,Explore County-Level Prosperity
9,Rift Valley County GCP Report
9,Agricultural Heartland: The GCP report for Rift Valley County highlights its significance in agriculture and agribusiness. Gain insights into its contribution to food production.
9,Kisumu County GCP Report
9,"Lakeside Prosperity: Discover the GCP report for Kisumu County, situated on the shores of Lake Victoria. Explore its economic strengths and potential for trade and industry."
9,Nakuru County GCP Report
9,Hub of Trade and Commerce: The GCP report for Nakuru County focuses on its role as a trade and transportation hub. Learn about its economic diversity and opportunities for investment.
9,County GCP Rankings
9,"Comparative Prosperity: This report ranks Kenya’s counties based on their GCP, allowing for easy comparison and identification of areas with growth potential."
9,Agriculture vs. Industry vs. Services GCP
9,"Sectoral Insights: Compare GCP data across counties in different economic sectors such as agriculture, industry, and services. It helps identify regional economic strengths."
9,Quarterly Gross Domestic Product – Revision 2018
9,Quarterly Gross Domestic Product – Third Quarter 2025
9,Quarterly Gross Domestic Product- Second Quarter 2025
9,Quarterly Gross Domestic Product- First Quarter 2025
9,Quarterly Gross Domestic Product- Third Quarter 2024
9,Quarterly Gross Domestic Product- Second Quarter 2024
9,Quarterly Gross Domestic Product- First Quarter 2024
9,Quarterly Gross Domestic Product- Third Quarter 2023
9,Quarterly Gross Domestic Product-Second Quarter 2023
9,Quarterly Gross Domestic Product – First Quarter 2023
9,Quarterly Gross Domestic Product – Third Quarter 2022
9,Quarterly Gross Domestic Product – Second Quarter 2022
9,"Quarterly Gross Domestic Product – First Quarter, 2022"
9,Quarterly Gross Domestic Product – Third Quarter 2021
9,Quarterly Gross Domestic Product – First & Second Quarter 2021
9,Quarterly Gross Domestic Product – Third Quarter 2020
9,Quarterly Gross Domestic Product – Second Quarter 2020
9,Quarterly Gross Domestic Product – First Quarter 2020
9,Quarterly Gross Domestic Product – Third Quarter 2019
9,Quarterly Gross Domestic Product – Second Quarter 2019
9,Quarterly Gross Domestic Product – First Quarter 2019
9,Quarterly Gross Domestic Product – Third Quarter 2018
9,Quarterly Gross Domestic Product – Second Quarter 2018
9,Quarterly Gross Domestic Product – First Quarter 2018
9,What is Capital Gains Tax (CGT)?
9,"CGT is charged at the point of transfer of property. This is upon registration of the transfer instrument in favour of the transferee indicating transfer of interest in the property from the seller to the purchaser.

CGT is declared and paid by the transferor of the property."
9,What is Turnover Tax (TOT)?
9,"Turnover Tax is a tax charged on businesses whose gross turnover is more than Kshs. 1,000,000 but does not exceed or is not expected to exceed Kshs. 25, 000,000 during any year of Income.

TOT is chargeable under Section 12 (C) of the Income Tax Act (CAP 470)."
9,Quarterly Gross Domestic Product – Third Quarter 2007
9,Quarterly Gross Domestic Product – First Quarter 2007
9,Quarterly Gross Domestic Product – Third Quarter 2017
9,Quarterly Gross Domestic Product – Second Quarter 2017
9,Quarterly Gross Domestic Product – First Quarter 2017
9,Quarterly Gross Domestic Product – Third Quarter 2016
9,Quarterly Gross Domestic Product – Second Quarter 2016
9,Quarterly Gross Domestic Product – First Quarter 2016
9,Quarterly Gross Domestic Product – Third Quarter 2015
9,Quarterly Gross Domestic Product – Second Quarter 2015
9,Quarterly Gross Domestic Product – First Quarter 2015
9,Quarterly Gross Domestic Product – Third Quarter 2014
9,Quarterly Gross Domestic Product – Second Quarter 2014
9,Quarterly Gross Domestic Product – First Quarter 2014
9,Quarterly Gross Domestic Product – Second Quarter 2013
9,Quarterly Gross Domestic Product – First Quarter 2013
9,Quarterly Gross Domestic Product – Third Quarter 2012
9,Quarterly Gross Domestic Product – Second Quarter 2012
9,Quarterly Gross Domestic Product – First Quarter 2012
9,Quarterly Gross Domestic Product – Second Quarter 2011
9,Quarterly Gross Domestic Product – First Quarter 2011
9,Quarterly Gross Domestic Product – Third Quarter 2010
9,Quarterly Gross Domestic Product – Second Quarter 2010
9,Quarterly Gross Domestic Product – First Quarter 2010
9,Quarterly Gross Domestic Product – Second Quarter 2009
9,Quarterly Gross Domestic Product – Second Quarter 2008
9,Quarterly Gross Domestic Product – First Quarter 2009
9,"The Leading Economic Indicators highlights trends in Consumer Price Indices (CPI) and inflation, interest rates, exchange rates, international trade, agriculture, energy, manufacturing, building and construction, tourism and transport.

Consumer Price Index (CPI) increased from 172.62 points in October 2016 to 173.85 points in November 2016. The overall rate of inflation rose from 6.47 per cent to 6.68 per cent during the same period."
9,FIRE BRIGADE
9,SOLID WASTE MANAGEMENT
9,Offenses
9,What to do in case of fire:-
9,HAWKING
9,"The Leading Economic Indicators for the month of April 2015 highlights trends in Consumer Price Indices (CPI) and inflation, interest rates, exchange rates, international trade, agriculture, energy, manufacturing, building and construction, tourism and transport.

Consumer Price Index (CPI) increased from 155.86 points in March 2015 to 158.70 points in April 2015. The overall rate of inflation expanded from 6.31 per cent to 7.08 per cent during the same period. In April 2015, the Kenyan Shilling depreciated against all the major currencies except for the Ugandan shilling. The average yield rate for the 91-day Treasury bills, which is a benchmark for the general trend of interest rates, declined to 8.42 per cent in April 2015. The inter-bank rates rose to 8.93 per cent during the period. The Nairobi Securities Exchange 20 share index decreased from 5,346 points in March 2015 to 5,091 points in April 2015, while the total number of shares traded dropped from 614 million to 488 million shares during the same period. The total value of NSE shares traded contracted from KSh 20.52 billion to KSh 14.64 billion over the same period. Broad money supply (M3), a key indicator for monetary policy formulation expanded from KSh 2,399.02 billion in March 2015 to KSh 2,448.96 billion in April 2015. Gross Foreign Exchange Reserves increased from KSh 906.04 billion in March 2015 to KSh 923.84 billion in April 2015. Net Foreign Exchange Reserves expanded from KSh 463.84 billion to KSh 468.07 billion over the same period."
9,"The Leading Economic Indicators highlights trends in Consumer Price Indices (CPI) and inflation, interest rates, exchange rates, international trade, agriculture, energy, manufacturing, building and construction, tourism and transport.

Consumer Price Index (CPI) decreased from 184.72 points in August 2017 to 183.66 points in September 2017. The overall rate of inflation dropped from 8.04 per cent to 7.06 per cent during the same period. In August 2017, the Kenyan Shilling appreciated against the major trading currencies except for the Euro, South African Rand, the Euro, and the Sterling Pound."
9,Seed inquiry and Order form
9,Our seed potato prices
9,"Thank you for wanting to place an order with Agrico PSA for your certified seeds. Please complete below details to enable us to prepare a pro forma invoice for you.

Kindly note all our seed is certified by Kephis, and packed in 50Kg bags."
9,"The Leading Economic Indicators for the month of October 2015 highlights trends in Consumer Price Indices (CPI) and inflation, interest rates, exchange rates, international trade, agriculture, energy, manufacturing, building and construction, tourism and transport.

Consumer Price Index (CPI) increased from 161.33 points in September 2015 to 162.13 points in October 2015. The overall rate of inflation increased from 5.97 per cent to 6.72 per cent during the same period. In October 2015, the Kenyan Shilling appreciated against all the major currencies except the Japanese Yen. The average yield rate for the 91-day Treasury bills, which is a benchmark for the general trend of interest rates, increased from 14.00 per cent in September 2015 to 21.04 per cent in October 2015 to. However, the inter-bank rates on the other hand declined from 21.24 per cent in September 2015 to 15.35 in October 2015. The Nairobi Securities Exchange (NSE) 20 share index contracted from 4,173 points in September 2015 to 3,869 points in October 2015, while the total number of shares traded increased from 434 million to 540 million shares during the same period. The total value of NSE shares traded expanded from KSh 14.38 billion in September 2015 to KSh 17.84 billion in October 2015. Broad money supply (M3), a key indicator for monetary policy formulation rose from KSh 2,567.05 billion in September 2015 to KSh 2,567.35 billion in October 2015. Gross Foreign Exchange Reserves increased from KSh 916.03 billion in September 2015 to KSh 948.77 billion in October 2015. Net Foreign Exchange Reserves increased from KSh 391.39 billion in September 2015 to KSh 438.59 billion in October 2015.Download Leading Economic Indicators October 2015"
9,CBS addressed high-level discussions 2025 IMF-World Bank Spring Meetings in Washington D.C.
9,"Kenya is a multi-ethnic, multi-religious, and multi-racial country where diverse groups coexist peacefully. With more than 40 ethnic groups, the nation’s rich cultural mosaic is celebrated through vibrant music, art, festivals, and traditions forming an essential part of Kenyan life, while Nairobi’s urban culture pulses with contemporary art, film, and fashion."
9,"The country’s Gross Domestic Product (GDP) expanded by 4.7 per cent in 2013 compared to 4.6 per cent in 2012.

This performance was supported by;-"
9,"The Leading Economic Indicators for February 2014 highlights trends in Consumer Price Indices (CPI) and inflation, interest rates, exchange rates, international trade, agriculture, energy, manufacturing, building and construction, tourism and transport.

MACROECONOMIC INDICATORS Consumer Price Index (CPI) increased from 143.40 points in January 2013 to 145.95 points in February 2014. The overall rate of inflation dropped from 7.21 per cent to 6.86 per cent during the same period. During the month of February, the Kenyan Shilling appreciated against the Euro, the South African Rand, and the Tanzanian shilling exchanging at an average of KSh 112.94, KSh KSh 7.86, and KSh18.82, respectively. On the other hand, the Kenyan Shilling depreciated against the US dollar, the Sterling Pound, the Japanese Yen, and the Ugandan Shilling over the same period. The average yield rate for the 91-day Treasury bills, which is a benchmark for the general trend of interest rates, decreased from 9.26 per cent in January 2014 to 9.16 per cent in February 2014. The inter-bank rates fell from 10.65 per cent to 9.06 per cent during the period. The Nairobi Securities Exchange share index (NSE 20) increased from 4,856 points in January 2014 to 4,933 points in February 2014, while the total number of shares traded contracted from KSh 639 million to KSh 545 million shares during the same period. The total value of NSE shares traded decreased from KSh 16.0 billion to KSh 14.7 billion over the same period. Broad money supply (M3), a key indicator for monetary policy formulation, increased from KSh 1,982.6 billion in January 2014 to KSh 1,988.1 billion in February 2014. Gross Foreign Exchange Reserves contracted from KSh 741.2 billion in January 2014 to KSh 721.1 billion in February 2014 while Net Foreign Exchange Reserves decreased to KSh 378.7 billion over the same period."
9,The KNBS Top Management
9,"Director, Macroeconomic Statistics"
9,"Mr. Benjamin Muchiri is an Economist/Statistician with over 30 years of progressive experience in the compilation, analysis, and advancement of macroeconomic statistics, with deep specialization in national accounts. In January 2026, he was appointed Director of the Macroeconomic Statistics Directorate at the Kenya National Bureau of Statistics (KNBS), marking a significant milestone in a career dedicated to strengthening official statistics in Kenya and across the African continent.

Mr. Muchiri began his professional journey at the Central Bureau of Statistics, later transitioning to KNBS, where he served as Senior Manager responsible for National Accounts as well as Transportation and Storage, Information and Communication Technology (ICT), and Tourism Statistics. Throughout his tenure, he has provided strategic leadership in the production and dissemination of high-quality official statistics, development of survey instruments, statistical manuals, and methodological frameworks, and the modernization of statistical processes in line with global best practices."
9,Mr. Benjamin Muchiri
9,"The Leading Economic Indicators for May 2014 highlights trends in Consumer Price Indices (CPI) and inflation, interest rates, exchange rates, international trade, agriculture, energy, manufacturing, building and construction, tourism and transport.

Consumer Price Index (CPI) increased from 148.20 points in April 2014 to 149.70 points in May 2014. The overall rate of inflation increased from 6.41 per cent to 7.30 per cent during the same period. During the month of May, the Kenyan Shilling depreciated against most major currencies except the Tanzanian shilling."
9,"The Leading Economic Indicators highlights trends in Consumer Price Indices (CPI) and inflation, interest rates, exchange rates, international trade, agriculture, energy, manufacturing, building and construction, tourism and transport.

Consumer Price Index (CPI) expanded from 167.99 points in May 2016 to 169.76 points in June 2016. The overall rate of inflation increased from 5.00 per cent to 5.80 per cent during the same period. In June, 2016 the Kenyan Shilling appreciated against the Sterling Pound, the Euro and the Uganda shilling while depreciating against the US Dollar, the Japanese Yen and the South African Rand. The average yield rate for the 91-day Treasury bills, which is a benchmark for the general trend of interest rates, fell from 8.15 per cent in May 2016 to 7.25 per cent in June 2016 while the inter-bank rate rose to 4.87 in June 2016 from 3.61 per cent in May 2016. The Nairobi Securities Exchange (NSE) 20 share index contracted from 4,009 points in April 2016 to 3,868 points in May 2016, while the total number of shares traded decreased from 426 million shares to 384 million shares during the same period. The total value of NSE shares traded dropped from KSh 10.07 billion in April 2016 to KSh 9.72 billion in May 2016. Broad money supply (M3), a key indicator for monetary policy formulation rose from KSh 2,709.00 billion in May 2016 to KSh 2,754.14 billion in June 2016. Gross Foreign Exchange Reserves declined from KSh 1,010.85 billion in May 2016 to KSh 1,055.01 billion in June 2016. Net Foreign Exchange Reserves expanded from KSh 511.34 billion in May 2016 to KSh 560.34 billion in June 2016.Download Leading Economic Indicators June 2016"
9,"The Leading Economic Indicators highlights trends in Consumer Price Indices (CPI) and inflation, interest rates, exchange rates, international trade, agriculture, energy, manufacturing, building and construction, tourism and transport.

Consumer Price Index (CPI) increased from 171.56 points in September 2016 to 172.62 points in October 2016. The overall rate of inflation rose from 6.34 per cent to 6.47 per cent during the same period. In October, 2016 the Kenyan Shilling appreciated against the Sterling pound, the Euro, the Japanese Yen and the Ugandan shilling while depreciating against the other currencies. The average yield rate for the 91-day Treasury bills, which is a benchmark for the general trend of interest rates, decreased from 8.48 per cent in August 2016 to 8.06 per cent in September 2016 while the inter-bank rate declined to 4.87 in September 2016 from 4.96 per cent in August 2016. The Nairobi Securities Exchange (NSE) 20 share index expanded from 3,243 points in September 2016 to 3,251 points in October 2016, while the total number of shares traded decreased from 746 million shares to 351 million shares during the same period. The total value of NSE shares traded decreased from KSh 16.87 billion in September 2016 to KSh 7.85 billion in October 2016. Broad money supply (M3), a key indicator for monetary policy formulation contracted from KSh 2,761.84 billion in September 2016 to KSh 2,750.41 billion in October 2016.Gross Foreign Exchange Reserves declined from KSh 1,070.31 billion in September 2016 to KSh 1,044.71 billion in October 2016. Net Foreign Exchange Reserves decreased from KSh 593.88 billion in September 2016 to KSh 576.03 billion in October 2016. Download Leading Economic Indicators October 2016"
9,"The Leading Economic Indicators highlights trends in Consumer Price Indices (CPI) and inflation, interest rates, exchange rates, international trade, agriculture, energy, manufacturing, building and construction, tourism and transport.

Consumer Price Index (CPI) increased from 173.85 points in November 2016 to 175.18 points in December 2016. The overall rate of inflation fell from 6.68 per cent to 6.35 per cent during the same period. In December, 2016 the Kenyan Shilling appreciated against the Euro, the Japanese Yen and the Ugandan shilling while depreciating against other currencies. The average yield rate for the 91-day Treasury bills, which is a benchmark for the general trend of interest rates, increased from 8.22 per cent in November 2016 to 8.44 per cent in December 2016 while the inter-bank rate rose to 5.92 in December 2016 from 5.12 per cent in November 2016."
9,It is the top most decision making organ of the association composed of all members that meet yearly as per its rules and regulations. It elects the national officials of the association.
9,National Executive Council (NEC)
9,Educational Exhibitors and Conference
9,Common Assessments
9,The association organizes exhibitions and conferences where private schools exhibit the quality education they provide and give an opportunity to the students and parents to have easy access and admission to the schools.
9,"The Competition Tribunal is established under the Competition Act No. 12 of 2010, Cap 504 Laws of Kenya to adjudicate competition matters in accordance with the competition Act.The Tribunal has jurisdiction to hear and determine the following matters:

To be the leading appellate Tribunal in adjudicating competition and regulation matters within the region."
9,"This section on international jobs contains links to career pages of the respective organizations.

The Ministry of Foreign and Diaspora Affairs cannot be held responsible for the content on linked websites, any inconsistencies and errors."
9,"The Kenya National Bureau of Statistics (KNBS) in collaboration with the Central Bank of Kenya (CBK) and the Kenya Investment Authority (KenInvest) is conducting Foreign Investment Survey (FIS) 2018 from June to August, 2018. This is the fifth survey after FIS 2010, FIS 2013, FIS 2015 and FIS 2016.

The purpose of FIS 2018 is to collect information from resident enterprises on their foreign assets and liabilities. The data collected will be used to improve the quality of data for compilation of Balance of Payments (BOP) and International Investment Position (IIP) statistics. In addition, data collected will be used for investment promotions and policy formulation."
9,"Mandate

Administration and payment of pensions, death gratuities and other retirement benefits to eligible public officers and dependants; operationalization of public sector pension laws and advise on public pension policy."
9,"1. What is a Pension?

A pension is a retirement plan that guarantees a retiree a set amount of money every month, for life. This applies to officer who have served in pensionable office and has completed the qualifying service and retires from service on grounds that qualify him for pension. The benefit formula is tied to years of service and a retirees’ last basic salary."
9,"The Leading Economic Indicators highlights trends in Consumer Price Indices (CPI) and inflation, interest rates, exchange rates, international trade, agriculture, energy, manufacturing, building and construction, tourism and transport. Consumer Price Index (CPI) decreased from 183.66 points in September 2017 to 182.50 points in October 2017. The overall rate of inflation dropped from 7.06 per cent to 5.72 per cent during the same period. In October 2017, the Kenyan Shilling appreciated against the major trading currencies except for the US Dollar and the Ugandan Shilling.

The average yield rate for the 91-day Treasury bills, which is a benchmark for the general trend of interest rates, decreased from 8.13 per cent in September 2017 to 8.09 per cent in October 2017 while the inter-bank rate rose from 5.52 per cent to 7.85 per cent over the same period. The Nairobi Securities Exchange (NSE) 20 share index decreased from 3,751 points in September 2017 to 3,730 points in October 2017, while the total number of shares traded dropped from 556 million shares to 314 million shares during the same period. The total value of NSE shares traded dropped from KSh 16.2 billion in September 2017 to KSh 9.4 billion in October 2017."
9,"The Leading Economic Indicators for the month of September 2015 highlights trends in Consumer Price Indices (CPI) and inflation, interest rates, exchange rates, international trade, agriculture, energy, manufacturing, building and construction, tourism and transport. Consumer Price Index (CPI) increased from 160.90 points in August 2015 to 161.33 points in September 2015. The overall rate of inflation increased from 5.84 per cent to 5.97 per cent during the same period. In September 2015, the Kenyan Shilling appreciated against the South African Rand and the Tanzanian shilling while depreciating against the other currencies. The average yield rate for the 91-day Treasury bills, which is a benchmark for the general trend of interest rates, increased from 11.54 per cent in August 2015 to 14.00 per cent in September 2015. Similarly, the inter-bank rates rose to 21.24 per cent in September 2015. The Nairobi Securities Exchange (NSE) 20 share index contracted slightly from 4,176 points in August 2015 to 4,173 points in September 2015, while the total number of shares traded decreased substantially from 734 million to 434 million shares during the same period. The total value of NSE shares traded contracted from KSh 20.79 billion in August 2015 to KSh 14.38 billion in September 2015. Broad money supply (M3), a key indicator for monetary policy formulation contracted from KSh 2,570.45 billion in August 2015 to KSh 2,568.66 billion in September 2015. Gross Foreign Exchange Reserves decreased from KSh 948.94 billion in August 2015 to KSh 916.03 billion in September 2015. Net Foreign Exchange Reserves declined from KSh 406.60 billion to KSh 391.39 billion over the same period.Download Leading Economic Indicators September 2015"
9,PPP
9,"The Public Private Partnerships (PPP) Directorate, which is headed by a Director – General, is the technical arm of the PPP Committee and is mandated to facilitate implementation of the Public Private Partnership Programme and Projects in Kenya. The PPP Directorate’s functions include:

Fiscal Risks Arising from Public Private Partnerships"
9,It is my pleasure to join the Kenya National Bureau of Statistics and the rest of National Statistical offices across Africa to celebrate the auspicious occasion of the 22nd African Statistics Day. This day is set aside to increase awareness on production and use of official statistics across the continent. Read More
9,Economic Indicator Reports
9,Leading economic indicators provide early insights into economic performance prior to release of quarterly GDP Statistics
9,Explore the latest monthly LEI reports.
9,Development of Competition Tribunal Strategic Plan and Risk Management Policy
9,"Staff of the tribunal led by the CEO Mr Julius Mutua and the chairperson Hon.Odongo Mark Okeyo during a three_week Capacity building in Machakos county from 9th to 27th February 2026.The staff underwent intensive training on the formulation of the Tribunal’s strategic plan, risk management framework, electronic document and records management system, and court system management to enhance institutional efficiency, transparency and service deliver"
9,Leading Economic Indicators – June 2022
9,https://www.knbs.or.ke/wp-content/uploads/2023/07/June-2022-LEI-Report-June.pdf
9,The Nairobi Securities Exchange (NSE) All Share Index is a benchmark index that tracks the performance of all the listed companies on the Nairobi Stock Exchange.
9,PMI
9,Purchasing Managers’ Index (PMI) is the economic health of the manufacturing sector based on monthly surveys of private sector companies.
9,GDP Growth Rate
9,Gross Domestic Product (GDP) is a measure of the total value of goods and services produced within a country’s borders over a specific period of time.
9,Inflation Rate
9,English Presentation
9,KNBS Service Delivery Charter
9,"Download The Kenya National Bureau of Statistics (KNBS) Service Delivery Charter presentation in English

The Kenya National Bureau of Statistics (KNBS) is a State Corporation established by the Statistics Act, 2006, for the collection, compilation, analysis, publication and dissemination of statistical information, and the coordination of the national statistical system. It is the principal agency of the Government for collecting, analysing and disseminating statistical data in Kenya and the custodian of official statistical information"
9,"The African Statistics Day (ASD) was adopted in May 1990 at the 16th Meeting of the United Nations Economic Commission for Africa Conference of African Ministers responsible for Planning and Economic Development. The day is celebrated on November 18 each year in order to “increase public awareness about the important role that statistics play in all aspects of social and economic life”.

Today, the Kenya National Bureau of Statistics joins other statistics offices across the African Continent in celebrating the 2019 African Statistics Day. The theme of this year is “Everyone counts: quality statistics for better management of forced displacement in Africa”, which is in line with the theme of the African Union Summit 2019, that is: “The year of refugees, returnees and internally displaced persons: towards durable solutions to forced displacement in Africa”."
9,Foreign Exchange Reserves Unveiled: Understand the level of foreign exchange reserves held by Kenya’s central bank. It’s critical for maintaining exchange rate stability and economic resilience.
9,"Speech by the Cabinet Secretary, Ministry Of Devolution And Planning, Ms. Anne Waiguru, OGW, During The African Statistics Day Celebrations and the KNBS ISO 9001:2008 Certification Held At KICC On 18th November, 2013

Fellow Cabinet Secretaries; Eng. Peter Mangiti, Principal Secretary for Planning Other Principal Secretaries present Mr. Edwin Osundwa, Chairman KNBS Board of Directors Representatives of Development Partners"
9,"Our Finance Manager explains the potato business case in detail. You will see the highly profitable business case of farmers using Agrico varieties in Kenya. Elements of which are the cost price reduction per kg produced, higher sales revenue, increase of net profit and how PSA is de-risking potato farming for Kenyan farmers."
9,Business case (including risk analysis)
9,"In this video you will learn how the net profit per acre boosts when using Agrico potato varieties. Our Finance Manager will guide you through the cost per acre, the yield improvement, the cost price reduction and the growth in revenue.Finally based on break even analyses, she will explain how PSA lowers the current risk of potato farming.

The potato business case is based on averages achieved at ~1,700 potato farmers in Kenya, in three different counties, grown by themselves, on their own land and under different climate conditions for several years."
9,Potato business case (basics)
9,To Report Corruption
9,Data request
9,integrity@knbs.or.ke
9,KNBS Headquarters
9,"Visit our head office in Upper Hill, Nairobi"
9,KNBS Locations
9,"KRA has sustainably supported strategic initiatives that are in line with Sustainable Development Goals (SDGs) and linked to Vision 2030. The initiatives emphasize on Education, Environment, Health and Sports marketing.

Address"
9,What validation means for your return
9,What’s New & Validation of Income and Expenses
9,"When you file your 2025 annual return, KRA validates the income and expenses you declare against available information. This helps improve accuracy, reduce fraudulent claims, and promote fair taxation."
9,Who is eligible for MRI?
9,"MRI is payable by a resident person (individual or company) on rental income accrued or derived in Kenya for the use or occupation of residential property.

Following the enactment of the Finance Act 2020, MRI is applicable to persons earning rental income which is in excess of two hundred and eighty thousand shillings but does not exceed fifteen million shillings during any year of income. with effect from 1st January 2021."
9,What is the MRI tax rate?
9,"How can I change the current email and physical address information on iTax?

Change of email address can be initiated form the iTax profile, under Registration- Amend PIN details. Once the process is initiated by the taxpayer, a task is created for approval by a KRA officer."
9,"What duties and taxes are local manufacturers liable to

Taxes due are specific to the product. Reference to the EAC external tariff will aid taxpayer in knowing the tariff classification and thus the duty band for import duty purpose, this is read together with the VAT Act to inform if VAT is due on the product imported. The Miscellaneous fees and levies Act informs on IDF (import declaration form), MSL (miscellaneous shippers levy), Railway Development Levy and other levies that KRA collects on behalf of other agencies."
9,"How are duties assessed and how do I confirm the correctness of the assessed value?

Duties are assessed based on the Customs Value of the item and Tariff Classification as provided for under the East African Community Common External Tariff, 2022. The rates are provided for under the East African Community Customs Management Act (EACCMA) 2004, VAT Act 2013, Excise Duty Act 2015, Miscellaneous Fees and Levies Act 2016 and any other fees/levies imposed by Government legislation. Customs Valuation is based on the price actually paid or payable for the imported goods."
9,"What should I do when I forget to give my PIN details during a purchase?

Please contact the seller to issue a full credit note to reverse the sale, then issue a new invoice with correct PIN of buyer. It is only mandatory to issue the buyer PIN to the seller if the purchase is for business purposes and you intend to claim either in the Income Tax or VAT return."
9,"The National Treasury under the leadership of PS Dr. Chris Kiptoo,took part in the 9th edition of the Kaptagat Integrated Livelihood Program’s Annual Tree Growing initiative, to advance Kenya’s reforestation efforts."
9,KRA Takes Second Place at Madoka Half Marathon
9,"SPORTS 08/08/2018

KRA staff staged an exemplary performance to take the second position in the Corporate Category of the Madoka Half Marathon. A total of 25 members of staff participated in the 12th edition of the event held on 21st October, 2017, at Ngerenyi in Wundanyi, Taita Taveta county."
9,ICT System Administrator and Support Officer
9,The ICT System Administrator and Support Officer reports to Operations Manager KRA Staff Pension Scheme.
9,Administrative Assistant
9,The Administrative Assistant reports to Chief Executive Officer KRA Staff Pension Scheme.
9,"The jobholder will be responsible for providing executive support to the CEO and offer HR and Administrative Support in the office.

Duties & Responsibilities:"
9,Pension Officer – Administration
9,"The Pension Officer, Administration reports to Senior Pensions Officer, KRA Staff Pension Scheme."
9,Procurement Officer
9,"The Procurement Officer reports to Chief Executive Officer, KRA Staff Pension Scheme."
9,"The law requires a person (resident or non-resident) who derives income from Kenya or in the case of a resident person, from outside Kenya but which falls within the above provisions, to declare and pay tax on that income.

Taxes that are payable by a Foreign Investor:"
9,How do I Become a Customs Agent?
9,"To become an eligible customs agent, you will need to apply for a licence.

Prerequisite Documents for a New Customs Agent License"
9,What is an Investment Certificate?
9,"For you to undertake in an investment, it is important to get a certificate that qualifies you as an investor in Kenya.

The Kenya Investment Authority (KenInvest) body can assist you attain an investment certificate."
9,"How to Register for eTIMS on the eCitizen Web Solution (ecitizen.kra.go.ke)

How to Create an eTIMS Invoice on the eCitizen Web Solution (ecitizen.kra.go.ke)"
9,How to Become a Certified 3rd Party Integrator
9,eTIMS System to System Integration
9,"The process will entail the development, testing, vetting, and certification of either the interested taxpayer who has the capacity to self-integrate or for 3rd party software developers (integrators) to facilitate the taxpayer integration process.

Taxpayers can choose to initiate the self-integration process or enlist the services of KRA-verified third-party integrators."
9,"Simplicity, Convenience and Flexibility"
9,"All persons engaged in business are required to on-board eTIMS and issue electronic tax invoices. However, where the supply is received from a small business enterprise (whose annual turnover does not exceed five million shillings), the purchaser shall issue a tax invoice on their behalf.

Persons in business include:"
9,"This is a tax chargeable on the whole of a gain which accrues to a company or an individual upon transfer of property situated in Kenya, whether or not the property was acquired before 1st January, 2015.

It took effect on 1st January 2015."
9,"Betting Tax is chargeable on the gross gaming revenue (GGR) of a bookmaker at the rate of 15% as provided by Section 29A of the Betting, Lotteries and Gaming Act, 1966.

Betting, gaming and Lottery businesses are required to withold as tax and remit to KRA 20% of the winnings being paid out to winners."
9,What is the Corporation Tax rate?
9,"Corporation Tax is filed online via iTax by filing an Income Tax Company Return (IT2C Form), on or before the sixth month after the end of an accounting period.

For instance: a company whose accounting period runs from 1 Jan - 31st Dec is allowed up to 30th June of the following year to file their Income Tax - Company Return. Filing after 6 months attracts a penalty."
9,Self-Assessment Return filed on Legacy and payment on iTax for Income tax and vice-versa
9,"Return amendment (Uncaptured loss, uncaptured return, data correction)"
9,"If the taxpayer filed a self-assessment return on time in the Legacy System but made some payments in iTax or payments are in one system while the return is in the other, the following will assist in making the necessary adjustments; -

Address"
9,"There might be instances that may warrant adjustments on the migrated balances, which include:-

Reconciliation will be carried out up to 31st December 2024, after which, the re-validation window will be closed and data confirmed as migrated. This transfer will give a consolidated view of all transactions after which the debts will be demanded and factored among other liabilities of a taxpayer."
9,"The Persons with Disabilities Act 2003 and The Persons with Disabilities (Income Tax Deductions and Exemptions) Order 2010, forms the legal basis for granting of Income Tax Exemption for persons with disability.

This exemption applies on the first Ksh.150, 000 per month or Ksh.1.8 M per annum."
9,Mandate & Functions
9,"The mandate of the National Treasury is primarily derived from the Public Finance Management Act, 2012, and is further supported by Presidential directives as issued from time to time.

Functions of the National Treasury"
9,Strategies
9,"The National Treasury has put in place the following high-level plans of action designed to achieve long-term goals and securing a competitive position in the finance sector. This involves setting goals, determining actions to achieve the goals, and mobilizing resources to execute the actions."
9,Credit Guarantee Scheme
9,"ABOUT CREDIT GUARANTEE SCHEME (CGS)

The focus on MSMEs is informed by the critical role the enterprises play in Kenya’s economy through creation of employment opportunities and wealth for a large number of people. The MSME sector employs approximately 15 million people directly and contributes about 34% to the country’s Gross Domestic Product (GDP). The sector also contributes about 91% of the total new jobs generated annually."
9,Recent Releases
9,"INTEGRATED SURVEY OF SERVICES (ISS), TRANSPORTATION AND STORAGE SURVEY(TSS) & SURVEY OF INTERNATIONAL TRADE IN SERVICES (SITS) 2026

The Kenya National Bureau of Statistics (KNBS) is conducting the 2026 Integrated Survey of Services (ISS), Transportation and Storage Survey (TSS) and the 2026 Survey of International Trade in Services (SITS) between June and September 2026. These nationwide surveys will collect vital economic and financial data from enterprises in Kenya’s service sector for the years 2024 and 2025."
9,2024 Economic Survey Data Tables
9,"Agriculture Sector https://www.knbs.or.ke/wp-content/uploads/2024/05/Chapter-7-Agriculture-Sector-Tables.xlsx

Construction Sector https://www.knbs.or.ke/wp-content/uploads/2024/05/Chapter-11-Construction-Sector-Tables.xlsx"
9,Hypertension
9,"Health facility births declined slightly between 1993 and 2003, but more than doubled between 2003 and 2022. Still, 11% of births are delivered at home. By county, home births are most common in Mandera (50%), Tana River (48%), Turkana (47%), Wajir (46%), and Samburu (45%) counties."
9,Cesarean Sections
9,"Among these women and men, 32% of both are taking medication to control blood pressure."
9,Diabetes
9,"Mr Macdonal George Obudho is the new Kenya National Bureau of Statistics Director General. Mr Obudho has taken over from Mr Zachary Chege Mwangi who served as KNBS Director General for eight (8) years.

Macdonald G. Obudho joined Kenya National Bureau of Statistics in 1995 and holds a Master of Science degree in Statistics from Jomo Kenyatta University of Agriculture and Technology and Bachelor of Science degree in Mathematics and Computer Science from the same university. He is currently pursuing PhD course in statistics."
9,"Pumwani Medical Superintendent,Pumwani Maternity"
9,City Mortuary/ Burial at Langata Cemetery-
9,Parking tickets/clamping impounding and towing
9,"Chief Fire Officer, Nairobi Fire Station located along Tom Mboya Street."
9,CPI and Inflation Rates Reports
9,These CPI is a key macroeconomic indicator of economic performance
9,Insights into consumer price trends and inflation rates
9,Food Inflation Rate
9,Core Inflation Rate
9,"Essential Goods and Prices: Monitor food inflation to assess changes in the cost of basic food items, which directly impact household budgets."
9,Frequency
9,CPI is published monthly.
9,Kenya Consumer Price Indices Rebasing Report-March 2020
9,Consumer Price Indices and Inflation Rates-April 2020
9,"The Leading Economic Indicators for the month of November 2014 highlights trends in Consumer Price Indices (CPI) and inflation, interest rates, exchange rates, international trade, agriculture, energy, manufacturing, building and construction, tourism and transport.

Consumer Price Index (CPI) dropped from 151.92 points in October 2014 to 151.85 points in November 2014. The overall rate of inflation declined from 6.43 per cent to 6.09 per cent during the same period. In November, the Kenyan Shilling appreciated against all the major currencies except the US dollar and the South African Rand."
9,"The Leading Economic Indicators for August 2014 highlights trends in Consumer Price Indices (CPI) and inflation, interest rates, exchange rates, international trade, agriculture, energy, manufacturing, building and construction, tourism and transport.

Consumer Price Index (CPI) rose from 150.60 points in July 2014 to 152.02 points in August 2014. The overall rate of inflation increased from 7.67 per cent to 8.36 per cent during the same period. In the month of August, the Kenyan Shilling appreciated against the Sterling pound, the Euro, the Japanese Yen, the Ugandan and Tanzanian shilling. In contrast, the Shilling depreciated against the US Dollar and the South African Rand. The average yield rate for the 91-day Treasury bills, which is a benchmark for the general trend of interest rates, fell to 8.29 per cent in August 2014 from 9.78 per cent in July 2014. The inter-bank rates increased to 11.72 per cent during the period. The Nairobi Securities Exchange 20 share index rose from 4,906 points in July 2014 to 5,139 points in August 2014, while the total number of shares traded increased from 625 million to 629 million shares during the same period. The total value of NSE shares traded increased from KSh 15.04 billion to KSh 15.51 billion over the same period. Broad money supply (M3), a key indicator for monetary policy formulation expanded from KSh 2,190.08 billion in July 2014 to KSh 2,253.23 billion in August 2014. Gross Foreign Exchange Reserves reduced from KSh 924.1 billion in June 2014 to KSh 869.2 billion in July 2014. Net Foreign Exchange Reserves decreased from Ksh 531.3 to Ksh 490.9 billion over the same period. Download"
9,"Nairobi, 29th May, 2026

Nairobi County has launched an Artificial Intelligence (AI) training programme aimed at strengthening digital skills, innovation, and technology-driven service delivery across the county."
9,"The monthly Leading Economic Indicators publication for December 2013 highlights trends in Consumer Price Indices (CPI) and inflation, interest rates, exchange rates, international trade, agriculture, energy, manufacturing, building and construction, tourism and transport.

MACROECONOMIC INDICATORS Consumer Price Index (CPI) increased from 143.14 points in November 2013 to 143.85 points in December 2013. The overall rate of inflation declined from 7.36 per cent to 7.15 per cent during the same period. The Kenyan shilling depreciated against the US dollar, the Sterling Pound, the Euro, the Ugandan shilling and the Tanzanian shilling exchanging at an average of KSh 86.65, KSh 141.37, KSh118.18, KSh29.20 and KSh 18.63, while appreciating against the Japanese Yen and the South African Rand as at the end of December 2013. The average yield rate for the 91-day Treasury bills, which is a benchmark for the general trend of interest rates, decreased from 9.95 per cent in November 2013 to 9.53 in December 2013. The inter-bank rates declined from 10.76 per cent to 9.12 per cent during the period. The Nairobi Securities Exchange share index (NSE 20) decreased from 5,101 points in November 2013 to 4,927 points in December 2013, while the total number of shares traded decreased from 645 million to 466 million shares during the same period. The total value of NSE shares traded declined from KSh 13.1 billion to KSh 11.3 billion. Broad money supply (M3), a key indicator for monetary policy formulation, increased from KSh 1,919.5 billion in November 2013 to 1,957.5 billion in December 2013. Money and Quasi-money (M2) expanded from KSh 1,624.1 billion to KSh 1,632.8 billion over the same period. Gross Foreign Exchange Reserves increased from KSh 688.0 billion in November to KSh 739.9 billion in December 2013. Net Foreign Exchange Reserves increased to KSh 389.0 billion over the same period."
9,High-level Panel discussions during the ongoing 2025 IMF-World Bank Spring Meetings in Washington
9,"Rationale for Implementation of 2015/16 KIHBS

The objectives of the 2015/16 KIHBS were:"
9,"The Leading Economic Indicators for the month of May 2015 highlights trends in Consumer Price Indices (CPI) and inflation, interest rates, exchange rates, international trade, agriculture, energy, manufacturing, building and construction, tourism and transport. Consumer Price Index (CPI) increased from 158.70 points in April 2015 to 159.98 points in May 2015. The overall rate of inflation contracted from 7.08 per cent to 6.87 per cent during the same period. In May 2015, the Kenyan Shilling depreciated against all the major currencies except for the Tanzanian shilling. The average yield rate for the 91-day Treasury bills, which is a benchmark for the general trend of interest rates, declined to 8.26 per cent in May 2015. The inter-bank rates rose to 11.09 per cent during the period. The Nairobi Securities Exchange 20 share index decreased from 5,091 points in April 2015 to 4,788 points in May 2015, while the total number of shares traded increased from 488 million to 684 million shares during the same period. The total value of NSE shares traded expanded from KSh 14.64 billion in April 2015 to KSh 21.33 billion in May 2015. Broad money supply (M3), a key indicator for monetary policy formulation expanded from KSh 2,464.48 billion in April 2015 to KSh 2,501.59 billion in May 2015. Gross Foreign Exchange Reserves increased from KSh 906.04 billion in March 2015 to KSh 923.84 billion in April 2015. Net Foreign Exchange Reserves expanded from KSh 463.84 billion to KSh 468.07 billion over the same period. Download Leading Economic Indicators May 2015"
9,Strategy and Planning Section
9,Supply Chain Management Division
9,"The Section has the following functions;

The Kenya National Bureau of Statistics (KNBS) is a State Corporation established by the Statistics Act, 2006, for the collection, compilation, analysis, publication and dissemination of statistical information, and the coordination of the national statistical system. It is the principal agency of the Government for collecting, analysing and disseminating statistical data in Kenya and the custodian of official statistical information"
9,"(a) planning, authorising, co-ordinating and supervising all official statistical programmes undertaken within the national statistical system;

(b) establishing standards and ensuring the use of best practices and methods in the production and dissemination of statistical information across the national statistical system;"
9,Vision Statement:
9,The Colonial Government appointed its first Official Statistician in 1925.
9,The Beginning
9,"The history of organized statistical activities in Kenya goes back to the 1920’s. The Colonial Government appointed its first Official Statistician in 1925. In 1926, the statistician was assigned to work for the Conference of Governors of the three East African territories of Kenya, Uganda and Tanganyika and this foreshadowed the creation of the East African Statistical Department (EASD)."
9,"We only focus on multiplication & sales of Agrico varieties, with which Kenyan smallholders have been achieving fantastic results. Read more about in this business-case."
9,Which method of potato training do you prefer?
9,"Video tutorials on profitable potato farming:

These training videos allow you to learn when it suits you: view tutorials regardless of time, weather and geography. You can repeat and skip sessions as needed and stop for breaks."
9,Registration Form
9,Training registration form
9,"Thank you for wanting to sign up for our monthly training at the Smallholders Potato Centre at our farm in Nakuru.

We have a monthly training taking place around the 10th of each month, where we plant a demo site with potatoes following 'the Agrico method'. The training is free and open to all who are interested. We prefer you sign up so that we can send you directions and the program in advance."
9,# 10 Planting | erosion
9,"Erosion control - In this video you will learn about erosion of your soils. Erosion control is important to avoid nutrients and soil loss through wash off by the rains. It can be done by making watering holes in between the ridges to slow down water running through ridges.

Duration: 1:53 minutes"
9,Share this information!
9,eTIMS
9,"eTIMS - Simplicity, Convenience and Flexibility"
9,"eTIMS (electronic Tax Invoice Management System) is a software solution that provides taxpayers with options for a simple, convenient and flexible approach to electronic invoicing.

All persons engaged in business are required to on-board eTIMS and issue electronic tax invoices."
9,Getting Started
9,"The Leading Economic Indicators highlights trends in Consumer Price Indices (CPI) and inflation, interest rates, exchange rates, international trade, agriculture, energy, manufacturing, building and construction, tourism and transport.

Consumer Price Index (CPI) increased from 175.18 points in December 2016 to 176.93 points in January 2017. The overall rate of inflation rose from 6.35 per cent to 6.99 per cent during the same period. In January, 2017 the Kenyan Shilling depreciated against all currencies except for the Tanzanian shilling. The average yield rate for the 91-day Treasury bills, which is a benchmark for the general trend of interest rates, increased from 8.44 per cent in December 2016 to 8.62 per cent in January 2017 while the inter-bank rate rose to 7.70 in January 2016 from 5.55 per cent in December 2016."
9,Capital allowances
9,What Incentives do Investors get?
9,"These are tax incentives offered for capital expenditures.

They include wear and tear allowances, industrial building deduction, investment deduction and farm-works deductions."
9,Investment deduction
9,Public expenditures
9,Industrial Building Deduction
9,"Expenditures of a capital nature incurred in that year of income (with the prior approval by the Minister) by the person on the construction of a public school, hospital, road or any similar infrastructure will be an allowable deduction."
9,Telecommunication sector
9,"Capital expenditure on buildings and machinery for use in a Special Economic Zone shall be entitled to Investment deduction equal to one hundred percent of the capital expenditure.

Corporate taxation at rate of"
9,Export Processing Zones Incentives
9,Incentives for Newly Listed Companies
9,"Where there are negotiated Double tax agreement between Kenya and any other state, there are usually concessionary tax rates on various categories of payments. For information on these, reference to be made to the individual agreements through this link?."
9,Governor’s Speech During Labour Day – 2018
9,"Jul 30 2019 Mukuru kwa njenga

The Nairobi City County Executive Committee Member for Health Mr. Mohamed Dagane (Left),With the Ward Administrator Mukuru Kwa Njenga Mr. Jeremiah Mauti (Right), Mukuru facility in charge ,Dr. Joseph Mutuku (in Lab coat)and Hon. Sumra during the Launch of Free Medical Camp at Mukuru Health Center, Imara Daima Ward, Embakasi South. A partnership between the Nairobi City County and Lions International."
9,"Nairobi 1st October, 2019

Nairobi City County Executive Committee member for Transport, Roads and Public Works Dr.Hitan Majevdia on 1st October 2019 officially opened a public lecture at Charter Hall on Sustainable mobility for Kenyan Cities."
9,Short Listed Candidates for posts in Nairobi City County
9,"Nairobi, November 7, 2025

The curtain has fallen on the Second Nairobi Health Scientific Conference, held at the Argyle Grand Hotel from November 5–7, 2025, under the theme “Advancing Universal Health Coverage (UHC) Towards Attainment of Sustainable Development Goals 2030 for Nairobi.”"
9,Public Participation on Trade/Industrialization & Market Bill 2019
9,"Nairobi,28th October 2019.

Nairobi City County Commerce,Tourism and Cooperatives Sector today held a stakeholders forum in a City Hotel, to deliberate on the development of Nairobi City County Trade/Industrialization & Market Bill 2019."
9,Nairobi set for Digital Transformation as Nairobi County Liquor Committee and Sub- County Teams Undergo Intensive training ahead of “LiquorPay” Launch
9,"Nairobi, January 28th, 2026

In a major step toward the total digitization of city services, Nairobi City County Liquor Board, Liquor Committee, Liquor Licensing Officers (LLOs) and Sub-County administrators today convened at the Weston Hotel for an intensive training session on the new LiquorPay system."
9,INVITATION FOR BIDS NOTICE 2019 – 2020 WDP projects advert
9,TENDER CANCELLATION NOTICE
9,Nairobi County Holds Strategic Workshop to Strengthen Revenue Targets
9,"Mombasa, 11th October 2025

Nairobi City County Revenue Administration held a four-day strategic workshop in Mombasa to enhance revenue generation and align strategies for improved collection across all sub-counties."
9,"Sandton, South Africa, 2nd October, 2025

The future of African cities took center stage yesterday at the Smart Mobility Africa 2025 conference, where leaders and innovators gathered to reimagine transport systems for a rapidly urbanizing continent."
9,"Sandton, South Africa, 2nd October, 2025

On the second day of the Smart Mobility Africa 2025 Summit at the Sandton Convention Centre, transport leaders and Policy makers turned their focus to the future of integrated mobility. Nairobi City County’s Executive Committee Member for Mobility and Works, Mr. Ibrahim Auma, joined a high-level panel to highlight the transformative role of Integrated Transport Master Plans (ITMPs) in shaping Africa’s urban future."
9,"Dive into the thought-provoking discussion: “The $20 vs $150 Dilemma – Towards Harmonized Clinical Trial Financing in Africa.”

This session will explore the disparities in trial financing across regions and how harmonized approaches can strengthen research equity, sustainability, and collaboration across the continent."
9,"Nairobi, 27th November, 2025.

Nairobi County Executive Committee Member for Green Nairobi, Ms. Maureen Njeri has indicated the urgent need to position Nairobi as a regional leader in air quality management."
9,"Once complete, Njiriri/ Kariobangi South bus terminus will be very useful to the residents and will help reduce traffic by giving space to matatus that are dropping passengers in the area. The terminus was previously used by Double M matatus but when the numbers reduced, it was no longer in use.

The terminus is located along Mumias Road next to Outering Estate and Pioneer Estate in Kariobangi South Ward and will be used by matatus on routes 58-Buruburu, 23-Uhuru/Buruburu/Outering and 36-Kariobangi South/Dandora."
9,Nairobi Partners with Wildlife Clubs of Kenya to Mobilize Youth for 2030 Climate Action
9,"NAIROBI, Kenya – January 28th January, 2026

Nairobi City County has joined forces with the Wildlife Clubs of Kenya (WCK) to launch the 2025–2030 Strategic Plan, a bold roadmap designed to transform millions of learners into frontline climate warriors."
9,"2nd June 2019. Nairobi City County Food,Agriculture and Forestry sector is currently holding Food Systems Strategy workshop at The Vic hotel in Kisumu City.

The workshop is aimed at sensitizing the Agriculture Assembly committee members on the Draft Nairobi City County Food Systems Strategy."
9,"31st July 2019

This afternoon the Ag. County Secretary Mr. Leboo Ole Morintat on behalf of H. E Governor Mike Sonko together with the County Executive Committee members Mr.Newton Munene, Pauline Kahiga, Dr. Hitan Majevdia, Mr. Mohammed Dagane and Chief Officers Dr. Mak Odingo, Mr. Peter Mukenya, Eng. Muthama and Mr. Tom Tinega received Governor Tunai of Narok County who was accompanied by his CECs and businessmen who ply the Narok Route from Nairobi."
9,Mariga Inspects New Dandora stadium ahead of official opening
9,"On 7th August 2019, former Kenyan international footballers led by McDonald Mariga inspected the new Dandora Stadium in Embakasi North which is on its final stages of construction ahead of its official opening.

The former international footballers were impressed with the quality of the stadium, which is being constructed to meet FIFA international standards."
9,"Nairobi, 5th December, 2023

This morning the Nairobi County Executive in charge of Inclusivity, Public participation and Customer engagement, Dr. Anastasia Nyalita accompanied by Chief Officer Culture, Clement Sijenyi aka Clemo flagged off the 2nd Edition of the Nairobi Festival caravan."
9,Nairobi City County re affirms partnership with StanChat ahead of the 2026 Nairobi Marathon
9,"Nairobi, July 5th 2026

Nairobi City County has officially validated its partnership with Standard Chartered Bank Kenya ahead of the highly anticipated 23rd edition of the Standard Chartered Nairobi Marathon. The collaboration was cemented with the signing of a Memorandum of Understanding (MoU) aimed at promoting sports, healthy living, tourism and environmental sustainability across the capital."
9,"The Battle of the Choirs 2nd Edition 2024 Knockouts Stage Qualifiers held at Charter Hall in Nairobi City County took on an added intensity as choirs vied not only for glory but also for the grand prize of Kenya Shillings 2 million. As Easter approached, the stakes were higher than ever, adding an extra layer of excitement and anticipation to the competition.

The event saw choirs from all corners of the City pour their hearts and souls into their performances, knowing that the coveted prize could be within their grasp. Each group brought their A-game, showcasing their talent, dedication, and passion for music on the prestigious stage of Charter Hall. The County Executive for Inclusivity, Public Participation and Customer Service, the sector responsible for the event, Dr. Anastasia Nyalita said “We bear witness to an unparalleled display of talent, passion, and soul-stirring melodies as choirs from Nairobi converge to vie for their rightful place in the grand finals during this Easter season.”"
9,Githurai All-Stars Triumph in Thrilling Finale: Sakaja Cup 2023 Crowns Champions in Nairobi’s Historic Football Initiative
9,Spectacular Showdown at Police Sacco Stadium: Nairobi Hosts Sakaja Super Cup 2023 Finals with Thrilling Matches and Big Cash Prizes Up for Grabs!
9,Nairobi City County partners with TNR Trust for a free rabies vaccination and sterilization in Dagoretti South
9,"Nairobi, 17th March 2024

Nairobi City County Veterinary Services Directorate teamed up with TNR Trust and other partners for free dogs and cats rabies vaccination and sterilization program at Mutuini, Dagoretti South Sub County."
9,Accelerate Your Business with Nairobi City County’s Digital Economy and Startup Sub-Sector in Partnership with Google Hustle Academy! Join Our Exclusive 5-Day Boot Camps for a Game-Changing Opportunity
9,"Stakeholder Workshop Shapes Path for Nairobi City County Betting, Lotteries, and Gaming Bill, 2023: A Collaborative Effort Towards Robust Legislation"
9,The county has Announced Annual Nairobi Festival to Celebrate ‘Vibe Of The City’ in December each Year
9,"Governor Johnson Sakaja has announced the annual Nairobi Festival, a fun-filled fair to be held every December to display and celebrate the “vibe of the city”. Sakaja said the Festival will be held after the December 12 Jamhuri Day celebrations. The fete will bring together food, the arts, matatu art awards, as well as exhibitions on designated city streets. “In December, we will set aside some streets to display culture, food, creativity, have the “nganya” awards for the best done matatus, have rugby, football and basketball tournaments and other activities,” he said. Sakaja also directed the amendment of “archaic” laws which he said have inhibited photography, videography, film and the creative industry in Nairobi. “When we say we want to be pro-business it is not just passive to stop harassment of traders but we want to be proactive to facilitate and promote. There are many archaic laws including those that hamper creativity and innovation and we are going to weed those out,” he said. Ends/..

General Inquiries"
9,"Nairobi County Director, Nancy Kiruri, Leads Crucial Workshop on Sector Budget Proposals for FYs 2024/2025 – 2026/2027"
9,Curtains fall for the 1st Nairobi Health Conference with Bold Commitments to Transform Healthcare.
9,"Nairobi,22nd November 2024

The inaugural 1st Nairobi Health Conference officially launched by the Deputy President of the Republic of Kenya, H.E. Kithure Kindiki hosted by the Governor Nairobi City County Sakaja Johnson concluded successfully, bringing together key stakeholders in the health sector to address pressing challenges and outline strategic solutions. The event featured critical engagements between the County alongside health professionals, partners, and policymakers."
9,Nairobi City County Vocational Training TVET Partners round table forum
9,"Nairobi: 7th November 2024

County Executive for Talent Skills Development and Care Brian Mulama today led a high-profile Partners round table to lay the groundwork for the Nairobi’s upcoming TVET Summit that will be held on 4th and 5th December 2024 at Uhuru Park and is expected to be attended by over 5000 youths. The theme of the summit is dubbed TVET as a gateway to employment and job creation. This is critical dialogue and major step forward for our county’s youth empowerment."
9,"Nairobi County Executive Rosemary Kariuki Flags Off Jubilee Live Free Race, Emphasizing Health and Wellness in the Face of Rising Lifestyle-Related Illnesses"
9,"Nairobi, 27th November, 2023

Nairobi City County Executive for Talent, Skills Development and Care Rosemary Kariuki flagged off the second edition of the Jubilee Live Free Race outside the Governors’ office, City Hall Way."
9,"Forging Inclusive Partnerships: Inaugural Round Table Meeting with County Executive for Inclusivity, Public Participation And Customer Service – Dr. Anastasia Nyalita"
9,"NAIROBI: 16th NOVEMBER, 2023

The County Executive for Inclusivity Public Participation and Customer Service Dr. Anastasia Nyalita held an inaugural partners round table meeting with partners with an aim of forging a mutually beneficial partnership between them and the County."
9,"25th January 2024

Nairobi City County today conducted a public participation session around the CAIP (County Aggregation and Industrial Parks) project to gather views from Nairobians. This public participation session is required by law ahead of the construction of the first metal and woodwork industry in the Mathare area. The construction is scheduled to kick off in April 2024."
9,Embakasi Update
9,"Nairobi Monday, January 23, 2024

Nairobi Governor Sakaja Johnson has cautioned Nairobi Revenue payers to be vigilant and watch out for unscrupulous staff and imposters pretending to aid and by pass Revenue collection channels."
9,"Nairobi County Staff Informational Webinar

As we gear up for the 2nd Nairobi Health Scientific Conference (5–7 Nov 2025), join us for this special webinar designed to brief YOU on what this year’s conference has in store."
9,"Remarks by the Ag, Director General, Kenya National Bureau Of Statistics, Mr. Zachary Mwangi, During The African Statistics Day Celebrations And The Attainment Of KNBS ISO9001:2008 Certification Held At KICC on 18t November, 2013 The Chief Guest, Ms. Anne Waiguru, the Cabinet Secretary for Devolution and Planning, Cabinet Secretaries present, Eng. Peter Mangiti, Principal Secretary for Planning Other Principal Secretaries present Mr. Edwin Osundwa, Chairman KNBS Board of Directors Representatives from Development Partners CEOs and Heads of Departments present KNBS staff, Distinguished Guests,

Ladies and Gentlemen;"
9,"Transformative Vision: Nairobi City County Unveils Ambitious Plan to Construct 10 Modern Markets in 2023/24 FY for a City of Order, Dignity, Hope, and Opportunities for all."
9,"Thursday,16th November 2023

The Nairobi City County Business and Hustler Opportunities Markets Sub Sector sets out an ambitious plan to construct a total of 10 (ten) markets in the 2023/24 financial year, in its quest to make Nairobi a City of Order, Dignity, Hope and Opportunities for all."
9,"Nairobi, Kenya To Host 2026 World Conference On Social Work And Social Development"
9,"NAIROBI, 27th JANUARY 2024.

The tripartite committee comprising of the International Association of Schools of Social Work (IASSW), the International Council on Social Welfare (ICSW), and the International Federation of Social Workers (IFSW), have announced Nairobi, Kenya, as the host city for the upcoming World Conference on Social Work and Social Development. This prestigious event is set to unfold in 2026, bringing together a global community of social workers, educators, and social development practitioners."
9,"Moscow, 23rd August 2025

Mr. Ibrahim Auma, the County Executive Committee Member for Mobility and Works, made a remarkable presentation on Nairobi’s journey towards sustainable urban mobility, during the International Transport Summit 2025 in Moscow, Russia. The summit brought together Urban leaders, innovators and mobility experts from across the globe, all committed to shaping the future of transport in cities."
9,"Governor Sakaja Breaks Ground for Mutuini Market, Unveiling Ambitious Plan for Modern Markets and Community Well-being"
9,"Wednesday, February 7th, 2024

Nairobi City County Governor H.E. Johnson A. Sakaja officiated the groundbreaking ceremony for the construction of the Mutuini Market in Dagoreti South Sub County. With a budget of 245 million shillings, the project is expected to be completed within the next six months."
9,Nairobi City County Collaborates for Comprehensive Water and Sanitation Policy Overhaul: Aligning Strategies with National Water Policy 2021
9,"Naivasha, 17th November 2023

Nairobi City County is working towards laying out a framework and guidelines on the management of water and sanitation services within the City County with an aim to ensure Nairobi residents have access to clean, safe and adequate water and to reasonable standard of sanitation."
9,Nairobi City County to Develop Policy on Income Generating Units in County Vocational Training Centers.
9,"NAIROBI: 15th March 2024

A team led by Director of Policy Development, Dr. Benjamin Kimolo has started the development of a policy on income generating units in Nairobi City County’s vocational training centers, the team that comprises, Deputy Director Vocational training Mr. Leonard Mititi, principals, partners and other stakeholders have started discussions on the policy formulation process that will see team develop a policy that will guide the units."
9,"Naivasha, 29th November, 2023

Nairobi County Director, Head of Budget and Expenditure Management, Nancy Kiruri is currently spearheading a week long workshop with all county sectors on submission of sector budget proposals for the FYs 2024/2025 – 2026/2027."
9,"Nairobi, 28th November 2024

Nairobi County joined the global campaign for the 16 Days of Activism against Gender-Based Violence (GBV) at the Ruben Centre Grounds, Mukuru kwa Ruben. This year’s theme, “Towards Beijing +30: United to End Violence Against Women and Girls,” underscores the ongoing need for collaborative efforts to combat violence against women and girls."
9,Nairobi County Officers sensitized on Energy and Petroleum regulatory matters
9,"Nairobi, 21st November 2024

Nairobi County Officers from different sectors were today sensitized on Energy and Petroleum regulatory issues, mainly focusing on compliance, safety and quality in order to equip them with prerequisite knowledge and information required in guaranteeing safety and compliance."
9,"Nairobi County holds a workshop on the development of unified compliance, inspections, and enforcement standard operating procedures"
9,"Nairobi, 1st March 2024

Nairobi County Unified Business Permit (UBP) technical team led by County Chief Officer for Revenue Administration, Wilson Gakuya held a three day workshop with technical officers from revenue generating sectors with the aim of capturing their input on unified compliance, inspections and enforcement standard operating procedures (SOPs) drafted by the UBP technical team."
9,Nairobi County Officials Collaborate with Outdoors Africa to Revolutionize Customer Service: A Strategic Meeting Marks the Commencement of a Transformative Journey
9,"NAIROBI: 11th January 2024

A significant meeting transpired between Dr. Anastasia Nyalita, the Chief Executive Committee Member (CECM) for Inclusivity, Public Participation, and Customer Service, Chief Officer Lydia Mathia, overseeing Customer Service, and Lydia Gatheru, Director for Customer Service. The focal point of this gathering was the discussion with Outdoors Africa to revolutionize the approach to Customer Service in Nairobi County."
9,Promoting Inclusion and Accessibility: Nairobi County Executive Dr. Anastasia Nyalita Champions International Day for Persons with Disabilities at National Youth Headquarters
9,"NAIROBI: 4th December 2023

County Executive for Inclusivity Public Participation and Customer Service, Dr. Anastasia Nyalita graced the celebrations of the International Day for Persons with Disabilities that was held at the National Youth Headquarters in Ruaraka Sub county Nairobi."
9,Celebrating Youth Talent and Creativity: Chief Officer Oscar Mr. Igaida Joins CS Ababu Namwamba at National Finals of Talanta Hela Tournament
9,"NAIROBI: 4th December 2023.

Chief Officer Youth, Talent and Sports, Oscar Mr. Igaida joined the Cabinet Secretary for Youth Affairs, Sports and Arts, Ababu Namwamba during launch of National finals of Talanta Hela Tournament at Nyayo stadium."
9,Nairobi County Shines at the 97th Cultural and Music Festivals
9,"Nairobi: 12th December, 2024

Nairobi County recently emerged as the 2nd Runner-Up at the 97th Cultural and Music Festivals, with Kakamega and Uasin gishu leading the park in an event that brought together 22 counties to celebrate Kenya’s diverse heritage. The festival, held in Taita Taveta County, showcased the theme “Our Culture, Our Wealth,” emphasizing the significance of culture in promoting economic empowerment, peacebuilding, and national cohesion."
9,Performance Contracting Review Workshop: Nairobi County Finance Sector Strategizes for Fiscal Success
9,"Mombasa, 23rd March 2024

Nairobi County Executive for Finance and Economic Planning Sector, Charles Kerich led Finance officers representing the Nine directorates in the Sector in a performance contracting review workshop."
9,Nairobi County Moves Towards Transparent Revenue Structure: Drafting Consolidated Schedule of Fees and Charges
9,"Naivasha, 28th March, 2024

Nairobi County is working towards coming up with a model county consolidated schedule of fees and charges with the aim of being transparent in all revenues and charges it levies."
9,"Nairobi Tuesday, December 19, 2023

Githurai All-Stars, from Githurai 45 in Roysambu Sub-County, emerged victorious in the inaugural Sakaja Cup 2023.They claimed a thrilling 6-5 win against Kawasaki FC of Landi Mawe, Starehe Sub-County, and were rewarded with a Kshs 3 million cash prize."
9,"Murang’a University Delegation Tours Dandora Stadium, Celebrates Sports Milestone with Nairobi County Sports Director"
9,"NAIROBI: 15th March, 2024

A team from Murang’a University was received by Nairobi County Sports Director Mr. Hari Mwahari at the newly constructed Dandora Stadium, the team led by Deputy Vice Chancellor Professor Beatrice Mugendi toured Dandora Stadium to witness and celebrate the results of our efforts, witness a significant milestone in sports, benchmark and learn from each other’s experiences."
9,Governor Sakaja officially unveils Uhuru Complex Sports Arena
9,"Nairobi, 23rd March 2024

Nairobi Governor H.E Sakaja Johnson presided over the official unveiling of Uhuru Complex Sports Arena, in Uhuru Estate, Kariobangi South/Uhuru Ward in Embakasi West Sub-County. Governor Sakaja was accompanied Deputy Governor, Njoroge Muchiri? County Executive Talent and Skills Care (TSC) Rosemary Kariuki and Chief Officer in Charge of Sports, Oscar Igaida. The sports arena has a football pitch, a basketball court, and a convertible court, which can be used for netball volleyball and handball. It also has a multipurpose hall to host indoor games like chess and table tennis among other sports."
9,"The Leading Economic Indicators for the month of October 2014 highlights trends in Consumer Price Indices (CPI) and inflation, interest rates, exchange rates, international trade, agriculture, energy, manufacturing, building and construction, tourism and transport.

Consumer Price Index (CPI) declined from 152.24 points in September 2014 to 151.92 points in October 2014. The overall rate of inflation fell from 6.60 per cent to 6.43 per cent during the same period. In October, the Kenyan Shilling appreciated against all the major currencies except the US dollar. The average yield rate for the 91-day Treasury bills, which is a benchmark for the general trend of interest rates, rose to 8.67 per cent in October 2014 from 8.35 per cent in September 2014. The inter-bank rates dropped to 6.76 per cent during the period. The Nairobi Securities Exchange 20 share index fell from 5,256 points in September 2014 to 5,195 points in October 2014, while the total number of shares traded decreased from 767 million to 506 million shares during the same period. The total value of NSE shares traded increased from KSh 19.24 billion to KSh 19.29 billion over the same period. Broad money supply (M3), a key indicator for monetary policy formulation expanded from KSh 2,251.76 billion in September 2014 to KSh 2,260.02 billion in October 2014. Gross Foreign Exchange Reserves fell from KSh 871.7 billion in August 2014 to KSh 845.5 billion in September 2014. Net Foreign Exchange Reserves decreased from KSh 483.2 to Ksh 448.4 billion over the same period. Download Leading Economic Indicator October 2014"
9,"The Leading Economic Indicators highlights trends in Consumer Price Indices (CPI) and inflation, interest rates, exchange rates, international trade, agriculture, energy, manufacturing, building and construction, tourism and transport. Consumer Price Index (CPI) expanded from 167.07 points in April 2016 to 167.99 points in May 2016.

The overall rate of inflation contracted from 5.27 per cent to 5.00 per cent during the same period. In May, 2016 the Kenyan Shilling appreciated against the US Dollar, the Euro, the South African Rand and the Uganda shilling while depreciating against the Sterling Pound and the Japanese Yen. The average yield rate for the 91-day Treasury bills, which is a benchmark for the general trend of interest rates, fell from 8.92 per cent in April 2016 to 8.15 per cent in May 2016 while the inter-bank rate fell to 3.61 in May 2016 from 3.92 per cent in April 2016. The Nairobi Securities Exchange (NSE) 20 share index contracted from 4,009 points in April 2016 to 3,868 points in May 2016, while the total number of shares traded decreased from 426 million shares to 384 million shares during the same period. The total value of NSE shares traded dropped from KSh 10.07 billion in April 2016 to KSh 9.72 billion in May 2016. Broad money supply (M3), a key indicator for monetary policy formulation rose from KSh 2,674.04 billion in April 2016 to KSh 2,703.49 billion in May 2016. Gross Foreign Exchange Reserves increased from KSh 991.42 billion in March 2016 to KSh 1,003.36 billion in April 2016. Net Foreign Exchange Reserves expanded from KSh 473.46 billion in March 2016 to KSh 492.02 billion in April 2016. Download Leading Economic Indicators May 2016…"
9,Nairobi County Marks World Environment Day with a Call to End Plastic Pollution
9,Turning waste into wealth; Nairobi County’s journey to transitioning to a circular economy
9,Restoring Nairobi’s Rivers in order to improve quality of life for residents and promote sustainable development
9,"Nairobi, July 2025

Nairobi’s transport system is set for a major shift as the County commences plans to transition from the high emission modes of transport to cleaner alternatives, with electric vehicle public charging infrastructure framework expected to shape the transformation."
9,"The Kenya National Bureau of Statistics on behalf of the Kenya Film Commission is carrying out a film industry satellite account survey (FISA 2022). The survey’s purpose is to collect data necessary for the development of film industry satellite accounts. Data from the survey will also be used to determine the contribution of the film industry to Kenya’s economy

The specific objective of FISA is to determine the economic contribution of Kenya’s film industry to the country’s Gross Domestic Product (GDP). In order to achieve this, FISA will establish a framework for estimating"
9,International women’s day celebrations
9,"Nairobi, 8th March 2025

As the County reaffirms its commitment to the advancement of women and girls rights, County Executive Committee Member for Inclusivity, Public participation and Customer Service Ms. Rosemary Kariuki Joined other women in commemorating international women’s day, at a forum themed “strengthening the voice of women and girls in Kenya.”"
9,"Your Excellency Hon. Uhuru Kenyatta, President, and Commander in Chief of the Defence Forces of Kenya;

Your Excellency the Deputy President, Hon. William Ruto;"
9,The African statistical community celebrates the A f r i c a n S t a t i s t i c s D a y with the objective of continuously raising awareness about the importance and use of statistics to support evidence-based decisions supporting socio-economic development in Africa. Read More
9,Visitors can use different convenient methods below to easily navigate through the city and its environs:
9,"Walking is the best way to get around the CBD. The distances are short, and the streets are well marked.

New infrastructure including foot and bicycle paths, footbridges, and digital traffic lights have made the city a calmer and more orderly place to move around."
9,Convenient Parking in the City
9,"To streamline and make parking in the city more convenient and friendly to motorists, the county has installed twenty booths all over the Central Business District (CBD) and Westlands from where the motorists can access and buy parking tickets.

Motorists can access and buy parking tickets. Motorists are further advised to make use of Seasonal Parking Tickets available at City Hall. Seasonal tickets are cheaper and time saving."
9,Airports
9,"Nairobi is connected by tarmacked roads to Kenya’s other major urban centres, such as Mombasa, Kisumu, Nakuru, Nyeri, Eldoret and among others. Nairobi Expressway Way has significantly reduced the time taken from Jomo Kenyatta International Airport to other parts of the city.

The City is currently undergoing major road constructions to update its infrastructure network. Most roads are well lit and surfaced with adequate signage."
9,"The Leading Economic Indicators highlights trends in Consumer Price Indices (CPI) and inflation, interest rates, exchange rates, international trade, agriculture, energy, manufacturing, building and construction, tourism and transport.

Consumer Price Index (CPI) increased from 162.97 points in November 2015 to 164.72 points in December 2015. The overall rate of inflation went up from 7.32 per cent to 8.01 per cent during the same period. In December 2015, the Kenyan Shilling appreciated against major currencies except the US Dollar, the Euro and the Japanese Yen."
9,Strategic Workshop Enhances Collaboration and Alignment of Sector Programs with County Development Goals
9,"The Leading Economic Indicators highlights trends in Consumer Price Indices (CPI) and inflation, interest rates, exchange rates, international trade, agriculture, energy, manufacturing, building and construction, tourism and transport.

Consumer Price Index (CPI) increased from 164.72 points in December 2015 to 165.37 points in January 2016. The overall rate of inflation declined from 8.01 per cent to 7.78 per cent during the same period. In January, 2016 the Kenyan Shilling appreciated against major currencies except the US Dollar and the Japanese Yen."
9,"The Leading Economic Indicators highlights trends in Consumer Price Indices (CPI) and inflation, interest rates, exchange rates, international trade, agriculture, energy, manufacturing, building and construction, tourism and transport. Consumer Price Index (CPI) expanded from 169.76 points in June 2016 to 170.84 points in July 2016. The overall rate of inflation increased from 5.80 per cent to 6.39 per cent during the same period. In July, 2016 the Kenyan Shilling appreciated against the Sterling Pound, the Euro and the Ugandan shilling while depreciating against the US Dollar, the Japanese Yen, the South African Rand and the Tanzanian shilling. The average yield rate for the 91-day Treasury bills, which is a benchmark for the general trend of interest rates, rose from 7.25 per cent in June 2016 to 7.41 per cent in July 2016 while the inter-bank rate rose to 5.50 in July 2016 from 4.87 per cent in June 2016. The Nairobi Securities Exchange (NSE) 20 share index contracted from 3,641 points in June 2016 to 3,489 points in July 2016, while the total number of shares traded decreased from 601 million shares to 544 million shares during the same period. The total value of NSE shares traded dropped from KSh 17.25 billion in June 2016 to KSh 13.61 billion in July 2016. Broad money supply (M3), a key indicator for monetary policy formulation dropped from KSh 2,754.14 billion in June 2016 to KSh 2,705.19 billion in July 2016.Gross Foreign Exchange Reserves declined from KSh 1,055.01 billion in June 2016 to KSh 1,053.86 billion in July 2016. Net Foreign Exchange Reserves expanded from KSh 560.34 billion in June 2016 to KSh 563.12 billion in July 2016. Download Leading Economic Indicators July 2016"
9,"Mombasa, 3rd April 2025

The Inclusivity, Public Participation, and Customer Service Sector Working Group (SWG) held a strategic workshop to align sector programs with the Governor’s manifesto and County Plans."
9,"Nairobi County Chief Officer for Digital Economy and Startups, Victor Otieno, Champions Innovation at French Tech Week Award Ceremony"
9,Governor Sakaja Announces 30-Day Penalty Waiver for Residents to Settle Outstanding Rates and Boost County Revenue; Promises Support for Sub County Administrators and Infrastructure Upgrades
9,"Monday, 20th November 2023-

The Nairobi City County Governor, H.E. Johnson Sakaja, has announced a 30-day penalty waiver to encourage Nairobi residents to clear outstanding rates and boost County revenue collection before enforcement measures are implemented."
9,Good news for Food systems as Nairobi County Assembly Agriculture Committee Members sensitized on the National Agricultural Value Chain Development Project
9,"1st, November 2024

Nairobi City County Assembly Agriculture Committee Members were sensitized on the Safer Urban Food Systems pilot component that is being implemented in Nairobi through National Agricultural Value Chain Development Project (NAVCDP), in order to make them better understand their role in the implementation of the pilot project."
9,Validation Workshop for Nairobi City County Community Development Policy
9,Kenya International Theatre Festival KITFest Kicks off.
9,"Nairobi,5th November 2024

County Executive Committee Member in charge of Inclusivity, Public participation and Customer Service Ms. Rosemary Kariuki today led the City Culture, Arts and Tourism sub-sector in flagging off the ninth edition of the Kenya International Theatre Festival (KITFest), which provides a platform for Creatives to showcase their outstanding performances and productions, while promoting diverse cultural practices and inclusion girdled by the rich local art, travel and tourism."
9,Call For Abstracts 3 Days to Go!
9,Nairobi City County to upgrade Kahawa Garrison Vocational Center to a modern learning Facility
9,Statement on the Operations of Uhuru Park
9,Nairobi county celebrates international day of the girl child 2024 themed “girls’ vision for the future”.
9,Charles Kerich Appoints Tiras Njoroge as Receiver of Revenue for Nairobi City County for FY 2024/25
9,Ward Development Program holds workshop to refine WDP 2025/2026 budget estimates and enhance project accountability
9,"Naivasha, 6th November 2024

Ward Development Program directorate led by its CEO, Engineer Eston Kimathi, commenced a five-day Technical Working Group (TWG) workshop aimed at deliberating on the WDP budget estimates for the upcoming 2025/2026 fiscal year."
9,Call For Abstracts 1 Day to Go!
9,Nairobi County Revenue Administration strengthens strategies for optimized revenue collection
9,Governor Sakaja Calls for Modernization of Democratic Institutions to Empower Youth
9,World Food Day: Nairobi County Donates Food to Support Vulnerable Children
9,Empowering Inclusivity: Nairobi City County Trains 70 Officials on Disability Awareness and Advocacy
9,"Nairobi, 25th October 2024.

Nairobi City County’s Gender and Inclusivity Sub sector, in collaboration with Light for the World, and the United Disabled Persons of Kenya (UDPK), conducted a two-day training for 70 County officials on Inclusivity and Empowerment for Persons with Disabilities(PWDs)."
9,Building Bridges: Nairobi City County’s Visionary Refugee Integration and Community Building Strategy
9,"Nairobi 7th December 2023

Nairobi City County Executive for Talents, Skills Development and Care Ms. Rosemary Kariuki together with her counterpart County Executive for Inclusivity Public Participation and Customer Service Dr. Anastasia Nyalita attended a breakfast meeting to discuss Nairobi County Refugee Integration and Community building Strategy."
9,"Innovative Solutions for Agricultural Resilience: Nairobi City County’s Food, Agriculture, and Natural Resources Exhibition at ACAT 2023"
9,"Nairobi,31st October 2023

Nairobi City County’s Food, Agriculture and Natural Resources Demonstration stand at the ongoing African Conference on Agricultural Technologies (ACAT) 2023, at Safari Park Hotel- Nairobi."
9,"Kenya National Bureau of Statistics (KNBS) in collaboration with Central Bank of Kenya (CBK) Kenya Investment Authority (KenInvest) has launched the 2016 Foreign Investment Survey. The launch was graced by Planning and Statistics PS Saitoti Torome who delivered a speech on behalf of Devolution and Planning CS Mwangi Kiunjuri, CBK Governor Dr. Patrick Njoroge, KNBS Director General Zachary Mwangi, among other dignitaries.

The survey which will be carried for three months captures comprehensive information on transactions in cross border assets and liabilities."
9,Inauguration of the liquor board and subcounty committee members.
9,"Nairobi 31 March 2023

Nairobi City County Deputy Governor H.E Njoroge Muchiri accompanied by County Secretary Jairus Musumba, CECM For Business and hustler opportunity Ms. Rosemary Kariuki and the Sector Chief Officer Ms. Zipporah Mwangi today officiated the inauguration of appointed members to the Nairobi City County Alcoholic Drinks Control and Licensing Board and Sub County Liquor Licensing Committee. Deputy Governor H.E Njoroge Muchiri"
9,"At least 25,000 Kenyans to take part in Standard Chartered Nairobi Marathon 2022"
9,"Nairobi, 4th March 2023 Nairobi City County Governor H.E Sakaja Johnson has today launched bursaries worth Ksh.1.025 billion to needy but bright students in the City.

The event that took place at the City Stadium (Joe Kadenge ) in Makadara Sub County was spearheaded by the Talents, Skills Development, and Care Sector County Executive, Mr. Brian Mulama."
9,Nairobi County- a key partner in Hosting the Standard Chartered Marathon event for the last 18 years
9,We all have a responsibility to make Nairobi work- Says Sakaja as he met Multi sectoral teams at City hall
9,"Nairobi, 14th November, 2022

This morning Nairobi Governor Sakaja Johnson met the multi sectoral team that secured the four footbridges (Muthurwa, Wakulima, Haile Sellasie Retail market Muthurwa – Country Bus muthurwa and Burma- Jogoo road foot) in Starehe sub-County yesterday."
9,OXFAM SUPPORTS NAIROBI CITY COUNTY FOOD AND AGRICULTURE SECTOR WORKING GROUP IN FORMULATING THE THIRD CIDP
9,"Nairobi,16th November 2022

Nairobi City County Food and Agriculture Sector Working Group Members (SWG) yesterday concluded a two day workshop held to deliberate and formulate inputs of 2023 – 2027 County Integrated Development Plan (CIDP) at Hilton Hotel."
9,TRAFFIC VICTIMS HONORED AND REMEMBERED AS SAKAJA FLAGS OFF THE ANNUAL GRAND NAIROBI BIKE RACE
9,"Nairobi, 20th November, 2022

This morning Nairobi City County Governor, Sakaja Johnson flagged off the Annual grand Nairobi bike race as well as celebrating “World day of remembrance for road and traffic crash victims.”"
9,Transformation Ahead: Nairobi City Secures $60M for Urban Connectivity and Economic Growth Boost
9,"Nairobi, 5th October 2023

Nairobi City is set to benefit from a $60M to improve urban connectivity and promote economic growth in Kenya, Governor Sakaja Johnson said when he opened a two-day meeting with the County leadership."
9,Governor Sakaja swears in CECMs
9,"Nairobi, 8th December, 2022

Nairobi City County’s new Executive Committee Members have today been sworn in at City Hall witnessed by Governor Sakaja Johnson."
9,Nairobi City County Executive and IRC Collaborate with Kampala City Council for Global Refugee Forum 2023 Pledges
9,"Nairobi: Thursday 26th October,2023

County Executive for Talent, Skills Development and Care, Ms. Rosemary Kariuki in Collaboration with the Country Director International Rescue Committee (IRC) Mr. Mohammed Montassir held discussions with Kampala City Council delegation led by the Lord Mayor Erias Lukwago. The discussions were centered around the consolidation of the new pledges to be presented in the upcoming Global Refugee Forum (GRF) in Geneva, Switzerland in December 2023."
9,Nairobi County Finance Sector Takes Strategic Steps: Workshop Focuses on Prudent Management of County Assets and Liabilities
9,"Nairobi ,Friday 27th October 2023

Nairobi County Finance and Economic Planning Sector held a one-day workshop for internal stakeholders on county asset management policy and guidelines at Weston Hotel."
9,County set to launch biometric system ID cards to weed out imposters
9,"Nairobi, 22nd November, 2022

Nairobi City County is set to launch a new biometric system ID cards that will clearly identify employees of Nairobi County and weed out imposters who have terrorized Nairobi residents for long."
9,Nairobi city county donates foodstuffs to Kayole girl’s rehabilitation Centre.
9,"Nairobi 17th October, 2023

Nairobi City County’s Food, Agriculture & Natural Resources Sub-Sector has yesterday donated foodstuffs to Kayole Girls Rehabilitation Centre, to mark this Year’s World Food Day celebrations."
9,"NAIROBI: 17th FEBRUARY 2024

Safaricom Chapa Dimba is a prestigious national football tournament focused on giving youth aged 16-20 the opportunity to showcase and nurture their talent. Since its launch in April 2023, Season 4 has successfully involved over 55,000 young participants from across the country. Having conducted events in six regions to date the Nairobi Regional Finals marks a significant step towards the National Finals in April 2024."
9,"Nairobi, 21st November, 2023

Nairobi County Chief Officer for Digital Economy and Startups, Victor Otieno attended the KPMG Private Enterprise Speed Pitching Event at the KPMG Private Enterprise Mixer moderated by Sandeep Main, Tax Partner & Head of Private Enterprise KPMG East Africa."
9,MUFPP MONITORING FRAMEWORK PILOT CITIES PROJECT
9,"Nairobi, 4th November 2022

Nairobi City County Environmental Compliance and Monitoring Unit today arrested Ruai Quick Mart Supermarket manager Mr. Nicholas Kinyua Kariuki for illegal waste dumping."
9,Nairobi City County hosts C40 Cities Food Systems Network workshop
9,"Nairobi, 19th June 2025

Nairobi City County played host to the 3rd Food Systems Network, bringing together cities across Africa, Latin America and Asia who are working on finalizing the development of a pathway towards good food cities."
9,"Nairobi :Wednesday, 01 November 2023 Nairobi City County is set to hire 114 drivers and 80 plant operators to bring efficiency in the County and replace the ageing staff in the Mobility and works sector.

Over 250 shortlisted drivers and plant operators shortlisted last month attended the interviews held yesterday, Tuesday 31 October, by the Nairobi City County at the Joe Kadenge Stadium with the Nairobi City County Public Service Board (NCCPSB). Over 15,000 people had applied for these positions which are crucial in running the operations of the county including road construction."
9,"Nairobi City County Launches Ambitious Market Revenue Mobilization Plan, Aiming to Triple Revenue from Ksh.81.557M to Kshs. 266.5M in 90 Days"
9,"Nairobi:Wednesday,1st November,2023

Nairobi City County Business and Hustler Opportunities Sector’s Markets Sub Sector has as part of its Rapid Results Initiative (RRI), forged the way forward on Market Revenue Mobilization which is aimed at increasing revenue from Baseline Ksh.81.557M to Kshs. 266.5M in the next 90 days."
8,Newsletter Signup Block
8,"Copyright © 2025 | Government Press | All Rights Reserved

Accessibility Tools"
8,-5.67%
8,Various facts and figures about Kenya at a glance
8,"54,227,015"
8,Population projection as of mid-2026.
8,GDP Growth
8,5.3%
8,Q1 2026 Quarterly GDP
8,Inflation Rate (CPI)
8,6.4%
8,"Per cent Inflation, in June 2026."
8,Poverty Rate
8,39.8%
8,2022 Overall Poverty Headcount Rate.
8,BOP
8,KSh -120.9B
8,"BOP – Current Account Balance, Quarter 1, 2026."
8,Inflation Rate (PPI)
8,"Producer Price Index, First quarter, 2025."
8,Kenya’s population record
8,Gender Distribution
8,Total Households
8,Trade Statistics
8,Trade
8,Imports
8,Exchange rates and the Kenyan shilling’s performance.
8,Performance of the Tourism industry
8,"The total population of Kenya in 2019 split between males (23,548,100) and females (24,014,700), highlighting the gender composition of the population."
8,Population Density
8,The population density of Kenya in 2019 was of 82 people per square kilometer reveals how densely or sparsely populated different regions of the country are.
8,"As of 2019, there was a total of 12,143,900 households, and the average household size was 3.9 people."
8,The volume of trade declined from KSh 333.8 billion in February 2024 to KSh 306.2 billion in March 2024.
8,Export
8,The total export value decreased from KSh 107.4 billion in February to KSh 97.9 billion in March 2024.
8,The total import value decreased from KSh 226.4 billion in February 2024 to KSh 208.2 in March.
8,"The volume of exported cut flowers decreased from 12,841.9 MT in November 2023 to 4,684.6 MT in December 2023, accompanied by a corresponding decrease in value from KSh 9.5 billion to KSh 3.2 billion."
8,Producer Price Indices track changes in the prices received by producers for their output and can indicate potential future changes in consumer prices.
8,County Services / Departments
8,Governor’s Welcome Note
8,"Green Nairobi (Environment, Water, Food and Agriculture)"
8,Latest Updates
8,Find a Studio Mashinani near you
8,Access free WiFi near you
8,Mechanism of resolving disputes in any other form other than through the court process.
8,Signing of USD 311 million (KES 40.4 billion) KETRACO project
8,The launch of Public Sector Hearings on the Proposed FY 2026/27 and Medium Term Budget
8,Launch of Rironi Mau summit Road
8,Kenya Citizens
8,Latest News and Articles
8,A person not native to or naturalized in the country or jurisdiction under consideration.
8,The Diplomatic Corps is the collective body of foreign diplomats accredited to a particular country or body.
8,Investment opportunities in Kenya.
8,Services offered to Kenya Citizens travelling or living abroad.
8,"Services offered to the Diplomatic Corps travelling, living or working in Kenya."
8,Services offered to Foreign nationals in and outside Kenya.
8,Trade and investment opportunities available in Kenya.
8,"King Willem-Alexander and Queen Máxima paid a state visit to Kenya with a broad delegation in March 2025. Part of this visit included a roundtable with leading Dutch companies operating in Kenya. Agrico, with its joint venture Agrico PSA, was a prominent participant."
8,"Kenya's Gold team from Citizen TV Kenya explored our certified seed potato farm in Nakuru, Kenya, this week. Click the link below to watch the highlight of their visit, showcasing our commitment to quality and excellence in providing high quality certified seed potato"
8,Distribution agreement Tanzania
8,"At this year’s varieties show, along with its subsidiary Agrico PSA, Agrico took a further step towards continued growth in East Africa. By signing the distribution agreement with Fraxen Consult Ltd, our seed potatoes will be exported to small-scale farmers in Tanzania later this year."
8,"Boroughs administration and coordination (BA&C) Draft Policy, 2026"
8,Membership Drive Report
8,Structural Requirements;
8,PROCEDURE FOR LICENSING A BONDED WAREHOUSE
8,-Provide adequate space for the storage of the goods
8,6. Handling Capacity
8,-Provide loading and offloading facilities
8,7. Office Accommodation
8,"PRESS RELEASE 16/09/2019

Did you find this content useful?"
8,"KRA Western Regional Coordinator, Mercy Njuguna"
8,Suspect arraigned in court for smuggling ethanol worth Kshs 12 Million
8,"PRESS RELEASE 17/04/2020

Did you find this content useful?"
8,"BLOG 22/09/2025

KRA Intercepts Undeclared Smartphones Worth Over Ksh 16 Million at Eldoret International Airport"
8,Public Participation on 2025 Medium Term Debt Management Strategy (MTDS) in Mombasa County.
8,Nyanza International Investment Conference (NIIC) resource mobilization meeting.
8,"Public Participation of the Draft National Policy on Virtual Assets and Virtual Asset Service Providers: and the Virtual Assets Service Providers Bill, 2024 in Machakos County."
8,"Public Participation of the Draft National Policy on Virtual Assets and Virtual Asset Service Providers: and the Virtual Assets Service Providers Bill, 2024 in Kisumu County."
8,Public Participation on 2025 Medium Term Debt Management Strategy (MTDS) in Isiolo County
8,Public Participation on 2025 Medium Term Debt Management Strategy (MTDS) in Kisumu County.
8,Public Participation on 2025 Medium Term Debt Management Strategy (MTDS) in Uasin Gishu County.
8,Public Participation on 2025 Medium Term Debt Management Strategy (MTDS) in Machakos County.
8,Kenya secures stronger trade and investment ties with China in High-Level Talks.
8,Low Revenue Collection is Impeding Local Development
8,"BLOG 30/01/2020

Did you find this content useful?"
8,"BLOG 14/12/2018

Did you find this content useful?"
8,"BLOG 26/07/2019

Did you find this content useful?"
8,"As you can see, this achieves a perfect alignment of interests between the clients, on a side, and the company on the other side.

Each single investor is a unit with personal financial goals and a financial liquidity that are different because are closely personal and ever-evolving."
8,"BLOG 27/01/2021

Did you find this content useful?"
8,"This process is quite seamless and one of the simplest in the iTax system.

By Margaret Gachina"
8,Implications of The Finance Act 2021 on Digital Service Tax (DST).
8,"June 29th 2021, marked the signing of the Finance Act 2021 by President Uhuru Kenyatta with gazettement following shortly after on 1st July 2021.

Introduction of Digital Service Tax in Kenya"
8,"BLOG 04/04/2022

Did you find this content useful?"
8,"Jeremiah Mwangi is a modern potato trader buying and selling Markies & Destiny potatoes. He visits smallholders in a region and buys the potatoes from their various farms in the fields. Once he has a full truck load, the potatoes are supplied to various medium sized processors in and around Nairobi."
8,"Njoro Canning Factory, another potato processor who loves Markies"
8,"BLOG 25/05/2022

Did you find this content useful?"
8,Coordinated Border Management at the core of Regional Trade Facilitation
8,"Kenya has thirty-five points of entry and exit, commonly known as borders and share with five countries; Ethiopia, Uganda, Somalia, Tanzania, South Sudan and International waters (Indian Ocean). These points are categorized into three; land borders, maritime borders and air borders.

In the recent years, Kenya has adapted a coordinated border approach by border agencies which is geared towards enhancing service delivery in the context of seeking greater efficiencies over managing trade and travel flows, while maintaining a balance with compliance requirements with their individual legal mandate."
8,The 50-Year View
8,"Looking back, I see you — clumsy, determined, sometimes terrified — and I want to tell you this: you were never moving alone. Every nudge, challenge, and unexpected kindness shaped you.

Courage wasn’t about being fearless; it was about acting while fear sat in your pocket. Mastery didn’t come from chasing everything — it came from staying long enough to know something deeply. You failed, adapted, forgave, and tried again. That persistence became your quiet superpower."
8,Agrico PSA importantparticipant during King and Queen visit to Kenya
8,"King Willem-Alexander and Queen Máxima paid a state visit to Kenya with a broad delegation in March 2025. Part of this visit included a roundtable with leading Dutch companies operating in Kenya. Agrico, with its joint venture Agrico PSA, was a prominent participant.

Kenya is an important country in Africa for the Netherlands. Diplomatic ties have been ongoing for more than 60 years. The Netherlands is the largest European importer of goods from Kenya and the Netherlands is among the top five investors in the East African country."
8,SPEECH BY THE KRA BOARD CHAIR DURING THE TAXPAYER?S DAY
8,"H.E. Hon. Uhuru Kenyatta, President of the Republic of Kenya, and Commander in Chief of the Kenya Defense Forces.

Cabinet Secretaries Present."
8,SPEECH BY COMMISSIONER GENERAL DURING THE 2023 INTERNATIONAL CUSTOMS DAY
8,"Invited Guests,

Colleagues,"
8,"BLOG 17/08/2020

FILING YOUR TAX RETURNS HAS NEVER BEEN EASIER"
8,"BLOG 12/03/2021

Tax implications on Cross Border Transactions"
8,"BLOG 14/12/2018

KRA scales efforts to gain counties support ahead of Presumptive Tax implementation"
8,"BLOG 30/11/2020

Taxation of Dividends"
8,"BLOG 12/08/2021

Implications of The Finance Act 2021 on Digital Service Tax (DST)."
8,"BLOG 21/06/2022

Understanding Individual Income Tax"
8,"BLOG 27/04/2022

Do you Know your Tax Obligation?"
8,"BLOG 14/12/2021

Understanding Turnover Tax"
8,"PRESS RELEASE 01/07/2019

Condolences on the Passing of Bob Collymore"
8,"PRESS RELEASE 24/05/2019

KRA Executive Appointments"
8,"PRESS RELEASE 15/11/2019

EGMS Implementation Phase Two-Water, Soft Drinks and Cosmetics"
8,"BLOG 26/10/2020

Withholding Tax on Rental Income"
8,"BLOG 27/01/2021

Demystifying Digital Services Tax"
8,THE 3RD NAIROBI HEALTH SCIENTIFIC CONFERENCE 2026
8,WELCOME TO THE 3RD NAIROBI HEALTH SCIENTIFIC CONFERENCE 2026
8,"THEME:One Health in Action: Building Resilient, Climate-Smart and Equitable Health Systems for Universal Health Coverage"
8,"Date: 18th to 20th November 2026Venue: Emara Ole Sereni – Nairobi

This conference is organized by the Nairobi County Health Sector in collaboration with local and international academic partners."
8,CONFERENCE CONCEPT NOTE
8,DELEGATES REGISTRATION FEES
8,SPONSORSHIP PACKAGES
8,SUB THEMES AND TRACKS
8,HEALTH SCIENTIFIC COMMITTEE MEMBERSHIP
8,"Steering committee

Budget and Partnerships and Resource Mobilization Sub-committee"
8,AUTHOR AND ABSTRACT SUBMISSION GUIDELINES
8,"KEY DATES:

How to submit your abstract – You will need to create a CMT Account before you can submit your abstract"
8,Email: info@nairobihealthconference.co.ke
8,Strategic Objectives
8,The sector deals with the following functions in the Three sub sectors:-
8,"Public engagement, Citizen engagement, and Customer service sub sector Functions-"
8,PICTORIALS FROM THE 38TH ORDINARY ASSEMBLY OF THE AFRICAN UNION
8,Opening Ceremony of the 46th Ordinary Session of the Executive Council
8,"Once the document is received from origination, it can be printed as:"
8,"Clarification of the Article in the Standard Newspaper Dated Tuesday 27th June 2017 in Today Business Section

Reference is hereby made to the Article that discusses Poverty estimates presented in the KNBS Report Entitled “Spatial Dimensions of Well-Being in Kenya: Where Are the Poor?”"
8,"After the pre-bid conference that took place on Wednesday 28th March, 2018 at Real Towers- Upper hill area Nairobi, KNBS wishes to extend the tender closing and opening date to enable give interested tenderers adequate time to respond to concerns raised during the pre-bid conference. Eligible Tenderers are therefore requested to obtain further information and download the respective addendums from the KNBS website; www.knbs.or.ke under “Tenders” portal. Further, submission deadline for all the tenders has been extended to 13th April, 2018 at 10:00am instead of 3rd April, 2018 as previously stated.

NB: Kindly note that other information in the tender document remains the same. Proposed drawings will be uploaded in the website together with the respective addendums."
8,Revised Catalogue Dec2021
8,Citizen Service Delivery Charter Bronchure
8,Government Press Service Delivery Charter (English)
8,"Vol. CXXIII—No. 222 NAIROBI, 29th October, 2021"
8,"Citizen’s Service Delivery Charter

Service Rendered"
8,Other Issues
8,Our Client
8,"Kenya National Bureau of Statistics hereby releases Consumer Price Indices (CPI) and inflation rates for July 2014. These numbers have been generated using data collected during the second and third weeks of the month under review. The prices were obtained from selected retail outlets in 25 data collection zones located in 13 urban centers.

The CPI increased by 0.46 per cent from 149.91 in June 2014 to 150.60 in July 2014. The overall inflation rate stood at 7.67 per cent in July 2014 up from 7.39 per cent in June 2014.Download full report…"
8,Vacancy
8,Check back soon.
8,High-Level EAC Event on “Financial Sector Development in EAC: Overcoming Barriers
8,The Finance and Economic Planning affairs is responsible for the following functions:-
8,Finance Sub sector functions: –
8,Revenue Administration Sub sector functions: –
8,Economic Planning Sub Sector Functions: –
8,"Physical Location: City Hall, 4th Floor. Telephone: +254 20 – 217 7265"
8,"Where the estate of the deceased is required to meet tax obligations, a PIN shall be issued upon submission of the following documents:"
8,"The Nairobi City County Public Participation Act,2015"
8,"The Nairobi City County Public Participation Act,2015

General Inquiries"
8,Public Primary Schools
8,"Public Primary Schools

General Inquiries"
8,NAIROBI CITY COUNTY Community Health Services Implementation Plan 2023 – 2027
8,"NAIROBI CITY COUNTY Community Health Services Implementation Plan 2023 – 2027

General Inquiries"
8,COUNTY FISCAL STRATEGY PAPER 2022- Public participation Draft
8,NAIROBI CITY COUNTY Community Health Services Investment Case 2023
8,"NAIROBI CITY COUNTY Community Health Services Investment Case 2023

General Inquiries"
8,NAIROBI CITY COUNTY COMMUNITY HEALTH SERVICES INVESTMENT CASE 2023
8,"NAIROBI CITY COUNTY COMMUNITY HEALTH SERVICES INVESTMENT CASE 2023

General Inquiries"
8,CIDP 2023-2027 PUBLIC PARTICIPATION DRAFT
8,NAIROBI CITY COUNTY DRAFT FISCAL STRATEGY PAPER 2024-( CFSP 2024-Public Participation Draft)
8,"NAIROBI CITY COUNTY DRAFT FISCAL STRATEGY PAPER 2024-( CFSP 2024-Public Participation Draft)

General Inquiries"
8,NAIROBI CITY COUNTY DRAFT FISCAL STRATEGY PAPER 2024-( CFSP 2024-Public Participation Draft-Condensed Version)
8,"NAIROBI CITY COUNTY DRAFT FISCAL STRATEGY PAPER 2024-( CFSP 2024-Public Participation Draft- Condensed Version)

General Inquiries"
8,Nairobi City County Fiscal Strategy Paper 2026 – Public Participation Draft
8,Nairobi City County Fiscal Strategy Paper 2026 - Public Participation Draft
8,Mental Health Strategic Action Plan 2025 – 2030
8,Mental Health Strategic Action Plan 2025 - 2030
8,"Mental Health Strategic Action Plan 2025 - 2030

General Inquiries"
8,County Fiscal Strategy Paper(CFSP) 2026 Summarized English version-For Public participation
8,COUNTY BUDGET REVIEW AND OUTLOOK PAPER 2020
8,SUPPLEMENTARY BUDGET (PBB AND ITEMISED BUDGET) 2020/21
8,PROGRAM BASED AND ITEMISED BUDGET – 2021/22
8,PROGRAM BASED AND ITEMIZED BUDGET 2020/21
8,APPROVED PROGRAM BASED BUDGET 2019/2020
8,SUPPLEMENTARY II BUDGET 2020/2021
8,CITIZEN BUDGET FOR THE FY 2021-2022 NAIROBI CITY COUNTY
8,COUNTY BUDGET REVIEW AND OUTLOOK PAPER (CBROP): SEPTEMBER 2021
8,NAIROBI CITY COUNTY PROGRAMME BASED AND ITEMIZED BUDGET 2021/22- CERTIFIED
8,CIRCULAR NO.1/2021- GUIDELINES FOR THE PREPARATION OF THE MEDIUM TERM EXPENDITURE FRAMEWORK (MTEF) BUDGET FOR THE PERIOD 2022/23– 2024/2025
8,"NAIROBI CITY COUNTY PROGRAMME BASED AND ITEMIZED BUDGET 2021/22- 30TH APRIL ,2021"
8,NAIROBI CITY COUNTY PROGRAM BASED AND ITEMISED BUDGET FY 2022/23
8,NAIROBI CITY COUNTY CIRCULAR NO.1/2020 – GUIDELINES FOR THE PREPARATION OF THE MEDIUM TERM EXPENDITURE FRAMEWORK (MTEF) BUDGET FOR THE PERIOD 2021/22– 2023/2024
8,Nairobi City County Climate Action Plan 2020-2050
8,COUNTY BUDGET REVIEW AND OUTLOOK PAPER (CBROP):SEPTEMBER 2022
8,Nairobi school feeding program
8,NAIROBI CITY COUNTY REVISED PROGRAM BASED AND ITEMIZED BUDGET 2022-2023 (certification January 2023)
8,NAIROBI CITY COUNTY REVISED PROGRAM BASED AND ITEMIZED BUDGET 2022-2023 (certification November 2022)
8,NAIROBI CITY COUNTY REVISED BUDGET II – FY 2021/22
8,"NAIROBI CITY COUNTY REVISED BUDGET II - FY 2021/22

General Inquiries"
8,CIRCULAR NO 2/2023-FINALIZATION OF THE FY 2023/2024 BUDGET ESTIMATES & THE MEDIUM TERM
8,"CIRCULAR NO 2/2023 6TH MARCH 2023 TO: ALL COUNTY EXECUTIVE COMMITTEE MEMBERS ALL ACCOUNTING OFFICERS RE: FINALIZATION OF THE FY 2023/2024 BUDGET ESTIMATES & THE MEDIUM TERM

General Inquiries"
8,NAIROBI CITY COUNTY 2022/23 REVISED II PROGRAM BASED AND ITEMISED BUDGET
8,NAIROBI CITY COUNTY 2023/2024 PROGRAM BASED AND ITEMISED BUDGET
8,Nairobi City County –Programme based and Itemized budget 2023/2024
8,"Nairobi City County –Programme based and Itemized budget 2023/2024

General Inquiries"
8,Guidelines For The Preparation Of The Medium-Term Expenditure Framework (MTEF) Budget For The Period 2024/25 And The Medium-Term Budget- Circular No 5/2023
8,"CIRCULAR NO. 5/2023 GUIDELINES FOR THE PREPARATION OF THE MEDIUM-TERM EXPENDITURE FRAMEWORK (MTEF) BUDGET FOR THE PERIOD 2024/25 AND THE MEDIUM-TERM BUDGET

General Inquiries"
8,NAIROBI CITY COUNTY BUDGET REVIEW AND OUTLOOK PAPER- SEPTEMBER 2023
8,"NAIROBI CITY COUNTY BUDGET REVIEW AND OUTLOOK PAPER SEPTEMBER 2023

General Inquiries"
8,Nairobi City County Program Based Budget 2024/2025 (Draft)
8,"Nairobi City County Program Based Budget 2024/2025 (Draft)

General Inquiries"
8,Nairobi City County Program Based And Itemized Supplementary Budget FY 2023/2024
8,"Nairobi City County Program Based And Itemized Supplementary Budget FY 2023/2024

General Inquiries"
8,Nairobi City County Revenue And Expenditure Estimates 2024/2025
8,"Nairobi City County Revenue And Expenditure Estimates 2024/2025

General Inquiries"
8,Circular No 2/2024 Finalization of the FY 2024/2025 Budget estimates and the Medium Term
8,"Circular No 2/2024 Finalization of the FY 2024/2025 Budget estimates and the Medium Term

General Inquiries"
8,Nairobi City County Citizen budget 2024/2025
8,"Nairobi City County Citizen budget 2024/2025

General Inquiries"
8,Mobility And Works Sector: Medium-Term Expenditure Framework (Mtef) Budget For The Period 2024/25 And The Medium- Term Budget
8,"Mobility And Works Sector: Medium-Term Expenditure Framework (Mtef) Budget For The Period 2024/25 And The Medium- Term Budget

General Inquiries"
8,"THE NAIROBI CITY COUNTY AGRICULTURE SECTOR COORDINATION MECHANISM BILL, 2024"
8,"THE NAIROBI CITY COUNTY AGRICULTURE SECTOR COORDINATION MECHANISM BILL, 2024

General Inquiries"
8,NAIROBI CITY COUNTY PROGRAM BASED AND ITEMISED BUDGET 2024/2025
8,"NAIROBI CITY COUNTY PROGRAM BASED AND ITEMISED BUDGET 2024/2025

General Inquiries"
8,Circular No. 5/2024 Guidelines for the preparation of the medium -term expenditure framework (MTEF) Budget for the period 2025/26 -2027/228
8,"Circular No. 5/2024

Guidelines for the preparation of the medium -term expenditure framework (MTEF) Budget for the period 2025/26 -2027/228"
8,COUNTY ANNUAL DEVELOPMENT PLAN (CADP) 2025/2026 Submitted to county Assembly
8,"COUNTY ANNUAL DEVELOPMENT PLAN (CADP) 2025/2026 Submitted to county Assembly

General Inquiries"
8,Nairobi City County Budget Review and Outlook Paper (CBROP)Sept 2024
8,"Nairobi City County Budget Review and Outlook Paper Sept 2024 (CBROP)

General Inquiries"
8,FINAL ITEMIZED BUDGET FY 2018/2019 NAIROBI CITY COUNTY
8,NAIROBI CITY COUNTY 2024/2025 REVISED BUDGET (SUPPLEMENTARY I)
8,"NAIROBI CITY COUNTY 2024/2025 REVISED BUDGET (SUPPLEMENTARY I)

General Inquiries"
8,NAIROBI CITY COUNTY PROGRAM BASED AND ITEMISED BUDGET 2025/26 FY
8,"NAIROBI CITY COUNTY PROGRAM BASED AND ITEMISED BUDGET 2025/26 FY

General Inquiries"
8,"Nairobi City County Transport Act, 2020 Regulations -(Draft)"
8,"Nairobi City County Transport Act, 2020 Regulations -( Draft)

General Inquiries"
8,Circular No 1/2025: Finalization of the FY 2025/2026 Budget Estimates and The Medium Term
8,"Circular No 1/2025: Finalization of the FY 2025/2026 Budget Estimates and The Medium Term

General Inquiries"
8,NAIROBI CITY COUNTY REVISED BUDGET 2024/2025 FY (supplementary II)
8,"NAIROBI CITY COUNTY REVISED BUDGET 2024/2025 FY (supplementary II)

General Inquiries"
8,COUNTY BUDGET REVIEW & OUTLOOK PAPER 2019
8,Strategic Integrated Development Action Plans for Konza-Kenol-Kangundo-Tala-Komarock-Ruai-Eastern By–Pass Transport Corridor. (2019-2029)
8,"Strategic Integrated Development Action Plans for Konza-Kenol-Kangundo-Tala-Komarock-Ruai-Eastern By–Pass Transport Corridor. (2019-2029)

General Inquiries"
8,NAIROBI CITY COUNTY PROGRAM BASED AND ITEMISED BUDGET 2025 – 2026 FY
8,NAIROBI CITY COUNTY PROGRAM BASED AND ITEMISED BUDGET 2025 - 2026 FY
8,"NAIROBI CITY COUNTY PROGRAM BASED AND ITEMISED BUDGET 2025 - 2026 FY

General Inquiries"
8,NAIROBI CITY COUNTY PROGRAM BASED AND ITEMIZED ANNUAL BUDGET ESTIMATES FOR FY 2025-2026 (CERTIFIED)
8,"NAIROBI CITY COUNTY PROGRAM BASED AND ITEMIZED ANNUAL BUDGET ESTIMATES FOR FY 2025-2026 (CERTIFIED)

General Inquiries"
8,Circular No 4-2025 Guidelines for preparation of the Medium -Term Expenditure Framework (MTEF) Budget For the Period 2026-2027 to 2028-2029
8,NAIROBI CITY COUNTY REVENUE PERFORMANCE FY 2023-2024
8,NAIROBI CITY COUNTY REVENUE PERFORMANCE FY 2024-2025
8,Short Listed Candidates for Posts in Nairobi City County
8,Nairobi City County Budget Review And Outlook Paper (CBROP) 2025
8,"Nairobi City County Budget Review And Outlook Paper (CBROP) 2025

General Inquiries"
8,HEALTH WELLNESS AND NUTRITION SECTOR
8,"TALENTS, SKILLS DEVELOPMENT AND CARE SECTORList of public primary schools in the county"
8,"List of NCC health facilities

This sector is responsible for policy formulation and leadership in the following areas;"
8,INOVATION AND DIGITAL ECONOMY SECTOR
8,"NAIROBI COUNTY REVENUE ADMINISTRATION ACT, 2021

General Inquiries"
8,Circular No 1/2026 Finalization of the FY 2026/2027 Budget Estimates & The medium Term
8,Nairobi City County Program Based Budget (Budget Estimates) 2026/2027 FY
8,NAIROBI CITY COUNTY 2026/27 FY CITIZEN BUDGET (Simplified version)
8,"NAIROBI CITY COUNTY 2026/27 FY CITIZEN BUDGET (Simplified version)

General Inquiries"
8,Our Mandate
8,"The Tribunal adjudicates disputes emanating from the decisions of the Competition Authority of Kenya (CAK).

The disputes may arise from the following areas:"
8,"Restrictive Agreements, Practices and Decisions"
8,Control of Unwarranted Concentration of Economic Power
8,Mergers and Acquisitions
8,Means the existence of close directorship between two distinct undertakings or companies producing substantially similar goods or services and whose combined market share is more than 40 per cent.
8,Restrictive Trade Practices Applicable to Trade Associations
8,A restrictive trade practice can be exempted if the benefit accruing to the public outweighs the lessening of competition.
8,"The results presented in this report pertain to uptake of ICTs in relation to demographic and social characteristics based on the 2022 Kenya Demographic and Health Survey (KDHS). This was a household-based survey that majorly contained questions on demographic and health characteristics of the population as well as those on ownership of ICT devices such as radio, television, mobile phone and usage of internet and ICT services. The report also provides statistics on newspaper and magazines readership, as another channel through which information is shared with intended audience."
8,#PensionerSelfRegistration
8,"The 2023/24 Kenya Housing Survey (2023/24 KHS) was a cross-sectional study that collected data for estimating housing indicators at national, rural, urban and county levels. This data provided a comprehensive analysis of housing conditions, affordability, and tenure across the country. Additionally, the survey collected indicators including ICT ownership, usage and adoption of smart technologies. This analytical report on ICT therefore presents the findings based on the 2023/24 KHS conducted by the KNBS in collaboration with CA. The objective of the ICT module in the survey was to generate nationally representative statistics on ICT ownership and usage at both individual and household levels. These indicators provide critical insights to inform policies related to digital inclusion, socioeconomic development, and housing transformation in line with Kenya Vision 2030 and the Sustainable Development Goals (SDGs)."
8,Fiscal & Economic Affairs
8,CS meeting with Director General- Budget
8,"It is important to note that if you do not have an income, it is advisable to file a NIL return. This is especially for students, and senior citizens who are not in gainful employment in the diaspora."
8,Page 2 of 8
8,Our Offices
8,Nairobi Region
8,Turn Over Tax(TOT)
8,"Returns are filed and returns paid quarterly on or before the 20th day of the month following the end of the quarter.

UNCATEGORISED 28/08/2018"
8,"It is deducted and remitted on or before the 20th day of the following month.

UNCATEGORISED 28/08/2018"
8,Staff Identifier
8,For KRA to contact you please enter your phone number below.
8,test
8,"4. Diplomats and Employees of Organization covered under the Privileged and Immunities Act Cap179 e.g. United Nations , UNICEF etc."
8,3. Non-Kenyan Investor
8,"5. Employees of Institutions related to Organizations or bodies covered under the Immunities and privileges Act Cap 179 e.g. J.I.C.A IFC, International School of Kenya, German School etc."
8,6. British Army Personnel
8,9. Students
8,- Spouse of Non –Kenyan non-resident employee
8,10. Non-Kenyan Non-Resident Account Reactivation
8,18. Kenyans with no IDs who exited the country (Kenya) and have acquired a passport of the residence country.
8,17. Medical/Treatment purpose
8,Email: ird@kra.go.ke
8,"This includes all kinds of articles, wares, merchandise, livestock, and currency, and, where any such goods are sold under this Act, the proceeds of such sale.

UNCATEGORISED 30/08/2018"
8,"Office of the Commissioner General, Times Tower 30th Floor, P.O. Box 48240 - 00100 GPO, Nairobi."
8,+ 254 (0)20 281 7700 (hotline ) + 254 (0)20 281 7800 (hotline ) + 254 (0)20 34 33 42
8,Fax: + 254 (0)20 34 13 42
8,Mr. Mukesh Shah
8,kesra
8,Faq
8,"• The Tribunal may confirm, modify, or reverse the order appealed against or any part of the order.

• The Tribunal may also refer the matter back to the Authority for reconsideration."
8,7. What if I am dissatisfied with the decision of the Tribunal?
8,"• Applications for review of decisions must by operation of the law be completed within 4 months from the date the application is filed before the Tribunal.

• Cases before the Tribunal often raise complicated issues and may involve a significant number of parties so it may be difficult to know at the outset how long a particular case will last. However, the Tribunal does seek to manage the cases tightly and, in general aims, to complete “straightforward” cases in less than nine months."
8,International Monetary Fund and World Bank Spring Meetings
8,"Kenya National Bureau of Statistics hereby releases monthly Consumer Price Indices (CPI) and rates of inflation, for November 2017. These numbers were generated by conducting a survey of retail prices for a basket of household consumption goods and services, during the second and third weeks of the month under review. The prices were obtained from selected retail outlets in 25 data collection zones spread across Nairobi and 13 other urban centers.

The CPI decreased by 0.23 per cent from 182.50 in October to 182.08 in November 2017. The overall year on year inflation stood at 4.73 per cent in November 2017.[wpdm_package id=4613 template=”link-template-calltoaction3.php”]"
8,Empowering citizens with reliable and affordable information.
8,"Kenya National Bureau of Statistics hereby releases monthly Consumer Price Indices (CPI) and rates of inflation, for February, 2018. These numbers were generated by conducting a survey of retail prices for a basket of household consumption goods and services, during the second and third weeks of the month under review. The prices were obtained from selected retail outlets in 25 data collection zones spread across Nairobi and 13 other urban centers.

The CPI increased by 1.36 per cent from 185.47 in January 2018 to 188.00 in February 2018. The overall year on year inflation stood at 4.46 per cent in February 2018.[wpdm_package id=4710 template=”link-template-calltoaction3.php”]"
8,Cabinet Secretary and Principal Secretary of The National Treasury meet the Cabinet Secretary and Principal Secretaries
8,Are you a Student?
8,Applicable to businesses whose turnover (income) does not exceed Kshs. 5 million during any year of income. It is paid every three calendar months and taxed at a rate of 3% on gross income.
8,"Fringe benefit tax is payable by every employer in respect of a loan provided to an employee, director or their relatives at an interest rate lower than the market interest rate."
8,The CS National Treasury Hon. John Mbadi presides over the 43rd graduation ceremony of the University of Eastern Africa
8,"The National Treasury Harambee Avenue, Treasury Building, P.O Box 30007-00100 Nairobi"
8,"Tel. +254 20 2252299

+254 - 20- 7873000"
8,Statement by CS on the Nairobi - NAKURU - MAU SUMMIT Highway Public Private Partenership Project
8,LAUNCH OF THE FY 2027/28-2029/30 MEDIUM-TERM BUDGET PREPARATION PROCESS
8,NOTICE TO CBK ON PRICE STABILITY TARGET FOR FY 2026/27
8,Public Participation on the PPP (Ammendment) Bill 2026 and the PPP Regulations 2026. The public is requested to review and provide comments on the attached documents
8,ICT Policy 2025
8,Environment & Climate Assessment Officer
8,Negotiated Environmental and Social Commitment Plan (ESCP)
8,"TENDER FOR THE SUPPLY, DELIVERY, INSTALLATION, CONFIGURATION OF ENTERPRISE RESOURCE PLANNING (ERP) SYSTEM FOR GLOBAL FUND PROGRAM."
8,Finance and Restructuring
8,Draft Kenya Sovereign Wealth Fund Bill 2025
8,REQUEST FOR PROPOSALS (RFP) FOR CONSULTING FIRM TO CARRY OUT MIDTERM EVALATION SURVEY FOR THE RURAL KENYA FINANCIAL INCLUSION FACILITY (RK-FINFA)
8,Cloaking & Doorway Pages
8,Developing a strategy
8,Request For Proposals (Rfp) For Provision Of Consultancy Services For Portfolio Review Of Donor Funded Development Project
8,Request for Proposals (RFP) for Provision of Consultancy Services for Integrated Financial Management System (IFMIS) Readiness Assessment and Business Process Re-Engineering for Transition to Accrual Accounting.
8,Disseminating Kenyan's 2025 Medium Term Debt Management Strategy.
8,"SUPPLY AND DELIVERY OF PAINTS, DISTEMPER AND THINNERS AS AND WHEN REQUIRED, FOR TWO YEAR"
8,"Kenya National Bureau of Statistics hereby releases monthly Consumer Price Indices (CPI) and rates of inflation, for March, 2018. These numbers were generated by conducting a survey of retail prices for a basket of household consumption goods and services, during the second and third weeks of the month under review. The prices were obtained from selected retail outlets in 25 data collection zones spread across Nairobi and 13 other urban centers.

The CPI increased by 1.39 per cent from 188.00 in February 2018 to 190.62 in March 2018. The overall year on year inflation stood at 4.18 per cent in March 2018. [wpdm_package id=4802 template=”link-template-calltoaction3.php”]"
8,Request For Proposals (RFP) For Provision Of Consultancy Services For Integrated Financial Management System (IFMIS) Readiness Assessment And Business Process Re-Engineering For Transition To Accrual Accounting.
8,"Tender For Framework Contract Provision Of External Window Cleaning Services At Treasury Building, Bima House And Herufi House"
8,Media Invite to members of the press
8,Invite to members of the press to a media breifing
8,REQUEST FOR PROPOSALS (RFPS) FOR ONBOARDING FINANCIAL INTERMEDIARIES TO IMPLEMENT THE RURAL CREDIT GUARANTEE SCHEME (R-CGS) Ref: 2000004121 and No: 2000004122
8,"OPEN TENDER FOR PROCUREMENT OF COMPUTING EQUIPMENT (SERVERS) TO SUPPORT IFMIS RE-ENGINEERING FOR MIGRATION TO ACCRUAL BASIS ACCOUNTING, TREASURY SINGLE ACCOUNT AND CONFIGURATION OF NEW STANDARD CHART ACCOUNT"
8,TENDER FOR THE PROVISION OF A CONTACT CENTRE SOLUTION FOR E-CITIZEN PLATFORM
8,CS meeting with KRA officials
8,"CS Hon. FCPA John Mbadi,PS Dr Chris Kiptoo accompaning His Excellency the President William Ruto at the NSE KPC IPO bell ringing"
8,CS National Treasury Hon. FCPA John Mbadi this morning appeared before the Parliamentary Committee on Delegated Legislation
8,"The Nairobi International Financial Centre Bill, 2016"
8,"The Capital Markets (Amendment) Bill, 2018"
8,"PROVISION OF CLEANING SERVICES AT TREASURY BUILDING, BIMA HOUSE, HERUFI HOUSE AND RE – INSURANCE PLAZA"
8,Turnaround Consulting
8,Moderats eloquenti
8,"Income Tax Bill, 2018"
8,"The Finance Bill, 2018"
8,"The Tax Procedures Bill, 2014"
8,"The Financial Markets Conduct Bill, 2018"
8,Draft PFM Amendment Bill 2023 - Transfer of Functions 27.02.2023
8,"Draft Kenya Sovereign Wealth Fund Bill, 2019"
8,"The Value Added Tax Bill, 2011"
8,"The Sacco Societies (Amendment) Bill, 2018"
8,FY2021/22 and the Medium-Term Budget process
8,"TNTP CS Remarks – KRA Corporate Plan Launch 24th June, 2021"
8,"CS National Treasury Remarks on Presidential London summit – 27th July, 2021"
8,CS-NTP speech – launch of Economic Survey 2021
8,Architecture & Building
8,Energy & Environment
8,Hosting Website Rank
8,Harnessing automation
8,CS speech – Budget Preparation Process
8,"CS – Speech – During THE 2023 TAXPAYERS’ DAY ON 3RD NOVEMBER, 2023 IN MOMBASA"
8,CS Ndung’u Talking Notes – Share Transfer Agreement Signing ceremony
8,Explainer of the Proposed Business Laws (Amenment) Bill 2024
8,"Open Tender For Provision Of Onsite Support For Ifmis Applications, Enhancement Of Oracle Hyperion Budgeting And Planning Module For National And County Treasuries"
8,Request For Proposals (Rfp) For Development Of A Management Information System (Mis) For The Rural Kenya Financial Inclusion Facility Project)
8,Request For Proposals (Rfp) For Provision Of Consultancy Services To Review The Kenya External Resources Policy
8,"Request For Proposals (Rfp) For Provision Of Consultancy Services For The Event Management Of The 48th Esaamlg Taskforce For The Senior Officials, The 24th Council Of Ministers And The 7th Public-Private Sector Dialogue On Antimoney Laundering"
8,Kenya Agricultural &Livestock Research OrganizationF-1045-2-2020_2021
8,Commodities FundF-1021-2-2020_2021
8,Bernard Ndungu
8,FY-2024-25 Program Based Budget Book
8,Agricultural Finance CorporationF-1205-2-2020_2021
8,Optimizing Manufacturing
8,LowPoly Social
8,VR Solution Development
8,Draft-Public-Financial-Management-Amendment-Bill-2020
8,Request For Proposals (Rfp) For Provision Of Consultancy Services To Support The Development Of Gcf Funding Proposals And Concept Notes
8,"Medium Term Debt Management Strategy 2026

Medium Term Debt Management Strategy 2025"
8,"Kenya National Bureau of Statistics hereby releases the Producer Price Index (PPI) for the September quarter of 2014. Producer Price Index measures the gross changes in the trading price of products on the domestic and the non-domestic markets, at all stages of processing. The price changes are measured from the perspective of the producer. The producer prices are collected as at 15th February, 15th May, 15th August and 15th November of the year. These dates corresponds to the first, second, third and fourth quarters respectively.

As shown in Table 1, the Producer Price Indices are grouped according to the International Standards of Industrial Classifications of All Economic Activities (ISIC) Rev 4. The overall producer prices increased by 0.06 per cent in the third quarter of 2014 compared to 0.73 per cent recorded in the second quarter of 2014. The ‘year on year’ PPI inflation, from September 2013 to September 2014 was 1.58 per cent. The main contributors in the third quarter increases were electricity, water, manufacture of chemicals and chemical products and manufacture of beverages. Under manufacture of chemicals and chemical products, the producer prices of paints, shoe polish and soap went up and this caused the index to rise by 0.4 per cent. Over the three months period, electricity increased by 0.82 per cent while manufacture of food products declined by 0.27 per cent. The index on food products dropped in the third quarter mainly due to falls in prices of maize flour, wheat flour and prepared animal feeds. Download Producer Price Index (PPI) Third Quarter 2014"
8,The Africa Forward 2026 Summit Declaration
8,"PROPOSED RE-ROOFING, RENOVATION TO 4TH FLOOR AND EXTERNAL PAINTING TO KENYA EMBASSY IN HARARE, ZIMBABWE"
8,INVITATION FOR EXPRESSION OF INTEREST (EOI) : SALE OF LAND FOR CONSTRUCTION OF AN OFFICE BLOCK TO ACCOMMODATE THE TWO KENYA PERMANENT MISSIONS TO UNON&UNEP AND UN- HABITAT
8,DIPLOMACY JOURNAL ISSUE 3
8,Kenya and France Pave the Way for New Partnerships Ahead of the Africa Forward Summit.
8,"The Kenya National Bureau of Statistics (KNBS) has today released three more reports (Volume II, III and IV) of the 2019 Kenya Population and Housing Census (KPHC).

Volume II – Distribution of Population by Administrative Units is the second report in the series of 2019 KPHC publications. It presents the distribution of enumerated population for each administrative unit (county, sub-county, division, location and sub-location) by sex, number of households, land area and population density. It also contains distribution of population by rural and urban areas of residence."
8,JOINT COMMUNIQUE KENYA -GREECE
8,"JOINT COMMUNIQUE – KENYA, SOMALIA"
8,JOINT COMMUNIQUE – IGAD 39TH ASSEMBLY
8,Kenya Diaspora Policy 2024
8,Africa Celebrates 40 Years of Environmental Leadership at AMCEN@40 Special Session in Nairobi
8,DIPLOMATIC DIRECTORY 2025
8,3rd Quarterly Press Briefing
8,3rd Quarterly Media Briefing
8,DIPLOMACY NEWSLETTER JULY-SEPTEMBER 2024
8,Communique of the 24th Extra Ordinary Summit
8,Communique of the Joint EAC-SADC Summit 8 Feb 2025
8,Communique of the Extraordinary SADC Summit 31 Jan 2025
8,Joint Communique of the Joint EAC-SADC Ministerial Meeting
8,TENDER FOR MAINTENANCE & REPAIR OF KYOCERA PHOTOCOPYING MACHINES AND SUPPLY OF RELATED CONSUMABLES ON A TWO-YEAR CONTRACT
8,TENDER FOR THE SUPPLY & DELIVERY OF GENERAL OFFICE STATIONERY AND ICT RELATED CONSUMABLES UNDER FRAMEWORK AGREEMENT – TENDER NO. MFA.002-OT-2024-2025-1
8,Proceeds of Crime & Anti Money Laundering
8,Public Procurement & Asset Disposal Regulations
8,Disclosures
8,"A peaceful, prosperous and globally competitive Kenya."
8,FY 2008-2009
8,2025 Budget Review and Outlook Paper
8,FY 2024-2025
8,2024 Budget Review and Outlook Paper
8,FY 2023-2024
8,FY 2022-2023
8,FY 2021-2022
8,2021 Budget Review and Outlook Paper
8,2016 Budget Review and Outlook Paper
8,FY 2015-2016
8,FY 2014-2015
8,FY 2013-2014
8,FY 2012-2013
8,2012 BROP Presentation Jan 17 2012
8,FY 2011-2012
8,FY 2010-2011
8,BUDGET OUTLOOK PAPER 2008-2009 to 2010-2011
8,FY 2009-2010
8,Budget Outlook Paper Jan 2009-10 to 2011-12
8,Public Sector Hearings
8,2026 - 2027
8,2022/2023
8,"Refer to the table below for filing and payment deadlines for various taxes:

Misinformation & Clarifications"
8,General documents
8,Cement Price Index
8,Navigating Building Costs and Price Trends
8,Foundation of Construction Costs: Dive into the Cement Price Index to understand how the cost of this essential construction material impacts building expenses. It’s vital for project budgeting and cost management.
8,Steel Price Index
8,"What is a tax refund?

A tax refund is a reimbursement of excess tax paid or tax paid in error in a given period."
8,"Who is a resident

The holder of a valid Kenyan passport and Kenyan resident permit as per the Kenya Citizenship & Immigration Act, 2011."
8,"If you wish to stop performing your duty as a tax agent, you will be required to inform KRA in writing at least seven days prior to termination of your services."
8,Requirements for becoming a Tax Expert
8,How do I become a Tax Agent?
8,"Notice for public participation for the proposed Nairobi city county Research policy scheduled for Wednesday, 4th march 2026 at charter hall between 9.00am to 3.00pm."
8,City hall eyes paperless healthcare by June 2026 as the County’s health sector honors top performing medics
8,OUR VISION
8,Introduction
8,To realise a nationaly competitive quality education and training for development.
8,OUR MISSION
8,Mobility Boost; Nairobi County completes key road projects in major infrastructure push
8,Nairobi City County Validates Draft Environmental And Social Risk Management Policy
8,"STATEMENT BY HIS EXCELLENCY HON.WILLIAM SAMOEI RUTO,PHD,C.G.H.,PRESIDENT OF THE REPUBLIC OF KENYA AND COMMANDER-IN –CHIEF OF THE DEFENCE FORCES,DURING A SPECIAL ADDRESS TO THE NAIROBI CITY COUNTY ASSEMBLY"
8,Nairobi city county Research policy (Draft )
8,Buy from Kenya
8,Market Intelligence
8,PIN registration is done online via iTax.
8,Special Passes
8,Electronic Travel Authorization
8,Permit Residency
8,Filming Licenses
8,Certificate of no impediment to marriage
8,Foreign Affairs Kenya
8,Education And Youth Affairs
8,"Education And Youth Affairs

General Inquiries"
8,Some allowable expenses for the purposes of CGT include;
8,How To Determine the Transfer Value/Selling Prices for the purpose of CGT
8,It is payable at the rate of 1.5% on gross sales effective from 1st of July 2023 as per Finance Act 2023.
8,The sector has Three sub sectors that are responsible for the following functions:-
8,Environment Sub Sector Functions
8,Authentication of Documents
8,Feature on Nairobi City County Vocational Training Institutions
8,Bilateral sessions with the Deputy Managing Director of International Monetary Fund
8,PROGRAM BASED BUDGET FY 2018/19-NAIROBI CITY COUNTY
8,"Kenya National Bureau of Statistics hereby releases Consumer Price Indices (CPI) and rates of inflation for April, 2017. These numbers have been generated using data collected during the second and third weeks of the month under review. The prices were obtained from selected retail outlets in 25 data collection zones which are located in Nairobi and in 13 other urban centers.

The CPI increased by 1.79 per cent from 182.98 in March to 186.24 in April 2017 while overall inflation rate stood at 11.48 per cent in April 2017.[wpdm_package id=3927 template=”link-template-calltoaction3.php”]"
8,CITIZEN BUDGET FOR THE FY 2018-2019 NAIROBI CITY COUNTY
8,"Kenya National Bureau of Statistics hereby releases monthly Consumer Price Indices (CPI) and rates of inflation, for August, 2018. These numbers were generated from a survey of retail prices that targeted a basket of household consumption goods and services. The survey was conducted during the second and third weeks of the month, with prices being obtained from selected retail outlets in 25 data collection zones in Nairobi and in 13 other urban centers.

The CPI increased by 0.31 per cent from 191.59 in July 2018 to 192.18 in August 2018. The overall year on year inflation stood at 4.04 per cent in August 2018.[wpdm_package id=4974 template=”link-template-calltoaction3.php”]"
8,"Kenya National Bureau of Statistics hereby releases monthly Consumer Price Indices (CPI) and rates of inflation, for October, 2017. These numbers were generated by conducting a survey of retail prices for a basket of household consumption goods and services, during the second and third weeks of the month under review. The prices were obtained from selected retail outlets in 25 data collection zones spread across Nairobi and 13 other urban centers.

The CPI decreased by 0.63 per cent from 183.66 in September to 182.50 in October 2017. The overall year on year inflation stood at 5.72 per cent in October 2017.[wpdm_package id=4586 template=”link-template-calltoaction3.php”]"
8,"Kenya Facts & Figures is your direct route to Kenya’s economy through reliable statistics. It enables you to have a complete picture of the Kenyan economy from a single source. This booklet provides, at a glance, a comprehensive picture of Kenya’s economy covering all sectors as well as reflecting the various trends over the last four years.

Download Report.."
8,"Kenya National Bureau of Statistics hereby releases Consumer Price Indices (CPI) and rates of inflation for May 2014.The CPI increased by 1.01 per cent from 148.20 in April 2014 to 149.70 in May 2014. The overall inflation rate stood at 7.30 per cent in May 2014.

Download Report"
8,Legal documents
8,"Welcome to our Legal Documents Page. Explore our diverse collection of insightful documents ranging from Acts, Bills, Policies and Treasury Circulars."
8,Conclusion
8,Product
8,"We are in the process of formulating attractive incentives for school directors who onboard their schools. We therefore need you to help us achieve our goals and objectives.

NEWSLETTER"
8,"Kenya National Bureau of Statistics hereby releases Consumer Price Indices (CPI) and rates of inflation for April 2014. These numbers have been generated using data collected during the second and third weeks of the month under review. The prices were obtained from selected retail outlets in 25 data collection zones located in 13 urban centers.

The CPI increased by 1.09 per cent from 146.61 in March 2014 to 148.20 in April 2014. The overall inflation rate stood at 6.41 per cent in April 2014. Download Report"
8,Relations
8,Luxembourg
8,Foreign Service Acadamy
8,kenya
8,"Benjamin Avusevwa is the Director of Statistical Coordination and Methods.

He was appointed to this post in October 2020. Avusevwa joined the then Central Bureau Statistics 1995 as a Statistician and later joined the Kenya National Bureau of Statistics (KNBS) in 2009. Prior to this appointment, he was Head of External, Fiscal and Financial Statistics Division and Coordinator of National Strategy for the Development of Statistics."
8,Budget & Appropriation Committee Meeting
8,"To address the demand for human resource in private schools, the association provides a list of qualified staff for consideration."
8,Jurisdiction of the Tribunal
8,Our Jurisdiction
8,"The Tribunal shall have jurisdiction to hear and determine the following matters —

Matters referred to it for review of the Authority's decision under section 48."
8,Pensions
8,"Bima HouseTreasury AnnexP o Box 30007-00100Harambee AvenueNairobi

Email: www.treasury.go.keTel: 020 2252299"
8,Downloads
8,"Kenya National Bureau of Statistics hereby releases monthly Consumer Price Indices (CPI) and rates of inflation, for July, 2018. These numbers were generated from a survey of retail prices that targeted a basket of household consumption goods and services. The survey was conducted during the second and third weeks of the month, with prices being obtained from selected retail outlets in 25 data collection zones in Nairobi and in 13 other urban centers.

The CPI decreased by 0.89 per cent from 193.31 in June 2018 to 191.59 in July 2018. The overall year on year inflation stood at 4.35 per cent in July 2018.[wpdm_package id=4952 template=”link-template-calltoaction3.php”]"
8,"We are located at Telposta Towers (7th Floor to 11th Floor), Koinange Street, Nairobi Kenya"
8,"The role of the Ministry is to facilitate the development of the Information, Communication and Technology sector in Kenya."
8,Application For The Grant Or Renewal of A License To Manufacture Or Produce An Alcoholic Drink
8,"Application For The Grant Or Renewal of A License To Manufacture Or Produce An Alcoholic Drink

General Inquiries"
8,"The success story doesn’t end with me. Some of my neighbouring farmers managed to be even more successful than I was. They were able to reach yields of even 20 tons / acre and therefore their turnover went up to KES 600,000 / acre, with a net profit of almost KES 500,000 / acre.

By maintaining my ‘connected farmer’ roadmap and continuously improving my intensive agronomical practices I am convinced I will reach these results also in the near future."
8,PS meeting with Ms. Laura Frigenti- the CEO of Global Partnership for Education
8,An informed and Digitally-empowered Kenyan Society
8,Macroeconomic Indicators
8,"The Consumer Price Index (CPI) increased by 0.6 per cent from an index of 129.29 in January 2023 to 130.13 in February 2023. The overall rate of inflation slightly rose from 8.98 per cent to 9.23 per cent over the same period. In February 2023, the Kenyan Shilling depreciated against all major trading currencies. The av- erage yield rate for the 91-day Treasury bills, which is a benchmark for the general trend of interest rates rose from 9.19 per cent in November 2022 to 9.33 per cent in December 2022.

The Nairobi Securities Exchange (NSE) 20 share index decreased from 1,657points in January 2023 to 1,647 points in February 2023. During the same period, the total number of shares traded decreased from 333 mil- lion to 170 million. The Equities Market turnover declined by 41.1 per cent to KSh 4.6 billion in February 2023 compared to KSh 7.8 billion recorded in the month of January 2023."
8,"The quantity of coffee auctioned at the Nairobi Coffee exchange was 3,409.48 MT in Septem- ber 2022. The quantity of produced tea rose from 38,196.24 MT in September 2022 to 50,466.37 MT in October 2022. The price of processed tea slightly declined from KSh 303.52 per kilogram in November 2022 to KSh 294.08 per kilogram in December 2022. The annual av- erage price of processed tea stood at KSh 292.43 per kilogram in the year 2022.

The quantity of cane deliveries increased from 680.00 thousand metric tonnes in September 2022 to 836.55 thousand metric tonnes in October 2022."
8,International Trade
8,"Volume of trade dropped from KSh 267.48 billion in January 2023 to KSh 251.94 billion in February 2023. The value of total exports increased from KSh 72.93 billion in January 2023 to KSh 76.65 billion in Febru- ary 2023, the value of imports decreased from KSh 194.44 billion in January 2023 to KSh 175.29 billion in February 2023. Domestic exports by Broad Economic Category (BEC) indicated that food and beverages was the main export category in February 2023 accounting for 38.54 per cent of the domestic exports, while non-food industrial supplies accounted for 28.18 per cent of the domestic exports.

Quantity of coffee exported increased by twofold from 1,921.19 MT in January 2023 to 3,877.74 MT in Feb- ruary 2023. Additionally, its value increased significantly from KSh 1,217.32 million to KSh 2,569.47 million over the same period. The quantity of tea exported slightly decreased from 44,556.08 MT in January 2023 to 44,328.68 MT in February 2023. The value of exported tea dropped from KSh 13,519.65 million to KSh 13,510.62 million over the same period."
8,"The quantity of cement produced de- creased from 821,768 MT in Novem- ber 2022 to 774,124 MT in December 2022. Consumption of cement was 752,852 MT in December 2022.Sugar production increased from 60,388 MT in September 2022 to 74,082 MT in October 2022. Pro- duction of assembled vehicles de- creased from 1,113 units in October

2022 to 906 units in Novemebr 2022. Milk uptake in the formal sector rose from 59.27 million liters in De- cember 2022 to 61.76 million litres in January 2023."
8,"For KRA to contact you please enter your phone number below.

Address"
8,Council for Legal Education 2020-2021 FY
8,Nzoia Sugar Company LimitedF-1233-2-2021
8,Kenya National Examination Council 2020-2021 FY
8,Kenya National Bureau of Statistics 2020-2021 FY
8,The National Treasury Cabinet Secretary
8,Treasury Tenders
8,Treasury Speeches
8,The best training in profitable potato farming in Kenya
8,"Kenya National Bureau of Statistics hereby releases monthly Consumer Price Indices (CPI) and rates of inflation, for December, 2017. These numbers were generated by conducting a survey of retail prices for a basket of household consumption goods and services, during the second and third weeks of the month under review. The prices were obtained from selected retail outlets in 25 data collection zones spread across Nairobi and 13 other urban centers.

The CPI increased by 0.54 per cent from 182.08 in November to 183.05 in December 2017. The overall year on year inflation stood at 4.50 per cent in December 2017.[wpdm_package id=4630 template=”link-template-calltoaction3.php”]"
8,File Your Tax Return
8,Watch step-by-step tutorials to help you file correctly. We will keep adding more guides for different taxpayer scenarios throughout the filing period.
8,KRA Wins White Water Rafting Challenge Back-to-Back
8,"HEALTHCARE 08/08/2018

KRA's team Alpha was the first to touch the finishing line on the banks of River Sagana during the 2018 white water Rafting challenge held last Saturday at Savage Camp, Sagana."
8,"Email: ird@kra.go.ke

Address"
8,How to pay for MRI
8,"After filing the MRI return, generate a payment slip as follows;

Gross Rent income for the year:"
8,"What strategies has KRA instituted to ensure that cases are well handled in the Tax Appeals Tribunal and the court leading to revenue collection?

We have a number of strategies:"
8,"Tax Refunds are Applicable under which tax laws

Applicable law"
8,"Kenya National Bureau of Statistics hereby releases monthly Consumer Price Indices (CPI) and rates of inflation, for January, 2018. These numbers were generated by conducting a survey of retail prices for a basket of household consumption goods and services, during the second and third weeks of the month under review. The prices were obtained from selected retail outlets in 25 data collection zones spread across Nairobi and 13 other urban centers.

The CPI increased by 1.32 per cent from 183.05 in December 2017 to 185.47 in January 2018. The overall year on year inflation stood at 4.83 per cent in January 2018.[wpdm_package id=4674 template=”link-template-calltoaction3.php”]"
8,Candidate Profile (To create or update applicant detail):
8,Application process:
8,"For appointment to this job, the candidate must have:

CompTIA A+, N+, CCNA, MCSE, MCSA, ITIL, Google IT support, Project Management, UI/UX Design, any cloud certification, AI and Machine learning"
8,Job Application Guidelines
8,"Supply, Delivery, Installation, Commissioning and Maintenance of an Integrated Excisable Goods Management System (EGMS) for a Period of Five (5) Years"
8,"Cancellation of Tender: Supply, Delivery, Installation, Commissioning and Maintenance of an Integrated Excisable Goods Management System (EGMS) for a period of Five (5) Years."
8,c. Withholding Tax (WHT)
8,b. Pay As You Earn (PAYE)
8,"This is a tax that is deductible from certain classes of income at the point of making a payment, to non-employees.

WHT is deducted at source from the following sources of income:"
8,d. Advance Tax
8,e. Installment Tax
8,"Installment tax is paid by persons who have tax payable for any year that amounts to Kshs. 40,000 and above."
8,How do I pay for PAYE?
8,How do I file for PAYE?
8,"After filing the PAYE return, generate a payment slip online via iTax and make payment at any of the KRA appointed banks.

Does PAYE include earnings from casual employment?"
8,2. Withholding Tax
8,How do I pay withholding Tax?
8,What is the rate of taxation for Withholding Tax?
8,"Payment is done via iTax.

Generate a payment slip and present it, with the tax due, at any of the KRA appointed banks."
8,How do I pay for VAT?
8,How do I file for VAT?
8,"After filing your VAT returns online, generate a payment slip for any tax due and make payment to any of the KRA appointed banks.

Payment can be made in Cash, Cheque or RTGS."
8,2. Corporation Tax
8,Schedule of Installment Tax payments:
8,"After filing your VAT returns online, generate a payment slip for any tax due and make payment to any of the KRA appointed banks or through any mobile money transfer platform."
8,8. Excise Duty
8,What is the rate of tax for Capital Gains Tax?
8,9. Capital Gains Tax (CGT)
8,CGT is a final tax. Thus it is not subject to further taxation after payment of the 5% rate of tax.
8,"Un-captured payments, missing payments, set-offs or late payments capture"
8,Requirements for Taxpayer Reconciliation of Legacy System Ledger Balances
8,"Where the taxpayer identifies payments not captured in Legacy System or captured late, the taxpayer shall be required to provide the following to support their reconciliation request: -"
8,"Withholding VAT is charged at a the rate of 2% of the value of taxable supplies with effect from 07/11/2019.

No VAT is withheld on exempt goods, exempt services and Zero rated supplies."
8,"Plan to Budget:

A fully integrated process and system that links planning, policy objectives and budget allocation."
8,"IFMIS has integrated with the I-Tax system from KRA and internet banking from CBK.

IFMIS/KRA Integration"
8,Our Institutions
8,There are four Directorates under The National Treasury namely:
8,HLM2
8,Event
8,"Public Participation of the Draft National Policy on Virtual Assets and Virtual Asset Service Providers: and the Virtual Assets Service Providers Bill, 2024."
8,Public Sector Hearings Budget FY 2022/23 & the Medium Term
8,High-level Panel Discussion on Trade Integration in Africa
8,Support is our most important priority. Just drop us a message and we will always be available for help immediately.
8,Public Sector Hearing
8,The 2021/22-2023/24 Medium Term Expenditure streaming live from Kenyatta International Convention Centre (KICC)
8,TICAD
8,"CS Treasury John Mbadi, KRA Chair Ndiritu Muriithi at Bunge la Wananchi"
8,https://www.youtube.com/watch?v=ocUG3koJQfQ&ab_channel=AzimioTV%28Official%29
8,Public Sector Hearings For the Proposed Budget For the FY 2022/23 and the medium term
8,"Click here to Join the Webex Virtual Meeting on 14th October 2021

Click here to Join the Webex Virtual Meeting on 15th October 2021"
8,Construction Input PI
8,"Construction Input Price Index (PI) reports track changes in the prices of materials and inputs used in the construction industry, helping to assess cost fluctuations and inflationary pressures within the sector."
8,Quality Statistics for better lives
8,"FY 2026-27 Recurrent Budget Book Vol. I 1011-1095

FY 2026-27 Recurrent Budget Book Vol. II 1097-2151"
8,Budget Books 2025/2026
8,"Estimates 2025/2026

FY 2025-26 Recurrent Budget Book Vol. 1 1011-1097"
8,Budget Books 2024/2025
8,"Estimates 2024/2025

FY-2024-25 Development Budget Book 1011-1083"
8,Budget Books 2023/2024
8,"Estimates 2023/2024FY-2023-24 Development Budget Book 1011-1083

FY-2023-24 Development Budget Book 1091-1091"
8,Budget Books 2022/2023
8,"Estimates 2022/2023FY-2022-23-Development-Budget-Book-1011-1081

FY-2022-23-Development-Budget-Book-1091-1091"
8,Budget Books 2021/2022
8,"Estimates 2021/2022FY 2021-22 Development Book 1011-1081

FY 2021-22 Development Book 1091-1091"
8,Budget Books 2020/2021
8,"Estimates 2020/2021FY2020-21 Development Expenditure Vol I – Votes 1011-to-1081

FY2020-21 Development Expenditure Vol II – Vote 1091"
8,Budget Books 2019/2020
8,"Estimates 2019/2020FY2019-20 Development Expenditure Vol I – Votes 1011-1081

FY2019-20 Development Expenditure Vol II – Votes 1091-1095"
8,Budget Books 2018/2019
8,"Estimates 2018/2019FY2018-19 Development Expenditure Vol I – Votes 1011-1081

FY2018-19 Development Expenditure Vol II – Votes 1091-1096"
8,Budget Books 2017/2018
8,Budget Books 2016/2017
8,"Estimates 2016/2017

FY2016-17 Development Expenditure Vol I – Votes 1011-1064"
8,Budget Books 2015/2016
8,"Estimates 2015/2016FY2015-16 Development Expenditure

FY2015-16 Recurrent Expenditure"
8,Budget Books 2014/2015
8,"Estimates 2014/2015FY 2014-15 Recurrent Budget

Supplementary I 2014/2015"
8,Budget Books 2013/2014
8,"Estimates 2013/2014FY 2013-14 Development Budget

FY 2013-14 Recurrent Budget"
8,Budget Books 2012/2013
8,"Estimates 2012/2013

FY 2012-13 Development Budget"
8,Accountant General's Desk
8,Accountant General Circulars
8,Recent Posts
8,"91% of the population has access in urban areas and 56% does in rural areas. The county with the lowest percent of the population with at least basic service for drinking water is Kitui (21%), and the highest is Nairobi City (99%).

Sixty-five percent of the population has sufficient quantities of drinking water when needed. Over half (54%) do not have drinking water on the premises and must travel to collect it. Sixty-nine percent of those who collect the drinking water are women age 53% 15 or older."
8,"This number is slightly higher in urban areas (47%) than in rural areas (38%).

Two thirds (66%) of the population is connected to a sewer system or safely disposes of excreta on-site or removes it for treatment off-site."
8,Fertility and Its Determinants
8,The use of traditional methods has remained relatively stable over the last three decades at about 6%.
8,"Twenty-eight percent of births delivered in private non-NGO health facilities are by C-section. C-section deliveries are most common among women with more than secondary education (34%), women in the wealthiest households (33%), and women in urban areas (24%)."
8,Infant and Child Mortality
8,Rates and Trends
8,"The infant mortality rate was 32 deaths per 1,000 live births, and the under-5 mortality rate was 41 deaths per 1,000 live births. Childhood mortality rates have declined over time. After peaking in 2003, under-5 mortality declined from 115 deaths per 1,000 live births to the current rate of 41 deaths per 1,000 live births."
8,Mortality Rates by Background Characteristics
8,"The under-5 mortality rate does not differ by place of residence (41 deaths per 1,000 live births in both rural and urban areas) for the 5-year period before the survey. Childhood mortality generally declines with increasing mother’s education for the 10-year period before the survey.

By county, under-5 mortality ranges from 15 deaths per 1,000 live births in Marsabit to 73 deaths per 1,000 live births in Migori for the 10-year period before the survey."
8,"Weight and height measurements of 94% of eligible women age 15–49 were collected. Among adolescent women age 15-19, 18% are thin according to body mass index for age (BMI-for-age), while 13% are obese or overweight. Among women age 20–49, 7% are thin according to BMI, while 45% are obese or overweight.

Five percent of women age 20-49 in urban areas are thin compared with 9% in rural areas. Fifty-three percent of women in urban areas are overweight or obese compared with 39% in rural areas."
8,"Micronutrients are essential vitamins and minerals required for good health. Vitamin A, which prevents blindness and infection, is particularly important for children. Sixty-four percent of children age 6-59 months were given vitamin A supplements in the last 6 months.

Iron is important for maintaining healthy blood. In Kenya, 23% of children age 6-59 months were given iron-containing supplements in the 12 months before the survey."
8,"In Kenya, intermittent preventive treatment (IPTp) is given to pregnant women in the lake and coastal endemic zones as well as in several high malaria transmission sub-counties in the highland epidemic prone zone. In these areas, 70% of women age 15–49 with a live birth in the 2 years before the survey received at least one dose of SP/Fansidar, 53% had at least two doses, and 34% had at least three doses."
8,Breast and Cervical Cancer Examinations
8,"Mental Health Conditions, Depression, and Anxiety"
8,Fourteen percent of women have ever been examined for breast cancer and 17% have been tested for cervical cancer. Less than 1% of the women tested have been told by a doctor or other healthcare worker that they have breast or cervical cancer.
8,Arthritis
8,"The National Health Insurance Fund is the most common type of health insurance. Health insurance coverage is twice as high in urban areas than in rural areas; 40% of the urban population has some form of health insurance compared to 19% of the rural population.

Health insurance coverage increases with increasing wealth, from 5% in the lowest wealth quintile to 58% in the highest wealth quintile. By county, health insurance coverage varies from a low of 5% in Tana River and 6% in Mandera counties to a high of 44% in Laikipia and 46% in Nairobi City counties."
8,"The National Plan for Advancing Environmental-Economic Accounting (NPAEEA) for 2025-2028 is a strategic roadmap to guide seamless integration of the SEEA into Kenya’s statistical and policy frameworks. This plan emphasizes the development of comprehensive environmental-economic accounts across the various sectors, including land, water, forests, ecosystems, energy, and minerals. Through implementing the national plan, Kenya anticipates substantial improvements in data quality, informed policy decisions, enhanced coordination among stakeholders, and strengthened capacity for resource management. Ultimately, the NP-AEEA seeks to underpin sustainable economic development, enhance environmental stewardship, and fortify Kenya’s resilience to global environmental challenges.

Download the Plan"
8,Key Service Points
8,FAQs And Help Desks
8,"Who to Contact and where to find them, for the below mentioned permits, Licenses and Services:"
8,"Customer Care contacts for Parking issues/complaintsCall 0709013943, 0709013942, 0709013944"
8,Hire of Grounds and Parks
8,"Assistant Director Environment-City Hall Annex 6th floor, Room 7."
8,Library
8,Building Occupation Certificates–
8,"Assistant Director, Enforcement Department,City Hall Annex 2nd Floor."
8,Billboards and Adverts
8,"Assistant Director, Urban Design & Development ,City Hall Annex 4th Floor"
8,Plans and Inspection
8,"Assistant Director Environment, City Hall Annex 6th floor, Room 7."
8,Social Halls-
8,City Inspectorate Training Schools
8,Dog Licenses
8,Commandant– Dagoretti Corner
8,Ask A Question
8,"Kenya National Bureau of Statistics hereby releases monthly Consumer Price Indices (CPI) and rates of inflation, for April, 2018. These numbers were generated by conducting a survey of retail prices for a basket of household consumption goods and services, during the second and third weeks of the month under review. The prices were obtained from selected retail outlets in 25 data collection zones spread across Nairobi and 13 other urban centers.

The CPI increased by 1.35 per cent from 190.62 in March 2018 to 193.18 in April 2018. The overall year on year inflation stood at 3.73 per cent in April 2018. [wpdm_package id=4862 template=”link-template-calltoaction3.php”]"
8,NAIROBI CITY COUNTY CITIZEN BUDGET FY 2023/2024
8,H.E. James Njoroge Muchiri
8,"CECM – Health, wellness and Nutrition"
8,Ms. Maureen Njeri
8,CECM – Green Nairobi
8,Dr. Anastasia Mutethya Nyalita
8,LOCAL PHYSICAL AND LAND USE DEVELOPMENT PLAN FOR NAIROBI RAILWAY CITY (2020-2035)
8,"LOCAL PHYSICAL AND LAND USE DEVELOPMENT PLAN FOR NAIROBI RAILWAY CITY (2020-2035)

General Inquiries"
8,Asha Abdi
8,"Chief officer- Wellness, Nutrition, and School Feeding."
8,Ahmed Mohamed Abdi
8,Ms. Rosemary Kariuki
8,"CECM – Inclusivity, Public Participation and Customer Service

General Inquiries"
8,Bramwel Wesangula Simiyu
8,"Chief officer- Disaster management

General Inquiries"
8,John Murungi Lintari
8,"Chief officer- Economic Planning

General Inquiries"
8,"Chief officer- Revenue administration

General Inquiries"
8,"Kenya National Bureau of Statistics hereby releases Consumer Price Indices (CPI) and rates of inflation for June, 2017. These numbers have been generated using data collected during the second and third weeks of the month under review. The prices were obtained from selected retail outlets in 25 data collection zones which are located in Nairobi and in 13 other urban centers.

The CPI decreased by 1.2 per cent from 187.64 in May to 185.39 in June 2017. The overall year on year inflation was 9.21 per cent in June 2017.[wpdm_package id=4406 template=”link-template-calltoaction3.php”]"
8,"Kenya National Bureau of Statistics hereby releases the Producer Price Index (PPI) for the June quarter of 2014. Producer Price Index measures the gross changes in the trading price of products on the domestic and the non-domestic markets, at all stages of processing. The price changes are measured from the perspective of the producer. The producer prices are collected as at 15th February, 15th May, 15th August and 15th November of the year. These dates corresponds to the first, second, third and fourth quarters respectively. Download report…"
8,US Deepen Collaboration to strengthen National Health Systems
8,"Kenya National Bureau of Statistics hereby releases Consumer Price Indices (CPI) and inflation rates for August 2014. These numbers have been generated using data collected during the second and third weeks of the month under review. The prices were obtained from selected retail outlets in 25 data collection zones located in 13 urban centers.

The CPI increased by 0.94 per cent from 150.60 in July to 152.02 in August 2014. The overall inflation rate stood at 8.36 per cent in August 2014. Download full report…"
8,"Annual-Template-for-TVETs-and-TTCs-FY-2021-22-Revised-June-2022-NT

Annual-IPSAS-Accrual-template-for-SC-SAGAs-FY2021-2022-Revised-June-2022-NT"
8,"Cash to Accrual Quarterly Templates FY2024-25

Cash to Accrual Annual Templates FY2024-25"
8,Annual Templates for 2024 – FY23-24
8,Draft Revised Kenya External Resource Policy (KERP) 2025
8,Fiscal Commitment and Contingent Liabilities
8,Fiscal Commitment & Contingent Liabilities Unit
8,"Debt and Borrowing Policy June 2020

PDMO presentation on Public Debt and Borrowing Policy July 2020"
8,"Annual Borrowing Plan FY 2025/2026

Annual Borrowing Plan FY 2024/2025"
8,"Debt Sustainability Analysis October 2024

Debt Sustainability Analysis June 2023"
8,Programmes & Projects
8,For more information kindly contact the Investor Relations Unit on iru@treasury.go.ke
8,Potato farming professionals
8,"Agrico operates as both an architect and partner in the development and optimisation of sustainable potato value chains. Our goal is to achieve excellent growth for everyone in the chain by increasing efficiency, quality and food security.

Our mission is to contribute to food security for a growing global population. Thanks to the power of partnership and our expertise in the chain, we are able to supply high-quality seed and ware potatoes worldwide. We develop innovative varieties to suit every spot on the planet where professional, successful and sustainable potato cultivation is possible."
8,Are your potatoes GMO?
8,What colour flowers do your potatoes produce?
8,"No, we do not deal in GMO (genetically modified or engineered) potatoes. In Kenya, this is forbidden by law and we are a law-abiding company."
8,How do you calculate your potato yields / acre when doing a test-harvest?
8,"Before harvesting, you can do a trial harvest to see how many tubers there are on a single plant and estimate the yield per plant. You dig up 1 plant and measure the total sellable yield for 1 plant, let's say it has 10 big tubers of estimated 150 grams each. Then 1 plant has 1.5kgs of yields on it. Maybe the next plant has 13 tubers, then it will give you 1.95kgs / plant. Measure another 10 or 20 plants (depending on the size of your shamba), and take the average of all the plants yield, for example a 1.6kgs average yield per plant. Then multiply this by your plant population / acre, which should be about 15,000 – 20,000 tubers / acre (depending on planting distance and land area). So in this example, you multiply 1.6kgs with 15,000 plants / acre = expected yield of 24,000 kgs / acre or 24 tons / acre. If your germination was below 95%, you need to adjust the plant population accordingly. Let’s say a germination of 90% would mean an adjusted expected yield of (24 * 0.9=) 21.6 tons / acre"
8,Where can I buy the bags for packing potatoes?
8,"The Human Resource Management Directorate is responsible for overall coordination of the Human Resource Management function in Ministries, Departments, Agencies and Counties (MDACs)."
8,"Links:

Uchunguzi/Utafiti wa mwanzo kuhusu Utoaji Huduma kwa Raia"
8,"The Directorate is charged with the role of spearheading the development and review of policies, strategies, guidelines and standards on Human Resource Information Services."
8,"Access the latest information on available eTIMS solutions, onboarding and installation."
8,# 19 Diseases | chemical application
8,# 18 Diseases | prevention & treatment
8,"Chemical application - In this video you will learn about the safe application of chemicals. Safety is important during spraying and the right protective equipment should be worn before spraying.

Duration: 2.44 minutes"
8,# 20 Diseases | timing of application
8,"Timing of application - In this video you will learn about the timing of chemical application in potato plants. And how to avoid spreading diseases from younger to older plants.

Duration: 2.23 minutes"
8,# 21 Diseases | Chemical waste management
8,"This is an allowance granted to an investor who incurs capital expenditure on a building used as an industrial building at the rate of 10% of the cost (net of investment deduction, if any)"
8,This report examines the performance of Kenya’s economy in the third quarter of 2022. The country’s real GDP expanded by 4.7 per cent during the quarter in review compared to a 9.3 per cent growth in the same quarter of 2021. Read More
8,"Pages: 206 Price: Ksh.4000/- Date of Publication: Aug 2010

DESCRIPTION A population census is a complete count of the country’s population. United Nations recommends that countries conduct censuses every 10 years. This report is the first in the preliminary reports series to be released on the 2009 KPHC."
8,INVESTING IN KENYA 03/07/2018
8,"INVESTING IN KENYA 03/07/2018

Address"
8,"North Rift - Emmy Jerono, Tel: 0758 925 459Central Rift (Nyandarua/Kiambu) - Timothy Mwangi, Tel: 0719 698 494Central Rift (Nakuru/Baringo) - Daniel Mwaura, Tel: 0113 276 119South Rift - Geoffrey Mutai, Tel: 0758 908 078Mt Kenya - Stephen Kariuki, Tel: 0758 841 963

For Sales & Customer Services from Highlands farm, call Constance 0742844207 or Ruth 0741788380"
8,Relief for City residents as Governor Sonko launches “water for all” initiative.
8,Nairobi City Crowned Africa’s Leading Business Travel Destination
8,Invitation to Public Participation Annual Development Plan 2020-2021
8,From Dogs to Donkeys: Free Rabies Vaccination Day in Kasarani Subcounty!
8,BEAT THE DEADLINE AND SAVE BIG! 5% Discount When You Pay Your Rates Early
8,"Unity, Progress, and Hope: Governor’s Jamhuri Day Greetings to Nairobi and Kenya"
8,H.E Governor Mike Mbuvi Sonko’s Mashujaa day Wishes
8,Nairobi City County Reviews Sexual and Gender Based Violence Management and Control Bill
8,"SPEECH BY GOVERNOR OF NAIROBI H.E HON. SAKAJA A. JOHNSON, EGH, DURING THE 25TH EAC MSEMES TRADE FAIR ON TUESDAY, 11 NOVEMBER 2025"
8,Sonko strikes deal with Nairobi County health workers over pending promotions.
8,"Education,Sports,Culture,Youth,Gender and Social Services Sector Working Groups Workshop."
8,"Jevanjee, Bachelor residents to be relocated as Sonko’s second housing project kicks off"
8,"City Hall promotes 2,100 health workers"
8,Sonko lobbies for more partnerships in addressing population challenges
8,Nairobi County First Lady Primrose Mbuvi unveils anti-HPV campaign
8,Construction of Selected Roads in Utawala Ward
8,NAIROBI COUNTY HOLDS CONSULTATIVE MEETING WITH JEEVANJEE/BACHELOR QUARTERS ESTATE TENANTS
8,Public Caution
8,Condolence Message On The Passing Of The RT. Hon Raila Amolo Odinga
8,TENDER CANCELLATION NOTICE-WARD DEVELOPMENT PROGRAMME
8,"NAIROBI, Friday 15, 2019, GPS

Nairobi City Governor Mike Sonko has struck a deal with health workers in the County over their pending promotions."
8,"Kindly access the Draft Annual development plan (ADP) 2020/2021 from the downloads Page.

General Inquiries"
8,Call For Side Event Applications
8,Sonko’s decongestion plan at Mama Lucy Hospital takes off successfully
8,INVITATION TO TENDER
8,"NAIROBI, December 1, 2019, GPS

City Hall has deployed disaster management officers in all the 17 sub-counties in Nairobi."
8,"Education,Sports,Culture,Youth,Gender and Social Services Sector Working Groups Workshop.

Nairobi,14th November 2019."
8,Hon. Geoffrey Kiringa Ruku
8,Dr. Jane Kere Imbunya
8,"Dr. Jane Kere Imbunya (PhD)

Principal Secretary"
8,The Second Edition of The Nairobi Festival is on 12th To 17th December 2023
8,Battle of the Choirs Vendor Registration
8,Call for Auditions-Battle of the Choirs registration Extended
8,Green Nairobi County Executive Engages with World Waternet for Strategic Partnership in Transforming Nairobi Rivers Ecosystem
8,"Karibuni to the 1st Scientific Health conference at Emara, Ole Sereni Hotel from 20th -22nd November 2024

Kindly click here for the Conference Booklet"
8,"Follow this Link for all the information about 2nd Health Scientific Conference 2025

General Inquiries"
8,Sponsorship Packages
8,Conference Concept Note
8,The 2nd Nairobi Health Scientific Conference – 5th to 7th November 2025
8,THE 2ND HEALTH SCIENTIFIC CONFERENCE NAIROBI CITY 2025
8,WELCOME TO THE 2ND NAIROBI HEALTH SCIENTIFIC CONFERENCE 2025
8,"Budget and Partnerships Sub-committee

Scientific Review Sub-committee"
8,CONFERENCE SIDE EVENTS
8,"Here is the link on how to pay for Delegate registration

General Inquiries"
8,"Nairobi Governor Johnson Sakaja Expands Dishi na County School Feeding Program to Benefit 60 Schools in Phase II, Aiming to Feed 250,000 Children in Term 2"
8,"Nairobi, 19th January, 2024

In January 2024, Nairobi Governor Johnson Sakaja shared a meal with pupils of Kinyanjui Road Primary School."
8,"NOTICE FOR PUBLIC PARTICIPATION ON THE DRAFT COUNTY RESOURCE MOBILIZATION, PARTNERSHIPS AND DONOR COORDINATION POLICY SCHEDULED FOR 19THJUNE 2025, AT CHARTER HALL, CITY HALL BUILDING BETWEEN 8.30 AM TO 1.00PM"
8,Deputy Governor of Nairobi Explores Bilateral Opportunities with Belarus in Pivotal Interview: Strengthening Ties and Collaboration for the Future
8,It is now easy to make payments for services in Nairobi using Nairobi E-Services Portal.
8,"Kindly follow this link for vendor registration👉🏼 Battle of the Choirs Vendor Registration

General Inquiries"
8,"Nairobi: Tuesday,19th December 2023

Nairobi City County hosts the finals of the Sakaja Super Cup 2023 at the Police Sacco Stadium in South C."
8,"Transition to Unified Business Permit: Nairobi County Implements No Cash Policy, Encourages Digital Payments"
8,"Nairobi, 9th January, 2023

Nairobi County customers continue accessing services at the recently unveiled Customer Service center at City Hall Annex."
8,"The Kenya National Bureau of Statistics (KNBS) would like to bring to the attention of the public that it has NOT externally advertised any vacancy, as purported through the social media.

We wish to notify the public that what is being circulated is an INTERNAL advertisement meant to fill positions left by employees who exited the Bureau. We wish to also notify the public that All KNBS jobs are advertised through the daily newspapers, uploaded on the website www.knbs.or.ke and a link posted on official social media sites. Anytime you receive a job advertisement purported to be from the KNBS, kindly verify the details from our official platforms."
8,"NAIROBI, November 8, 2019, GPS

General Inquiries"
8,Click to Download/View
8,"Accountability, transparency, excellence, accessibility, integrity, responsiveness, equity and team work."
8,Sectoral Contacts
8,"Green Nairobi (Environment, Water ,Food and Agriculture)"
8,This sector is responsible for provision of water and sanitation services and Coordination of Nairobi food systems.
8,"This is the sector that deals with Education(ECD and Vocational training, Issues of street families) ,Youth and sports –"
8,This sector handles all the County health installations.
8,"Physical Location: City Hall, 2nd FloorTelephone: +254 20 217 7264"
8,Innovation and Digital Economy Sector
8,Health Wellness and Nutrition Sector
8,"Physical Location: City Hall Annex, 3rd Floor,Room 305Telephone:Email address: :

General Inquiries"
8,Business Registration Form
8,"Business Registration Form

General Inquiries"
8,MEMORANDUM TEMPLATE Annual development plan 2020/21 ( For those who would like to give feedback)
8,"Nairobi: 3rd November, 2023

The first public eye hospital in Kenya, Nairobi and East Africa."
8,Nairobi County set to host Third Innovate Nairobi Tech Week 2025
8,Ground breaking of the Material Recovery Facility at Korogocho
8,"KEY DATES:

Where to Submit your Abstract – “CMT submission link will be coming shortly”"
8,Nairobi City County Partners with Women Enterprise Fund to Empower Women and Girls through Socio-Economic Initiatives
8,Nairobi County Hosts Miss Kenya UK Beauty Pageant
8,Nairobi County’s Culture and Tourism Department Wins “Leading County in Sustainable Tourism Development” Award at Eco Tourism Kenya Event
8,KPSEA Students To Continue Receiving A Meal During Exam Period
8,"Nairobi City County Executive Rosemary Kariuki Joins Runners at 20th Edition of Standard Chartered Nairobi Marathon, Highlights County’s Commitment to Youth Development"
8,Addressing E-Waste Challenges: Nairobi City County Leads the Way in Responsible Disposal and Recycling Efforts
8,GOVERNOR KANANU LAUNCHES NAIROBI CITY COUNTY YOUTH POLICY AT CHARTER HALL.
8,Kananu attends the Kenya Girl Guides Association centenary celebrations
8,"NOTICE TO ALL MATATU OWNERS,OPERATORS AND SACCOS"
8,Let your track record define you – Kananu
8,"Nairobi City and the city of Raleigh, North Carolina ink twining agreement"
8,Deputy Governor Muchiri in Rio De Janeiro to attend the Annual Milan Urban Food Policy Pact forum
8,Kananu thanks Dawoodi Bohra community for their initiatives in commemorating the World Environment Day.
8,Deputy Governor H.E. Njoroge Muchiri Chairs Task Force Meeting for the Operationalization of Ward-Based Biashara Revolving Fund: A Boost for Indigenous Micro and Small Enterprises in the County
8,"Nairobi 24th October, 2023.

The Deputy Governor H.E. Njoroge Muchiri yesterday chaired a task force meeting, towards operationalization of the ward based Biashara revolving fund."
8,Private Secondary Schools In Nairobi
8,"Private Secondary Schools In Nairobi

General Inquiries"
8,Nairobi City County and its partners engage in Intergovernmental Consultative Framework for Gender.
8,Ilani Kwa Umma
8,Nairobi City County announces availability of Yellow fever and polio vaccines.
8,"KNBS officials visited Statistics Sweden (SCB) from 12th to 16th October, 2015. This is part of the Technical Assistance Cooperation Project between Kenya National Bureau of Statistics and Statistics Sweden that is primarily aimed at enhancing the capacity of the National Statistical System to produce quality statistics. The delegation was led by Director General KNBS, Mr. Zachary Mwangi-and included Mr. Cleophas Kiio- Director-ICT; Mr. Saitoti Torome –Director-Strategy and Development; Mr. Benjamin Avusevwa- Coordinator-NSDS and Mr. Hiram Mbatia- KNBS/SCB Project Coordinator-KNBS. Ms. Cathy Kruger the Local Technical Advisor (LTA) for the project accompanied the KNBS delegation.

During the visit, the team was taken through the various statistical production processes at both SCB offices in Stockholm and Orebro. Some of the areas discussed include external and internal communications, including media relations, dissemination of statistics especially through the SCB website, business surveys, quality assurance frameworks and the implementation of high frequency Labour Force Surveys."
8,Sakaja commits to improve Nairobi’s inspectorate training schools.
8,Nairobi county ECDE Music team to represent the City in the 94th National Music Festival to be held in Kisumu City from 16th-25th September 2022.
8,Sakaja spearheads seamless transition. Promises to make Nairobi work
8,Public participation on the county integrated development plan (CIDP) 2023-2027
8,Greening Nairobi Campaign
8,"Kindly click on the picture to view related video

General Inquiries"
8,"NAIROBI: 12th NOVEMBER, 2023

Governor Sakaja yesterday graced a fundraising dinner by BookBunk at the Macmillan Library in Nairobi’s Central Business District."
8,Pumwani Maternity And Referral Hospital Vacancies
7,Our Objectives
7,WANT TO ADVERTISE WITH US ?
7,"The Kenya Private Schools Association (KPSA) was founded in 1994 by visionary owners in the then well-established private schools in Nairobi and other parts of the country. Currently, the association is represented in 47 county branches across the country."
7,Fast
7,CTK
7,"Vision To be the leading appellate Tribunal in adjudicating competition and regulation matters within the region.

Competition Tribunal Members,Staff and Stakeholders at a Validation of key policy documents at Mombasa Beach Hotel, 8th March To 31St."
7,"Last week the Daily Nation reported how the income of Nyandarua potato farmers grew from KES 4,800 to KES 440,000 per acre."
7,KNBS News & Events
7,More than 3.6 Million Kenyans file returns as deadline closes
7,"More than 3.6 Million Kenyans have filed their 2018 tax returns as the filing period officially closed on Sunday 30thJune 2019.

The improvement is significant with more than four hundred thousand taxpayers filing their 2018 tax returns compared to last year, which saw 3.2 million Kenyans file their returns by 30th June."
7,Three charged with KShs. 4.5 M tax evasion and manufacture of illegal liquor
7,"Three people were today charged at the Milimani Law Courts with illegal manufacture of excisable goods and possession of counterfeit excise duty stamps with duty value of Kshs. 4.5 million.

The three; Margaret Waithera Kariuki, Samuel Kihara Wakaba and Peter Mwangi Gichuhi were charged on three counts. The particular charges are of possession of counterfeit excise duty stamps and illegal manufacturing of excisable goods with an excise duty valued at Kshs. 4.5 million."
7,"KRA unearths child trafficking scheme at Isibania, Kenya-Tanzania border"
7,"KRA has unmasked an elaborate child trafficking scheme operating from Isibania, the border between Kenya and Tanzania, following an attempt to traffic a one- month old baby.

The baby suspected to have been stolen from either Kenya or Tanzania was saved from an alleged child trafficker Mrs. Lucresia Mnyeke Magabi, a thirty-one (31) years old, on 20th July, 2019."
7,Motorcycle dealers arrested over tax evasion amounting KShs 698 million
7,"Six directors of a company dealing in the lucrative motorcycles (boda boda) trade within Marsabit County have been arrested for tax evasion related frauds amounting to KShs 698 million. Ali Ibrahim Dida, Hassannoor Adan Ali, Kose Isatu Hirbo, Ibrahim Worku Hirbo, Wako Bate Hirbo, Abdullahi Mamo Jillo, all directors of Northern Auto Dealers Limited were arrested after they failed to declare income earned for the period between the years 2016-2019 from the returns filed on behalf of the company.

The company is dealing in buying and selling of motor cycles within Moyale Town and despite making sales amounting to Kshs 3,420,942,711 between 2016 and 2019, the business failed to declare the income earned nor pay the requisite taxes for both VAT and Corporation Tax."
7,Directors charged with tax evasion amounting to Kshs. 273 million
7,"Two businessmen Ali Hassan Apei and Bashir Hassan Abbey Mamo, both directors of Microbit Systems Limited have been charged today before Milimani court Chief Magistrate Hon. Martha Mutuku with tax evasion amounting to Kshs. 273 million.

The two were charged with ten counts of fraud in relation to tax contrary to Section 97 (a) as read with section 104(1) of the Tax Procedures Act, 2015. The counts’ particulars include failing to declare in the company’s tax returns the income, failure to pay corporation tax and failure to file tax returns within the years 2013 to 2017."
7,Rice importers charged with Ksh1.5 billion Tax Evasion
7,"Two businessmen of Pakistani Nationality were today charged before Mombasa Chief Magistrate Ms Edna Nyaloti for evading tax worth Ksh1.5 billion. The traders, Rahim Qasim and Rameez Gulzar Ali alongside their firm Jhulay Lal Commodities limited were found to have been importing rice into the country while deliberately failing to pay Income Tax.

According to investigations, it was established that for the period covering January 2015 and December 2018, the suspects imported rice worth Ksh1.68 Billion. They sold the rice and banked the proceeds in their various companies’ accounts."
7,"A truck driver was today arraigned before the Busia Law Court Senior Resident Magistrate Ms. Phoebe Kulecho and charged with three offences including being in possession of ethanol worth Kshs. 12 million.

The suspect, Mr Peter Lawrence Mwangi, was also accused of transporting restricted goods contrary to Section 199 of the East African Community Customs Management Act (EACCMA), 2004 and concealment of imported goods contrary to Section 202(a) of the EACCMA, 2004."
7,Businessman Charged Over KES 130 Million Tax Fraud
7,"A businessman, Anthony Waweru Macharia, has been arraigned before the Nyeri Law Courts and charged with tax fraud amounting to KES 130 million.

The accused faces twelve (12) counts of deliberate failure to declare true income in his tax returns between the years 2019 and 2024, contrary to Section 97(c) as read together with Section 104(3) of the Tax Procedures Act."
7,Truck driver charged with smuggling of Mahogany worth 1.4 M
7,"A truck driver has been charged before Busia senior principal magistrate Hon. Patrick Olengo with being in possession of smuggled mahogany timber worth Kshs 1.4 million.

Customs and Border Control officers arrested the accused person along Malaba-Busia highway on 26th November 2020 alongside others who did not appear before court."
7,"Two suspects were today charged before Kapenguria Principal Magistrate Samuel Mutai for allegedly smuggling 160 bags of 50kg of sugar across Uganda-Kenya border.

The customs value of the sugar is Kshs 530,720 with a tax implication of Kshs 705,859 since the consignment did not have a certificate of origin from the East African Community the applicable import duty is 100% and VAT at 14%."
7,Drivers separately charged with smuggling ethanol worth Kshs 10.8 M
7,"Two truck drivers have been separately charged with smuggling of ethanol value of Kshs 10.8 million and tax value of Kshs 3.2 million before Busia Law Courts Senior Resident Magistrate Phoebe Kulecho.

Peter Kimana Ngugi and Boniface Gitau Wanjiku both separately faced similar counts of possession of restricted goods and that of conveying uncustomed goods both criminal offences according to East Africa Community Customs Management Act,2004."
7,"A Nakuru based automotives dealer has been charged before Milimani law court with eleven counts of tax frauds and other tax offences all amounting to KShs.142, 469,158.

Zameer Kassamali Mohamed, the managing director of Mahir Nakuru Automotive Ltd faced nine (9) counts of tax fraud by omitting to declare full taxes leading to income tax and Value Added Tax loss from 2015 to 2019. He also faced a count of failure to file tax return for 2019 as required under Section 94 as read with Section 104(1) of the Tax Procedures Act, 2015."
7,KRA seizes diverted cargo worth KShs.80 million
7,"KRA officers have seized a consignment of goods, which had been diverted into three gowdowns in Ruiru Town.

The goods, seized on 13th August 2021, formed part of 5 containers containing tyres and assorted electronic goods which had been declared to be destined to Southern Sudan but were instead diverted to the country in an attempt to evade taxes."
7,"Two directors of Purma holdings wanted over Kshs. 2.2 billion tax evasion court case have been released on a Kshs.50 Million bond with surety of Kshs. 25 million each after they presented themselves before the Anti-Corruption Court today morning.

The two, Ms. Mary Wambui Mungai & Ms. Purity Njoki Mungai presented themselves in court to take plea before Chief Magistrate, Hon. Felix Mutinda Kombo accompanied by their lawyer Nelson Havi."
7,"A trader has been charged with three counts relating to counterfeit excise stamps.

Agnes Muthoni Matum, the director of Crywan Enterprises Limited was arraigned at the Milimani Law court to answer to charges of manufacturing of excisable goods without a license, being in possession of excisable goods affixed counterfeit excise stamps and being in possession of counterfeit excise stamps."
7,"Six traders have been separately charged with offences relating to possession of counterfeit excise stamps amounting to KShs. 2.6 million.

Geoffrey Thuranira, Moses Njeru Kimwere and Purity Kanario were separately charged with being in possession of excisable goods affixed with counterfeit excise stamps contrary to the provisions of Excise Duty Act Regulations. Joseph Gitonga M’mukindia & Stephen Ndegwa Gikonyo were jointly charged with similar offences. Miriam Cheptoo also faced a similar charge and two other counts of being in possession of prohibited goods and being in possession of uncustomed goods."
7,"Two company directors alongside their company have been charged with 26 counts of tax evasion amounting to KShs. 92, 678,118 at the Milimani law court.

Caroline Njoki Kuria and Gasper Rogasiani Asenga, both directors of CRYSTAL WORLD AGENCIES LIMITED faced 13 counts of omitting from tax returns production amounts which ought to have been included contrary to section 97(a) as read with section 104(3) and 13 other counts of failure to pay taxes by the due date contrary to section 95 as read with section 104(3 of the Tax Procedures Act, 2015."
7,6.3 Million Kenyans File Their Income Tax Returns on Time
7,"6.3 million Kenyans met the deadline for filing their tax returns by midnight (June 30th Friday, 2023).

This represents a 14.5% growth compared to returns filed in the previous year of income, 2021 which stood at 5.5M. Some of the success drivers include:"
7,Lorry driver jailed over Kshs.26 million smuggled cigarettes
7,"The Chief Magistrate’s Court at Kakamega Magistrate’s Court has sentenced to one-year imprisonment a lorry driver, Mr. Shadrack Chirchir Kogo, who had been charged in January 2024 with the offence of conveying uncustomed goods contrary to the East Africa Community Customs Management Act,2004. In addition, the Court ordered for the forfeiture of cigarettes valued at Kshs. 26,250,000/=, which had been smuggled from Burundi.

Two other accused persons; Jacktone Andayi and Christabel Wafula, who were charged with the offence of being in possession of excisable goods contrary to the Excise Duty Act,2015, were acquitted for lack of evidence. The trio had been charged in connection to 350 cartons each containing 5000 sticks of Supermatch cigarettes and 40 bags of smuggled wheat bran chicken feeds manufactured in Burundi that were found being offloaded at a residential premise at Shuvumbe area in Kakamega on 15th October, 2023. The accused were arrested during an intelligence-led operation conducted by DCI and KRA officers in the residential premise, which was still under construction."
7,"The Resident Personal Relief has been increased from Kshs. 15,360 per annum (Kshs. 1,280 per month) to Kshs 16,896 per annum (Kshs. 1,408 per month)

Employers, employees and other individual taxpayers are advised to implement the above changes while computing the taxes for periods beginning 1st January, 2018."
7,Taxation of Untaxed Profits Distributed as Dividends
7,"The Finance Act, 2018 introduced a tax at corporate rate on untaxed gains or profits from which dividends are distributed with effect from 1st January 2019.

The new provision has been the subject of erroneous interpretation including in the media. In addition, KRA has received various enquiries in relation to application of the new provision."
