score,text
20,Employment in any foreign country for a limited period of time other than the following employments.
20,Scholarships
20,"Haile Selassie Avenue P.O. Box 30128-00100 Nairobi, KENYA. Telephone: 00254 (2) –317840/41–42/53/64 Fax: 226602 E-mail: governmentpress@kenya.go.ke"
20,Related links
20,"Publications and hard copy items such as Acts and Bills of Parliament, logbooks, manuals, economic survey, Development Plans, Annual Reports of Various Government Departments, Estimates of the Republic of Kenya, Public Accounts Committee, Sessional Papers, Revised Editions of laws of Kenya, Selected Applied Legislation, The controller of Auditor & General Reports as well as self-help books created to assist with the social and economic growth of our citizens, fall under the Publications.

Download the full list of publication available for purchase: Government Press Catalogue In addition, the business unit also offers the following services:"
20,"ABOUT GOVERNMENT PRESS

The Government Press is a Department under the Executive Office of the President as per the Executive Order No. 1 of 2023. It is Kenya's major centralized facility for creating, verifying, distributing, and archiving official Government information. Government Press has been in operation for more than a century, having been established in 1895 by the colonial administration to produce necessary documents for the smooth running of the colonial government. It was later developed into a fully-fledged printing unit to produce materials for the Kenya-Uganda Railway and also for the East African and Uganda protectorate."
20,Notice – Call for Submission of Civic Education Reports By Non- State Actors for the Calendar year 2025
20,Integration of the Export Process in iCMS with the VAT Return in iTax
20,"Kenya Revenue Authority notifies taxpayers and the public that, effective May 2026, the VAT return export data in ICMS will be integrated with the declaration of zero-rated supplies in the VAT return in iTax.

This means that validated export values will be automatically prefilled in the VAT return upon issuance of the relevant export documents by Customs. The change applies to exports to the Single Customs Territory, other foreign countries, Export Processing Zones (EPZs) and Special Economic Zones (SEZs)."
20,Media clarification
20,"KRA notes with disappointment,the erroneous publication of a media article arising from a presentation tabled to the Parliamentary Departmental Committee on Agriculture on Tuesday 3rd, 2018. The misleading article published in the Daily Nation on Thursday, July 5, 2018 and headlined: 'Firms hid behind sugar law to import drugs? provides a distorted and inaccurate report of the KRA?s report to the Departmental committee as presented and duly tabled in the National Assembly.

At the presentation session, the KRA Commissioner General, Mr. John Njiraini was clear on the period when the drugs allegedly entered the country. This was in July 2016 and was not within a duty free window."
20,Issuance of Tax Compliance Certificate (TCC) Not on Halt
20,"The Kenya Revenue Authority (KRA) informs taxpayers that the issuance of Tax Compliance Certificates (TCC) is ongoing.

For taxpayers who have no tax liability, iTax will generate an automatic TCC. However, some taxpayers may experience challenges when applying for the TCC if they have tax compliance related issues. In such cases, the taxpayers will receive a message informing them about the need for verification before the TCC is issued."
20,KRA intercepts gold worth Ksh100m at JKIA
20,"The Kenya Revenue Authority (KRA) has intercepted gold worth KSh100 million at the Jomo Kenyatta International Airport, Nairobi.

The gold is alleged to have been in the custody of a 46-year-old Tanzanian man, seized by KRA Customs officers and a team of security agencies attached at the airport. At least 32,255.50 grams of gold bars and an accompanying invoice of USD859890, worth approximately Ksh.100 million, were found in his possession."
20,Harmonization of customs processes key in trade facilitation: KRA Commissioner General
20,"The Kenya Revenue Authority (KRA) Commissioner General Mr. John Njiraini has today called upon all EAC Revenue Authorities to come up with more innovative ways of addressing emerging customs revenue policy and administrative challenges.

Speaking during the 45th East African Revenue Authorities Commissioners General (EARACGs) and the Regional Joint Coordination Committee Meeting (RJCC) held in Nairobi, Mr Njiraini urged the East African Revenue Authorities Technical Committee (EARATC) to continue devoting their best efforts for the betterment of revenue mobilization and development of Member States."
20,"KRA offices to remain open until Sunday 30th June, 2019"
20,"The Kenya Revenue Authority (KRA) offices will remain open until 30th June 2019, to facilitate payment and filing of tax returns by all PIN holders.

The offices comprises all Customs offices including Jomo Kenyatta International Airport (JKIA) and iTax Service Centers countrywide to facilitate taxpayers to pay and file their 2018 and other prior annual tax returns."
20,KRA wins case to collect taxes on dumped export petroleum from Rayan Logistics Limited
20,"Kenya Revenue Authority (KRA) has won a case to collect taxes from Rayan Logistics Limited and not Kenol Kobil as reported earlier.

The High Court sitting in Nakuru, ordered Rayan Logistics Limited, a transporter, to pay KRA Kshs.3, 954,673 in respect of export petroleum products that was consumed in Kenya."
20,Commissioner of Legal Services & Board Coordination – Paul Matuku
20,JOINT COMMUNIQUE - 5th KEPSA-KRA Tax Round Table forum
20,"The Kenya Private Sector Alliance (KEPSA) and the Kenya Revenue Authority (KRA) jointly hosted the 5th KEPSA-KRA Tax Round Table forum at the Nairobi Serena Hotel. The conference brought together business leaders and stakeholders’ drawn from the private sector to deliberate on the prevailing tax policy and related concerns. The 5th KEPSA-KRA Tax Round Table forum also provided a platform for KRA to update KEPSA members on developments relating to tax compliance and policy matters.

Specifically, the roundtable forum explored collaborative approaches on how to:"
20,Dutch Flower Firm ordered to pay Ksh.1.3 billion in taxes
20,"Kenya Revenue Authority (KRA) has won a case to collect taxes worth Ksh.1.3 billion from Van Den Berg limited, a Dutch flower firm operating in Kenya.

The firm was ordered to pay KRA after the High Court in Nairobi dismissed a judicial review application filed by the company in April, 2016 seeking to quash a tax assessment issued by the Commissioner of Domestic Taxes."
20,Tax Appeals Tribunal dismisses suit seeking to stay collection of Kshs.181 million tax
20,"PRESS RELEASE 02/10/2020

Did you find this content useful?"
20,KRA foils attempt to smuggle contraband goods at Taveta border
20,"Kenya Revenue Authority (KRA) has smashed a syndicate involving the importation of contraband goods into the Country through the Taveta-Holili One –Stop Border Post (OSBP).

KRA detectives intercepted and seized restricted goods, including ethanol, assorted cosmetics used textiles, used footwear, soap handkerchiefs and used shoes with a total value of Ksh10,693,391, at the border. The detectives also arrested a suspect in connection to part of the consignment. Should those behind the racket have succeeded in their scheme, the government would have lost Ksh6,811,870 million in tax revenue."
20,President Uhuru Kenyatta launches a web based system to curb tax evasion
20,"The Kenya Revenue Authority (KRA) has launched a web-based anonymous reporting solution dubbed iWhistle, at a virtual function graced by President Uhuru Kenyatta, today.

The KRA iWhistle solution will enable the public to anonymously report and provide tax crime leads and its launch was one of the highlights at the annual KRA Taxpayers’ Day Celebrations. The online reporting solution, will be conveniently accessed through the web link https://iwhistle.kra.go.ke."
20,KRA embraces digital platforms and urges taxpayers to file tax returns ahead of deadline
20,"Kenya Revenue Authority (KRA) is promoting the use of digital channels in service delivery at the onset of the final phase of the tax return filing season which closes on 30th June 2021.

January 1 st , 2021 marked the beginning of the tax return filing season for the 2020 year of income. All annual tax returns for the year 2020 for individuals and for entities with a December year end should be submitted online through the iTax platform on or before 30th June 2021. The iTax portal can be accessed through https://itax.kra.go.ke. KRA encourages taxpayers to file their returns early in order to avoid the end of June deadline rush."
20,"Commissioner, Domestic Taxes"
20,KRA SUSTAINS OUTSTANDING REVENUE PERFORMANCE TREND
20,"Kenya Revenue Authority (KRA) has recorded the highest revenue performance rate since the beginning of the Financial Year 2020/2021 after collecting Kshs 144.6 billion in March 2021 surpassing the revenue target. This is an outstanding performance compared to the month of February when KRA collected Kshs 127.7 billion registering a performance rate of 105.1% to surpass its February revenue collection target.

Despite the slow economic progression, KRA registered 11.2% revenue growth collecting a surplus of Kshs 6.6 billion in March 2021. This was the fourth month running that KRA posted an improved and above target performance since December 2020."
20,KRA unearths tax evasion scheme in foreign motor vehicles clearance
20,"The Kenya Revenue Authority (KRA) has unearthed a tax evasion scheme where unscrupulous persons use forged documents to facilitate foreign registered vehicles to operate in Kenya without paying requisite taxes.

KRA investigations established that culprits use a false payment slips to facilitate clearance of foreign registered motor vehicles, thus evading payment of transit road toll fees."
20,"Commissioner, Investigation and Enforcement Department"
20,Dr. Edward Karanja
20,"KRA RECORDS EXCELLENT PERFOMANCE, EXCEEDS TARGET IN FIRST HALF OF FY2021/22"
20,"The Kenya Revenue Authority (KRA) has recorded an above-target revenue performance in the first half of the Financial Year 2021/2022 after collecting KShs. 976.659 billion against a target of KShs. 929.127 billion thanks to higher tax compliance. Patriotic taxpayers keen on facilitating national development allowed KRA to collect a surplus of KShs. 47.532 billion.

KRA also surpassed both its exchequer revenue and overall revenue targets in the last five months. (From August to December). Specifically, KRA surpassed both the overall and exchequer targets in December 2021 by KShs 10.152 Billion and KShs 8.257 Billion respectively."
20,COMMISSIONER GENERAL
20,"Compliance with the VAT (Electronic Tax Invoice) Regulations, 2020"
20,"Kenya Revenue Authority (KRA) would like to remind the public and all VAT registered taxpayers that the deadline of the transition from the old Electronic Tax Registers (ETRs) to the upgraded ETRs is 31st July 2022. The move is aimed at enhancing VAT compliance, minimizing fiscal fraud and increasing tax revenue in accordance with the VAT (Electronic Tax Invoice) Regulations, 2020.

KRA appreciates taxpayers who have complied this far and those who are making efforts to comply."
20,Betting Sector Records 30% Revenue Growth as KRA Interlinks Firms to Tax System
20,"Revenue collection in the betting and gaming sector has registered a significant growth after Kenya Revenue Authority (KRA) collected over KShs 15.100 Billion from Excise on Betting and Withholding Tax on Winnings from the betting sector. The revenue collection reflects a growth of 23.9% from the tax heads, compared to the same period in the financial year 2021/2022.

Excise Duty on Betting registered an exceptional performance of 116.2% after KRA collected KShs 6.640 Billion from the sector. The collection was against a target of KShs 5.715 Billion, which reflects a surplus collection of KShs 925 Million from the tax head. The increase in Excise duty on betting reflects a growth of 30.0% compared to the same period in FY 2021/2022."
20,"Excisable Goods Management System Go Live (Bottled Water, Juices, Energy Drinks, Soda and other Non-Alcoholic Beverages)"
20,"Kenya Revenue Authority informs all licensed manufacturers, importers, distributors, retailers and general public that further to the Public Notice dated 30th August 2019, bottled water, juices, energy drinks, soda and other non-alcoholic beverages manufactured in or imported into Kenya from 13th November, 2019 must be affixed with an Excise Stamp in accordance with Section 28 of Excise Duty Act 2015 and Legal Notice 53 of 30th March, 2017 (Excisable Goods Management System Regulations).

Only licensed manufacturers and licensed importers of Excisable Goods in accordance to Section 15 of the Excise Duty Act 2015 can obtain Excise Stamps. To purchase Excise stamps, visit https://egms.kra.go.ke using the log in details issued after licensing."
20,Automated Verification of VAT Returns (Reminder)
20,"The Kenya Revenue Authority would wish to inform the public that system improvements made to the iTax VAT return verification module following stakeholders’ feedback, have been concluded. The module cross-validates invoice details in buyers’ and sellers’ VAT returns then generates inconsistencies which affected taxpayers are required to resolve within a given period from the date of system notification.

Further, KRA wishes to advise Taxpayers that were affected by the verification of the January 2018 returns to amend their returns within 60 days from the date of this Notice. Input tax relating to inconsistencies which will remain unresolved after the stated period shall be disallowed."
20,Commissioner of Customs & Border Control Department
20,Applications for Renewal of Customs Clearing Agents Licences 2020
20,"PUBLIC NOTICES 11/12/2019

Address"
20,Kenya Revenue Authority Ministry of Devolution and the ASALS
20,"Tax Legislative Changes Contained in Legal Notice No. 35 of 2020 and Business Laws (Amendment) Act, 2020"
20,"Kenya Revenue Authority informs registered taxpayers and the general public about the changes in tax laws contained in Legal Notice No. 35 of 2020 and Business Laws (Amendment) Act, 2020.

VAT ACT, 2013"
20,Filing of 2019 Tax Returns
20,"Kenya Revenue Authority informs taxpayers that the 2019 tax returns are due on 30th June 2020. KRA services at Huduma Centres countrywide have now been opened to support taxpayers.

KRA continues to encourage taxpayers to do online filing on: www.itax.go.ke or call the contact centre on 020 4 999 999 or 0711 099 999 or send an email to callcentre@kra.go.ke."
20,"PUBLIC NOTICES 05/05/2021

Address"
20,Paperless Customs Clearance at the Entry and Exit Points
20,"Kenya Revenue Authority (KRA) wishes to notify all stakeholders that KRA is implementing paperless Customs clearance of cargo at all entry and exit points. Customs will perform paperless examination, approval and release of inbound and outbound goods through the Customs systems. This new process commenced in May 2020.

Reducing paperwork during Customs clearance will facilitate transparency, increased tax compliance, simplification of international trade and reduce time and cost of doing business."
20,"Deputy Commissioner, Marketing & Communication Department"
20,Fraudulent person(s) masquerading as KRA staff
20,"PUBLIC NOTICES 02/02/2022

Address"
20,On Boarding of Rental Properties on eRITS
20,"Kenya Revenue Authority (KRA) wishes to notify the public that it has rolled out an Electronic Rental Income Tax System (eRITS), which will facilitate easier payment of Monthly Rental Income (MRI). The system enables management of properties, filing and payment of rental taxes in a simple and convenient way.

The link to access the system is https://erits.kra.go.ke or the eCitizen public portal. We urge all persons owning rental properties and earning rental income to update/correct their property details as appropriate in the new KRA system."
20,APPLICATION FOR LICENCES FOR TRANSIT GOODS LICENCE (C28) AND VEHICLES CONVEYING OTHER GOODS UNDER CUSTOMS CONTROL (C40)
20,"Kenya Revenue Authority (KRA) wishes to remind all Transporters conveying Transit Goods and other goods under Customs control that their licenses will expire on 31st December, 2023.

Provisions relating to the licensing of vehicles conveying Transit Goods and other goods under Customs control are contained in Regulations 104 & 210 of the East African Community Customs Management Regulation, 2010 & Section 244 of the East African Community Customs Management Act, 2004."
20,Update on Simplification of VAT Return Filing for VAT Registered Taxpayers.
20,"The Kenya Revenue Authority (KRA) notifies all VAT registered Taxpayers that the VAT return will be pre-filled with tax information available to KRA starting from the November 2024 tax period. This is to simplify the VAT return filing process.

All VAT registered Taxpayers are therefore advised to confirm the accuracy of their pre-filled November 2024 VAT returns prior to submission on or before 20th December 2024."
20,Tubonge Tax
20,"In spite of the Covid-19 pandemic, the year this far has seen humanity maneuver the series of misfortunes that have riddled the world. For survival, new ways of doing things have emerged, pegged on getting information as fast as possible with as little physical interaction as possible. Podcasts is one of these new tools of communication that stand out!

Kenya Revenue Authority is not left behind in this mille; we are launching TubongeTax podcast, the authority’s ace in the hole on all matters tax. The Podcast complements other platforms run by KRA like the Facebook and Linkedin social media pages. In fact, this latest addition, strives to position KRA as a thought leader in tax policy and administrative matters through informative discussions."
20,A Tax Compliance Certificate; Why you Need it
20,"Have you ever been in urgent need of a Tax Compliance Certificate (TCC) and wondered which button to press to get it? The good news is that a TCC can now be acquired instantly upon successful application. However, this is only possible if one has filed all the returns and paid any taxes due.

A TCC is a certificate issued by the Commissioner if satisfied that the person has complied with the tax law in respect of filing returns and payment of all the taxes due or has made an arrangement with the Commissioner to pay the taxes due. It is not only an essential document, but also a gateway to several opportunities. Currently, most job offers require one to have a valid TCC upon application. The document is also a requirement when applying for tenders. A TCC is a must have for manufacturers and importers of excisable products, just to mention but a few. Being tax compliant therefore comes with several advantages."
20,The Role and Mandate of Kenya Revenue Authority (KRA)
20,"Recently, I inquired from my neighbours on what they know about Kenya Revenue Authority (KRA). The obvious cross cutting answer was the association of KRA with tax payments.

However, who is KRA, how and why was it formed? What are its role, mandate, mission and vision? This article will seek to enlighten taxpayers on the aforementioned and so much more."
20,Cynthiah Kerubo Oigara
20,The Wings of Willingness
20,"“The quality of our lives depends not on whether or not we have conflicts, but on how we respond to them.” These are words of Thomas Crum, a famous author of conflict resolution. At any given point of dispute; avoiding, defeating, compromising, accommodating, and collaborating are the most commonly used methods in resolving conflicts in day-to day life.

Kenya Revenue Authority (KRA) has been on the forefront in propelling national development through efficient and sustainable revenue administration. In efforts of implementing taxpayer focused model, KRA introduced Alternative Dispute Resolution (ADR) in 2015. The model adopted internal dispute resolution instead of using courts to settle tax disputes between KRA and taxpayers. ADR is free of charge, and a facilitative and confidential process, hence being one of most economical models geared towards arriving at tax agreements in dispute."
20,Potato policy & Climate Smart Agriculture
20,Potato policy & climate smart agriculture
20,"PSA has been supporting the efforts of the Kenyan and Dutch governments in streamlining Kenya’s potato policy framework for many years. Last December PSA hosted visitors from KEPHIS and from the Dutch Ministry of Agriculture. During this meeting we explained our current role in the Kenyan potato value chain. We also shared our view on what is needed to further elevate Kenya’s potato value chain and how a higher share of Kenyan smallholders can benefit from certified seed potatoes.

In addition to sharing views on policy development, we also demonstrated how PSA applies Climate Smart Agricultural (CSA) practices in its daily operations. Elements of which are our drip irrigation infrastructure, our 300 meters deep boreholes and our energy production from solar power needed to pump clean water from these depths. Naturally our Agrico potato varieties are the solid foundation of our CSA practices. A good example is our variety Arizona, with its very high level of heat and nematode resistance."
20,KFC French fries shortage: catalyst for potato traceability system
20,The potato traceability system basically provides a rock solid reporting system from which anyone can see where precisely the potato was grown: each field number relates to a geographical area (registered on a field map). Moreover it also shows when it was planted and when the crop germinated.
20,KRA Intercepts Undeclared Smartphones Worth Over Ksh 16 Million at Eldoret International Airport
20,"The Kenya Revenue Authority (KRA) enforcement teams intercepted an undeclared consignment of 21,600 units of high-end smartphones, with a tax value of Ksh 16,102,137, at the Eldoret International Airport.

The consignment was part of consolidated items that included 5,000 declared units of smartphones worth Ksh 6.4 million, as well as shoes, clothes, auto spare parts, household items, and other electronic accessories. The operation was successful following an intelligence-led report."
20,"Corporation Tax

Corporation Tax grew by 7.2% in H1 with the key banking sector recording growth of 11.1%. Profit performance within the sector was mixed with several Tier 1 banks issuing profit warnings whereas a sizeable proportion of Tier 3 banks recorded losses. Other sectors that recorded improved growth were telecommunication (16.1%); construction (124%); and transport (40.0%). As would be anticipated weakest growth was recorded in the manufacturing sector, while the energy sector performed poorly, a fact mainly attributed to high investment deductions."
20,Customs
20,"KRA, KICD partner to mainstream tax education in Kenyan education curriculum"
20,"The Kenya Revenue Authority (KRA) and the Kenya Institute of Curriculum Development (KICD) have partnered to mainstream tax education in the education curriculum.

A report presented recently to KRA by the KICD revealed that there is a 95 per cent need for incorporation of tax education in the new competency-based curriculum in order to equip learners with requisite tax knowledge and mould them into responsible taxpayers."
20,"KEYNOTE ADDRESS BY THE CABINET SECRETARY/NATIONAL TREASURY, MR. HENRY ROTICH, EGH DURING THE TAXPAYERS MONTH LAUNCH"
20,"Chairman and Board of Directors, Kenya Revenue Authority,

The Commissioner General,KRA"
20,Thank you and God Bless You All.
20,Roll out of excise stamps to non-alcoholic drinks is beneficial to the economy
20,"In 2013, the Kenya Revenue Authority (KRA) rolled out an ambitious project dubbed Excisable Goods Management System (EGMS), with a view to beef up the fight against illicit trade and protect members of the public from unregulated products in the excisable goods sector.

Implementation of EGMS was also a pivotal tool in sealing the then existing perforations on the revenue pipeline which denied the government its fair share of revenue from excisable goods."
20,Kenya takes leadership of Sub-Saharan Africa skills network
20,KenGen unveils ambitious 10-year plan to accelerate Kenya’s transition to green energy
20,Authority grafts one million mango seedlings annually to boost West Pokot’s economy
20,State rolls out Last-Mile Connectivity projects in Migori
20,Makueni County government intends to provide reliable and affordable energy to residents
20,Tenwek Hospital expands cardiovascular services with new cutting-edge facility
20,Koskei urges African Schools of Government to unite in training
20,13 million Kenyans enrol in new Social Health Authority
20,"Farmers to benefit from Sh3,500 maize price as state builds strategic reserve"
20,State to establish 450 feedlots to address feed shortage in ASAL counties
20,Primary school teachers urged to embrace digital innovation for quality education
20,Government unveils ambitious development programme for counties of northen Kenya
20,Kenya’s leather output to increase with Ewaso Ngiro tannery expansion
20,State to spend Sh1.2 billion to upgrade seven informal settlements in Kilifi
20,"CS Public Service assess service delivery at Huduma Centre, Homabay County"
20,"CS Public Service and Human Capital Development Hon. Justin B. Muturi continued with his extensive working tour of the lake region with a pivotal visit to the Homa Bay Huduma Centre, Homabay County where he conducted an in-depth assessment of service delivery standards. This high-profile stop marked the final leg of his tour, underscoring the government's commitment to ensuring that essential public services reach every corner of the country."
20,Public Participation Exercise on the Public Service HRM&D bill held in Mombasa County.
20,"Public Participation Exercise on the Public Service HRM&D bill has taken place today in Mombasa County. During the exercise matters pertaining to recruitment, training, promotion and discipline of public servants dominated the national dialogue currently taking place on the Public Service Human Resource Management and Development Bill, 2024 and the Training Revolving Fund Regulations, 2024.

The bill seeks to provide an over-arching framework to enhance human resource management and development in the country. During the exercise, participants drawn from the counties of Mombasa, Kwale, Taita Taveta, Kilifi, Lamu & Tana River Counties converged at the Mombasa Regional Headquarters, Mombasa County, where they gave their submissions on the bill & and regulations for consideration."
20,Youthful Voices Shaping the Future of Public Service
20,"Youthful Voices Shaping the Future of Public Service

The State Department for Public Service and Human Capital Development led by PS Dr Jane Kere on Friday 29th August, 2025 held a vibrant fireside chat with young professionals drawn from across Government Ministries and Departments under the theme “Youthful Voices for a Futuristic Public Service.”"
20,COURTESY CALL TO FOSTER COLLABORATION IN PUBLIC SERVICE
20,"This morning, the Principal Secretary for State Department for Public Service and Human Capital Development, Dr. Jane Kere Imbunya, paid a courtesy call to her counterpart, Principal Secretary for Correctional Services, Dr. Salome Muhia-Beacco, at her TelPosta Towers office.

The two leaders held a productive discussion focused on strengthening collaboration and exploring strategic partnerships between their respective State Departments. Their dialogue emphasized the importance of inter-agency cooperation in enhancing efficiency, service delivery, and the overall transformation of Kenya’s public service."
20,CEMASTEA nurtures STEM talents with practical innovation projects at boot camp
20,State to issue title deeds to residents in 11 informal settlements in Kirinyaga County
20,"Government Press is a Department under the Executive Office of the President as per the Executive Order No. 1 of 2023. Government Press is the Government’s primary centralized resource for producing, procuring, authenticating, cataloging, disseminating, and preserving the official information products of the Kenya Government

The Government Press is mandated to print and publish Government documents, e.g. Acts of Parliament, Reports, Accountable documents etc. Our publications are available at our bookshop along Haile Selassie Avenue Nairobi. We are the official publishers of the Kenya Gazette and its supplements;"
20,Ministry set to roll-out multi-billion Kenya Jobs and Economic Transformation Project
20,Why cultural festivals are key to Kenya’s tourism future
20,Nyatiti masters pass on their craft to next generation to preserve vibrant Luo culture
20,New pyrethrum law sparks optimism among growers
20,"County Government distributes free seeds to over 35,000 farmers"
20,"Sh34bn programme to transform agriculture and natural resource management, says PS"
20,National Statistical System (NSS) Bulletin January-June 2021
20,"The Principal Secretary for the State Department for Public Service and Human Capital Development, Dr Jane Kere Imbunya, on Wednesday Morning chaired the department’s first senior management meeting this year at Harambee House.

During the meeting, Dr Imbunya commended the department for the progress achieved in delivering its mandate over the 2025 calendar year and the first half of the 2025/2026 Financial Year."
20,"DOUGLAS NAMUNANE -PCO

At least 13 million Kenyans had enrolled in the new Social Health Authority (SHA) as of October 31, 2024."
20,"BY JUDY SHERI (PCO)

The Ministry of Health is implementing an Integrated Healthcare Information Technology Management System (IHTS) to make healthcare affordable and accessible to all Kenyans."
20,"PRINCIPAL SECRETARY JOINS FIRST LADY IN KAREN COMPRESSIVE SCHOOL, WHERE SHE DISTRIBUTED HUNDREDS OF SHOES TO LEARNERS."
20,"PRINCIPAL SECRETARY JOINS FIRST LADY IN KAREN COMPRESSIVE SCHOOL, WHERE SHE DISTRIBUTED HUNDREDS OF SHOES TO LEARNERS.

The Principal Secretary for Basic Education,John Ololtuaa today accompany,First Lady Her Excellence Mama Rachel Rutto, during a courtesy Visit to Karen Comprehensive School in Langata Constituency."
20,"The Directorate is headed by a Director General, reporting to the Cabinet Secretary. The main objectives of the Directorate is to:-

The Directorate is organized into three (3) Technical Departments, each headed by a Director. They include:"
20,"They are secure, medium to long-term investment that typically offer interest payments every six months throughout the bond’s maturity. The are issued on a monthly basis with tenors of 2, 5, 10, 15, 20 and 25 years. In addition, the Government occasionally issues tax-exempt infrastructure bonds which are very attractive in terms of investment. Individuals and corporate bodies can invest in Treasury bonds as a nominee of a commercial bank or investment bank, or if one holds a bank account with a local commercial bank, they can also invest directly through the Central Bank."
20,"Kenya, UK and Finland Deepen Cooperation on Peace Mediation"
20,"Kenya, together with the United Kingdom and Finland, convened the Kenya–UK–Finland Tripartite Mediation Workshop in Nairobi from 4–5 March 2026, bringing together senior officials, mediation experts and peace practitioners to strengthen cooperation in peacebuilding and conflict resolution.

Opening the workshop, Dr. Korir Sing’Oei, Principal Secretary for Foreign Affairs, underscored the urgency of revitalising dialogue-led approaches amid a marked rise in conflicts globally and their humanitarian and economic costs. He noted the strain on international norms and institutions and called for stronger, more inclusive mediation frameworks and deeper partnerships, further indicating that Kenya, in collaboration with partners, is developing a proposed “Peace Treaty” to strengthen international mediation standards for internal conflicts."
20,Stakeholders push for affordable energy to drive industrial competitiveness
20,"Industry leaders, policymakers, development partners, and private sector representatives have called for closer alignment between Kenya’s energy and manufacturing sectors, stressing that affordable, reliable, and predictable energy is vital to accelerating industrial growth and competitiveness.

Speaking at the Kenya National Industrialization Partners Convening in Nairobi, Industrialization Secretary Prof. Erastus Gatebe underscored the need for policies backed by resilient implementation frameworks to drive sustainable industrialization."
20,PS DR IMBUNYA HOSTS KENYA'S HIGH COMMISSIONER TO AUSTRALIA AMB. DR KOGO
20,"The Principal Secretary for Public Service and Human Capital Development, Dr Jane Kere Imbunya, hosted Amb. Dr Wilson K. Kogo, Kenya’s High Commissioner to Australia, during a courtesy call at her office on Friday 27th March, 2026.

The engagement provided a valuable platform to explore strategic areas of collaboration between the State Department and the Kenyan High Commission in Australia, with a strong focus on unlocking employment opportunities for Kenyan youth."
20,"The Government has commenced the recruitment of over 20,000 skilled and unskilled Kenyans for the national overseas program.

The Cabinet Secretary (CS) for Labour and Social Protection, Dr. Alfred Mutua, stated that the program, which was officially launched last week at the Machakos Technical Institute for the Blind, is expected to cover all counties, starting with Machakos, followed by Makueni, Kitui, Nakuru, Baringo, Nyandarua, Kakamega, Bungoma, Vihiga, Busia, Turkana, Marsabit, among others, by the end of the year."
20,PS IMBUNYA PAYS A COURTESY CALL TO THE NEWLY APPOINTED PSC CHAIRPERSON
20,"PS IMBUNYA PAYS A COURTESY CALL TO THE NEWLY APPOINTED PSC CHAIRPERSON

This morning, Public Service and Human Capital Development Principal Secretary Dr. Jane Kere Imbunya paid a courtesy call to the newly appointed Chairperson of the Public Service Commission, Mr. Francis Meja."
20,Homa Bay gets boost as Kabunde runway upgraded
20,"The renovated 1.3-kilometre runway at Kabunde Airstrip has officially been opened, marking a major step forward in improving air connectivity for Homa Bay and neighbouring counties.

Speaking during the launch, Renegade Air’s Sales and Marketing In-charge, Patrick Oketch, called on residents to support the airline’s operations to enable an increase in flight frequencies."
20,Kenya leather industry poised for major growth under Italy–Kenya collaboration
20,"The Kenya leather indus try is poised for major transformation after the Association of Italian Manufac turers (ASSOMAC) and the Kenya Leather Development Council (KLDC) entered into a new part nership aimed at strengthening the value chain.

The deal, announced during a visit to the Kenanie Leather Industrial Park (KLIP), is expected to inject world-class technology, machinery and expertise into Kenya’s leather sector, posi tioning the country as a regional hub for leather processing and manufacturing."
20,Kirinyaga farmers reap big from county’s major irrigation projects
20,"MUTAI KIPNGETICH- KNA

Farmers in Kirinyaga are reaping big benefits from irrigation pro jects initiated by the County Government of Kirinyaga."
20,Benard Kemboi’s battle with addiction and his mission to inspire change in society
20,"MAUREEN CHESANG AND CHRIS TOPHER KIPROP

Benard Kemboi has overcome sub stance addiction, emerged victorious, and now intends to use his experience to motivate others to avoid the habit that nearly cost him his life."
20,Kenya seeks to double pig industry output by 2030 in growth drive
20,"Kenya has intensified efforts to transform the pig value chain, projecting 125 per cent growth by 2030 as the government moves to address production gaps, including high feed costs, weak market systems, and other structural challenges affecting the livestock sector.

Speaking during the National Stakeholders’ Sensitization Forum on the Pig Value Chain, the Principal Secretary for Livestock Development, Jonathan Mueke, said the sector presents a major opportunity for investment and growth in the country’s agricultural economy."
20,"SADIK HASSAN-KNA

Primary school teachers have been urged to embrace digital innovation to ensure that learners receive quality education regardless of their backgrounds."
20,Gov’t rolls out major restoration plan for degraded lands in Kenya
20,"The Government has drafted a strategy to restore 62,038 hectares of highly degraded escarpments and riparian land, protect 20 springs and secure water towers, while creating 500,000 green jobs for youth in beekeeping, agroforestry and ecotourism.

Interior and National Administration Cabinet Secretary (CS), Kipchumba Murkomen, said the Cherangany Hills ecosystem is one of Kenya’s five critical water towers."
20,"Infrastructure, equipment upgrades bolster Kenya’s Ports performance"
20,"SADIK HASSAN AND MARIAM SEFU- KNA

The Port of Mombasa recorded a remarkable increase in cargo throughput from January to September 2024, handling a total of 29.92 million tons compared to 26.68 million tons registered during the same period in 2023."
20,State unveils initiative to boost social welfare for informal sector workers
20,"IAN CHEPKUTO AND SHARON ATIENO-KNA

The Government is committed to improving the social welfare of all workers in the informal sector, Cabinet Secretary for Labour and Social Protection Dr. Alfred Mutua has said."
20,DP calls for increased digital investment across the continent
20,"Deputy President Prof. Kithure Kindiki has called on African countries to scale up investment in digital transformation to keep pace with developed nations, which have positioned it at the core of their progress.

The DP said Kenya is investing heavily in the sector to enhance governance and improve delivery of services as it targets making the digital sector more productive and profitable."
20,Kasera’s journey from classroom to workshop delivers energy-saving cookers to locals
20,"When Grace Kasera quit her job in the NGO sector, many saw it as a risky move. Leaving behind stable employment after years of professional work appeared, to some, like a step backward.

But for Kasera, the decision was driven by a deeper calling, family, purpose and a vision to transform how ordinary households cook."
20,"The Kenya Film Classification Board (KFCB) has rolled out a literacy program targeting creatives in arts and film to promote production of clean content.

Through the initiative, the state agency seeks to empower creatives to generate content that upholds Kenya's cultural and moral values while safeguarding children from exposure to inappropriate media content."
20,Kenyan pyrethrum sector set for revival amid huge global demand
20,"BY LAMECH WILLY, KNA

The Ministry of Agriculture is spearheading an initiative to revive the pyrethrum sector, aiming to capitalize on the increasing global market demand."
20,Government mobilises Sh60 billion to boost growth of MSMEs
20,"BY MANU MUMBA AND JOAN OGOLLA, KNA

The Ministry of Co-operatives and Micro, Small, and Medium Enterprises (MSMEs) Development has mobilized Sh60 billion from donor funds to support MSMEs."
20,"Kenya Briefs African Envoys on G7 Outcomes, Urges Unified Diplomatic Action on Global Reforms"
20,"Kenya Briefs African Envoys on G7 Outcomes, Urges Unified Diplomatic Action on Global Reforms

Kenya has called for closer African coordination to advance the continent's priorities on global financial reform, digital governance and sustainable development following the 2026 G7 Summit in Évian-les-Bains, France, where President William Samoei Ruto participated as a partner-country leader representing both Kenya and Africa."
20,Quarterly Balance of Payments First Quarter 2017
20,"In the second quarter of 2017, Imports valued on f.o.b increased by 15.5 per cent to KSh 410.9 billion from KSh 355.9 billion in the second quarter of 2016, mainly on account of increased bill on imports of food and petroleum products. On the other hand, exports increased by 2.9 per cent to KSh 150.2 billion in the same period. This resulted into widening of the merchandise trade deficit by 24.2 per cent to KSh 260.8 billion. Receipts from international trade in services expanded by 20.1 per cent to KSh 128.1 billion in the second quarter of 2017 mainly supported by increased travel receipts which grew by 38.0 per cent to KSh 23.5 billion. These developments resulted into 6.4 per cent growth in international trade in services inflows to register a surplus of KSh 38.9 billion in the quarter under review compared to a surplus of KSh 36.5 billion in the corresponding quarter of 2016. In the second quarter of 2017, diaspora remittances remained resilient increasing by 5.1 per cent to KSh 47.6 billion from KSh 45.3 billion in the second quarter of 2016. The surplus in the services account could not offset the deficit in merchandise trade balance leading into an expansion of 18.1 per cent in the current account deficit to KSh 134.8 billion in the quarter under review.

Net financial inflows declined marginally to a surplus of KSh 133.4 billion in the second quarter of 2017 from KSh 134.1 billion in the second quarter of 2016. Gross official reserves increased by KSh 20.8 billion to stand at KSh 889.7 billion as at the end of the second quarter of 2017 compared to an increase of KSh 46.5 billion in the second quarter of 2016. [wpdm_package id=4547 template=”link-template-calltoaction3.php”]"
20,Government seeks Sh440 Billion to secure the livestock feed sector
20,"KNA by Mabel Keya - Shikuku

The Government is seeking to invest $3.4 billion (Sh440 billion) spread over 10 years (from 2022 to 2032) from donors to make the livestock feed sector secure and resilient in times of calamities."
20,Playroom brings healing and hope to young patients at Homa Bay hospital
20,"Inside the children’s ward at Homa Bay Teaching and Referral Hospital, laughter rises above the usual hum of hospital monitors and hurried footsteps.

Young patients gather in a brightly painted playroom, some seated on the floor colouring pictures, others reading numbers written across the walls, while a few stack toy blocks under the watchful eyes of smiling parents."
20,Government pushes for stronger investment in creative industries
20,"The Principal Secretary for Youth Affairs and Creative Economy, Fikirini Jacobs, has called for increased investment in the creative economy as a means of creating more job opportunities for young people and strengthening the country’s economy.

He noted that the sector contributes about five per cent of Kenya’s Gross Domestic Product (GDP) and should no longer be viewed merely as a hobby or a source of entertainment."
20,Blood transfusion services get closer as Garissa centre opens
20,"Residents of the North Eastern region and parts of Eastern Kenya seeking blood transfusion services have reason to celebrate following the official opening of the Garissa Regional Blood Transfusion Centre, which will bring services closer to the communities.

Previously, blood collected in the region had to be transported to Nairobi for testing and screening, a process that posed major challenges during emergencies and often delayed patient care."
20,GAA coordinates public sector advertising. It undertakes both print and broadcast advertising for public sector players.
20,What is the difference between Government Advertising Agency and Mygov?
20,Where can I access the physical copy of MyGov?
20,GAA has automated the process of facilitating advertisements. Visit https://cmsuat.icta.go.ke/gaa/ to view the user guidelines.
20,Contact Details for the Treaties & International Policy Office
20,Submission of the Application
20,"Name: Wanjiru Kiarie

Governmental Agency: Kenya Revenue Authority"
20,Application for Licenses for Transit Goods Vehicle (C28) & Vehicles Conveying other Goods under Customs Control (C40)
20,5. How do I commence a matter before the Tribunal?
20,4. Who may file an appeal before the Tribunal?﻿
20,"• A person aggrieved by a decision of the Competition Authority of Kenya (CAK) may appeal by way of filing in the prescribed format a Notice of appeal within 14 days and a memorandum of the appeal within 30 days of receiving the Authority’s decision.

• A party to a merger who is aggrieved by the Decision of the Authority in relation to a proposed merger may apply to the Tribunal in the prescribed form for review of the Authority’s Decision within thirty (30) days after notice is given by the Authority in the Gazette of the determination made by"
20,﻿6. What orders may the Tribunal issue in respect of an appeal or application for Review?
20,"Swearing-in of the newly-appointed Cabinet Secretaries and Principal Secretaries at State House Kenya, Nairobi."
20,"Congratulations and best wishes to the newly appointed Principal Secretary for Public Investments & Assets Management, Mr. Cyrell Wagunda Odede and Principal Secretary for Economic Planning Department Dr. Boniface Makokha"
20,Dr. Boniface Makokha takes over Economic Planning Department docket.
20,"This afternoon, CS Hon. FCPA John Mbadi presided over the handing over and welcoming ceremony for the two newly appointed PSs joining the National Treasury & Economic Planning.

The newly appointed Principal Secretary, for Economic Planning Department KE while taking over the mantle from outgoing Principal Secretary James Muhati in the same docket, during a brief-handover ceremony at the National Treasury Building, Nairobi, Mr. Makokha said he will continue to capitalise on the goodwill already established towards provision of leadership in Economic and Public Finance Management, and development planning for shared growth through formulation, implementation and monitoring of economic, financial and development policies."
20,AFRICAN STATISTICS DAY 2018
20,"Today all National Statistics Offices across Africa celebrate the 14th African Statistics Day whose theme is Open Data for Accountability and Inclusiveness. This celebration is now entrenched in many African countries as an annual event. The main objective of today’s celebrations as envisaged in this year’s theme is to raise awareness among the public about the important role played by statistics in all aspects of social and economic development. This awareness provides an opportunity to advocate for systematic and increased use of statistics for evidence-based decision making, with a view of enhancing the relevance of statistics and mainstreaming statistics into national and county development plans.Statistics are also vital in monitoring and evaluating the progress of attainment of vision 2030, Millennium Development Goals (MDGs) as well as informing on the proposed Sustainable Development Goals (SDGs).

In the last two decades in Kenya, an increasing number of public-sector organizations have embraced open data as a way to boost visibility into government decisionmaking and performance."
20,the G-24 Deputies Meeting during the ongoing 2025 IMF-World Bank Spring Meetings in Washington D.C.
20,"Dr. Chris Kiptoo CBS, the principal Secretary for the National Treasury this morning attended the G-24 Deputies Meeting during the ongoing 2025 IMF-World Bank Spring Meetings in Washington D.C.

The high-level session discussed the IMF’s latest Economic Outlook for 2025, highlighting global growth prospects and emerging risks—particularly for developing economies. Held under the theme “Enhancing Domestic Responsiveness in a Shock-prone World,” the meeting also explored strategies to insulate economies from external shocks such as climate change, geopolitical instability, and global financial volatility."
20,CS signs Financial Agreement with OPEC Fund President Dr. Abdulhamid Alkhalifa.
20,"CS Hon. FCPA John Mbadi this evening during the 2025 IMF-World Bank Spring Meetings in Washington D.C. signed a EUR 60 million financial agreement with OPEC Fund President Dr. Abdulhamid Alkhalifa for the Economic Transformation and Green Recovery Support Programme (ETGRSP).

The policy-based loan will support the implementation of Vision 2030 initiatives and the Bottom-Up Economic Transformation Agenda (BETA). Projects under this partnership include:"
20,Kenya and France sign landmark trade deal to boost export markets
20,"Kenya has signed a partnership agreement with France to boost bilateral trade and expand markets for local businesses. The deal aims to enhance business opportunities and leverage technology to promote trade relations.

The Memorandum of Understanding (MoU) formalizes a framework for collaboration between Kenya’s National Chamber of Commerce and Industry (KNCCI) and Adim Mayotte as well as a culmination of months of groundwork, including a KNCCI delegation’s visit to Mayotte earlier this year to explore trade opportunities."
20,Coops urged to embrace technology for competitiveness and resilience
20,"Cooperatives have been urged to embrace technology to remain competitive and resilient.

Cooperative and MSME Cabinet Secretary Wycliffe Oparanya said in today's digital era, the costs associated with acquiring and maintaining technological solutions pose a significant challenge but urged cooperatives to pool their resources and invest in shared ICT platforms through the four-tier cooperative structure."
20,"DEBORAH BOCHERE- KNA

Regional and county government officers have been urged to collaborate in the execution of the Bottom-Up Economic Trans formation Agenda (BETA) development projects."
20,"SADIK HASSAN-KNA

The State Department for Livestock is establishing 450 feedlots across 21 arid and semi arid counties as the country grapples with a 60 per cent deficit in feed."
20,Press Release: The National Treasury-Backed Financing Locally-Led Climate Action (FLLoCA) Program Disburses Ksh 7.1 Billion to Boost Climate Resilience Efforts in 45 Counties
20,May 2026 Monthly Bulletin
20,National Infrastructure Fund Chief Executive Officer
20,Public Notice- Child Welfare Fund
20,Treasury Circular No 1 of 2025
20,REQUEST FOR PROPOSAL (RFP) FOR CONSULTANCY SERVICES FOR AN INDEPENDENT DIGITAL COMMUNICATION AGENCY TO SUPPORT COMMUNICATION OF PFM REFORMS AND NATIONAL TREASURY
20,Sovereign Wealth Fund Bill Public Notice
20,"CS FCPA Hon. John Mbadi, EGH, hosting the United States Embassy Charge d’Affaires, Ms. Susan Burns, and her delegation."
20,COURSE ANNOUNCEMENT: THE BISHOP WILLIAMS MEMORIAL FUND SCHOLARSHIP
20,SLOVAK SCHOLARSHIPS FOR TALENTED STUDENTS FROM ALL OVER THE WORLD - 2026/2027
20,COURSE ANNOUNCEMENT: 12TH EDITION OF THE SCIENCE BY WOMEN PROGRAM – WOMEN FOR AFRICA
20,RE-ADVERTISEMENT: KINGDOM OF MOROCCO SCHOLARSHIP FOR THE YEAR 2026-2027
20,ANNOUNCEMENT ADMISSION ANNOUNCEMENT – FALL 2026 (SCHOLARSHIPS OPPORTUNITIES FOR MS AND PHD PROGRAMS
20,LAUNCH OF THE 2ND EDITION OF THE DIGITAL PLATFORM “STUDY IN ALGERIA” FOR PROSPECTIVE STUDENTS SEEKING TO STUDY IN ALGERIA
20,"ANNOUNCEMENT

ADMISSION ANNOUNCEMENT – FALL 2026 (SCHOLARSHIPS"
20,"RESPONSES TO CLARIFICATIONS ON TENDERS FOR CONSULTANCY SERVICE FOR DESIGN & SUPERVISION OF SOLAR PV SYSTEM INSTALLATION IN TARGETED PUBLIC SCHOOLS IN KENYA AND FRAMEWORK CONTRACT FOR SUPPLY, DELIVERY AND INSTALLATION OF SOLAR PV SYSTEM IN TARGETED SCHOOLS"
20,RECRUITEMENT OF SNE DIPLOMA FULL TIME IN SERVICE COURSE AT KISE FOR THE 2026
20,DOWNLOAD AND FILL THE FORM TO APPLY
20,MOE/QCBS/01/2025-2026 MEETING LINK
20,"Earlier today, the Principal Secretary for Basic Education, Mr. John Ololtuaa, commissioned key new facilities at Kimana Girls School in Kajiado County during a thanks giving ceremony. The projects include seven smart classrooms for Grade 10, a 67-seater"
20,GOVERNMENT SCHOLARSHIPS
20,UNIVERSITY SELANGOR (UNISEL) SCHOLARSHIP AWARD FOR INTERNATIONAL STUDENTS 2022 (USAIS 2022)
20,CUBAN GOVERNMENT MEDICINE SCHOLARSHIPS-2023
20,SCHOLARSHIP OPPORTUNITIES FROM THE INTERNATIONAL UNIVERSITY OF AFRICA IN SUDAN FOR THE YEAR 2023
20,"COMPETITIVE SELECTION OF CANDIDATES FOR THE RUSSIAN GOVERNMENT

SCHOLARSHIPS FOR THE 2023/2024 ACADEMIC YEAR"
20,"THE SPEECH DELIVERED BY HON. EZEKIEL MACHOGU, CBS, CABINET SECRETARY, MINISTRY OF EDUCATION, DURING THE OPENING OF THE FIRST BIENNIAL KENYA UNIVERSITIES FUNDING CONFERENCE ON 23RD FEBRUARY 2023 AT THE PRIDE INN FLAMINGO, MOMBASA COUNTY"
20,ALGERIAN GOVERNMENT SCHOLARSHIPS FOR KENYAN STUDENTS FOR THE ACADEMIC YEAR 2022-2023
20,"SHOLARSHIP ON MASTERS IN DIPLOMACY AND INTERNATIONAL RELATIONS FROM DIPLOMATIC SCHOOL OF THE MINISTRY OF FOREIGN AFFAIRS, EUROPEAN UNION AND COOPERATION OF SPAIN"
20,TENDER NO: MOE/KPEELP/RFB/01/2022-2023
20,NIPPON FOUNDATION/ GEBCO (GENERAL BATHYMETRIC CHART OF THE OCEANS) TRAINING PROGRAM YEAR 2023- 2024
20,ADDENDUM 1- CONSTRUCTION AND COMPLETION OF THE PROPOSED ULTRA-MODERN TRAINING CENTRE-CEMASTEA
20,PRESIDENT RUTO: TECHNICAL TRAINING WILL DRIVE OUR ECONOMIC GROWTH
20,"Nairobi: Thursday 8th December, 2022

The Government will work with tertiary institutions to forge a pathway for Kenya to deepen its competitive technical capacity."
20,KISE Hosts Ethiopian Delegation for Special Needs Education Benchmarking
20,"Senior Ministry of Education officials today joined the Kenya Institute of Special Education (KISE) in receiving a delegation of Ministry of Education officials from Ethiopia, who are in the country for a five-day benchmarking mission focused on education sector

The Ethiopian delegation includes senior personnel responsible for special education and curriculum development across the nine National Regional States. Their visit underscores KISE’s growing recognition as a regional center of excellence in inclusive education."
20,PS Amb. Simon Nabukwesi visits Laikipia University to assess development projects.
20,"PS University Education and Research Amb. Simon Nabukwesi visits Laikipia University to assess development projects.

Principal Secretary University Education and Research Amb. Simon Nabukwesi visited Laikipia University on 19th January, 2022. Amb. Nabukwesi held talks with the University Management Board and the Senate and had an extensive tour of the University's ongoing Projects. PS Amb. Simn Nabukwesi is led by the VC Prof Joseph Rotich on a tour of the projects"
20,Inaugural Meeting With Chairperson Of University Councils
20,"Training of fellows to implement Ethics Education is underway in Kenya after the first phase was held in October, 2022 in Indonesia comprising six countries namely Kenya, Bangladesh, Mauritius, Nepal Seychelles and the host Indonesia.

Ethics Education (EE) provides the space for learners to foster the qualities, capacities and competencies which enable them to relate ethically with themselves, others and the world."
20,EDUCATION Cabinet Secretary Julius Migos Ogamba this morning commissioned newly constructed Junior School.
20,"EDUCATION Cabinet Secretary Julius Migos Ogamba this morning commissioned newly constructed Junior School classrooms at St. Charles Lwanga Junior School in Changamwe Sub-County, Mombasa County."
20,January 2025 School Re-opening
20,"Basic Education PS Dr. Belio Kipsang addresses school management, grade-nine students and monitoring classrooms during first-Term opening day in various schools in Nairobi and Kiambu Counties. The PS said the Ministry is ready to fully implement the CBC programme."
20,LAUNCH OF 2024 NATIONAL EXAMINATION AND ASSESSMENTS SEASON
20,"Disbursement Update as of Nov 18, 2024"
20,"EXPLAINER OF THE PROPOSED TAX LAWS (AMENDMENT) BILL, 2024; THE TAX PROCEDURES (AMENDMENT) BILL, 2024; AND THE PUBLIC FINANCE (AMENDMENT) BILLS"
20,Public Notice – PFM (Sports And Arts Fund)
20,Invitation To Tender Framework Contract Tender For Supply And Delivery Of Office Furniture
20,Public Notice – Wildlife Conservation Fund
20,Fostering stronger inter-departmental collaboration to enhance Service Delivery for citizens
20,"This morning, the Principal Secretary for Broadcasting and Telecommunications, Steve Isaboke EBS paid a courtesy call on his counterpart, Dr Jane Kere Imbunya, Principal Secretary for Public Service and Human Capital Development, at Harambee House.

The discussions centred on fostering stronger inter-departmental collaboration to enhance service delivery for citizens."
20,Kenya is Positioning Itself as a Launchpad for Africa’s Digital Transformation
20,"The Principal Secretary for ICT and Digital Economy Eng. John Tanui has reiterated Kenya’s commitment to shaping the country’s digital transformation through sustainable innovation and development.

“We are not merely participants in the global digital economy—we are actively shaping it. As Kenya positions itself as a launchpad for Africa’s digital transformation, we remain committed to values of openness, sustainability, inclusivity and innovation.As the Government of Kenya, we see digital transformation not as a luxury but as an imperative for inclusive development, global competitiveness and sustainable progress. Guided by our Digital Master Plan 2022–2032, the Bottom-Up Economic Transformation Agenda (BETA) and our National ICT Policy, our vision is clear: to position Kenya as the destination of choice for technology investment and innovation in Africa and the world,"" said Eng. Tanui."
20,"President Ruto Assumes COMESA Chairmanship, Urges Member States to Embrace Digital Integration"
20,"President William Ruto has taken over as Chair of the Common Market for Eastern and Southern Africa (COMESA), calling on member states to harness the power of digital technology to accelerate regional integration, trade, and inclusive growth.

Speaking at the 24th COMESA Summit of Heads of State and Government in Nairobi, President Ruto said Africa must move from being a consumer of technology to becoming a global producer and innovator."
20,"Mr. Evans Maturu, Ag. Deputy Director General for Economic Affairs and Commercial Diplomacy receives courtesy from a delegation from the International Trade Centre (ITC)"
20,"A delegation from the International Trade Centre (ITC) paid a courtesy call on Mr. Evans Maturu, Ag. Deputy Director General for Economic Affairs and Commercial Diplomacy. The ITC, a collaborative entity between the United Nations and the World Trade Organization focused on bolstering international trade, was represented by Deputy Executive Director Ms. Dorothy Tembo and Ms. Aissatou Diallo, Head of ITC Office for Africa.

The deliberations centred on potential collaborative programs in the application of data science to enhance trade and the establishment of joint training initiatives aimed at transforming strategic Missions into Economic Hubs. The ITC is taking part in East African Community (EAC) Micro, Small, and Medium Enterprises (MSME) Trade Fair, scheduled to commence on November 7, 2025 in Nairobi"
20,"Amb. Kiboino and Director PS Office, leads the PC team in planting trees at the KEFRI Kitui offices"
20,"The State Department for Foreign Affairs is now using innovative ways to achieve our 5 million tree growing target towards the 15 billion presidential target by the year 2032. The target is also in our Performance contract. The approach is to use everyday activities like workshops to plant trees.

During the ongoing exercise of PC evaluation, the team led by Amb. Kiboino and Director PS office, led the PC team in planting trees at the KEFRI Kitui offices. The occasion was also graced by the Director, Kitui office Dr. Josephine Musyoki flanked by her staff. During the courtesy call paid at the office, both teams emphasized the need for partnership and collaboration between the two institutions."
20,"Dr. Korir Sing’Oei Foreign Affairs PS chairs alongside PS John Ololtuaa of the State Department for Tourism the final technical meeting in preparation for the State Visit by Their Majesties, the King and Queen of the Netherlands, scheduled for March 18–20, 2025.

Kenya looks forward to a successful visit that will further strengthen Kenya-Netherlands relations. The Kenya-Dutch ties stretch back to 1906 when the first Dutch nationals arrived in Kenya, establishing roots in Uasin Gishu County. Formal diplomatic ties began in 1970s."
20,"State Visit to Kenya by Their Majesties, the King and Queen of the Kingdom of the Netherlands."
20,"NAIROBI – 17 MARCH, 2025

The Government of Kenya is honored to welcome Their Majesties, King Willem-Alexander and Queen Máxima of the Kingdom of the Netherlands, for a State Visit from 18th to 20th March, 2025 at the invitation of His Excellency President William Ruto. This visit highlights the strong diplomatic ties and long-standing cooperation that has existed between Kenya and the Netherlands, spanning more than sixty years."
20,"The 57th anniversary of ASEAN was held at the Royal Thai Embassy in Nairobi on August 7, 2024 hosted by Her Execllency Ms. Morakot Janemathukorn, the Ambassador Extraordinary and Plenipotentiary of Thailand to Kenya and Chair of the ASEAN Committee in Nairobi. Ambassador Eliphas Barine, Director-General Political and Diplomatic Affairs, represented Dr. Korir Sing'Oei, Principal Secretary for Foreign Affairs.

Dr. Sing'Oei thanked Ambassador Janemathukorn for organizing and hosting the commemorative celebrations reiterating the cordial relations between the two countries. He underscored the importance of regional blocs in promoting integration, peace, and security through trade and investment in various sectors."
20,Strengthening Kenya and Haiti Diplomatic Relations
20,"Prime Cabinet Secretary Dr. Musalia Mudavadi and PS Korir Sing’oei join artists on stage during the Harmony 4Haiti Concert and Cultural Festivals in August 2024.

Kenya's successful staging of the Harmony4Haiti Concert and Cultural Festival in August 2024 elevated the country's commitment to the Multinational Security Support (MSS) Mission in Haiti. The festival was designed to foster collaboration and understanding by celebrating the interconnected, rich cultural heritage of Africa and Haiti."
20,"NAIROBI – 17 MARCH, 2025

The Government of Kenya is honored to welcome Their Majesties, King Willem-Alexander and Queen Máxima of the Kingdom of the Netherlands, for a State Visit from 18th to 20th March, 2025 at the invitation of His Excellency President William Ruto."
20,Kenya is fully committed to supporting cross-border data flows in the East African Community (EAC) for enhanced economic growth and regional integration
20,"Earlier today, Information, Communications and the Digital Economy Cabinet Secretary, Hon. William Kabogo Gitau participated in a session on, ‘Unlocking EAC Cross Border Data Flows,’ at the sideline of the Connected Africa Summit 2025 in Diani, Kwale County.

Secure data flows, the CS noted, should be anchored on trust, accountability, bold vision, strengthened institutional capacity and robust infrastructure. “We must build and institutionalize trust among East African nations as the bedrock of any data-sharing framework. Trust in our regulatory systems. Trust in our data protection commitments. Trust that national interests can be safeguarded without erecting barriers to regional progress,” the CS said."
20,Kenya IMF Program
20,"The Board of the International Monetary Fund (IMF) on April 2, 2021 approved a US $ 2.34 billion Extended Fund Facility (EFF)/ Extended Credit Facility (ECF) arrangements program for Kenya. The program was designed to support resurgence of growth in the Kenyan economy after COVID-19 related shock and reduce debt vulnerabilities through a multiyear fiscal consolidation pegged on raising revenues while controlling expenditure with safeguards to cushion vulnerable groups and address weaknesses in State Owned Enterprises. The program was extended in July 2023 to include a 20-month Resilience and Sustainability Facility (RSF) arrangement.

The program has successfully gone through eight reviews, the latest being the combined seventh and eighth reviews of the EFF/ECF and the second review under the RSF which were approved by the IMF Executive Board on 30th October, 2024."
20,Human Resource Management Professionals Examinations Board
20,"The Human Resource Management Professionals Examinations Board (HRMPEB) is established in accordance with Section 16 of the Human Resource Management Professionals Act, No. 52 of 2012. The Examinations Board is mandated to develop curricula, examine and certify HR professionals. HRMPEB has been accredited by Kenya National Qualifications Authority (KNQA) as a Qualification Awarding Authority (QAI).

For more information visit: www.hrmpeb.or.ke"
20,Budget Mwananchi Guide
20,"The Public Finance Management Act, 2012 requires the Government budget to be publicized. This Mwananchi guide therefore, seeks to disseminate information on the Budget for a specific financial year to all segments of the society.

Click any link below to download specific Mwananchi Guide for individual financial year."
20,Device Identification and Registration (DIR) System
20,"Overview

The Kenya Revenue Authority (KRA) is dedicated to fostering tax compliance and enhancing revenue collection as part of its commitment to national development. To this end, KRA, in collaboration with the Communications Authority (CA), is implementing a Mobile Device Declaration System under its Enterprise API Integration (EAPI) project. This initiative ensures proper tax declaration, payment, and verification for mobile devices imported into or assembled within Kenya by using IMEI (International Mobile Equipment Identity) numbers for effective compliance monitoring. Why is KRA Implementing the Mobile Device Declaration System? Promote Fair Tax Practices: This system ensures that all importers, manufacturers, and users of mobile devices comply with existing tax laws, creating a level playing field for businesses and enhancing revenue collection. Support National Development: By boosting tax compliance, KRA can increase revenue to support public services and infrastructure projects, contributing to the nation’s development. Enhance Transparency: This initiative reinforces public trust in the tax system by using transparent, technology-driven methods to track mobile device declarations. Reduce Tax Evasion: Through IMEI-whitelisting, KRA can more effectively oversee mobile device tax compliance. Key Features of the Mobile Device Declaration System IMEI-Based Tax Declaration: The system requires importers, manufacturers, and passengers to declare mobile devices using their unique IMEI numbers, ensuring all devices entering Kenya are recorded in the tax database. Real-Time Verification: This system enables real-time confirmation of applicable tax payments for mobile devices, ensuring compliance before devices are sold or used. Integration with Payment Providers: The system allows users to make tax payments through various channels, providing flexibility and ease of use."
20,Kenya Advances AI Governance and Digital Integrity Agenda at Connected Africa Summit 2026
20,"Principal Secretary for Broadcasting and Telecommunications, Mr Stephen Isaboke, delivered a keynote address at the Connected Africa Summit 2026, highlighting Kenya’s strategic response to the evolving challenge of artificial intelligence (AI) weaponisation and its implications for governance, national security and public trust.

Addressing delegates on the theme “The Changing Face of AI Weaponisation in Africa,” the Principal Secretary noted that the rapid growth of digital platforms has created an increasingly complex information environment, where misinformation, disinformation and deepfakes pose significant systemic risks. He cited recent findings indicating that a majority of Kenyan internet users are concerned about the spread of false information, underscoring the urgency of coordinated and context-specific interventions."
20,Government Strengthens Regulatory Coordination at 3rd Annual Regulatory Authorities Conference
20,"The Government has reaffirmed its commitment to strengthening regulatory coordination and improving service delivery through more accountable, citizen-centred institutions, as regulators from across the public sector convened for the 3rd Annual Regulatory Authorities and Agencies Conference in Kitui County.

Speaking as Chief Guest at the conference held at South Eastern Kenya University in Kwa Vonza, Deputy President H.E Prof Kithure Kindiki said regulatory authorities and agencies remain the most visible expression of Government in the daily lives of citizens, and therefore must move beyond process-driven compliance to service delivery that wananchi can directly experience."
20,PS Isaboke Champions Digital Transformation at META Economic Impact Event
20,"Kenya has made significant progress in laying the foundations of a modern digital economy. Today, the country’s digital economy is valued at approximately USD 4.2 billion and is projected to grow to nearly USD 13 billion by 2035, driven by sustained investments in connectivity, digital services, innovation ecosystems and an increasingly dynamic entrepreneurial landscape.

Principal Secretary for Broadcasting and Telecommunications, Mr Stephen Isaboke, EBS, who delivered keynote remarks during the launch of the META Economic Impact in Sub-Saharan Africa Report and the META Transform with AI Programme, earlier today noted, “Strategic investments in international connectivity, including submarine cable systems such as 2Africa, are expected to further strengthen Kenya’s digital competitiveness, with projections indicating an annual GDP contribution of approximately USD 1.2 billion and connecting an estimated 4.4 million additional people to the internet by 2035. Already, 86% of Kenyans report that internet reliability has improved significantly over the last decade.”"
20,More Marsabit youths to benefit as Nyota Programme allocation rises to Sh41 million
20,"Marsabit County has received an increased allocation under the government’s Nyota Programme following a surge in demand from young people seeking business grants.

Speaking during the launch of the Nyota Programme Tranche II at Marsabit Stadium, Interior Principal Secretary (PS) Dr Raymond Omollo said the county’s allocation had risen from Sh37 million disbursed during the first phase to Sh41 million in the second phase to accommodate more beneficiaries."
20,Director general presides over the signing of performance contracts of the NYS units commanding officers.
20,"DIRECTOR GENERAL PRESIDES OVER THE SIGNING OF PERFORMANCE CONTRACTS OF THE NYS UNITS COMMANDING OFFICERS.The Ag. Director General Mr. James Tembur, MBS led the Commanding Officers from the twenty-two NYS Units, in the signing of performance contracts (PC’s) for the fiscal year 2023/2024 at the NYS headquarters Nairobi.PC’s are roadmaps for setting targets that helps the Service in achieving its mandate. During the signing, the Ag. Director General reiterated the need to uphold professionalism in handling resources of the Service and adherence to the law as the Commanders work towards achieving the set targets.He encouraged the Commanding Officers to be creative and innovative in their programs and activities in order to ensure an all-inclusive growth of the Field Units. The Commanding Officers pledged to work tirelessly with the magical teams under their command in ensuring the targets stipulated in their performance contracts are met.They also gave an inspiring progress report of the Greening Kenya Campaign, where most of the units have already achieved their targets of propagating tree seedlings that forms part of the 50 million trees that the Service committed to plant this financial year. #hudumakwataifa #TowardsASustainableWorld #greeningarmy"
20,Development partnership Forum.(DPF)
20,"Earlier today, State Department for Public Service Principal Secretary Mr. Amos Gathecha attended a Development Partners Forum (DPF) at the official residence of the Deputy President in Karen.The forum which seeks to foster partnerships and collaborations for development was hosted by H.E. Deputy President, Hon. Rigathi Gachagua. The event was attended by Cabinet Secretaries, Principal Secretaries, Heads of Missions and Embassies among other government officials."
20,Wadau Wa Elimu Courtesy Call
20,"Stakeholder collaboration and consultation are essential to effective and efficient service delivery. They ensure alignment among stakeholders, promote shared responsibility, and enhance problem-solving capabilities, among other key benefits.

A delegation from Wadau wa Elimu – Kenya, led by Prof. Clinton Sukuru, Kenya Rapporteur, accompanied by Dr. Mercy Igoki, an experienced educationist, and Martha Omollo, an administrator, paid a courtesy call to the Principal Secretary Dr. Jane Imbunya."
20,Double Taxation Agreements
20,"Double taxation is a tax principle referring to income taxes paid twice on the same source of income. It can occurs when income is taxed at both the corporate level and personal level; and in international trade or investment when the same income is taxed in two different countries. It mainly occurs because corporations are considered separate legal entities from their shareholders. As such, corporations pay taxes on their annual earnings, just like individuals. When corporations pay out dividends to shareholders, those dividend payments incur income-tax liabilities for the shareholders who receive them, even though the earnings that provided the cash to pay the dividends were already taxed at the corporate level

Double taxation is often an unintended consequence of tax legislation. It is generally seen as a negative element of a tax system, and tax authorities attempt to avoid it whenever possible. A key method authorities use to address double taxation problem is through Double Taxation Agreements (DTAs). DTAs are international agreements between two countries to allocate taxing rights between the two countries that have negotiated the particular DTA. The purpose a DTA is to help the two countries to avoid double taxation. Kenya mainly uses DTAs to avoid double taxation at international level."
20,PS Imbunya Meets Youth Coalition Ahead of Coalition of Youth for Devolution Festival
20,"PS Imbunya Meets Youth Coalition Ahead of Coalition of Youth for Devolution FestivalPrincipal Secretary, State Department for Public Service and Human Capital Development, Dr. Jane Imbunya, today received a delegation from the Coalition of Youth for Devolution at Harambee House during a courtesy call.

The team officially invited the State Department to participate in the 2nd Edition of the Youth Devolution Festival, scheduled for October 1–3, 2025, in Kajiado County.This year’s festival will run under the theme “Harnessing Devolution through Youth Empowerment, Innovation, and Job Creation for Economic Growth.”"
20,Kenya Calls for Strategic Diplomacy as Global Order Shifts
20,"Kenya Calls for Strategic Diplomacy as Global Order Shifts

Speaking on Monday at Chatham House in London, Prime Cabinet Secretary and Cabinet Secretary for the Ministry of Foreign and Diaspora Affairs, Dr. Musalia Mudavadi, said Kenya is recalibrating its foreign policy to respond to an evolving global order marked by emerging alliances, economic disruptions, and intensifying geopolitical competition."
20,"The Official Launch 0f the Kenya National Bureau Of Statistics/Statistics Sweden Statistical Cooperation Project, On 23rd June, 2015 at the Hilton Hotel"
20,"REMARKS BY ENG. PETER O. MANGITI, PRINCIPAL SECRETARY, MINISTRY OF DEVOLUTION AND PLANNING DURING THE OFFICIAL LAUNCH OF THE KENYA NATIONAL BUREAU OF STATISTICS/STATISTICS SWEDEN STATISTICAL COOPERATION PROJECT, ON 23RD JUNE, 2015 AT THE HILTON HOTEL Swedish Ambassador to Kenya, Director General, Statistics Sweden, KNBS Board Members; Director General, KNBS; Senior Government Officers; KNBS Staff; Development Partners and Members of the Diplomatic corps; Members of Press; All Protocols observed;

Ladies and Gentlemen, It gives me great pleasure to be here this morning with you in this important day of launching the KNBS/SCB statistical cooperation project whose main objective is to strengthen the capacity of the KNBS and the National Statistical System (NSS) in Kenya to deliver relevant, reliable and timely statistical information."
20,"This report presents the findings of the Kenya STEPwise survey for non communicable diseases (NCD) risk factors 2015. The Kenya STEPs survey is the first nationally representative survey to collect comprehensive information on risk factors for NCDs and Injuries.

Kenya is experiencing an epidemiological transition in its diseases burden from infectious to non-communicable conditions resulting in a double burden of disease. Non communicable diseases are a major public health concern with significant social and economic implications in terms of health care-needs, lost productivity and premature death. NCDs are thus a serious setback to our attainment of social, health and economic targets if no proper interventions are put in place. This report provides the very essential information to inform policy geared towards halting and reversing this burden of non-communicable diseases."
20,The SAFER credit is meant only for MSMEs who are seeking financing to establish or build their businesses as well as those seeking to recover from the effects of the Covid-19 Pandemic
20,7) What happens after I submit my grievance?
20,6) How can I submit a grievance or complaint related to the SAFER project?
20,"Once you submit your grievance, it will be acknowledged and registered in our system. The complaint will be reviewed and assessed by the Grievance Committee, and you may be contacted for further information if necessary. Our team will work on resolving the issue, and we will communicate the proposed resolution within [10working days]. If the grievance is complex, we may require additional time, but you will be kept informed throughout the process."
20,8). What should I do if I don’t receive a response to my complaint?
20,"If you do not receive a response within the specified timeline, or if you need to follow up on the status of your complaint, you can contact our Grievance Officer directly at:

Phone: (+254) 20 2210271/4"
20,Where are we now
20,Kenya-Korea Deepen Strategic Ties
20,"The Director-General for Political and Diplomatic Affairs (DG/PDA), Amb. Josephat K. Maikara, has held discussions with the Ambassador of the Republic of Korea to Kenya, H.E. Kang Hyung-Shik, where the two lauded the deepening Kenya–Korea partnership. They noted the strong cooperation already achieved in political, socio-economic, infrastructural, ICT, and digital spheres, and committed to further strengthening ties for mutual benefit.

These discussions come ahead of the official visit by H.E. Woo Won-Shik, Speaker of the 22nd National Assembly of Korea, to Kenya. During his visit, he will preside over the launch of the Kenya Advanced Institute of Science and Technology (Kenya-AIST) at Konza Technopolis, a flagship bilateral project expected to drive research, innovation, and higher education in Kenya and the wider East African region."
20,PCS Completes working engagement in South America
20,"Prime Cabinet Secretary and Cabinet Secretary for Foreign and Diapora Affairs Dr. Musalia Mudavadi has completed his working engagement in South America where in his last assignment, he was received at the Palacio Nacional in Santo Domingo by President Luis Abinader, the President of the Dominican Republic.

Dr. Mudavadi conveyed H.E. President William Ruto’s gratitude for the Caribbean nation's strong support to the Kenya-led Multinational Security Support Mission (MSSM) in Haiti. The two leaders exchanged views on a multiplicity of issues including global and regional peace and security as well as the outcomes of the MSSM donor roundtable held recently in Santo Domingo."
20,Kenya and Azerbaijan Hold Inaugural Political Consultations
20,"The Cabinet Secretary for Foreign and Diaspora Affairs, Hon. Dr. Musalia Mudavadi, E.G.H., recently hosted the Deputy Foreign Minister of the Republic of Azerbaijan, H.E. Yalchin Rafiyev, during his official visit to Nairobi for the inaugural Kenya-Azerbaijan Bilateral Political Consultations.

Dr. Mudavadi thanked Deputy Foreign Minister Rafiyev for the successful convening of the talks, describing the milestone as a significant step in strengthening bilateral relations. The two leaders explored avenues for enhanced collaboration across a range of sectors."
20,Kenya strengthens its telecommunications and connectivity preparedness ahead of AFCON 2027
20,"The Principal Secretary, State Department for Broadcasting and Telecommunications, chaired a joint steering committee meeting bringing together mobile network operators and key stakeholders in the telecommunications sector to deliberate on connectivity preparedness for the tournament, earlier today.

With AFCON 2027 presenting a major opportunity for Kenya to further cement its position as Africa's digital hub, reliable and seamless connectivity will be critical to the success of the tournament."
20,"2016 Micro, Small and Medium Enterprises (MSME) Survey Basic Report"
20,Who are we?
20,ABOUT KPSA
20,"Kenya Private Schools Association (KPSA) is an umbrella body for private education institutions and duly registered by the registrar of societies according to the law. Membership to KPSA is open to all proprietors of private schools i.e Pre- Primary, Primary, Secondary, and the Private Teacher Training institutions (Low cost, Medium Cost, and High cost), duly registered, and pursuing a curriculum approved by the Government. The Association has representative branches in all the 47 counties and represents the interests of private schools in all the County Education Boards (CEB) in Kenya."
20,Our History
20,"Our current statistics show that by 2019 there were over 10,400 registered private primary schools with a population of over 2,100,000 children and about 1,600 registered private secondary schools with a population of over 277,416 students in Kenya. Private schools include a vibrant mix of for-profit, non-profit and faith-based schools"
20,Management and Leadership Structure
20,CS Hon. FCPA John Mbadi today commissioned the Kokona Community Borehole Project in Garsen
20,"CS Hon. FCPA John Mbadi today commissioned the Kokona Community Borehole Project in Garsen, Tana River County, under the FLLoCA program.

The project will provide a sustainable water source to address the region’s persistent drought."
20,"Quarterly Gross Domestic Product Report Second Quarter, 2018"
20,Leading Economic Indicators September 2015
20,"African Statistics Day 2022; Message from Cabinet Secretary, The National Treasury and Economic Planning"
20,Foreign Service Academy
20,"The journey of the establishment of the Foreign Service Academy stated with the establishment of the Foreign Service Institute by the Ministry of Foreign Affairs vide Cabinet Memorandum No. 1/2006 with the objective of strengthening the Ministry’s human and institutional capacities in Foreign Policy research, analysis and monitoring.

Over the years, the Academy continued to build linkages through Memorandum of Understanding As part of expanding linkages and learning best practices, the Foreign Service Academy signed a number of Memoranda of Understanding with like-minded local and foreign institutions. These partnerships accorded the Academy an opportunity to enrich its training of the staff of the Ministry."
20,Advancing Peace Diplomacy
20,"Panel discussions on Day 3 of the 19th Ambassadors’ Conference focused on Peace Diplomacy and Regional Stability, underscoring Kenya’s pivotal role in advancing peace efforts across the region. Kenya’s diplomacy has significantly contributed to regional stability, facilitating trade, investment, and economic growth, while enhancing human security and reinforcing the country’s strategic influence on the global stage.

Through sustained mediation initiatives, Kenya has cultivated strong bilateral and multilateral partnerships, positioning itself as a key actor in conflict resolution. These efforts have yielded both tangible economic returns and less visible gains, such as expanded strategic reach and diplomatic credibility."
20,EQUITABLE EDUCATIONAL OPPORTUNITIES
20,Community
20,"Education is an important contributor to national development. Citizens who can read, write and think critically have better economic opportunities, higher agricultural productivity, healthier children and better reproductive health.

EDUCATION 21/05/2024"
20,Vision
20,Our Mission Statement
20,An agile tax and customs revenue agency facilitating voluntary compliance for all.
20,Mission
20,To efficiently and effectively mobilise government revenue and facilitate trade by fostering compliance with tax and customs laws.
20,Values
20,5. Record keeping & reporting
20,4. Compliance & legal safeguards
20,"eTIMS securely stores all Buyer Initiated Invoices and related transaction details, ensuring a complete and accurate record for compliance and audit purposes. Interactive dashboards allow users to monitor the status of invoices at any time, including pending, approved and rejected transactions."
20,Appendix 1: Links
20,a. Stamp Duty
20,6. Agency Revenue
20,"Stamp duty is a tax charged on transfer of properties, shares and stock.

It is collected by the Ministry of Lands, which has seconded the function to Kenya Revenue Authority (KRA)."
20,"Directorate of Budget, Fiscal and Economic Affairs"
20,Directorate of Accounting Services and Quality Assurance
20,"The Directorate is headed by a Director General, reporting to the Principal Secretary, National Treasury. It is organized into the following five (5) Technical Departments, each headed by a Director:

The functions of the Directorate are to:"
20,Financial Statements
20,"FINANCIAL STATEMENTS – SAGAs 2023﻿

FINANCIAL STATEMENTS – COUNTY GOVERNMENTS 2023"
20,Mandate and Function
20,"The Executive Order No. 2 of 2023 on the Organization of the National Government assigns the functions of the Ministry of Public Service, Performance and Delivery Management as follows:"
20,Leading Economic Indicators June 2014
20,2023 – 2027
20,KNBS Strategic Plan
20,"Download The Kenya National Bureau of Statistics Strategic Plan 2023-2027.

The Kenya National Bureau of Statistics (KNBS) is a State Corporation established by the Statistics Act, 2006, for the collection, compilation, analysis, publication and dissemination of statistical information, and the coordination of the national statistical system. It is the principal agency of the Government for collecting, analysing and disseminating statistical data in Kenya and the custodian of official statistical information"
20,Kenya Set for UNEA-7 next month
20,"Kenya has confirmed its readiness to host the Seventh Session of the United Nations Environment Assembly (UNEA-7) in Nairobi from December 8–12, 2025. Cabinet Secretary for Environment, Climate Change and Forestry, Dr. Deborah Barasa, said the country is prepared to welcome global delegates to the world’s top environmental decision-making forum.

UNEA-7 will convene world leaders, ministers, and experts to address major environmental challenges, including pollution, climate change, and sustainable development. Dr. Barasa said Kenya is honoured to facilitate the session and reaffirm its leadership in global environmental governance."
20,Follow us on Facebook
20,On-site potato training
20,"Agrico Potato Services Africa is also active on Facebook via the handle Agrico EA. We have over 50,000 followers and post daily updates.

Follow us on Facebook for the latest news, events, advice, and success stories from our farmers. We also invite you to share your own experience growing the Agrico varieties on our page."
20,Agrico Potato Services Africa cares about farmers!
20,Nairobi County Environment Chief Calls for Shared Responsibility in Waste Management Efforts
20,"Nairobi, 13th March 2024

Nairobi City County Chief Officer in charge of Environment Mr. Hibrahim Otieno has urged Nairobi residents to be responsible for the waste they generate, noting that waste management is not only a County responsibility but a shared responsibility by the waste generator and the County Government."
20,Cooperative sector set for overhaul under new reforms
20,"The Government has reaffirmed its commitment to strengthening Kenya’s cooperative movement through legislative reforms aimed at enhancing transparency, sustainability, and public trust.

Speaking during an international cooperative sector meeting in Mombasa that brought together regional leaders and global delegates, the Cabinet Secretary for Cooperatives and Micro, Small and Medium Enterprises (MSMEs), Wycliffe Oparanya, said the reforms are intended to create an enabling environment for Savings and Credit Cooperative Organisations (SACCOs) to thrive, dismissing claims that the State seeks to control the sector."
20,Kenya’s Bid to Host 2026 Global Social Workers Conference Gains Momentum: County Executives and International Partners Collaborate for Social Change
20,"NAIROBI: 19th January 2024

County Executive for Talents, Skills, Development and Care Ms. Rosemary Kariuki accompanied by the Chief Officer for social services Mr. George Mutiso held a meeting with the Cabinet Secretary, Ministry of Labour and Social Protection Ms. Florence Bore together with the Principal Secretary, State Department for Social Protection Mr. Joseph Motari representatives from the International Federation of Social workers led by the Secretary General Dr. Pascal Rudin and the President Joakim Mumba. The purpose of the meeting is to plan for the upcoming Social Workers Global Conference which Kenya has bid to host in 2026. The bid for Kenya to host the global event in 2026 is at a very advanced stage, the final decision will be made at the Panama Conference which will be held this year. Mr George Mutiso has been instrumental in the planning efforts together with the Kenyan National Association of Social Workers led by the Secretary General Mr. Evans Nyakundi. They are also the key members of the International Federation of Social Workers."
20,"Nairobi County Recognizes Excellence: Certificates Awarded to Staff for Successful Completion of Rapid Result Initiative Training on Sustainability, Governance, and Customer Service."
20,"Nairobi 18th January 2023

Nairobi County Executive Committee Member for Inclusivity, Public participation and customer service Dr. Anastasia Nyalita today awarded Certificates to county staff who Successfully underwent training on Rapid Result Initiative on matters sustainability and governance, Public and cooperate speaking, customer service and office etiquette. The training which took place on the 17th of November 2023 was as a result of the County’s partnership with Village Market, United disabled persons of Kenya and Civic Voices in joint efforts to ensure that the trainees are well knowledgeable on customer service, inclusive communication and report writing. About 60 County staff from the Inclusivity, boroughs and finance Sector participated in the training. The County Executive was accompanied by Director public participation and Citizen engagement Patrick Angasa, Joseph Kamau ADAs for the Sector and other Stakeholders that facilitated the training."
20,Call For Abstracts-Closed
20,"Call for Abstracts CLOSED!

We are truly grateful for the overwhelming response to the 2nd Nairobi Health Scientific Conference 2025 Call for Abstracts. Thank you to everyone who submitted their abstracts."
20,The Nairobi Festival unveils the audition registration platform… Stage set for upcoming talent to take part in the December extravaganza to be held at Uhuru Park
20,"Nairobi, 22nd November 2023 The Nairobi Festival Organizing Committee has announced calls for auditions for Nairobi residents as it gears up for the second edition of the Nairobi Festival. The event, which is a flagship of The Governor of Nairobi City County, H.E Governor Sakaja Johnson, is slated to take place from 12th – 17th December, 2023, at Uhuru Park.

Said Dr. Anastasia Nyalita, County Executive, Inclusivity, Public participation and Customer Service, “This is a chance for Nairobi youth to be selected to take part during the 5-day extravaganza in December. We are calling upon those who are aged between 18 – 80 years to submit a one-minute clip showcasing their talent by 25th November via WhatsApp to 0777 200 290."
20,Nairobi City County Explores ECDE Expansion: New Initiative Targets Primary Schools for Enhanced Educational Access
20,"NAIROBI: 20th March, 2024

Nairobi City County last week, embarked on an initiative of visiting newly established primary schools with an intention of establishing ECDE Centers in the schools: The department of Education led by the"
20,Public Notice – Public Participation Forum Scheduled For 27th February 2025
20,Search Results for “climate change”
20,The Kenya Airports Authority Tender Advertisement Notices
20,The Kenya Broadcasting Corporation Tender Notices
20,Tender Invitation for Registration of Suppliers
20,The Kenya Airports Authority Tender Advertisement Notice
20,The Kenya National Highways Authority (KeNHA) Tender Notices
20,The Geothermal Development Company Limited (GDC) Tender Notices
20,NGCDF Gatundu Tender Document for Proposed Construction Of 200m Long Masonry Perimeter Fence And A Modern Gate House At Mang’u Technical College...
20,Kenya Revenue Authority Tender Notices
20,Kitui Water and Sanitation Company Ltd Invitation to Tender Registration of Suppliers Financial Year 2025-2026
20,Kenya Power Invitation to Tenders
20,"NG CDF RONGAI Constituency Nakuru Tender Notice fo Pre-Qualification of suppliers and contractors for supply of goods, works and provision of services for the financial year 2025-2027 FINAL"
20,RONGAI Tender Notice for Supply and Delivery of Office Stationaries and Office Common User Items
20,"Prequalification And Framework For Provision Of Legal Services To Government Ministries, Departments And Semi-Autonomous Government Agencies And State Corporations In Kenya."
20,The County Coordinator National Government Affirmative Action Fund TENDERS 2025
20,Tenders for the supply and delivery of goods and services to all government Departments and institutions within Makueni County
20,The National Treasury and Economic Planning Request for Proposals
20,NGAAF Mombasa County TENDER NOTICE - Supply and Delivery of New Motorcycles
20,State Department for Housing and Urban Development Tender Advertisements.
20,State Department for Agriculture Tender Notices
20,Supply and Delivery of Motor Vehicles for the Second Kenya Urban Support Program (KUSP 2
20,Selection of an individual ICT Consultant for the enhancement of KLMIS to accommodate KeSCO interactive and the career navigator
20,Ministry Of Agriculture & Livestock Development Request For Expression Of Interest For Consulting Services For Business Accelerator For Mango And Avocado Value Chains For NAVCDP
20,"Re-Advertisement - National Open Tender Notice Request For Bids-Works for Proposed Water Supply Distribution Project for Muriri-Karumo, in Meru County."
20,Kenya Airports Authority Tender Notice
20,"Kitui Water and Sanitation Company Ltd Tender FY 2026-2027 For The Supply And Delivery of UPVC, HDPE And PPR Pipes And Fittings and Supply and Delivery of Cold Water Meters, Smart Meters And Accessories respectively"
20,Pagination
20,Mombasa Sub-County Tender Notice 2026-2028
20,Youth urged to capitalize empowerment centres to access opportunities overseas
20,"Baringo governor Benjamin Cheboi has challenged youth to take advantage of the empowerment centres initiated by both levels of government and Non-Governmental Organizations in order to connect to job opportunities abroad.

Cheboi made the call on Tuesday while launching Kabarnet One Stop Youth Centre within the county headquarters, which has been supported by Common Market for Eastern and Southern Africa (COMESA)."
20,State defends ban on raw macadamia exports to protect farmer
20,"The Government has reiterated its resolve to ban exportation of raw macadamia to curb exploitation of farmers.

Deputy President, Prof. Kithure Kindiki said the government will not compromise in the implementation of the ban."
20,"KECOBO trains 400 creatives, law enforcers on copyright protection"
20,"The Kenya Copyrights Board (KECOBO) has trained over 400 creatives and law enforcement officers in Narok County on copyright infringement in a bid to enhance the protection of intellectual property rights.

Speaking during the closure of a two-day workshop at a Narok hotel, Acting Executive Director, KECOBO George Nyakweba said the initiative aims to strengthen enforcement mechanisms on copyright infringement."
20,State to support conservancies following USAID withdrawal of aid
20,"The Cabinet Secretary for Tourism and Wildlife Rebecca Miano has underscored the big role conservancies play to boost the country’s economy, reiterating that the government will pump more money to support them.

Ms Miano observed the conservancies had been affected by the change of policies internationally, stating the government will move in to support the conservation efforts in the conservancies."
20,East and Horn of Africa delegation studies labour migration systems in the Philippines
20,"By Julius Ndegwa (PCO)

A high-level delegation from the East and Horn of Africa visited Manila, Philippines, last week on a study mission to draw lessons from one of the world’s most advanced government-led labour migration systems."
20,The Kenya National Examinations Council (KNEC) Tender Notices
20,The Teachers Service Commission Invitation to Tender
20,Request For Expression of Interest (EOI) For the Provision of End-To-End Integrated Logistics System and Related Services During the Administration of Examinations and Assessments -RE - ADVERTISED
20,The Teachers Service Commission Tender Notice
20,The Teachers Service Commission Invitation to Tenders
20,"Electricity consumption hits new high, driven by 400,000 new connections"
20,"Electricity demand has reached a new peak driven by new customer connections and increased consumption of grid power during the ongoing cold season.

Data from Kenya Power’s National Control Centre shows that peak demand surged twice in July, with a record high of 2,362.28 MW being registered."
20,How Ira Ambani’s startup reaped big from KIRDI’s business incubation services
20,"In early 2021, Ira Ambani visited the Kenya Industrial Research and Development Institute (KIRDI) Western Region Centre in Kisumu with the aim of finding a sustainable solution to manage the substantial fish waste from her Nile perch processing plant on the shores of Lake Turkana.

For years, Ambani faced challenges in disposing of tonnes of waste, including Nile perch skins, generated daily by her plant, hindering her business expansion plans."
20,First Lady Rachel Ruto calls for collective efforts to uplift young girls
20,"The First Lady Rachel Ruto has called for concerted efforts to help young girls attain their full potential in life.

Mrs. Ruto singled out abject poverty as one of the greatest impediments that hinders girls from realizing their lifelong dreams with majority of them being forced to shoulder the burden of assisting their parents to fend for the family."
20,Pokot and Marakwet communities unite to build Peace Road and boost development
20,"Communities living in Pokot Central Sub-County and Marakwet East Constituency have joined hands to construct a road linking Chepkogogh Location in West Pokot County to Kipchumwa Location in Marakwet East Constituency, Elgeyo Marakwet County.

The road construction is a grass-roots initiative driven by community members from both regions and aims to strengthen peace, improve access to essential services, and foster long-term development in an area historically affected by banditry and inter-community conflict."
20,"The 47 County Gender Datasheets provide a comprehensive, harmonised evidence base on gender equality and women’s empowerment across all counties in Kenya. Developed through a collaborative process led by the Council of Governors (CoG) and the Kenya National Bureau of Statistics (KNBS) in partnership with the State Department for Gender Affairs and Affirmative Action (SDGAAA), and with technical and financial support from UN Women, the datasheets respond to persistent gaps in the availability and use of gender data at the county level.

Anchored within Kenya’s devolved governance framework, the datasheets will support counties in planning, budgeting, and monitoring progress under the third generation County Integrated Development Plans (CIDPs) 2022–2027. Each county datasheet presents gender relevant indicators across seven thematic areas: demographics; health; education; economic empowerment; gender-based violence; access to basic services (water, sanitation, energy); and governance and decision-making."
20,African maritime administrations push for coordinated climate action
20,"SADIK HASSAN-KNA

African countries have been urged to take coordinated action to effectively support and shape the International Maritime Organisation’s (IMO) Net-Zero Framework (NZF), as the world prepares for far-reaching changes in global shipping aimed at reducing greenhouse gas emissions."
20,"Applications are invited for Diploma, Certificate and Artisan courses offered at Training Institutes in the State Department for Livestock Development."
20,"African Statistics Day 2022; Message from PS, State Department for Economic Planning"
20,Kitui County commissions two modern maternal and newborn healthcare units
20,Leading Economic Indicators July 2016
20,Five African countries look to KenGen for geothermal expertise
20,"Five African countries have tapped Kenya Electricity Generating Company (KenGen) expertise in geothermal exploration to assist tap and transition to green energy power use.

The move is in line with commitments to the Paris Climate Agreement (2015) which seeks to enable countries to reduce carbon emissions footprints and limit global temperatures to below 2 °C and reverse climate induced calamities."
20,CS Mvurya reaffirms Kenya’s readines to host African Nations championship
20,"SITNA OMAR-KNA

Kenya is ready to host the African Nations Championship (CHAN) later this year. Sports Cabinet Secretary Salim Mvurya has dismissed claims circulating on social media suggesting that Kenya is not prepared to host the upcoming tournament."
20,FAQs About KNBS
20,"KNBS is mandated to collect, compile analyze, publish and disseminate official statistics for public use. In addition, KNBS coordinates, monitors and supervises the National Statistical System (NSS). KNBS was established by an Act of Parliament – the Statistics Act, 2006 No.4. KNBS is a Semi-Autonomous Government Agency under the Ministry of Planning, National Development & Vision 2030.

Real Towers, along Hospital Road in the Upper Hill of Nairobi. However, KNBS has a regional office in all 47 counties of Kenya. You can view all locations on the contact us page. Click here."
20,Collaborative Efforts Towards Enhancing Nairobi’s Own Source Revenue: A Closer Look at the Comprehensive Study and Future Strategies
20,"Nairobi ,Friday 27th October 2023 Dr. Benjamin Kimolo, the Director of Research and Policy Development for Nairobi County, held a meeting with Commissioner Hadija Juma to discuss the Comprehensive Own Source Revenue (OSR) Potential and Tax Gap Study, conducted by the CRA in June 2022.

As per the CRA study, Nairobi has the potential to generate at least Kshs. 67 billion out of the total Kshs. 216 billion that all 47 counties could collectively generate annually. Although the county raised over Kshs. 10 billion in the previous year, they are aiming to double that amount to Kshs. 20 billion in the fiscal year 2023/24. Dr. Kimolo stressed the importance of research to inform policy decisions and strategies for improving revenue collection in Nairobi. He also highlighted the need to enhance customer service and citizen compliance, saying, “We aim to create a well-organized city with a business-friendly atmosphere, encouraging residents and visitors to willingly contribute to fees and charges.”"
20,Nairobi City County’s Climate Change Workshop: Collaborative Efforts with Global Partners Address Impacts on Children and Young People
20,"Nairobi, 14th February 2024

Nairobi City County’s Climate Change and Air Quality Monitoring unit in collaboration with London School of Health Services and Tropical medicine, Ylabs, C40 Cities and Urban Better concluded a three day workshop program on children, cities and climate action lab held at Charter Hall."
20,"President Ruto Commends Nairobi’s School Feeding Initiative as Program Reaches 30 Million Meals, Benefiting Over 310,000 Students"
20,"Nairobi : 29th October 2024

President William Ruto commended Nairobi County’s “Dishi Na County” school feeding program for its impact on student retention and combating food insecurity, as the initiative marked a milestone of 30 million meals served. Speaking at the Global School Meals Coalition ministerial meeting, President Ruto highlighted the importance of school feeding programs in Kenya’s education strategy."
20,"The overall aim of the 2010 Census of Industrial Production (CIP), was to provide comprehensive information on the structure of the industrial activities in Kenya. The exercise targeted an estimated total of 3,000 registered establishments in the country. The CIP 2010 focused on various characteristics of formal establishments that included the economic activities at the four digit ISIC, employment, ownership structure, production and installed capacity, inventories, intermediate consumption, incomes, sales, ICT and fixed assets, among others. A total of 1,814 formal establishments/firms responded for the industrial enquiry. Imputations were done for 438 establishments that did not respond based on other regular surveys and other administrative sources. The final results as reflected in the report are aggregated at the two digit (division) of ISIC. The total output of the industrial sector in 2009 was KSh 1,009.2 billion with total gross value added of KSh 319.8 billion. Manufacturing activities recorded the largest share of industrial production, accounting for 90.3 per cent of total value of industrial output. This was followed by electricity, gas, steam and air conditioning supply which recorded 7.9 per cent of the total output. The total number of persons engaged as at June 2009 was 324,841 with about half of them based in Nairobi. The manufacturing sector accounted for about 94 per cent of total employment within the industrial sector. Most of the employees in industry were males at 77.2 per cent. A total of 30 per cent of establishments reported capacity utilization below 50 per cent. Some of the key reasons cited by the establishments leading to under-utilization were the high cost of fuels, electricity and raw materials during the reference period. Overall, the value of inputs into the sector‟s production process was estimated at KSh 701.9 billion, of which KSh 689.3 billion was intermediate consumption. Cost of raw materials constituted 81.2 per cent of the inputs into the process of production activities of sectors. Energy and water accounted for 8.1 per cent of the input costs while expenditure on other type of inputs amounted to 10.6 per cent. In 2009, inventories were estimated to have reduced by KSh 902.6 million which could have been attributed to an upsurge in economic growth after a slowdown in 2008. Finally, value added (contribution to GDP) of the formal industrial sector was KSh 319.8 billion. In 2009, the total sales of industry in Kenya was KSh 1,015.4 billion with Manufacturing activities contributing the largest share of sales at 87.7 per cent. Electricity, Gas, Steam and Air Conditioning Supply was second while Water and Sewerage Services had the lowest level of sales at KSh 10.4 billion. Most of the goods produced in Kenya are sold locally, accounting for 83.5 per cent of all sales, East African countries consume 5.4 per cent while 11.8 per cent is exported to the Rest of the World (RoW). Download full report"
20,Nairobi City County Partners to Strengthen Care Economy and Uplift Unpaid Care Work
20,"Nairobi,1st August 2025

Nairobi City County Government, through its Gender and Inclusivity Sub-sector, has taken a bold step in mainstreaming the care economy by partnering with Wow Mom Kenya and Metropolis. The initiative seeks to enhance the County’s capacity to improve care services through increased budget allocations and progressive policy implementation."
19,Agriculture
19,International Scene
19,Highlights of Crops Statistics
19,Tea Production
19,Quarterly BOP Reports
19,Quarterly GDP Reports
19,"Quarterly Balance of Payments (BOP) Reports summarize a country's economic transactions with the rest of the world, including trade balances and financial flows."
19,Gross County Product
19,"Gross County Product (GCP) measures the economic output of a specific county or local area, aiding in regional economic assessments and development planning."
19,Peace and Security Diplomacy
19,Kenya's Foreign Policy
19,Economic and Commercial Diplomacy
19,"African Statistics Day 2022; Message from Director General, Kenya National Bureau of Statistics"
19,ICMS SYSTEM MAINTENANCE RE-SCHEDULED
19,"The Kenya Revenue Authority (KRA) wishes to inform Partner Government Agencies, Importers, Exporters, Clearing Agents, Shipping Lines, and the general public that the scheduled maintenance of the Integrated Customs Management System (iCMS), originally planned for Saturday, 4th April 2026 at 1800 Hrs to Monday, 6th April 2026 at 06:00 Hrs, has been RESCHEDULED. This rescheduling follows extensive stakeholder consultations and a strategic assessment of current operations at the Port of Mombasa, the decision underscores the collective commitment of all Government Agencies and the business community to ensure the efficient, smooth evacuation and movement of cargo.

RESCHEDULED MAINTENANCE DATES:"
19,"PRESS RELEASE 24/04/2020

Did you find this content useful?"
19,The latest news and events from KNBS
19,Finaccess Household Survey Launch 2021
19,Data collection for Foreign Investment Survey 2020
19,CONSUMER PRICE INDICES AND INFLATION RATES FOR AUGUST 2020
19,"THE NATIONAL VIOLENCE AGAINST CHILDREN SURVEY REPORT, 2019"
19,Producer Price Index Second Quarter 2020
19,KNBS IS NOT HIRING
19,The Fight Against Tax Evasion
19,"Kenya Revenue Authority (KRA) is charged with the responsibility of collecting revenue on behalf of the Government of Kenya. This Revenue is critical in funding service delivery to the citizens of this country and in achieving Kenya’s Transformation Agenda.

Revenue collection has grown from Ksh. 201 billion in the year 2002/03 to Kenya shillings 1.58 trillion in the year 2018/19 representing a growth of over 680%. This has enabled the country to continue providing the much-needed services to the Kenyan people. This tremendous growth demonstrates that this Country will significantly reduce reliance on debt if all persons required to pay taxes pay their rightful share of taxes."
19,Treasury CS lauds KRA’s modernisation initiatives
19,"National Treasury acting Cabinet Secretary Honourable Ambassador Ukur Yattani has lauded the Kenya Revenue Authority (KRA) for the various tax administration, modernisation measures it has put in place.

The Acting Cabinet Secretary, who was on a familiarisation tour of the KRA operations at the Inland Container Depot (ICD) in Embakasi today, said that automation of tax administration functions is key in enhancing both transparency and efficiency. He added that automation of KRA processes has reduced human intervention in handling cargo right from the Port of Mombasa to the ICD and other destinations."
19,KRA embarks on an aggressive tax compliance strategy
19,"The Kenya Revenue Authority (KRA) has embarked on an aggressive tax compliance strategy to ensure that all eligible taxpayers pay their fair share of taxes.

Spearheaded by the Commissioner General Mr. Githii Mburu, the Authority has implemented various initiatives targeting all Kenyans who fall in the taxpaying bracket to ensure they meet their tax obligations."
19,Motor Vehicle Importers & Clearing Agents Arrested for Tax Evasion
19,"In its renewed war against tax crimes, Kenya Revenue Authority (KRA) has arrested six directors of Clearing and Forwarding firms for tax evasion. The six who have been evading payment of duty through tariff misclassification and under valuation of motor vehicles will be arraigned at the Chief Magistrate’s Court in Mombasa today.

The suspects are directors of clearing agent companies-Evescon Global Logisticss Limited, Fleet Freighters Limited, Rank Network Logistics Limited, S and L Port Solutions Limited, Sahara International Logistics Limited and directors of second hand motor vehicle importation company Manjok International Limited"
19,KRA Files Appeal against Tax Appeals Tribunal Decision on the Betting Firms’ Case.
19,"Kenya Revenue Authority (KRA) will challenge the Judgment of the Tax Appeals Tribunal (TAT) delivered on 6th November 2019 in favour of the Betting firms.

Seven (7) Betting Firms filed Appeals before the TAT challenging KRA’s interpretation of the term “winnings” as was amended by the Finance Act 2018. They also contested KRA’s enforcement mechanism after it enforced collection of 20% Withholding tax on winnings by placing agency notices on the Betting firms’ accounts."
19,Taxation of online traders and digital trading platforms
19,"Kenya Revenue Authority (KRA) has directed business owners trading on digital platforms to charge Value Added Tax (VAT) on their transactions and remit the taxes to KRA.

The Commissioner Domestic Taxes, Ms. Elizabeth Meyo said in a statement that KRA, had noted with concern that some digital business owners had failed to charge VAT as required by law."
19,"Commissioner, Legal Services & Board Co-ordination – PM Matuku"
19,KRA responds to Keroche on tax dispute history
19,"PRESS RELEASE 26/03/2020

Did you find this content useful?"
19,Water manufacturer charged before a Nairobi Court
19,"PRESS RELEASE 15/03/2022

Did you find this content useful?"
19,KRA to collect KShs.1.4 Billion from rice wholesaler
19,"The Tax Appeals Tribunal (the Tribunal) has dismissed an Appeal filed by Jhulay LAL Commodities Ltd on grounds that the firm had failed to prove that Kenya Revenue Authority’s (KRA) assessment was excessive. Jhulay LAL’s principal activity is the wholesale and retail sale of rice sourced from Pakistan.

Jhulay LAL Commodities Ltd appealed the decision of KRA contesting that the entire tax of Kshs. 1,456,433,604.00 demanded. The main grounds of the appeal was that the Commissioner determined the taxable income on the basis of its gross bankings against the basic accounting principles and tax law."
19,"Commissioner, Legal Services & Board Coordination-Mr. Paul Matuku"
19,BTB Insurance Brokers Limited ordered to pay KRA Kshs.35 Million in Taxes
19,"The Kenya Revenue Authority (KRA) is set to collect Kshs. 35 Million in taxes from BTB Insurance Brokers Limited following a decision in its favor by the High Court. This follows an appeal filed by BTB Insurance Brokers Limited in 2017 against a decision made by the Tax Appeals Tribunal in 2016.

Between July 2013 and September 2014, BTB Insurance Brokers Limited failed to charge Excise Duty on its commission income contrary to the provisions of the Customs and Excise Act. This led KRA to raise an Excise Duty demand of Kshs. 35,788,553."
19,KRA activates Voluntary Tax Disclosure Programme
19,"The Kenya Revenue Authority (KRA) has actively kicked off a tax compliance drive aimed at facilitating the Voluntary Tax Disclosure Programme (VTDP).

The VDTP provides a platform for a taxpayer to disclose tax liabilities that were previously undisclosed to the Commissioner for the purpose of being granted relief of penalties and interest arising from the tax disclosed. It is aimed at improving revenue collection through enhanced compliance."
19,More than 5.5 Million Taxpayers File Returns as Filing Period Closes
19,"More than 5.5 million taxpayers filed their tax returns for the year 2020 as the filing period officially closed at midnight on Wednesday 30th June 2021. This means that 1.1 million more taxpayers turned out to file their returns this year compared to the 4.4 million who filed their returns last year, reflecting a 19% growth

The growth in the numbers show positive progress in tax compliance, a move that is anticipated to further drive the country towards economic growth. As has been the case in the previous years, Kenya Revenue Authority (KRA) Tax Service Offices did not experience long queues during the last days of filing. This is attributed to efficiency of the iTax platform, effective taxpayer sensitization on filing of returns and efficient taxpayer support services through the KRA Contact Centre and Tax Service Offices across the country as well as extension of working staff hours."
19,KRA Customs Officers intercept approximately 4.88 kg of un-declared gold & jewellery worth Kshs. 31 Million from female passengers at JKIA
19,"The Kenya Revenue Authority (KRA) Customs Officers last night intercepted approximately 4.88 kilogram of gold and jewellery that was being smuggled through the Jomo Kenyatta International Airport (JKIA). This was after Customs Officers stationed at JKIA identified a group of approximately 30 female Kenyan travellers who were departing from Nairobi to Mumbai, India through Doha. The travellers are directly associated to three female travellers earlier intercepted entering Mumbai with approximate 1 kg of gold concealed internally on 19th August, 2021.

During a body search, the Customs Officers in conjunction with the Multi-Agency team discovered approximately 4.88kgs of undeclared gold & jewellery from 15 female passengers. The 15 women who were on board the flight were asked to cancel the flight to allow for further investigations. The intercepted gold and jewellery has been deposited in the Customs warehouse."
19,KRA’s Commissioner General’s term as Chair of the Africa of the Initiative for the Organisation for Economic Co-operation and Development (OECD) extended for another year.
19,"The Kenya Revenue Authority (KRA) Commissioner-General Mr. Githii Mburu’s term as the Chair of the Africa Initiative, an institution of the OECD Global Forum on Transparency and Exchange of Information for Tax Purposes, has been extended for a further one-year term.

The Commissioner General’s term was extended during a virtual meeting where over 101 delegates, including representatives from 26 African countries and six Africa Initiative donors and partners, came together for the 10th meeting of the Africa Initiative1 held by videoconference."
19,Commissioner for Investigations and Enforcement
19,3 people charged with forgery of KRA VIP parking sticker
19,"PRESS RELEASE 16/02/2022

Did you find this content useful?"
19,Dr. Evans Kidero ordered to pay KRA KShs.400 Million Tax
19,"Former Nairobi Governor Dr. Evans Kidero has been ordered to pay tax amounting to Ksh.427,269,795.00. This follows are a ruling delivered by Hon. David Majanja of the High Court.

The ruling in favour of KRA follows an audit conducted by the Commissioner for Domestic Taxes (DTD) on the financial and business affairs of Dr. Kidero. Despite the former governor and the Commissioner reaching a consensus that funds raised for political party campaigns are not chargeable to tax, both parties failed to agree on whether Dr. Kidero who was then vying for Nairobi gubernatorial seat had demonstrated the funds so raised had actually been expended in political campaigns."
19,Commissioner of Legal Services & Board Coordination.
19,Court orders for 100% verification of 82 forty-foot containers with imported cargo declared as imported tea
19,"The High Court has ordered the 100% verification of imported cargo declared as imported black tea and currently detained by the Kenya Revenue Authority (KRA) at a Container Freight Station (CFS) in Mombasa.

Justice John Mativo gave the orders on 4th February, 2022 when he visited Regional Logistics Container Freight Station (CFS) at Miritini for hearing of a case in which an importer, Cup of Joe Limited, is seeking judicial review of KRA’s decision to detain 82 forty-foot containers of imported tea."
19,"Commissioner, Legal services and Board Coordination"
19,"The Kenya Revenue Authority (KRA) has intercepted 1000 cartons of People Vodka affixed with counterfeit excise stamps with a tax implication of over a one million shillings.

The consignment was intercepted along Nairobi-Nakuru highway within Nakuru County aboard an Isuzu FRR lorry. Upon verification by a multiAgency team, the stamps were found to be counterfeit. The driver of the lorry, Gilbert Njogu was arrested and charged with the offence of being in possession of counterfeit excise stamps contrary to the Excise Duty Act and Regulations. He pleaded not guilty and was granted a bond of KShs. 200,000."
19,Commissioner Legal Services and Board Coordination
19,"KRA, Keroche Breweries Limited Agree on Tax Payment Plan."
19,"PRESS RELEASE 16/03/2022

Did you find this content useful?"
19,Commissioner General Appointed Vice Chair to the OECD Global Forum
19,"The Kenya Revenue Authority Commissioner General FCPA Githii Mburu MGH, CBS, has been appointed as one of the three Vice Chair for the OECD Global Forum on Transparency and Exchange of Information for Tax Purposes for a period of three years, with effect from January 2023. His appointment was communicated during the 15th Global Forum Plenary meeting held in Spain on 9th -11th November 2022.

This follows the successful completion of the Commissioner General’s two-year term as the Chairperson for the Africa Initiative, the regional body whose objective is to enhance the potential of tax transparency and exchange of information (EOI) for Africa by ensuring that African countries are equipped to explore improvements in global transparency to better tackle tax evasion."
19,KRA’s Statement on Revenue Mobilisation and Operations
19,"The Kenya Revenue Authority’s (KRA) attention has been drawn to various statements on different media platforms on its operations, and in particular revenue mobilization. KRA wishes to clarify as follows;

Acting Commissioner General, KRA"
19,TAT dismisses Appeal by Naivas Kenya Ltd opposing its appointment by KRA as a Tax Representative
19,"Naivas Kenya Ltd (NKLs) is liable to pay KRA KShs.1,794,000,000 in corporation tax, after the Tax Appeals Tribunal (TAT) dismissed an appeal by the firm, against payment of corporation tax accrued from the sale of its 30% minority stake.

Naivas Kenya Ltd had filed an appeal at the TAT on 10th June 2022, against a tax assessment conducted by KRA, subjecting the sale of Naivas International Limited (NIL) to a resident corporation tax of 30%. The TAT however dismissed the appeal in a judgement delivered on 4th August 2023, (agreeing with KRA’s assessment decision amounting to Kshs.1,794,000,000.00 of unpaid corporation tax)."
19,East Africa Revenue Authorities realise over $3 Million in revenue from tax evasion investigations.
19,"The East Africa Revenue Authorities have a realised a total of $3,039,053.95 in revenue from tax evasion investigations for the periods between October 2023 and April 2024. This was announced during the 18th East Africa Revenue Authorities Technical Committee on Integrity (EARATCI) meeting under the theme Integrity and Revenue performance, hosted by Kenya Revenue Authority (KRA).

Speaking at the engagement, the KRA Commissioner General Mr Humphrey Wattanga reiterated KRA’s commitment to mainstreaming integrity and values in all operations for effective revenue mobilization. “KRA continues to leverage technology to enhance the revenue administration, analyse tax information and gain a better view of the business and transaction space. Corruption fights back, mutates and with technology may become more complex. It is therefore critical for Revenue Authorities to be ahead of the curve in addressing tax integrity and combatting corruption,’ he said. The Commissioner General further added that KRA was committed to implement the strategic objectives of the EARATCI, through collaborative efforts, knowledge sharing and information exchange with the East African Revenue Authorities."
19,KRA Commences Organizational Reforms to Enhance Efficiency and Personalized Customer Centric Service
19,"Kenya Revenue Authority (KRA) has commenced a strategic reform process whose objective is to enhance operational efficiency, optimize processes and streamline administrative procedures within the tax administration. The process which is anchored on KRA’s 9th Corporate Plan envisions an agile tax and customs revenue agency facilitating voluntary compliance for all, while becoming a more responsive and customer-centric organization.

As part of this transformation, KRA is implementing internal realignments within its functional areas of revenue, technology and service with a view to create an agile and responsive tax administration framework, strengthen the digital infrastructure for data-driven decision-making and automation, and to improve taxpayer engagement and support, thereby promoting ease of compliance and service delivery."
19,Draft Excise Duty (Remission of Excise Duty) (Amendment) Regulations 2025
19,"In compliance with the Statutory Instruments Act, Cap. 2A, the Commissioner General on behalf of the Cabinet Secretary, National Treasury and Economic Planning, has developed the draft Excise Duty (Remission of Excise Duty) (Amendment) Regulations 2025.

In compliance with the same Act, the Commissioner General, on behalf of the Cabinet Secretary, the National Treasury and Economic Planning, invites interested members of the public, professionals and stakeholders to submit their inputs and comments for consideration in finalising the Regulations. The draft Regulations have been posted on the KRA website. You may download the draft Regulations for your reference."
19,KRA Simplifies the PAYE Return Filing Process
19,"Kenya Revenue Authority (KRA) has simplified the PAYE return filing and payment process to align with feedback received from taxpayers. The simplified PAYE return aims to improve the user experience for all including the public, not-for-profit and private sector.

The simplified process facilitates employers to file returns relevant to their categories of employees. It also integrates with government human resource information system, IFMIS and CBK through API integration for seamless filing and payment of PAYE, Affordable Housing Levy, NITA Levy and other labour related deductions and contributions."
19,Inflation Adjustment on Excise Duty Rates
19,"The Commissioner General is required under the Excise Duty Act, 2015 to adjust for inflation the rates of excise duty on all products that have a specific rate of excise duty, annually.

Kenya Revenue Authority would like to inform manufacturers and importers of excisable goods falling under the above category and members of the public that the Commissioner General will adjust the rates of excise duty using the average inflation rate for the financial year 2018/2019, as determined by the Kenya National Bureau of Statistics. The adjusted rates will be effective from 1st July 2019."
19,Public Participation Fora on 2019/2020 Financial Year Budget
19,"Kenya Revenue Authority will carry out countrywide public participation fora on the 2019/2020 Financial Year Fiscal Budget. The fora target tax professionals, business leaders, the media and the general public, and will begin from 9.00am to 1.00pm on the dates and venues below:

DATE"
19,Draft Excise Duty Regulations 2019
19,"Kenya Revenue Authority would like to inform members of the public, manufacturers and importers of excisable goods that Draft Excise Duty regulations, 2019 have been developed and currently hosted on the Kenya Revenue Authority website (https://kra.go.ke/images/publications/The-Excise-Duty-Regulations-2019-Draft.pdf)

In order to ensure wide consultation and public participation as stipulated in the Constitution of Kenya, 2010, Kenya Revenue Authority invites institutions, organisations, individuals and the public to submit their views and comments on these draft regulations."
19,"Kenya Revenue Authority reminds all licensed manufacturers, importers, distributors, retailers and general public that all bottled water, juices, energy drinks, soda and other non-alcoholic beverages manufactured in or imported into Kenya from 13th November, 2019 must be affixed with an Excise Stamp in compliance with Section 28 of Excise Duty Act 2015 and Legal Notice 53 of 30th March 2017 (Excisable Goods Management System Regulations) as earlier notified through a Public Notice issued on 28th October 2019.

All manufacturers and importers of bottled water, juices, energy drinks, soda and other nonalcoholic beverages are required to take full account of products manufactured or imported into Kenya prior to 13th November 2019 that do not have excise stamps in their stores and submit these stocks to the nearest Tax Service Office by 31st January 2020. Distributors and retailers are advised not to take away or reject products manufactured or imported before the 13th November 2019 not bearing the excise stamps from their shelves."
19,100% Waiver of Interest on Land Rates
19,"The County Government of Nairobi hereby give notice to all land rates defaulters that H.E Governor Mike Mbuvi Sonko has granted 100% waiver on interest (penalties) for those who will pay such outstanding Rates in full within one month period from 15th September 2020 to 15th October 2020 on the following conditions;

All land rate defaulters are also warned that upon failure to pay, legal consequences will be instituted which include but not limited to:"
19,"Chief Finance Officer, NCCG Head of County Revenue Division, KRA"
19,Inflation Adjustment on Specific Rates of Excise Duty
19,"The Commissioner General is required under the Excise Duty Act, 2015 to adjust, annually, the excise duty rates of products with specific rates of excise duty, to take into account the rate of inflation.

Kenya Revenue Authority would therefore like to inform manufacturers and importers of excisable goods falling under the above category and members of the public that the Commissioner General will adjust the rates of excise duty using the average inflation rate for the financial year 2019/2020, as determined by the Kenya National Bureau of Statistics. The adjusted rates will be effective from 1st October 2020."
19,Commissioner for Customs & Border Control
19,Clearance of Consolidated Cargo
19,"PUBLIC NOTICES 02/02/2021

Address"
19,Licensing of Users of Spirit or Illuminating Kerosene to Manufacture Unexcisable Goods
19,"Kenya Revenue Authority (KRA) would like to bring to the attention of the public and manufacturers that Section 15(1)(d) of the Excise Duty Act, 2015 requires that persons who use spirit or illuminating kerosene to manufacture goods in Kenya that are not excisable goods be licensed by the Commissioner to undertake such activities.

KRA has rolled out the manual licensing of these manufacturers pending automation of the licensing process through the iTax platform."
19,Insurance Relief on Contributions to National Hospital Insurance Fund (NHIF)
19,"Kenya Revenue Authority would like to inform all employers and members of the public that the Finance Act, 2021 amended Section 31(1) of the Income Tax Act (ITA), Cap 470 to extend the existing Insurance Relief to include contributions made to the National Hospital Insurance Fund (NHIF).

Paragraph 2 of Head A of the Third Schedule to the ITA provides that the amount of Insurance Relief shall be fifteen percent of the amount of premiums paid but shall not exceed sixty thousand shillings per annum. Contributions to NHIF will therefore be eligible in the computation of Insurance Relief as follows: -"
19,"DEVELOPMENT OF INCOME TAX (FINANCIAL DERIVATIVES) REGULATIONS, 2022"
19,"The Finance Act 2022 introduced a 15% withholding tax on income from financial derivatives contracts earned by a non-resident person through an amendment to Section 3(2) of the Income Tax Act, Cap 470. This amendment takes effect from 1st January 2023.

Kenya Revenue Authority informs members of the public that draft Income Tax (Financial Derivatives) Regulations, 2022, have been developed and a copy has been posted on the KRA website. You may download the same for your reference"
19,Inflation Adjustment on Specific Rates Applicable under The Excise Duty Act & Miscellaneous Fees & Levies Act
19,"The Commissioner General is required under the Excise Duty Act, 2015, and Miscellaneous Fees and Levies Act, 2016 to adjust, annually, the specific rates of excise duty / export levy to take into account the rate of inflation.

Kenya Revenue Authority would therefore like to inform manufacturers, importers and members of the public that:"
19,Fringe Benefit Tax and Deemed Interest Rate
19,"FRINGE BENEFIT TAX

For the purposes of Section 12B of the Income Tax Act, the Market Interest Rate is 16%. This rate shall be applicable for the three months of April, May, and June 2024."
19,Public Participation on the Draft Diversity & Inclusion Policy
19,"The Kenya Revenue Authority (KRA) informs the public that in compliance with the court ruling on Petition E004 of 2023 and in adherence to Article 232 (g), (h), and (i) of the Constitution, along with directives from the Public Service Commission, KRA is required to conduct public participation to gather views on the proposed Diversity and Inclusion Policy before its implementation.

KRA therefore invites the general public and any other interested parties to submit their feedback and suggestions to be received on or before 4th September, 2024. The draft policy can be accessed from the KRA website."
19,"Draft Excise Duty (Remission of Excise Duty) Regulations, 2025"
19,"In compliance with the Statutory Instruments Act, Cap. 2A, the Commissioner General on behalf of the Cabinet Secretary, National Treasury and Economic Planning, has developed the draft Excise Duty (Remission of Excise Duty) Regulations 2025.

In compliance with the same Act, the Commissioner General, on behalf of the Cabinet Secretary, the National Treasury and Economic Planning, invites interested members of the public, professionals and stakeholders to submit their inputs and comments for consideration in the finalisation of the Regulations. You may download the draft Regulations for your reference."
19,"Single Customs Territory Implementation, a Major Milestone in EAC Economic Developmen"
19,"Non-Tariff Barriers (NTBs) are often blamed for the escalation of trade costs in the East African Community and the world in general. These NTBs can be operational in nature and may result from Customs and other cargo interveners at the ports of entry or be perpetrated by regulatory restrictions.

According to the World Trade Organization (WTO) World Trade report 2015, trade costs contribute significantly towards the cost of production, placing trade costs in developing countries equivalent to applying a 2.19 per cent ad-valorem tariff (duty levied on value of item)."
19,By Maureen Wangari
19,Betting and Taxes in Kenya – Do I have to pay any taxes?
19,"BLOG 12/06/2019

Did you find this content useful?"
19,CPI and Inflation Rates for May 2015
19,The launch of Foreign Investment Survey (FIS) 2015
19,Profitable potato value chains in East Africa
19,Agrico and Agrico PSA to expand their activities into Tanzania
19,"Years ago, Agrico decided to come up with a strategy for East Africa, involving the launch of its own project in Kenya. This initiative in Kenya has enabled Agrico to establish a profitable potato value chain that contributes to food security in this country. By using high-quality seed potatoes and with good guidance based on knowledge, the prospective small farms can increase their potato yield fourfold to fivefold. This gives Kenya a substantial economic boost, ultimately improving the living standards of the country’s inhabitants and their environment.

The situation in Tanzania is similar to the market in Kenya before Agrico established a profitable potato value chain in this country. In Tanzania, we have registered three potato varieties: Arizona, Markies and Manitou. Because of the market preference, in Tanzania we are starting with the varieties Manitou and Markies."
19,Manitou: the potato variety with the proven highest yield
19,"Minimum Tax will promote Equity, Inclusivity in Tax Administration"
19,"By CPA Maurice Oray

The recent years have seen most countries walk a tight rope as they strive to mobilize adequate domestic revenue to fund their development and growth agenda. The government of Kenya has focused its efforts on reducing poverty and inequality, ensuring adequate health and education, and development of basic infrastructure to support more inclusive growth."
19,Withholding Tax on Rental Income
19,"Withholding tax on rental income is charged under section 35(3)(j) of Income Tax Act and became effective on 1st January 2017.

Kenya Revenue Authority appoints Rent withholding tax agents to deduct and remit the tax on rent paid to resident landlords under section 35(3)(a) of Income Tax Act. The appointment of these agents is done via iTax and the selected agents are notified through a manual letter and i-tax generated notification. Thereafter, the necessary capacity building for the agents is done so as to facilitate compliance. KRA had previously prioritised private institutions with high compliance status and public institutions for appointment as agents. However, any person, duly appointed by the Commissioner should withhold tax on rental income."
19,Understanding Stamp Duty Payment
19,"One of the functions of KRA is to partner with other entities to collect revenue on their behalf. This is known as agency revenue, with Stamp duty being one of them.

Stamp Duty is a tax levied on legal instruments such as cheques, receipts, military commissions, marriage licenses, property and land transactions. It is a payable in different rates depending on the nature of the instrument."
19,Other locations
19,POTATO TRADERS BUYING AND SELLING MARKIES
19,Potato traders buying and selling Markies
19,"Jeremiah Mwangi is a modern potato trader buying and selling Markies & Destiny potatoes. He visits smallholders in a region and buys the potatoes from their various farms in the fields. Once he has a full truck load, the potatoes are supplied to various medium sized processors in and around Nairobi. His processors demand excellent quality potato for making crisps and chevda, the well-known Indian potato snack. Hence their preferred potato varieties are Markies and Destiny from AgricoPSA. Jeremiah fulfills their demand by supplying them with these varieties.

This case study shows Kenyan farmers – growing Markies and Destiny – have multiple options to gain access to premium markets. First they can chose to supply potato processors directly, for instance by contacting them via modern social media. A second option for potato farmers is to work together, for instance in a co-operative, and sign a supply contract with a potato processor as a group. A good example of this is the partnership between Simplifine, Yara, Bayer and Co-operative bank that was established recently. Finally potato farmers can also access premium potato markets indirectly, by contacting modern potato traders such as Jeremiah. The only action required for a farmer, is to give him a call and he will take care of transport to the potato processor."
19,"Innovation, improvements and impact for the growth of Kenyan potato sector"
19,"Earlier this year Kenya joined the global community in marking the International Day of Potato (IDP). The event was a statement of progress, innovation and commitment to unlocking the potential of the potato value chain.

The event was organized by the National Potato Council of Kenya (NPCK) with support from the Ministry of Agriculture and Livestock Development, Agriculture and Food Authority (AFA) and the Embassy of The Netherlands, according to this article of the LVVN Ministry. It was held at Kalro, Marindas in Molo, a region synonymous which is known for potato farming."
19,ACCESS TO POTATO MARKETS
19,ACCESS TOPOTATO MARKETS
19,"Providing farmers access to potato markets is one of the key foundations for any sustainable potato value chain. A nice example how this works in Kenya is illustrated by Simplifine, a new Kenyan processor.

As was reported in the Standard Media, Simplifine recently commissioned a new processing line that will expand its production of frozen fresh potatoes. The company is in need of large volumes of Markies potatoes, which will be used for processing the potatoes into fresh & frozen chips. By processing the premium potato variety Markies from Kenyan farmers, Simplifine will satisfy local and international markets. One of these is the local franchise of the American fast-food chain, Kentucky Fried Chicken (KFC), which recently committed to start sourcing potatoes locally."
19,"Press Statement on the Consumer Price Index, Producer Price Index and Quarterly Labour Force Survey,"
19,Consumer Price Indices and Inflation Rates for March 2020
19,Consumer Price Indices and Inflation Rates for February 2020
19,"JOINT PRESS STATEMENT ON THE 2019 POPULATION AND HOUSING CENSUS ON THURSDAY 29th AUGUST 2019 AT THE GOVERMENT MEDIA CENTRE, NAIROBI"
19,Consumer Price Indices and Inflation Rates for August 2019
19,NIKO KWA HESABU
19,KRA Commissioner General to lead African organization championing Exchange of Information for Tax purposes initiative
19,"The Kenya Revenue Authority (KRA) Commissioner-General Mr Githii Mburu has been appointed as the first Chairperson of the Africa Initiative, an institution of the OECD Global Forum on Transparency and Exchange of Information for Tax Purposes.

The Africa Initiative is a continental programme launched in 2014 by the OECD Global Forum on Transparency and Exchange of Information for Tax Purposes (the Global Forum), its African members and various partners. It aims at unpacking the benefits of tax transparency and exchange of information (EOI) to fight tax evasion and other illicit financial flows (IFFs) and serve African countries’ development."
19,KRA Redeploys Ms Lilian Nyawanda as Commissioner Customs & Border Control
19,"The Kenya Revenue Authority (KRA) board has re-deployed Ms Lilian Nyawanda to the position of Commissioner Customs & Border Control (C&BC) to take over the implementation of initiatives that will drive Customs revenue.

The re-deployment follows her release by the National Treasury and Economic Planning, where she served on secondment. Ms Nyawanda has a wealth of experience in customs administration, policy and legislation."
19,"Integrated Customs System, a Game Changer in Clearance of Goods"
19,"Customs agencies, globally, are facing the emerging dilemma of continuously balancing demands to improve trade facilitation while at the same time meeting increasing needs for compliance.

They are under pressure to deliver customer-focused services, collect accurate revenues and prevent illegal trade within the constraints of limited resources. This calls for modernization of customs administration to deliver agility, accuracy, security, and transparency using systems that are empowering rather than restrictive."
19,PS IMBUNYA LEADS WEEKLY PERFORMANCE REVIEW MEETING
19,Six Finalists Interviewed for KNCHR Chair Post
19,KSG Alumni Association Consultative meeting.
19,3rd National Wage Bill Conference -2024
19,Kenya Power’s plan to scrap physical payment channels in digital overhaul
19,Provision of Printing and Distribution Services for Mygov Publication/Other Public Sector Publications
19,State unveils multi- million infrastructure drive in Kisii
19,"47 ICT Centres and 1,450 Hubs Nationwide to Bridge Digital Divide and Spur Innovation"
19,The government is committed to creating a viable environment for simplifying how young entrepreneurs conduct business in the digital space.
19,The CS Hon. William Kabogo Gitau affirmed the government's commitment to protect media freedom as enshrined in the Constitution.
19,Kenya races to comply with European Union Forest rules to protect farmers’ earnings
19,Sony Sugar Embarks on a Sh400 million Maintenance to Restore Full Production Capacity
19,Government to implement ICT Sector Working Group recommendations for digital transformation
19,Empowering Mental Health Champions in the Public Service
19,"The Directorate of Counselling and Wellness Services, led by Ag. Secretary Mr. Willis Ombima, conducted a capacity-building workshop for Public Service Mental Health Champions at the Kenya Agriculture and Livestock Research Organization (KALRO) in Naivasha. The training was held in two phases from 26th May to 6th June 2025, with each phase spanning five days.

The objective of the workshop was to enhance access to mental health services within the public service by equipping a pool of Mental Health Champions with skills in early identification, referral, and support for colleagues facing mental health challenges."
19,Sh500m irrigation project to benefit Kangema residents
19,Ongoing agricultural reforms lead to higher earnings for small scale tea growers in Kenya
19,Surveyors call for transition to mathematically defined boundaries to resolve land disagreements
19,State in push to enhance production of quality seeds
19,Big boost for women entrepreneurs as WEF expansion launched
19,Ministry Commences Drafting of Public Service Delivery Innovation (PSDI) Policy
19,"Ministry Commences Drafting of Public Service Delivery Innovation (PSDI) PolicyA team of senior officers from the Ministry of Public Service, Human Capital Development, and Special Programmes is currently meeting in Naivasha to draft the Public Service Delivery Innovation (PSDI) Policy.The week-long activity hosted at the Kenya Agricultural and Livestock Research Organization (KALRO) aims to develop a policy framework that will guide the management and implementation of service delivery innovations across the Public Service. The ongoing exercise is being guided by the Public Service Delivery Innovation Strategy (2017); and recent findings from a baseline survey on public service delivery innovation, conducted between November 2024 and January 2025, which amongst other insights, confirmed the need for a dedicated innovation policy in public service delivery. This initiative further aligns with Kenya Vision 2030, which recognizes innovation as a crucial driver of socio – economic transformation. While officially opening the workshop, Mr. Bongo Wekesa, Secretary, MC&DS, lauded the team's expertise and commitment, expressing confidence in their ability to deliver a well-crafted policy. He further reaffirmed the Ministry’s support in ensuring the policy is finalized within schedule."
19,THE 43RD ASSOCIATION OF AFRICAN PUBLIC ADMINISTRATION (AAPAM) ROUNDTABLE CONFERENCE AT SPEKE RESORT MUNYONYO IN KAMPALA UGANDA
19,"Mr. Amos Gathecha Principal Secretary Ministry of Public Service and Human Capital Development is currently attending the 43rd Association of African Public Administration (AAPAM) Roundtable Conference themed, “Agile and Resilient Public Administration for Sustainable Development in Africa”. The Conference taking place at Speke Resort Munyonyo in Kampala Uganda brings together delegates, including government officials, public administration experts, and key stakeholders from across Africa. It serves as a platform for sharing experiences, discussing contemporary governance challenges, and exploring innovative solutions for sustainable development. Founded over forty years ago, AAPAM has led efforts to strengthen the administrative and management capacities of African public administration systems. These efforts date back to 1962, when a group of Permanent Secretaries in charge of Public Services from several African countries met to discuss two main problems, among others, facing the African Public Services then."
19,"Decades of waiting end as 1,000 Kericho residents get land titles"
19,CSR Caravan Flagged Off Ahead of Public Service Day
19,"Monday 09/06/2025

The Cabinet Secretary for the Ministry of Public Service, Human Capital Development and Special Programmes, Hon. Geoffrey Kiringa Ruku, today flagged off a Corporate Social Responsibility (CSR) Caravan in anticipation of the upcoming African Public Service Day celebrations, set to take place from June 10th to 12th June at the Kenyatta International Convention Centre (KICC)."
19,Kenya leading in axle control in the region as countries flock to KeNHA to benchmark
19,Consultative Meeting Between the State Department for Public Service and Human Capital Development and the CPF Team
19,"The State Department for Public Service and Human Capital Development held a consultative meeting with technical representatives from the Central Provident Fund (CPF) at Harambee House, Nairobi, in the 11th-floor boardroom.

The meeting, chaired by the Principal Secretary, Dr. Jane Kere Imbunya, focused on the implementation of Social Health Authority (SHA) deductions within the public service payroll system."
19,Gov’t aligns Kenyan skills with local and global job market demands
19,KWS opens door for cruise tourists to explore inland parks
19,"Kenya, EU partner to advance AI, digital infrastructure and online safety"
19,Uwezo Fund strengthens small enterprises across Turkana’s six constituencies
19,Lamu Port emerges as key trans-shipment hub with major vessel arrival
19,Government launches three-year initiative to combat sexual and gender-based violence
19,"State to reduce TVET fees to ease burden on trainees, curb dropouts"
19,State unveils sweeping reforms to embed digital systems in public service
19,World Bank avails Sh2.58 billion for Kilifi water projects
19,ADDENDUM NOTICE
19,"Strategic Communication Key to Effective Digital Government, Ministry Says"
19,"AI is Changing How Businesses Market, Connect and Grow"
19,Speeches & Press Releases
19,"National Treasury may borrow money from credible sources including from: multilateral, bilateral and commercial institutions sources. Under the bilateral and multilateral creditors, the terms are concessional i.e. long grace periods and maturities, and low interest rate; they are focused on economic development and social welfare. The commercial creditors offer terms that are market based and the loans can be project specific or for budget support."
19,Government Investments and Public Enterprises (GIPE)
19,"Role of GIPE.

Government Investments and Public Enterprises (GIPE) is the department through which the Cabinet Secretary/ National Treasury exercises the oversight and ownership functions in state corporations and other Government investments."
19,Kenya’s Commitment to the APSD 2026 Vision
19,"Kenya approaches APSD 2026 with a spirit of partnership, innovation, and service. Guided by the principles of the African Charter on Values and Principles of Public Service and Administration and aligned with the Bottom-Up Economic Transformation Agenda (BETA), Kenya remains committed to strengthening public institutions, fostering inclusive partnerships, and ensuring that every citizen has access to safe water, dignified sanitation, and quality public services.

What We Seek to Achieve"
19,SRC Recommends for Single Body to Handle Public Servants Negotiations
19,"By Bernardette Khaduli(KNA)

Salaries and Remuneration Commission (SRC) has recommended that the country puts in place a single body or a multisectoral body to handle collective bargaining agreements for public servants."
19,Inside Europe’s Bioeconomy revolution and what Kenya can learn
19,"As the world searches for sustainable pathways to economic growth, the bioeconomy is rapidly emerging as one of the defining development opportunities of the 21st century.

It is an economy powered by renewable biological resources, transformed through science, research, technology and innovation into food, medicines, industrial materials, chemicals, energy and environmental solutions."
19,"Kilifi nets Sh9bn in investments, creates 14,000 jobs"
19,"Kilifi County has attracted Sh9 billion in investments over the past three years, with 14 export processing zone (EPZ) enterprises setting up operations and creating more than 14,000 jobs, Investment Promotion Principal Secretary Abubakar Hassan has announced.

Speaking during the commissioning of the Milly Fruit Processing Factory in Sabaki Ward, Magarini Constituency, Abubakar said Kilifi is leading other coastal counties in industrial growth through the EPZ programme."
19,Kitui County and NCCK to work together to uplift community livelihoods
19,"DENSON MUTUTO-KNA

The Kitui County Government and the National Council of Churches of Kenya (NCCK) will work together to provide services aimed at uplifting the livelihoods of residents in Kitui County."
19,Meeting with Heads of Departments Ahead of Engagement with the Departmental Committee on labour on the 2026/2027 budget estimates
19,"The Principal Secretary for Public Service and Human Capital Development, Dr. Jane Kere Imbunya, convened a meeting with Heads of Departments in preparation for the scheduled engagement with the National Assembly Departmental Committee on Labour on the consideration of the 2026/27 Financial Year Estimates of Revenue and Expenditure.

The consultative session focused on reviewing the State Department’s budget estimates, programme performance, ongoing projects, pending bills, and priority areas aligned with the Bottom-up Economic Transformation Agenda (BETA)."
19,Machakos farmers get relief as state provides free cotton seeds
19,"MUOKI CHARLES-KNA

Cotton farmers from Yatta, Machakos County, have received five tonnes of free seeds from the government, ending their despair over the possibility of failing to plant their much-coveted crop this rainy season."
19,"Imagine using an Internet of Things (IOT) technology that ensures that watering, temperature, lighting, humidity, air quality and soil moisture in a farm are perfect for plants to thrive?

This is a new farming innovation mooted by three students from Rift Valley Institute of Business Studies, (RVIBS) which promises and delivers just that."
19,Water CS pledges to ensure timely completion of Kitui’s Umaa Damm
19,"Water and Irrigation Cabinet Secretary Eng Eric Mugaa has underlined the Government commitment to complete the Umaa Dam Water Project in Kitui whose construction stalled years ago.

Eng Mugaa, who was speaking during an inspection tour of the dam and assessment of the implementation progress of the project which is currently at 73.4 per cent, vowed to ensure that the construction of the dam will never stall again."
19,"The Kenya Ports Authority (KPA) anticipates handling 2.2 million twenty-foot equivalent units (TEUs) by the end of 2024, marking a 20 percent increase from last year’s performance.

KPA Managing Director, Captain William Ruto, revealed that the port has already exceeded last year’s target of 1.6 million TEUs, with current volumes reaching 1.75 million TEUs."
19,"The Government has automated operations in weighbridge management through system clearance which is enhanced by the installation of Weigh-in-Motion System (WIMS).

According to KeNHA, this has resulted in effective and efficient movement of trucks through the various road corridors while maintaining the recommended axle load limits while weighbridges have supported the Authority’s road maintenance mandate."
19,"New initiative targets youth, girls to boost fish production"
19,"The Aquaculture Consortium (TAC) in Kenya, in collaboration with the Norwegian Agency for Cooperation, has launched youth-led initiatives in the aquaculture sector aimed at bridging Kenya’s annual fish deficit of 450,000 metric tons.

Speaking during the launch in Kisumu, TAC CEO Felix Osok said the Young Fish and the Girls in Aquaculture initiative will not only attract but also support students and out-of-school girls to embrace and exploit opportunities in a sector with an estimated potential of USD 1 billion."
19,"Thousands of Processed IDs Await Collection at Huduma Centres, Says CS Ruku"
19,"Public Service, Human Capital Development and Special Programmes Cabinet Secretary Geoffrey Ruku has urged Kenyans who applied for national identity cards to collect their documents from Huduma Centres and designated government offices across the country.

Speaking during a tour of North Eastern regional offices in Garissa, the CS said thousands of processed IDs have already been dispatched and are awaiting collection by applicants."
19,Castor oil value chain gets boost with state and private sector collaboration
19,"The National Government has committed to boost castor oil value chain development in the country.

Investments, Trade and Industry Cabinet Secretary (CS) Salim Mvurya said the government will support the private sector to contribute to castor oil development in Kenya."
19,Germany turns to Kenya as KMTC physiotherapy placements grow
19,"The Kenya Medical Training College (KMTC) graduates have outpaced competitors to secure the largest share of recent medical placements in Germany.

These strides reflect the institution’s success in preparing students for the demanding standards of the European job market."
19,"NURU SOUD AND SADIK HASSAN-KNA

Surveyors are calling for a shift from general boundary ser vices to mathematically established boundaries to address the underlying issue of land disputes."
19,African PSCs to prioritize ICT adoption for better service delivery
19,"KIZITO MARUTI- KNA

Public Service Commissions in Africa have resolved to mainstream the adoption of ICT in their operations and leverage research in policymaking, in addition to championing professionalism to enhance service delivery."
19,State launches regional peace initiative to combat violent extremism in East Africa
19,"SHARON ATIENO- KNA

The Ministry of Interior and National Administration has launched a peacebuilding and violent extremism prevention initiative aimed at addressing the root causes of violent extremism across East Africa."
19,"Gov’t allocates Sh6.8b for 7,000 more Grade 9 classrooms"
19,"DICKSON MWITI-KNA

The Basic Education Principal Secretary (PS), Belio Kipsang, has assured parents and Kenyans that the government will ensure Grade 9 classrooms are completed before schools open in January next year."
19,"JOYCE LUTOMIA-(PCO)

The Government, through the State Department for Petroleum, has put plans in place to develop a common refined petroleum products pipeline to supply commodities to the East African Community region and partner states of the Northern Corridor Integrated Projects (NCIP)."
19,"State, development partners to expand renewable electrification drive"
19,"The Government is collaborating with development partners to mobilise investment and expand access to energy, with a focus on renewable electrification and green energy solutions.

Energy and Petroleum Cabinet Secretary (CS), Opiyo Wandayi, described energy as a “strategic enabler” of economic transformation, industrial growth, and social inclusion."
19,Kenya nets Sh103.5 billion from KPC IPO in major privatisation milestone
19,"The Government has raised Sh103.45 billion through the Kenya Pipeline Company (KPC) Initial Public Offering (IPO), marking a key milestone in the country’s privatisation agenda and the implementation of the National Infrastructure Fund (NIF).

Treasury Cabinet Secretary John Mbadi said the funds have been deposited at the Central Bank of Kenya under the NIF account and will be used exclusively to finance key infrastructure projects."
19,Egerton University pioneers grafting method to fight bacterial wilt in tomatoes
19,"ANNE MWALE- KNA

Standing next to a tray of tiny tomato plants, Professor Joshua Otieno Ogweno carefully uproots one, picks up a razor blade, slices it in half, then uproots another plant and repeats the process."
19,"SADIK HASSAN-KNA

The Chief of Staff and Head of Public Ser vice, Felix Koskei, has urged African Schools of Government and Management Development Institutes (MDIs) to deepen collaboration in capacity development."
19,"Kenya , Germany explore new trade avenues with emphasis on workforce skills and trade"
19,"SHARON ATIENO-KNA

The Ministry of Investments, Trade, and Industry is proposing the development of workforce skills, start-up support, and the expansion of trade access as key pillars in the bilateral relationship between Kenya and Germany."
19,1. Background
19,TAXPAYER GUIDELINE ON THE REQUIREMENTS FOR PIN DEREGISTRATION AND REGISTRATION OF ESTATE PIN OF A DECEASED PERSON
19,"The Kenya Revenue Authority (KRA) is mandated to administer and enforce tax laws in Kenya and to ensure that taxpayers comply with their tax obligations. In fulfilling this mandate, the Authority strives to facilitate taxpayers through efficient and responsive services that support the smooth running of their businesses and promote voluntary compliance.

In the event of the death of a taxpayer, it becomes necessary for the Authority to update its tax records to reflect the change in the legal status of the individual. Proper management of tax records relating to deceased taxpayers ensures that any tax obligations arising from the individual or their estate are handled in accordance with the law."
19,2. Purpose
19,"Lobby, Egerton University partner to boost improved groundnut varieties"
19,"The Cereal Growers Association (CGA) has partnered with Egerton University to develop and promote improved groundnut varieties.

Speaking during a farmers’ field day in Amagoro, Teso North, CGA Agribusiness Coordinator for Busia County Eliya Barasa said two improved groundnut varieties, Ndovu and Mwangaza, are undergoing seed multiplication."
19,Kenya set to begin oil production in Turkana
19,"Kenya is on the brink of a new era of energy independence, with oil production from the South Lokichar Basin expected to begin before the end of the year.

Energy and Petroleum Cabinet Secretary Opiyo Wandayi made the announcement during a historic groundbreaking ceremony marking the official start of oil field development operations in Turkana County."
19,CPI and rates of inflation for August 2017
19,Stakeholders Engagement Meeting on the Ease of Doing Business in Kenya.
19,"The National Treasury & Economic Planning CS Hon. FCPA John Mbadi attended a Stakeholders Engagement Meeting on the Ease of Doing Business in Kenya convened by Prime Cabinet Secretary Hon Musalia W Mudavadi at the PCS office.

CS Mbadi reaffirmed the government’s recognition of the critical role the private sector plays in driving Kenya’s economic growth through revenue contribution and job creation."
19,"By Patrick Nyakundi (KNA)

The County Government of Makueni intends to provide clean, reliable and affordable energy to its residents to promote food production and create job opportunities especially for the youth."
19,Wajir roads receive boost ahead of historic Madaraka Day celebrations
19,"Roads and Transport Cabinet Secretary Davis Chirchir has inspected ongoing road and infrastructure projects in Wajir town ahead of this year’s Madaraka Day celebrations, scheduled for June 1.

The inspection focused on key roads being upgraded to bitumen standards to improve accessibility, ease movement within the town, and support preparations for the national celebrations, which will be hosted in Wajir County for the first time."
19,Grade 9 textbook distribution to begin October in all Junior Secondary Schools
19,"BY EMILY KADZO

He reiterated that the distributed textbooks meet international standards. While public schools will receive the books, private schools will need to purchase them from bookstores across the country."
19,"BY ANTHONY MELLY AND AGNETA CHEBET, KNA

The Government has constructed a multi-million-shilling primary school in West Pokot County to serve as a peace and education center for the locals and neighboring communities."
19,The Kenya Railways Corporation has embarked on the rehabilitation of the Nairobi Commuter Rail (NCR) network to modernize the Nairobi Commuter Rail transport system and decongest roads in the city.
19,"“The Government plans to complete 32 new stations along the railway line, which will significantly boost our capacity of commuters within the Nairobi metropolis.

The CS further revealed that in July 2024, the Kenya Railways received a batch of new passenger service rolling stock which included one dining car, four Premium Class, four First Class, ten Economy Class coaches and one Power car."
19,"Africa Group 1 Constituency Meeting in Washington, D.C."
19,"CS Hon. FCPA John Mbadi, Kenya’s Governor to the IMF and World Bank, today attended the Africa Group 1 Constituency Meeting during the ongoing 2025 IMF-World Bank Spring Meetings in Washington D.C.

The session saw Governors present a unified call for robust IDA replenishment while sharing bold strategies to spur economic growth across member countries."
19,LEGAL AND HOST COUNTRY AFFAIRS DIRECTORATE
19,State Department for Foreign Affairs
19,"MANDATE

Provide legal advice to the Ministry, other Ministries, Departments and Agencies, Kenya Missions abroad, Foreign Missions accredited to Kenya and international organizations hosted in Kenya on matters falling within the mandate of the Ministry as outlined in Executive Order No. 2 of 2023."
19,DIRECTORATE OF INTERNATIONAL CONFERENCES AND EVENTS (DICE)
19,Office of the Prime Cabinet Secretary
19,"The Office of the Prime Cabinet Secretary (OPCS) was established under the Executive Order No. 1 of October 2022, later superseded by the Executive Order No. 1 of January 2023 on Organization of the Government of the Republic of Kenya.

The Office is charged with institutionalizing principles of the ‘Whole-of-Government (WoG)’ and ‘Open-Government (OG)’ approaches in Government work places and in delivery of public services."
19,"The Government has reaffirmed the critical role of strategic communication in advancing digital transformation and enhancing public service delivery.

Speaking during a consultative forum with Heads of ICT from Ministries, Departments and Agencies, Principal Secretary for Broadcasting and Telecommunications, Mr Stephen Isaboke, EBS, emphasised that digital transformation is not only about the technologies Government deploys, but also how effectively it communicates, engages and delivers services to citizens."
19,Locksmiths Pros & Locksmith Professional Culture
19,Professional Growth Of American Locksmiths
19,"In the USA you can find a really amazing large range of locksmith companies. Locksmiths Pros is one of the most relevant and it includes offices in several places in the USA with numerous technicians working in each of them.

In particular, all locksmiths who are part of the staff at Locksmiths Pros are certified and licensed under the ALOA, the American most important and official organization for locksmith professionals. As you can see on Locksmiths Pros’ website at www.locksmithspros.com the company puts much emphasis on the professional attitude and technical education and competence in the locksmith field, that’s why only 100% certified and locally bonded professionals are hired in the Locksmiths Pros’ staff."
19,Locksmiths Pros & Most Important Services
19,"COOPERATION AGREEMENT BETWEEN THE NATIONAL GOVERNMENT AND NAIROBI CITY COUNTY GOVERNMENT (NCCG) ON COLLABORATION FOR THE PROMOTION OF SOCIAL AND ECONOMIC DEVELOPMENT IN THE CAPITAL CITY PURSUANT TO SECTION 6 OF THE URBAN AREAS AND CITIES ACT, CAP, 275. FEBRUARY 2026"
19,"COOPERATION AGREEMENT BETWEEN THE NATIONAL GOVERNMENT AND NAIROBI CITY COUNTY GOVERNMENT (NCCG) ON COLLABORATION FOR THE PROMOTION OF SOCIAL AND ECONOMIC DEVELOPMENT IN THE CAPITAL CITY PURSUANT TO SECTION 6 OF THE URBAN AREAS AND CITIES ACT, CAP, 275. FEBRUARY 2026

General Inquiries"
19,"KNA by Chris Mahandara

The National Tree Planting Initiative has registered tremendous progress in Kisumu, Siaya and Bungoma counties with some 37 million trees planted since its inception."
19,Kenya’s EALA MPs move into modern offices to enhance regional integration
19,"By Munyasya Musya-PCO

Kenya’s nine members of the East African Legislative Assembly (EALA) have received new, modern offices in Nairobi from the Ministry of East African Community (EAC), the ASALs, and Regional Development."
19,"By MyGov Reporter

Kisumu City will host the national celebrations to mark this year’s World Habitat Day."
19,Makueni County secures Sh264 Million from Morocco for development projects
19,"BY PATRICK NYAKUNDI, KNA

The Makueni County Government has secured a partnership deal worth Sh264 million with the Marrakech-Safi region of Morocco to support various development projects in the county."
19,"Join the Green Revolution, official urges residents in tree planting exercise in Lugari"
19,"BY MELECHEZEDECK EJAKAIT-KNA

Secretary of Administration in the State Department for Gender and Affirmative Action, Moses Ivuto, has urged Kakamega residents to embrace the culture of growing and nurturing trees to maturity."
19,"KenGen unveils ambitious 10-year plan to accelerate Kenya’s transition to green energy

By MyGov Reporter"
19,Northern Corridor states to implement sustainable land management projects
19,"CATHERINE MUINDI-PCO

The Northern Corridor Integration Projects (NCIP) partner states have affirmed their commitment to supporting the cluster by implementing sustainable land management projects under the Northern Corridor to ensure regional development and economic prosperity. The NCIP was initiated in 2013 and has been an avenue through which the Presidents of the member countries have spearheaded major infrastructure projects aimed at bolstering development and integration across the region. The member States have undertaken to prioritize land cluster initiatives including registration of community land, valuation of NCIP projects, sharing of geospatial data among others. Over the recent months, the partner States comprising Kenya, Rwanda, Uganda, South Sudan and DRC have shown renewed vigor and commitment to implementation of projects."
19,Kenya Tea Board ordered to audit private factories amid quality queries
19,"Geoffrey Satia-KNA

PS Ronoh calls out private tea firms for compromising Kenyan tea quality"
19,County allocates 10 acres for 700 affordable houses
19,"Patrick Nyakundi-KNA

The County Government Makueni has allocated 10 acres for the construction of 700 houses under the Affordable Housing Scheme in Wote Town, Governor Mutula Kilonzo Jr has disclosed."
19,New initiative to empower young entrepreneurs and MSMEs launched
19,"SHARON ATIENO-KNA

The Ministry of Investments, Trade, and Industry has facilitated a partnership between the European Investment Bank (EIB) and the Young Business in Africa initiative, in collaboration with KCB Bank Kenya."
19,"By Evalyne Githinji

The Ministry of ICT and the Digital Economy will adopt a multi-stakeholder project coordination and delivery unit and high-level project governance framework to guide the implementation of recommendations by the ICT Sector Working Group (SWG)."
19,"By JOSEPH WANGUI (DPCS)

The Government has stepped up measures to comply with the European Union's Zero-Deforestation Regulations (EUDR) in coffee trade."
19,Homa Bay intensifies reforestation drive amid invasive species threat
19,"Kenya Forest Service has intensified efforts to restore degraded forests in Homa Bay County amid growing challenges posed by invasive plant species particularly Lantana camara.

Speaking during a ‘Back to School with a Seedling’ tree planting initiative at Lake Primary School in Homa Bay town, County Conservator of Forests Sharon Cheluget said invasive species continue to threaten several forest stations in the county."
19,State delivers five milk coolers to Nyamira dairy farmers
19,"The Government through the Livestock Value Chain Support Project (LVCSP), has delivered five milk coolers to dairy farmers in Nyamira County.

This is meant to improve production, reduce post milking losses and accelerate market access for their milk."
19,Kenya Household Master Sample Frame (K-HMSF) Creation
19,"As the Principal Government agency mandated to collect official statistics, Kenya National Bureau of Statistics (KNBS) maintains sampling frames. It is from these sampling frames that samples are scientifically drawn for participation in surveys. Data collected from these surveys is used for evidence-based policy formulation and monitoring.

One of these sampling frames is the Kenya Household Master Sample Frame (K-HMSF) which is created after conducting a Population and Housing Census. Following completion of the 2019 Kenya Population and Housing Census, KNBS has began the process of creating a new sampling frame. The frame will be based on the Enumeration Areas (EAs) used during the 2019 Population and Housing Census."
19,Strong uptake of STEM pathway as majority of learners show interest
19,"A new study unveiled by the Centre for Mathematics, Science and Technology Education in Africa (CEMASTEA) has revealed strong uptake of the Science, Technology, Engineering and Mathematics (STEM) pathway among Kenya’s first cohort of Senior School learners.

The baseline study, conducted in March 2026 to assess the rollout of the STEM pathway following the transition of learners into Grade 10, found that more than 95 per cent of learners taking STEM subjects intend to continue pursuing the pathway beyond secondary school."
19,"State delivers 2,700 title deeds in former colonial settlements in Nyandarua"
19,"The Government has issued 2,700 title deeds to residents of Nyandarua County who have lived for decades without land ownership documents.

Speaking during the issuance ceremony, Lands Cabinet Secretary Alice Wahome said the exercise followed long-standing complaints from residents, particularly those living in former colonial villages."
19,JKUAT don bags national outstanding research award for championing African indigenous vegetables
19,"By Patrick Amunavi (PCO)

Kenyan scholar and foremost researcher on African Indigenous Vegetables (AIVs) based at the Jomo Kenyatta University of Agriculture and Technology (JKUAT), Prof. Mary Abukutsa-Onyango has bagged the National Outstanding Research Award (NORA) “for her pioneering research in agricultural sciences, particularly in the promotion and sustainability of indigenous vegetables and plants.”"
19,"Kenya, Japan partnership to open global opportunities for engineering graduates"
19,"Kenya n en g i ne er i n g graduates will soon gain from global training as well as technology transfer and employment opportunities after the signing of a Memorandum of Understanding (MOU) between Japan’s Shimizu Corporation, University of Nairobi (UON) and Technical University of Kenya (TUK).

Under the Kenya-Japan Labor Mobility Agenda, the partnership will enhance engineering skills development and knowledge exchange while also preparing graduates for entry to the global labor market and strengthening university-industry collaboration."
19,"6,200 households in Elgeyo to benefit from Chemwabul Dam water project"
19,"Some 6,200 households in Kaptarakwa Ward, Keiyo South SubCounty, Elgeyo Marakwet County, are set to gain access to safe, reliable, and sustainable water services following the official site handover of the Chemwabul Dam Water Supply Project to the contractor by the North Rift Valley Water Works Development Agency (NRVWWDA).

The site handover ceremony, held at Kaptarkok Primary School, brought together national government administrative officers, county leaders, and residents, marking the beginning of a major water infrastructure project expected to transform livelihoods across the area."
19,High- level preparatory meeting ahead of the 9th Edition of the Kaptagat Forest Integrated Ecosystem Program.
19,"The National Treasury Principal Secretary, Dr. Chris Kiptoo, CBS, Patron of the Kaptagat Forest Integrated Ecosystem Program, chaired a high- level preparatory meeting with fellow Principal Secretaries and CEOs of partner agencies ahead of the 9th Edition, set for July 2025 at Simotwo Boys High School, Keiyo South- Elgeyo Marakwet. ""We are scaling up impact-enhancing livelihoods and boosting the economy in line with the Government's Botton-Up Economic Transformation Agenda,"" he said.

Present were Principal Secretaries Gitonga Mugambi ( Forestry), Ummi Bashir (Culture), Jonathan Mueke ( Livestock) and Ephantus Kimotho ( Irrigation); as well as Mohammed Awer ( CEO WWWF- Kenya), Alexander Lemarkoko ( Chief Conservator of Forests,Kenya Forest Service), Lilian Kimeto ( CEO- Kenya Yearbook Editorial Board), and Lt.Gen. (Rtd) Jackson Tuwei( President, Athletics Kenya), among others."
19,"The Support Needs Assessment for Persons with Disabilities and their Primary Caregivers was undertaken in March 2022 following the commitment made by Kenya during the Global Disability Summit (2018) to enhance disability inclusion through the collection of accurate disaggregated data for persons with disabilities. The main objective of the assessment was to provide evidence on the met and unmet support needs of the diverse persons with disabilities and their family members who provide support in different contexts to inform the design of inclusive social protection schemes. The assessment was cross-sectional and designed to provide estimates for 10 counties and targeting persons with disabilities aged 2 years and above together with their primary caregivers. The assessment collected both quantitative data from persons with various domains of disability and diverse experiences in terms of the support they receive or require. In addition, focus group discussions with the primary caregivers were conducted to get more information about the target population. The list of registered persons with disabilities from the National Council for Persons with Disabilities (NCPWD) was used as the sampling frame for the quantitative data. The assessment used a questionnaire for the main survey, which was designed based on the Washington Group Short Set on Functioning, Enhanced set of questions and Child Functioning Module, and a focus group guide for the focus group discussions."
19,"This email and its attachments is confidential and is intended solely for the use of the individual to whom it is addressed.Any views or opinions expressed are solely those of the author and do not necessarily represent those of Kenya Revenue Authority.Please contact the sender if you believe you have received this email in error.Although KRA has taken reasonable precautions to ensure no viruses are present in this email, KRA cannot accept responsibility for any loss or damage arising from the use of this email or attachments.

UNCATEGORISED 08/11/2018"
19,"The Government of the Republic of Korea, through the Korea International Cooperation Agency (KOICA) in collaboration with other stakeholders, has officially handed over a new Intermediate Special Education Classroom at Ogwedhi PAG Primary School in Awasi, Nyando SubCounty, Kisumu County.

Speaking during the handover, the Deputy Country Director of KOICA Kenya, Hwayeong Bae, said the initiative aims to address the persistently high school dropout rates among children with disabilities."
19,"The Government through the National Treasury has officially launched the implementation of 1,236 projects valued at Sh8.1 billion.

These projects will be funded under the Equalisation Fund and are aimed at ensuring that essential services reach approximately six million Kenyans living in marginalized areas. The projects will be spread across 34 counties, covering 366 wards and 111 constituencies."
19,Kenya to host East Africa regional office of UCLG-A in Nairobi
19,"Kenya will host the East Africa Regional Office of the United Cities and Local Governments of Africa (UCLG-A) following the signing of a hosting agreement between the State Department for Devolution and UCLG-A.

Speaking during the signing ceremony, Deputy President Prof. Kithure Kindiki stated that the move reflects Kenya’s strong commitment to subsidiarity and addressing the developmental needs of its people across all levels of governance."
19,Kiambu unveils data collection tool to better data gathering on Gender-Based Violence
19,"The Kiambu County Department for Gender and Affirmative Action has launched a sexual and gender-based violence (S-GBV) data collection tool to document survivors and perpetrators.

The tool will assist in collecting GBV data, with the information designed to ensure that GBV actors gather a common set of data points."
19,State Department strengthens capacity of county bosses for devolution success
19,"IRENE GALGALO (PCO) AND ANDREW HINGA (KNA)

The State Department for Devolution is strengthening the capacity of County Executive Committee Members in charge of Devolution to enhance their under standing and implementation of the Second Kenya Devolution Support Pro gram (KDSP II)."
19,CPI and rates of inflation for November 2017
19,Broadcasting and Telecommunications
19,State Department for Broadcasting and Telecommunications
19,Authority unveils Sh30b plan to improve water access in next five years
19,"JOAN OGOLLA AND MANU MUMBA-KNA

The Water Resources Authority (WRA) has unveiled a Sh30 billion plan to accelerate water regulation in a bid to improve access to the scarce commodity over the next five years."
19,"he Government is committed in creating favorable policies and a regulatory framework that will enable critical infrastructural development for the petroleum subsector aimed at enhancing the competitiveness, efficiency, and transparency of the broader sector.

National Treasury and Economic Planning Cabinet Secretary Prof. Njuguna Ndung’u has said the Government’s input through the Kenya Pipeline Company, will improve the reliability of transportation and distribution of petroleum products to meet growing demand in Kenya and the region."
19,CPI and rates of inflation for February 2018
19,"KNA by Richard Muhambe and Anthony Melly

West Pokot County through the Kerio Valley Development Authority (KVDA) has introduced high value mango seedlings production to be propagated within the region and supplied to other regions."
19,PS Isaboke Highlights Kenya's Digital Future at Africa Broadband Mapping Systems Event
19,"The Principal Secretary for Broadcasting and Telecommunications, Steve Isaboke EBS was the Chief Guest at the Africa Broadband Mapping Systems in Kenya event earlier today.

Hosted by the Communications Authority in collaboration with the International Telecommunication Union (ITU) and the European Commission, the event brought in ICT and Telecommunication industry players to discuss and shape the future of broadband connectivity."
19,Building Resilience for Effective Diplomacy: Foreign Affairs Staff Hold Annual Staff Wellness Day 2026.
19,"The State Department for Foreign Affairs today celebrated its Annual Staff Wellness Day at the Kenya Public Service Club in Nairobi.

Led by Dr. Musalia Mudavadi, the Prime Cabinet Secretary and Cabinet Secretary for Foreign and Diaspora Affairs, the Wellness Day brought together staff to reflect on the importance of physical, mental and financial wellbeing in strengthening Kenya’s Foreign Service and enhancing service delivery."
19,Consulting services for Information and Knowledge Management Technical Expert for the State Department of Environment and Climate Change under the Financing Locally-Led Climate Action (FLLoCA)Program; Contract No. KE-CFGEU416360-CS-INDV
19,Consulting services for a Gender Expert for the Financing Locally-Led Climate Action (FLLoCA) Program
19,Consulting Services For A Carbon Trading Specialist For The State Department For Environment And Climate Change Under The Financing Locally-Led Climate Action (Flloca)Program
19,Climate Change Adaptation Expert For State Department For Environment & Climate Change Under The Financing Locally-Led Climate Action (Flloca)Program
19,"The Accountants Act (Amendment) Bill, 2025"
19,"Earlier today, the Principal Secretary for Basic Education, Mr. John Ololtuaa, commissioned key new facilities at Kimana Girls School in Kajiado County during a thanks giving ceremony.

The projects include seven smart classrooms for Grade 10, a 67-seater school bus, an electric school fence, a renovated computer laboratory, a 22-door ablution block and a bus shelter."
19,CPI and rates of inflation for March 2018
19,USE OF SCHOOL BUSES IN THE FACE OF RISING COVID-19 CASES
19,PRELIMINARY BRIEF ON THE 2019 KCPE EXAMINATION
19,THE LAUNCH OF 2020 NATIONAL EXAMINATION PERIOD AND ISSUING OF CONTAINER SECURITY PADLOCKS
19,THE OFFICIAL OPENING OF THE MURANG’A UNIVERSITY OF TECHNOLOGY INTERNATIONAL CONFERENCE ON TECHNOLOGY AND INNOVATION FOR SUSTAINABLE DEVELOPMENT
19,CALL FOR APPLICATIONS FOR THE SCHOLARSHIP TO STUDY IN IRELAND UNDER THE IRISH AID-FUNDED FELLOWSHIP PROGRAM
19,EDUCATION OPPORTUNITIES AT THE UNIVERSITY OF MOHAMED VI POLYTECHNIC UNIVERSITY MOROCCO
19,"JOINT NAM S&T CENTRE-JSS STU, MYSURU, INDIA FELLOWSHIP PROGRAMME-2025: CALL FOR APPLICATIONS."
19,Kenya Education Commission Report
19,PROGRESS IN ACHIEVEMENT OF MILLENNIUM DEVELOPMENT GOALS IN KENYA
19,PS Amb. Simon Nabukwesi Launches Hungarian Education Scholarships Fair
19,"The Hungarian Government through the Ministry of Education-Kenya has announced the availability of two hundred (200) study scholarships for eligible Kenyan students. The scholarships are available for those wishing to pursue both undergraduate and post graduate degrees in various programs.

PS UE&R Amb. Simon Nabukwesi delivers his speech during the opening of the Hungarian Education fair in Westlands on Friday 29th October 2021."
19,Principal Secretary Amb. Nabukwesi Challenges Women To Pursue STEM Careers
19,"Principal Secretary, State Department for University Education and Research, Ambassador Simon Nabukwesi, has underscored the need to give women equal opportunities to pursue and thrive in Science, Technology, Engineering and Mathematic (STEM) careers to narrow the gender gap in those professions.

Nabukwesi said women were continually being excluded from participating fully in science and technical fields as well as being under-represented in STEM in university courses and careers that he stressed were male dominated."
19,SLOVAK GOVERNMENT SCHOLARSHIPS- 2023/2024
19,CALL FOR APPLICATION FOR 2023 UNESCO/POLAND CO-SPONSORED FELLOWSHIP PROGRAM IN ENGINEERING
19,"CLARIFICATION ON THE TENDER FOR CONSTRUCTION AND COMPLETION OF THE PROPOSED ULTRA MODERN TRAINING CENTRE AT CEMASTEA UNDER SEQIP IN KAREN, NAIROBI COUNTY"
19,"PRESS STATEMENT ON THE RELEASE OF THE 2022 KCPE EXAMINATION RESULTS BY HON EZEKIEL MACHOGU, CBS, CABINET SECRETARY, MINISTRY OF EDUCATION, ON DECEMBER 21, 2022 AT KNEC OFFICES, DENIS PRITT ROAD, NAIROBI"
19,20th Meeting of the Sectorial Council on Education
19,"cience, Research and Innovation PS Prof. Shaukat Abdulrazak attended the 20th meeting of the Sectoral Council on Education, Science and Technology, Culture and Sports held in Arusha, Tanzania, also present were, PS Higher Education, Dr. Beatrice Inyangala, PS for TVET, Dr. Esther Muoria and PS EAC Affairs, Dr. Caroline Karugu. The three-day conference aimed at enhancing collaboration between the EAC members states to enable the harmonization of sectors such as Education as a step towards achieving sustainable development through advances in fields such as Science, Research and Innovation which are great drivers in the push towards increased regional integration. Discussions were also held on Science diplomacy and inclusion of emerging technologies such as nanotechnology & nuclear science & technology and how they are to be incorporated and embraced as drivers of socioeconomic development and also provide solutions in sectors such as health and agriculture"
19,strengthening and deepening partnership with WFP
19,"The World Food Programme has been a long-standing partner of the Ministry of Education in the provision of school meals, since 1979.

Schools meals are an essential component of the Government’s drive to enhance access and retention in basic education, especially in food insecure areas of Kenya."
19,Confirment of Charter to Bomet university college
19,"This afternoon, 04/02/2026 the Cabinet Secretary for Education, Julius Migos Ogamba, had the honour of joining His Excellency the President, Dr. William Samoei Ruto, at State House, Nairobi, for the conferment of a Charter to Bomet University.

The conferment of the Charter marks a major milestone in the growth of the institution, affirming its full accreditation and autonomy in governance, academic programming, and research. It also represents another significant step in the ongoing efforts to expand access to quality and relevant higher education in Kenya."
19,ADDENDUM III: - RESPONSE TO QUERIES/CLARIFICATIONS
19,"TENDER FOR SUPPLY, DELIVERY, INSTALLATION, CALIBRATION, COMMISSIONING AND TRAINING ON THE USE AND MAINTENANCE OF TRAINING EQUIPMENT:

LOT 1 - BUILDING AND CIVIL ENGINEERING EQUIPMENT TO OLLESSOS TECHNICAL TRAINING INSTITUTE – NANDI COUNTY"
19,State Department for Technical Vocational Education and Training
19,Speeches
19,"SPEECH BY PRINCIPAL SECRETARY, STATE DEPARTMENT FOR BASIC EDUCATION ON ENHANCING EFFECTIVENESS AND EFFICIENCY OF EDUCATION IN KENYA-KESSHA

SPEECH BY HON. EZEKIEL MACHOGU, CBS, CABINET SECRETARY OF EDUCATION, DURING THE LAUNCH OF THE NATIONAL DISTRIBUTION EXERCISE OF GRADE 7 BOOKS TO SCHOOLS IN KENYA HELD AT THE KENYA INSTITUTE OF CURRICULUM DEVELOPMENT (KICD) AT 10 A.M"
19,"TENDER FOR SUPPLY, DELIVERY, INSTALLATION, CALIBRATION, COMMISSIONING AND TRAINING ON THE USE AND MAINTENANCE OF ICT EQUIPMENT ICT EQUIPMENT FOR THE NATIONAL TVET ODEL CONTENT DEVELOPMENT AND DELIVERY CAPACITY ENHANCEMENT CENTRE AT THE KENYA SCHOOL O"
19,"TENDER FOR SUPPLY, DELIVERY, INSTALLATION, CALIBRATION, COMMISSIONING AND TRAINING ON THE USE AND MAINTENANCE OF ICT EQUIPMENT ICT EQUIPMENT FOR THE NATIONAL TVET ODEL CONTENT DEVELOPMENT AND DELIVERY CAPACITY ENHANCEMENT CENTRE AT THE KENYA SCHOOL OF TVET"
19,PROJECT INFORMATION
19,GOK/AfDB SUPPORT TO TVET
19,"Project Name: Support to Technical and Vocational Education and Training (TVET) – for Relevant Skills Development Project (TVET Phase II Project)

ADF loan NO: 2100150033295"
19,FINANCING
19,"OCBI/VTT/TVETE PHASE III/EQUIP/32/23-24 – TENDER FOR LOT 1 - TENDER FOR SUPPLY, DELIVERY, INSTALLATION, CALIBRATION, COMMISSIONING AND TRAINING ON THE USE AND MAINTENANCE OF BUILDING AND CIVIL ENGINEERING EQUIPMENT TO OLLESSOS TECHNICAL TRAINING INSTITUTE"
19,"OCBI/VTT/TVETE PHASE III/EQUIP/32/23-24 – TENDER FOR LOT 1 - TENDER FOR SUPPLY, DELIVERY, INSTALLATION, CALIBRATION, COMMISSIONING AND TRAINING ON THE USE AND MAINTENANCE OF BUILDING AND CIVIL ENGINEERING EQUIPMENT TO OLLESSOS TECHNICAL TRAINING INSTITUTE – NANDI COUNTY; LOT 2 - TENDER FOR SUPPLY, DELIVERY, INSTALLATION, CALIBRATION, COMMISSIONING AND TRAINING ON THE USE AND MAINTENANCE OF MECHANICAL ENGINEERING TRAINING EQUIPMENT FOR LIMURU TECHNICAL AND VOCATIONAL COLLEGE – KIAMBU COUNTY & LOT 3 - TENDER FOR SUPPLY, DELIVERY, INSTALLATION, CALIBRATION, COMMISSIONING AND TRAINING ON THE USE AND MAINTENANCE OF HOSPITALITY & TOURISM TRAINING EQUIPMENT TO NYERI NATIONAL POLYTECHNIC – NYERI COUNTY 2. OCBN/TVET PHASE II/EQUIP/ODeL/23-24 – TENDER FOR SUPPLY, DELIVERY, INSTALLATION, CALIBRATION, COMMISSIONING AND TRAINING ON THE USE AND MAINTENANCE OF ICT EQUIPMENT FOR THE NATIONAL TVET ODEL CONTENT DEVELOPMENT AND DEL"
19,"The State Department for Post Training and Skills Development requires all tertiary educational institutions to establish Office of Career Services. The range of services offered under the Office of Career Services have been broadened to include career orientation, career counselling, work based learning programmes, incubation and innovation programmes, tracer studies, labour market information provision and creation of education/industry linkages. The goal of the OCS is to establish high-quality career development programmes in order produce graduates that are employable and productive and thus bridge the skills mismatch. The number of Office of Career Services established by tertiary educational institutions is illustrated in table 1."
19,Affordable housing project takes off in Marsabit with 220 units planned
19,"The affordable housing programme has officially commenced in Marsabit County following the handover of a two-acre construction site to a contractor for the development of 220 housing units.

Presiding over the ceremony, Marsabit County Commissioner Stanley Kamande said the Sh670 million project is expected to be completed within 18 months."
19,Payroll cleanup paves way for increase of civil servant salary
19,"The National Government has announced a salary increase for civil servants across the country, effective this July, with Public Service, Human Capital Development and Special Programmes Cabinet Secretary Geoffrey Ruku saying the adjustment will benefit only genuine public officers on the government payroll.

The Cabinet Secretary said the salary increase will be extended only to verified public officers as the government rolls out a centralized, tamper-proof Human Resource System (HRS) aimed at eliminating ghost workers and sealing payroll loopholes."
19,PS Tanui Champions Tree Planting during this Year's Mazingira Day
19,"The Principal Secretary for ICT and Digital Economy, Eng. John Tanui today led a special tree planting exercise at his former school, Mwachon Primary School in Baringo County, engaging in a coordinated national tree-growing exercise under the 15 Billion Tree Program (2022–2032).

As part of the celebrations, PS Tanui who spearheaded the fruit tree planting exercise underscored the importance of sound waste management practices reinforcing the government's commitment to sustainable environmental care and community well-being."
19,Producer Price Index (PPI) Third Quarter 2014
19,Devolution Drives Inclusivity and Digitisation Across Counties
19,"The 9th Devolution Conference, officially opened by His Excellency President William Ruto in Homa Bay County, has underscored the transformative impact of devolution in promoting inclusivity and reducing marginalisation across the country.

Among the senior government officials in attendance was Mr. Stephen Isaboke, Principal Secretary in the State Department of Broadcasting and Telecommunication. The PS also toured several exhibition booths at the conference, where he interacted with various government agencies showcasing innovations and services aligned with the devolution agenda."
19,Kenyan Delegation Participates in WSIS+20 High-Level Event in Geneva
19,"A high-level Kenyan delegation, led by Cabinet Secretary for Information, Communications and the Digital Economy, Hon. William Kabogo Gitau , and Principal Secretary Stephen Isaboke, is in Geneva for the WSIS+20 High-Level Event—a global forum marking 20 years of progress toward an inclusive and sustainable digital future.Earlier today, the delegation held productive discussions with Dr. Cosmas Zavazava, Director of the ITU Telecommunication Development Bureau (BDT). Talks centered on Kenya’s active role in the upcoming World Telecommunication Development Conference (WTDC) in Baku, ongoing BDT projects, and strategies to support young innovators and entrepreneurs through Partner2Connect funding.

PS Isaboke reaffirmed Kenya’s commitment to expanding digital infrastructure, improving connectivity, and fostering innovation to empower communities nationwide.“By leveraging these platforms and conferences, we aim to amplify local voices, support digital literacy, and create opportunities for socio-economic growth,” he said."
19,"H.E the President of Kenya at high-level solutions dialogue on climate finance on the sidelines of the 80th Session of the UNGA, New York."
19,"Global climate financing is unfair, forcing Africa to raise most of its resources at home and placing an impossible burden on economies that have contributed the least to this crisis. The best way forward is to ease debt, mobilise domestic resources, unlock private and international public finance, stop illicit financial flows, secure a fair global tax system, and drive major investment such as the USD 100 billion framework led by Africa’s financial institutions. With bold initiatives like the Africa Green Industrialisation Initiative and the Accelerated Partnership for Renewables, Africa is turning climate solutions into engines of growth, positioning the continent as a global hub for green industry advancing a win-win for development and the planet.During a high-level solutions dialogue on climate finance on the sidelines of the 80th Session of the UNGA, New York."
19,Foreign Service Academy Hosts Training on Middle East Diplomacy in Partnership with the League of Arab States
19,Foreign Service Academy Begins Training for Newly Appointed Envoys
19,"The Foreign Service Academy (FSA) has launched a two-week pre-departure training for newly appointed High Commissioners, Ambassadors, and Consuls General who are set to take up diplomatic postings in Kenya’s missions abroad.

The programme is part of the Ministry of Foreign and Diaspora Affairs’ capacity-building initiatives aimed at preparing the new envoys to effectively promote Kenya’s interests and strengthen bilateral and multilateral relations in their respective host countries."
19,Kenya- Morocco support large-scale cochlear implant surgeries
19,"Kenya's public healthcare system has achieved a significant milestone with the initiation of its first large-scale cochlear implant surgeries at Kenyatta National Hospital (KNH). This follows the donation of 70 cochlear implant devices valued at Kshs. 120 million to support about 70 children with serious hearing loss.

Her Excellency Mrs. Rachael Ruto, the First Lady of the Republic of Kenya, and Her Royal Highness Princess Lalla Asmaa of the Kingdom of Morocco attended the Cochlear Implant Medical Exercise, which aims to help approximately 70 children with hearing impairments. The First Ladies also witnessed the signing of an agreement between the Voice of Children Foundation and the Lalla Asmaa Foundation."
19,KENYA LEADS GLOBAL TOURISM DECLARATION AND STRATEGIC PARTNERSHIPS
19,"Prime Cabinet Secretary and Cabinet Secretary for Foreign Affairs, Dr. Musalia Mudavadi, closed the session of the Fourth Global Tourism Resilience Day Conference and Expo by emphasizing Kenya’s commitment to building a resilient, inclusive, and future-ready tourism sector. He noted that tourism, while highly vulnerable to pandemics, climate change, geopolitical pressures, and economic shocks, has repeatedly demonstrated its capacity to adapt, recover, and drive economic growth.

“Our priority must be to create systems that can withstand disruption, respond swiftly, and recover sustainably,” Dr. Mudavadi said."
19,Kenya to Archive Global Condolences Honouring Raila Odinga
19,"The Government of Kenya has announced plans to permanently preserve condolence messages received from around the world following the death of former Prime Minister Raila Odinga, in a move aimed at safeguarding his legacy for future generations.

Speaking on 30 January 2026 at the Odinga family home in Karen, Principal Secretary for Foreign Affairs Dr Korir Sing’oei said that messages from governments, international organisations, institutions, and individuals have been compiled, bound into official volumes, and will be housed in key national repositories. These include the Kenya National Archives, the Kenya National Library Service, the Foreign Affairs Library, and the Foreign Affairs Gallery at Uhuru Gardens, where they will be accessible to researchers and the public."
19,Kenya Canada Relations
19,"Principal Secretary Dr. Korir SingOei recently hosted Mr. David Morrisson, Deputy Minister for Foreign Affairs of Canada. The two countries have a Bi-National Commission (BNC) that was established in September 2018 to facilitate regular consultations on areas of shared interest, including poverty reduction, sustainable economic growth, empowerment of women and girls, and supporting refugees."
19,Kenya's AUC Candidate Dr. Raila Odinga campaign secretariat.
19,"Foreign Affairs Principal Secretary Dr. Korir Sing’Oei meets Dr. Raila Odinga’s campaign secretariat team for his African Union Commission Chairmanship (AUC) position in Addis Ababa, Ethiopia.

The team was led by Dr. Mahboub Maalim and Ambassador Elkanah Odembo."
19,"The Ministry of Information, Communications and The Digital Economy through the auspices of the ICT Authority is set to host the Connected Africa Summit 2025 at the Diamonds Leisure resort in Diani, Kwale county.

Speaking today during the unveiling of Partners Media briefing at the Nairobi Serena hotel, Principal Secretary for the State Department for ICT and Digital Economy, Eng. John Tanui noted that this year’s summit is particularly significant as it marks the 14th edition of the Connected series, which began over 15 years ago as Connected Kenya."
19,Garissa power substation upgrades to curb outages
19,"Garissa town is now set to enjoy uninterrupted power supply following the upgrading of the local Kenya Power substation to a 38 megavolt- ampere (MVA) up from 15 MVA.

The substation, which was first commissioned in May 2016, was originally built with a single 7.5MVA and additional 7.5MVA later, has been unable to keep up with the rapid urbanization, and surging local demand causing frequent power outages, that often result in huge on businesses that require refrigeration due to high temperatures in the region."
19,Nyamira County to establish renal units in sub-county hospitals
19,"Nyamira County Governor Amos Nyaribo has assured residents that the county is set to establish renal units in subcounty health facilities to provide dialysis services closer to the people and decongest the County Referral Hospital.

Speaking at Nyamira Referral Hospital during the launch of a new dialysis unit at Doctor’s Plaza, Governor Nyaribo encouraged patients with kidney-related conditions to make use of the available machines and services."
19,Kajiado approves framework to tackle urbanisation and land use challenges
19,"The Kajiado County Cabinet has approved the Kajiado County Land Policy 2025–2030, a framework aimed at promoting sustainable land management and supporting the county’s longterm development agenda.

According to a Cabinet communiqué, the policy provides strategic guidance on land use, governance, and conservation while addressing emerging challenges associated with rapid urbanisation and population growth."
19,New mining policy targets end of raw mineral exports
19,"The Ministry of Mining, Blue Economy and Maritime Affairs has unveiled the draft Minerals, Mining and Beneficiation Policy 2026, a comprehensive framework aimed at transforming Kenya’s mining sector from its current contribution of about one per cent of Gross Domestic Product (GDP) to a projected 10 per cent by 2030.

The policy marks a major milestone in the country’s efforts to unlock the full potential of its mineral resources and reposition mining as a key driver of industrialisation, job creation and export earnings."
19,Construction of Sh700b SGR extension to Malaba begins
19,"The long-awaited construction of the Naivasha– Kisumu–Malaba Standard Gauge Railway (SGR) extension has officially commenced in Narok County, marking a significant milestone in Kenya’s ambitious plan to modernize its transport infrastructure and strengthen regional trade links.

The Sh700 billion contract for the railway extension was awarded to Chinese firms China Communications Construction Company (CCCC) and China Road and Bridge Corporation (CRBC), both of which have previously undertaken major infrastructure projects in Kenya."
19,"PS Isaboke Briefed on Government Owned Enterprises Act, 2025"
19,"Principal Secretary for Broadcasting and Telecommunications, Mr Stephen Isaboke, EBS, was this morning briefed on the Government Owned Enterprises Act, 2025, which came into effect in early December.

The Act directly affects two institutions under the State Department for Broadcasting and Telecommunications, the Kenya Broadcasting Corporation and the Postal Corporation of Kenya. It introduces reforms to the governance and operational frameworks of identified State-owned entities, transitioning them from traditional State corporations into commercially driven public companies."
19,Kenya Strengthens Global Business Services Sector with Deepened Partnership as ADEC Innovations Eyes Major Expansion
19,"The Principal Secretary for the State Department of ICT and the Digital Economy, Eng. John Kipchumba Tanui, CBS, today hosted senior leadership from ADEC Innovations, underscoring the Kenyan government’s continued commitment to establishing the country as a leading global centre for business services, data and software.

Since commencing operations in Kenya in 2014, ADEC Innovations has been a reliable partner in the growth of the nation’s digital economy, contributing through steady investment, innovation, and active involvement in the local ecosystem. This consistent collaboration has helped reinforce Kenya’s standing as Africa’s Silicon Savannah."
19,Kenya must build AI that speaks its languages and serves its people
19,"Artificial intelligence (AI) is no longer merely an emerging technology.

It is rapidly becoming a critical component of the infrastructure through which nations deliver healthcare, improve agriculture, educate citizens, manufacture goods, manage public services, and compete in the global economy. Kenya is already experiencing this transformation."
19,Government remains committed to working closely with all stakeholders
19,Advancing Cybersecurity and Secure Software Development
19,CS Ndung'u holds Ministerial stakeholder forum with KEPSA
19,"Cabinet Secretary Information, Communications and the Digital Economy Dr. Margaret Nyambura Ndung’u today held a Ministerial stakeholder forum with Kenya Private Sector Alliance (KEPSA)- ICT Sector Board leadership led by Chairman Ben Roberts. During the meeting, they explored how to enhance the partnership between the private sector and government to ensure that government initiatives are implemented to create the expected impact. They also discussed ways of creating a conducive and favourable environment for tech businesses in Kenya and how this can lead to creating digital jobs for Kenyans in line with the BETA agenda. Present in the meeting were other board members including the Board Vice Chairperson Brian Omwenga, Adam Lane- Director Policy and Public Affairs-Huawei Technologies - Kenya, Davis Waithaka-CEO Elimu Holdings, Bryan Ndichu- KEPSA Secretary, Kenya Editors Guild President Zubeida Kananu, Mary Kerema- Secretary -ICT, E-Government (MICDE) and other seniors ministry officials.

Our Contacts"
19,Eng. Tanui Lauded for his Dedication as the IASP Africa Chapter President
19,"Eng.Tanui Lauded for his dedication as the IASP Africa Chapter President even as he hands over to South Africa's MacingwaneThe Principal Secretary for ICT and Digital Economy Eng.John Tanui who is also the outgoing International Association of Science Parks (IASP) Africa Chapter President today officially handed over the Presidency seat to Ms. Ludwe Macingwane.Macingwane, who currently serves as the Head of East London Industrial Zone (IDZ) Science and Technology Park (STP) South Africa contested the seat alongside Mr.Bangwani Mpangalasane(CEO of the Innovation Hub, South Africa).Speaking during an IASP Africa Division online meeting, Ms. Ebba Lund, the Chief Executive Officer of IASP was pleased to announce that Ms.Macingwane, who will serve for a period of two years had been elected as the new President where he thanked Mr. Mpangalasane for showing interest in the seat.She lauded PS Tanui for his three years of dedicated service and remarkable achievements key among them being the hosting of the 41st IASP World Conference held in Nairobi on September 23-27th September. The Conference brought together 860 delegates from over 48 countries with Kenya becoming the second country in Africa to play host, after South Africa who hosted in 2008.She further acknowledged the PS for his crucial role in the expansion the African Science Parks particularly the Konza Technopolis through his exemplary leadership while he was the CEO of the Konza Technopolis Development Authority.In his remarks, Eng. Tanui who held the position Since July, 2021 reflected on the growth of IASP during his tenure and expressed heartfelt gratitude for the immense support he received from the International IASP board Members and other stakeholders.He noted that IASP has expanded its network and influence, fostering collaboration among Science Parks across Africa citing how Konza Technopolis secured several Memorandums of Understanding and collaborations like the Pan-African Greentech Hub – Timbuktoo by the United Nations Development Program.""I am glad to see African countries like Uganda and Zimbabwe who are not yet committed to IASP starting to express interest, I congratulate Macingwane on her new role and pledge my unwavering support.I am confident that she will elevate the IASP Africa Division to new heights, "" said Tanui.IASP is the World Wide network of Science parks and Innovation Districts. Science Parks are organizations managed by specialised professionals whose main aim is to increase the wealth of it's community by promoting the culture of innovation and competitiveness of its associated businesses and knowledge-based institutions.

Our Contacts"
19,"Hon. William Kabogo Gitau assumes office as the Cabinet Secretary of the Ministry of Information, Communications & The Digital Economy"
19,"The Prime Cabinet Secretary and Cabinet Secretary for Foreign & Diaspora Affairs Hon. Musalia Mudavadi has officially handed over the Ministry of Information, Communications and the Digital Economy docket to Cabinet Secretary Hon. William Kabogo Gitau.Hon. Musalia handed over the office at the Ministry’s Headquarters in Telposta Towers, Nairobi in the presence of Principal Secretary Broadcasting and Telecommunications, Prof. Edward Kisiang’ani, Principal Secretary ICT and Digital Economy, Eng. John Tanui, CEO’s and Managing Directors of the Ministry’s SAGA’s and senior Ministry officials.In his remarks, the Prime Cabinet Secretary emphasized on the importance of appropriately communicating Government’s projects that have been rolled out or are underway and future plans of action to ensure the citizenry is well versed in the Agenda of the State.On his part, CS Hon. Kabogo pledged to fully support the actualization of the digitization agenda, “we should be able to digitize our Ministry 100 percent and start moving towards digitizing the entire Government so that we can serve Kenyans quickly, efficiently and in real time.”The CS expressed optimism in working with all officers across the board to operationalize the Digital Superhighway and Creative Economy Pillar within the BETA Agenda.

Our Contacts"
19,"Kenyatta Dam rehabilitation to expand irrigation on 1,200 acres in Mau Forest"
19,"The State Department for Irrigation will rehabilitate Kenyatta Dam within the Mau Forest Complex to enhance irrigation and improve livelihoods under the Mau Forest Complex Integrated Conservation and Livelihood Improvement Programme (MFC-ICLIP).

The rehabilitation project is expected to benefit about 1,800 households by supporting smallholder irrigation on approximately 1,200 acres of land, boosting food production while reinforcing conservation efforts in the country’s largest water tower."
19,Key Concerns
19,"Procedures and Guidelines

Procedures & Guidelines Who Should Onboard: eTIMS Onboarding for Non-VAT How to Onboard: How to Onboard on eTIMS How to Generate an Invoice on eTIMS: eTIMS Invoice Generation Types of eTIMS Solutions: eTIMS Solutions eTIMS FAQs: Frequently Asked Questions Support Information For additional support, please contact us: Email: timsupport@kra.go.ke or callcentre@kra.go.ke Phone: +254 20 4 999 999 or +254 711 099 999"
19,Kenya welcomes structured cooperation that strengthens national cybersecurity posture and safeguards digital transformation gains.
19,Dive into CyberGame Kenya 2026 Edition!
19,"Test your skills under the theme Securing Kenya's Digital Future across forensics, offensive security, OSINT, and more.

Our Contacts"
19,Kenya Household Master Sample Frame (K-HMSF) Development
19,The government remains committed to strengthening Kenya’s digital and communications sector
19,Nakuru County launches plan to recycle 700 tonnes of waste
19,"The County Government of Nakuru is set to establish a modern Material Recovery Centre (MRC) to segregate waste into biodegradable, solid, plastic, and electronic waste for proper disposal and recycling.

Governor Susan Kihika said the facility, to be located at the Giotto dumpsite, will enable the 700 tonnes of waste generated daily in the county to be sorted, recovered, and recycled before disposal, significantly reducing the amount of waste ending up at the dumpsite."
19,"Ministry Submits Proposals at National Addressing Bill, 2025 Stakeholder Meeting"
19,"The Ministry of Information, Communications and the Digital Economy today reaffirmed its support for the establishment of a National Addressing System for Kenya during stakeholder consultations on the proposed National Addressing Bill, 2025.

The consultations were held before the National Assembly Departmental Committee on Communication, Information and Innovation and brought together Members of Parliament, representatives from the Ministry and its agencies, as well as other stakeholders to deliberate on the proposed legislation."
19,Kenya Rallies Partners to Strengthen Cybersecurity Ahead Of Cyber Week Africa 2026
19,"Government to establish 1,450 new digital hubs across the country"
19,"KIPTANUI CHERONO-KNA

The Government is accelerating internet connectivity to ensure that each technical and vocational education training (TVET) institutions is connected to fiber, Principal Secretary for ICT and the Digital Economy, Eng. John Tanui, has said."
19,Huduma Kenya Partners with UFAA to Enhance Access to Unclaimed Financial Assets Services
19,"Huduma Kenya and Unclaimed Financial Assets Authority (UFAA) have today formalized a strategic partnership to roll out UFAA services across all Huduma Centres countrywide, bringing services closer to the people.

Unclaimed Financial Assets Authority is a State corporation established under the National Treasury pursuant to the Unclaimed Financial Assets Act, No. 40 of 2011."
19,HRIS Team Honored for Transforming Payroll Management
19,"The Principal Secretary, Ministry of Public Service and HUman Capital Development Mr. Amos Gathecha has today applauded the HRIS Directorate and Kenya Interagency Team for their remarkable achievement in delivering the payroll management system. In recognition of their dedication and innovation, officers were presented with commendation letters, celebrating their pivotal role in revolutionizing payroll efficiency and transparency in public service. The event which took place at Harambee house was attended by both teams from HRIS Directorate and Hris-Kenya Interagency team."
19,2022 KDHS Key Indicators Report
19,Opening ceremony of the Strategic Plan 2024-2028.
19,"Failing to plan is planning to fail.Today, State Department for Public Service Principal Secretary Mr Amos Gathecha presided over the opening ceremony of the Strategic Plan 2024-2028 at the Kenya School of Government Embu Campus.In his opening remarks, the PS said that for any organization to succeed, it must have a clear roadmap, vision, mission, and implementation matrix to achieve the desired results.""What gets measured gets done, and therefore this retreat is timely so that we can align our strategic plan with the Bottom Up Economic Transformation Agenda (BETA) and the Vision 2030,"" said Mr. Gathecha.The retreat is being attended by Heads of Department and technical officers from the State Department for Public Service."
19,"The Selection Panel tasked with identifying suitable candidates for the role of Chairperson of the Kenya National Commission on Human Rights (KNCHR) today completed interviews for six finalists.

The panel, chaired by Dr. Irene C. Asienga, conducted the interviews in Nairobi as part of its commitment to a transparent and merit-based recruitment process."
19,International Academic Cooperation Takes Centre Stage at Madaraka Day 2026 Education Week in Wajir County
19,"International academic cooperation emerged as a key pillar of Kenya’s foreign policy during the Madaraka Day Celebrations 2026 Education Week in Wajir County, where stakeholders underscored the role of global education partnerships, research collaboration, and skills development in advancing national development and competitiveness in the global economy.

The State Department for Foreign Affairs is participating in the Madaraka Day Celebrations 2026 Education Week, engaging education stakeholders and the local community on Kenya’s foreign policy and its connection to education, innovation, and economic transformation."
19,Government Allocates Ksh 1.2 Billion for Civil Servants’ Injury and Accident Claims
19,"Government Allocates Ksh 1.2 Billion for Civil Servants’ Injury and Accident Claims

Principal Secretary for Public Service and Human Capital Development, Dr. Jane Imbunya, has announced that the government has set aside Ksh 1.2 billion in the 2025/2026 financial year to settle claims under the Work Injury Benefits Act (WIBA), Last expense and the Group Personal Accident (GPA) scheme. The allocation will cater for civil servants’ claims accumulated from April 15, 2024, to date."
19,MONTHLY PSs CONSULTATIVE MEETING
19,"State Department for Public Service and Human Capital Development Principal Secretary Dr. Jane Kere Imbunya joined fellow Principal Secretaries for the monthly consultative meeting with the Chief of Staff and Head of Public Service, Mr. Felix Koskei, who was represented by the Deputy Head of Public Service, Mr. Amos Gathecha.

The sessions are vital platforms to deliberate on key national issues, review progress, and enhance coordination in delivering government priorities under the Bottom-Up Economic Transformation Agenda (BETA)."
19,NAIROBI CITY COUNTY 2025/26 FY QUARTER 2 BUDGET IMPLEMENTATION REPORT
19,NAIROBI CITY COUNTY TARIFFS AND PRICING POLICY 2025-2030
19,Nairobi City County 2025/2026 FY Quarter 1 Budget Implementation Report
19,NAIROBI CITY COUNTY 2024/2025 FY QUARTER 1 BUDGET IMPLEMENTATION REPORT
19,Nairobi City County 2024/2025 FY Quarter 4 Budget Implementation Report
19,Nairobi City County 2024/2025 FY Quarter 4 Budget Report
19,Nairobi City County 2024/2025 FY Quarter 3 Budget Implementation Report
19,NAIROBI CITY COUNTY 2024/25 FY QUARTER 3 BUDGET IMPLEMENTATION REPORT
19,Nairobi City County 2024/2025 FY Quarter 2 Budget Implementation Report
19,NAIROBI CITY COUNTY 2024/25FY QUARTER 2 BUDGET IMPLEMENTATION REPORT
19,Nairobi City County 2024/2025 FY Quarter 1 Budget Implementation Report
19,Nairobi City County 2023/2024 FY Quarter 4 Budget implementation Report
19,NAIROBI CITY COUNTY 2023/24 FY QUARTER 4 BUDGET IMPLEMENTATION REPORT
19,Nairobi City County 2023/2024 FY Quarter 3 Budget implementation Report
19,Nairobi City County 2023/2024 Quarter 3 Budget Implementation Report
19,Nairobi City County 2023/2024 FY Quarter 2 Budget implementation Report
19,NAIROBI CITY COUNTY 2023/24 FY QUARTER 2 BUDGET IMPLEMENTATION REPORT
19,Nairobi City County 2023/2024 FY Quarter 1 Budget implementation Report
19,NAIROBI CITY COUNTY 2023/24 FY 1ST QUARTER BUDGET IMPLEMENTATION REPORT
19,Department hands over site for Sh1.2 billion Affordable Housing project in Suneka
19,"The State Department for Housing and Urban Development (SDHUD) has handed over a site for the construction of affordable housing units worth Sh1.2 billion in Suneka town, Bonchari Constituency in Kisii County, under the Affordable Housing Programme.

Speaking during the handover ceremony, the department’s Western Rift region team leader, Nyaigoti Mogeni, said the residential development will comprise 500 housing units of different categories, including social housing units, affordable units, and market-rate units for middle-income earners."
19,Engaging global investors on the sidelines of the 2025 IMF-World Bank Spring Meetings.
19,"Cabinet Secretary, Hon. FCPA John Mbadi, Principal Secretary, Dr. Chris K Kiptoo and Central Bank of Kenya Governor Dr. Kamau Thugge are engaging global investors in Washington,D.C. on the sidelines of the Spring Meetings—showcasing Kenya’s economic resilience and investment appeal.

With GDP growth of 5.6% in 2023 and solid projections ahead, Kenya is staying strong amid global shocks—driven by fiscal reforms, macro stability, and a diversified economy."
19,The overall inflation rate for the month of April 2017 is 11.48 per cent.
19,Consumer Price Indices and Inflation Rates for August 2018
19,CPI and rates of inflation for October 2017
19,An MSME is qualified for funding under the SAFER Credit if the are a duly registered business with compliance with tax laws
19,Geography and Borders
19,"The Republic of Kenya is a unitary multi-party democratic state. The country has two levels of Government; the National Government and 47 County Governments.

The National Government is composed of three distinct branches: The Legislature (Parliament), the Executive and the Judiciary."
19,Kenya India Relations
19,"Director General for Political and Diplomatic Affairs, Amb. Josphat Maikara recently held discussions with Mr. Sushil Prasad, Chargé d’Affaires a.i. of the High Commission of India on the modalities for strengthening Kenya–India relations.

The discussions focused on advancing cooperation through established frameworks such as the Joint Commission for Cooperation, Foreign Office Consultations, and Joint Trade Committee, as well as exploring new opportunities in trade, investment, health, and capacity building."
19,Kenya and Japan Strengthen Development Ties Ahead of TICAD 9
19,"Kenya and Japan have reaffirmed their longstanding and strategic development partnership, with renewed focus on agriculture, infrastructure, and youth empowerment.

This commitment was underscored during a high-level consultative meeting held today between the Prime Cabinet Secretary and Cabinet Secretary for Foreign and Diaspora Affairs, Hon. Musalia Mudavadi, and Dr. Tanaka Akihiko, President of the Japan International Cooperation Agency (JICA)."
19,MFA Validates Performance Contract
19,"Ambassador Kiboino, Secretary of Foreign Service Administration, led senior officials from the Ministry of Foreign and Diaspora Affairs in validating draft performance targets for the 2025/26 financial year.

The meeting aimed to align departmental objectives with the national development agenda and the Performance Contract of the Prime Cabinet Secretary and Cabinet Secretary for Foreign and Diaspora Affairs."
19,Leading Economic Indicators – August 2020
19,Producer Price Index First Quarter 2018
19,Foreign Investment Survey (FIS) 2013
19,"Kenya National Bureau of Statistics (KNBS) in collaboration with Central Bank of Kenya (CBK) and Kenya Investment Authority (KenInvest) is conducting the Foreign Investment Survey 2013 (FIS2013) from February to April 2013. Foreign Investment Survey will be administered to sampled enterprises in Kenya with international transactions. The survey seeks to measure and monitor national statistics on stocks and flows of inward and outward foreign investments during calendar years 2009, 2010 and 2011. The survey will also capture information on investor perceptions on the business environment that might affect decision making for investment and business activity. The specific objectives of the survey are to:

• Provide necessary information to guide policy response to private capital flows; • Collect data for assessment of investors’ perception of the investment climate with a view to identifying ways to improve it; • Facilitate the harmonization of Balance of Payments Statistics with other East African Community (EAC) partner states; • Facilitate compliance with international standards in data monitoring and presentation and; • Provide quality information for international institutions and researchers."
19,Stakeholders urge Coast farmers to shift from traditional to hybrid coconut trees
19,"Farmers in the coastal region have been encouraged to adopt hybrid coconut farming to boost yields and meet the growing demand of the produce.

Stakeholders in the coconut sub-sector, led by the Micro Enterprise Support Programme Trust (MESPT), are urging farmers to move away from the traditional African tall coconut tree varieties, which have low yields, and start cultivating new hybrid varieties such as the Sampoorna from India."
19,Census of Establishments 2017
19,Digital Migration
19,"Following migration to the digital platform, rapid growth in the TV broadcast industry has been witnessed. Already there are 65 Free to air TV stations in the country. The progress of digital migration is 80% complete. Out of 20 Transmitters that have been delivered, 10 have been installed and are on air at: Lamu, Kitui, MbuiNzau (Makueni) Namanga (Kajiado), wajir, Nyamninia (Siaya), Vuria (TaitaTavetta), Nyadundo (Nyandarua), Nyambene, (Embu/Meru/Isiolo), Webuye, Londiani.There are ten more which have been installed and are awaiting program link equipment. The stations area: Mandera, Maralla, Marsabit, Garsen, Lodwar, Lokichogio, Kakamega and Hma Bay. On full installation benefits expected include sector development, industry growth, improved quality of education and health promotion and preservation of cultural heritage

The programme is on-going and it is 50% complete. The following stations have been installed and commissioned: Limuru, Timboroa, Kapenguria,Kisii, Nyamninia (Yala), Vuria, Malindi, Lamu, Garsen, Nyambene, Kitui, Garissa, Kisumu, Nyeri, Mazeras, Kapsimotwo and Nyadundo Migration to FM radio transmission is expected to contribute to sector development and growth, increased access to information that will lead to improved education and health services and promotion of local cultural heritage."
19,STRATEGIC OVERVIEW OF THE EDUCATION AND AWARENESS ON THE MIGRATION FROM ANALOGUE TO DIGITAL BROADCASTING
19,SELECTED INTEGRATED COMMUNICATIONS ACTIVITIES
19,"The communication exercise will focus on the creation and execution of communication material in addition to marketing collateral. These will all be interspersed with use of strategic elements of Digital Kenya branding in order to ensure consistency of message delivery to consumers throughout the country.

a) Targeted Audience: The primary target audience in the communication campaign will be the television viewers/owners. However other auxiliary audiences will be pay TV viewers and potential television owners."
19,Mr. Emmanuel Kata Kimeu
19,"Mr. Stephen Isaboke, EBS"
19,"Mary N. Kerema, OGW"
19,File & Pay
19,"This is a method of tax collection whereby a payer of certain incomes deducts tax upon payments of certain incomes to payees and then remits the tax so deducted to the Commissioner of Domestic Taxes Department within 5 working days after the deduction is made.

The rate of deduction varies depending on the type of incomes payable and the residency status of the payee as provided in the table below."
19,"Income from Management or Professional Fees, Royalties and Interest."
19,Consumer Price Indices and Inflation Rates for July 2018
19,PS Jane Imbunya Defends FY 2026/2027 Budget Estimates Before Labour Committee
19,"Principal Secretary, State Department for Public Service and Human Capital Development, Dr. Jane Imbunya, accompanied by Heads of Departments (HODs) from the Ministry and its agencies, today appeared before the Departmental Committee on Labour to present and defend the FY 2026/2027 Budget Estimates during a session held at 11:30 a.m. and chaired by Honourable Kiti Richard Ken Chonga.

During the session, Dr. Jane Imbunya defended the FY 2026/2027 budget estimates and shed light on the variances between the Budget Policy Statement (BPS) ceilings and the actual budget allocations."
19,Become a successful potato entrepreneur!
19,Government delivers fish feed worth Sh34.6m to Tharaka Nithi County farmers
19,"The Government has delivered fish feed worth Sh34.6 million and announced plans to make available fingerlings to Tharaka Nithi County in a bid to boost fish production in the country.

The Cabinet Secretary for Mining, Blue Economy and Maritime Affairs, Ali Hassan Joho, noted that the county had great potential in aquaculture."
19,CS Hon. William Kabogo Gitau visits Kenya Medical Training College (KMTC) Msambweni Campus and Ukunda Vocational Training Center (VTC) to assess the status of the public Wi-Fi.
19,"10,382 Schools Set to Benefit from New Laptops and Smart Boards"
19,"The Government has launched the first consignment of laptops and interactive smart boards for schools, marking a major milestone in efforts to modernise learning and accelerate Kenya's digital transformation agenda.

The consignment, which was officially flagged off yesterday, will see 10,382 schools across the country receive the devices under the current phase of the Digital Literacy Programme Scale-Up."
19,Basic Education Programmes
19,"Since Independence in 1963, the Government of Kenya has recognized the importance of education both as a basic right as well as a tool for achieving Social Economic development

The current primary school population is estimated at 10.4 million children in both public and private primary schools. This rapid growth in primary school population is largely attributed to the introduction of Free Primary Education by the Government in 2002 and other interventions. The enrolment in our schools indicate that Kenya is on track to achieve the Education For All (EFA) and the Millennium Development Goals (MDG) Commitments by 2015."
19,"There are various school meals feeding program in school which included In-Kind and, cash transfer and community welfare among others. In school health nutrition and meal program we implement the program using In-Kind and Cash Transfer.

In in kind program, this involves procuring Food commodities from central place then transported to the Sub-Counties before the Sub-County Director of Education (SCDE) distributes the food commodities to schools. This covers 10 Arid Counties. The Counties include; (Baringo (Tiaty, Marigat, Baringo North, Mogotio East and East Pokot), Garissa, Isiolo, Mandera, Marsabit, Samburu, Tana River, Turkana, Wajir, West Pokot (North Pokot)."
19,"SUMMARY OF ARID COUNTIES, SUB- COUNTIES AND SCHOOLS FOR INKIND PROGRAM"
19,FINAL VMGF SEQIP
19,Stakeholder Engagement Plan
19,Grievance Redress Mechanism Operational Manual
19,Tenders
19,"CLARIFICATION ON THE TENDER FOR CONSTRUCTION AND COMPLETION OF THE PROPOSED ULTRA MODERN TRAINING CENTRE AT CEMASTEA UNDER SEQIP IN KAREN, NAIROBI COUNTY

ADDENDUM 1 -FRAMEWORK CONTRACT FOR SUPPLY, DELIVERY, INSTALLATION AND COMMISSIONING OF ICT EQUIPMENT IN PUBLIC TEACHERS TRAINING COLLEGES"
19,"SCHOLARSHIPS FOR RESEARCH FELLOWSHIPS, PhDS AND POSTDOCTORAL STUDIES IN SWITZERLAND"
19,"BANTING POSTDOCTORAL FELLOWSHIPS BY THE GOVERNMENT OF CANADA

SCHOLARSHIP FOR GRADUATE STUDIES PROGRAM"
19,"The King of Lesotho, King Letsie III, Commended the Government of Kenya under President William Ruto for its commitment in the school meals program.

Speaking in Nairobi after a benchmarking tour in Ruiru, Kiambu County, the King and his entourage accompanied by the President of the African Development Bank Dr. Akinwumi Adesina and the Ministry of Education officials led by Director Stephen Barongo were marveled by accomplishments in the school feeding program in the country."
19,"The National Treasury CS Hon. FCPA, John Mbadi officially opened the 4th Kenya affordable housing conference"
19,"The National Treasury CS Hon. FCPA, John Mbadi officially opened the 4th Kenya affordable housing conference (KAHC) held at Grand Swiss hotel, Kisumu. under the Theme “Revolutionizing Housing: Innovation Meets Sustainability.”He noted that the theme resonates well with the Kenya Kwanza government development agenda: Bottom-up Economic Transformation Agenda (BETA) whose overall objective is to improve the living standard and that KMRC is playing a critical role in delivering BETA through the affordable housing pillar.In addition, According to the 2023/24 Kenya Housing Survey, only 26% of urban households currently own their homes, while over 70% rent, often in insecure or informal conditions. The Government, through the National Treasury, mobilized USD 300 million concessional funds from the World Bank and African Development Bank and on-lend to KMRC."
19,National Treasury CS updates MPS on State Of The Economy
19,Ministers of Finance of Kenya (1963–2024)
19,"Following independence in 1963, Gichuru was appointed as Kenya's first Minister of Finance, a position he held for much of the 1960s. In this role, he laid the foundation for the nation's economic policy, tackling pressing challenges such as reducing reliance on British financial support. He was among the pioneering technocrats behind the drafting and implementation of Sessional Paper No. 10 of 1965, a landmark policy document that charted Kenya's path toward sustained economic growth and development.

In the 1970s, Gichuru transitioned to serve as Minister of Defense, further cementing his influence in government. His leadership was instrumental in steering Kenya through the delicate transition to independence and in establishing the early frameworks of party politics and governance."
19,CPI and rates of inflation for December 2017
19,CPI and rates of inflation for January 2018
19,KRA Mentors Teen Mothers in Mukuru Slums
19,"A total of (66) Kenya Revenue Authority staff volunteers across all regions in the country have been trained on how to conduct mentorship in a bid to enhance their capacity and knowledge during community social engagements. This will also provide a structured framework of conducting future engagements.

The hands-on training was conducted at Times Tower building and Mukuru Skills Training Center in Nairobi. KRA has long held the belief that community engagements such as mentorship programmes that help the youth transition to gainful employment will enable KRA secure a sustainable tax regime by raising a population that appreciates voluntary compliance. Taxpayers have the opportunity to understand the customer-centric nature of KRA and appreciate the taxman as an open and approachable organisation focused on improving the society. This is anticipated to empower Kenyans through tax education and help taxpayers understand the role of KRA in economic development."
19,CSR Volunteers Promote KRA’s Human Face through Mentorship
19,"By Felgona Ochieng & Faith Muthigani - KRA Corporate Social Responsibility (CSR)

KRA has rolled out its mentorship programme for students, with its inaugural session attracting more than 40 primary and secondary school learners in Soweto, Kibra. The learners were mentored in life skills, hygiene and health amongst other community engagement activities that demonstrate the role of KRA in not only economic development, but also social empowerment. The initiative is implemented under the Education Pillar by Corporate Social Responsibility (CSR) volunteers."
19,Who we are
19,"The Kenya Revenue Authority was established by an Act of Parliament, Chapter 469 of the laws of Kenya, which became effective on 1st July 1995. KRA is charged with collecting revenue on behalf of the government of Kenya.

The core functions of the Authority are: -"
19,Our Core Business
19,"VAT works under the Input / Output Tax system.

Input tax refers to a tax paid by a registered person on purchase of goods or services for the purpose of his business."
19,VAT RATES
19,Advertisement of Vacancies February 2026
19,MoU Sign-off – GoK and the African Development Bank Group
19,"WHAT: Kenya Government and the African Development Bank Group to sign MoU to host 2024 Annual Meetings in May 2024WHO: Kenya Government and the African Development Bank GroupWHEN: Friday 6th October 2023, Time 09:00 amWHERE: Lenana Hall, Kenyatta International Conference Centre (KICC), NairobiThe Kenyan Government and the African Development Bank Group will sign a Memorandum of Understanding detailing arrangements for hosting the Bank Group’s Annual Meetings, set to take place in Nairobi Kenya from May 27th – 31st 2024.The MoU will mark an important milestone in the preparations for the Meetings, Africa’s largest economic event. It will be signed by Prof Njuguna Ndung’u, Cabinet Secretary, the National Treasury and Economic Planning, and Prof Vincent O. Nmehielle, the Bank Group’s Secretary General, on Friday 6th October 2023, 09.00 a.m. at the Lenana Hall, KICC."
19,"Monthly, Quarterly and annual Surveys and Censuses reports"
19,"Explore recently released statistical reports. From the Monthly Leading Economic Indicators , Monthly CPI to Annual Statistical Abstracts, checkout the most recent statistical releases."
19,Recent Publications
19,What is the National Treasury?
19,The Ministry of National Treasury and Planning was established following the reorganization of Government on 14th January 2020 through Executive Order No. 1 of 2020. The Ministry is made up of the National Treasury and the State Department for Planning.
19,Which are the functions of the National Treasury?
19,Why does the Government of Kenya incur Public Debt? What is the current debt status of the country?
19,Who are the development partners for PFMR Secretariat?
19,"All borrowings are done through the Cabinet Secretary, and are for the following purposes:

As of the end of June 2020, Kenya’s total debt stock stood at 6.7 trillion Kenyan shillings ($62 billion), equivalent to about 66 per cent of our total national wealth, as estimated by the gross domestic product (GDP)."
19,What is the role of the National Treasury in the devolved system of Government?
19,Vaccination Coverage: Basic Antigens
19,"1 dose of BCG, 4 doses of OPV and one of IPV, 3 doses of DPT-HepB- Hib, 3 doses of PCV, 2 doses of RV, and 1 dose of MR.

Vaccination coverage according to the national schedule increases as mother’s education increases, from 23% of children whose mothers have no education to 62% of children whose mothers have more than secondary education. More than 8 in 10 children in Kisii and Tharaka-Nithi counties are fully vaccinated according to the national schedule. Only 6% of children in Mandera County are fully vaccinated according to the national schedule."
19,Kenya Reaffirms Strong Partnership with France During Bastille Day Celebrations
19,"Kenya Reaffirms Strong Partnership with France During Bastille Day Celebrations

Kenya has reaffirmed its commitment to strengthening bilateral ties with France, with a renewed focus on youth empowerment, innovation, education and research. Speaking during the 146th French National Day (Bastille Day) celebrations at the University of Nairobi, Prime Cabinet Secretary and Cabinet Secretary for Foreign and Diaspora Affairs, H.E. Dr. Musalia Mudavadi, said the partnership continues to create opportunities for young people through scientific research, technical and vocational training, entrepreneurship and cultural exchange."
19,Consumer Price Indices and Inflation Rates for April 2018
19,Taita Taveta mining firms face closure by the state over illegal operations
19,"The State Department for Mining has intensified its fight against illegal mining activities in Taita Taveta County.

The Director of Mines Gregory Kituku is currently leading an inspection tour to the region."
19,Kisumu–Malaba SGR launched to boost intra-regional trade
19,"President William Ruto and his Ugandan counterpart Yoweri Museveni launched the construction of the Standard Gauge Railway (SGR) extension from Kisumu to Malaba, setting in motion what the two leaders described as a transformative regional infrastructure project expected to redefine trade, industrialization and economic integration across East and Central Africa.

Speaking at Kibos in Kisumu County, President Ruto traced the historical evolution of railway development in the region, linking the new project to the colonial-era Uganda Railway that shaped the economic geography of East Africa by connecting the coast to the hinterland."
19,KNH launches Taifa Afya Apex platform to improve patient care
19,"Kenyatta National Hospital (KNH) has introduced a new digital health system designed to enhance patient care through automation, faster service delivery, and greater operational efficiency.

The system, known as the Taifa Afya Apex platform, will digitize and integrate all hospital services, marking a major milestone in Kenya’s healthcare modernization agenda."
19,"In the vast landscapes of Turkana County, home to the iconic Lake Turkana, communities are increasingly embracing entrepreneurship as a pathway to economic empowerment.

From the bustling markets of Lodwar to the fishing villages along the lake’s shores, residents are exploring new opportunities in trade, fisheries, and a wide range of small-scale enterprises."
19,"A newly proposed Youth Fund is set to replace the Youth Enterprise Development Fund if a new bill is enacted into law.

The Youth Fund, which will acquire the assets, liabilities, rights, obligations, and undertakings of the Youth Enterprise Development Fund, aims to provide accessible financial resources to youth for entrepreneurship, innovation, and sustainable livelihood projects."
19,Kisumu Affordable Housing project spurs local economic growth
19,"The global housing crisis is a serious issue, where a significant portion of the world’s population lacks access to adequate, affordable, and safe housing, with estimates from the United Nations Human Settlements Programme (UN-Habitat) suggesting that three billion people will need better housing by 2030.

Key drivers of this global crisis include rapid urbanization outpacing housing development, population growth, and the rising costs of construction due to factors like shortages in land, labor, and materials."
19,New programme in Oloitoktok to promote sustainable agriculture
19,"The Cabinet Secretary for East African Community, ASALs and Regional Development Beatrice Askul, has inaugurated the Oloitoktok Integrated Conservation and livelihood programme.

The ten-year program aims to promote sustainable environmental practices, improve resource management, and provide income-generating opportunities for the local community through a variety of projects."
19,Release of CPI and rates of inflation for June 2017
19,Annual Reporting Templates FY2023
19,Read More
19,Annual Templates for MDAs
19,Annual Templates for SCs & SAGAs
19,Quarterly Templates for MDAs
19,Public participation exercise on Annual development plan 2020/2021
19,"On 20th August 2019, facilitators headed to the various sub counties in Nairobi for the Public Consultations on the 2020/21 Financial year Annual Development Plan. They were flagged off to each of the 17 Sub Counties hosting the event by Mr.Kepha Omanga who is the County director of Finance and economic planning.

“We are committed to the process to ensure that citizen input in the planning and budgeting cycle is given utmost premium. We are following in the footsteps of H.E Governor Mike Sonko who has put the citizen first in his public policy pronouncements. “, said the Director of Economic Planning while flagging off facilitators to the Forums at City Hall."
19,H.E Governor Mike Mbuvi Sonkos’ response on misleading allegations by media houses
19,"MY RESPONSE TO CARELESS, MALICIOUS AND MISLEADING REPORTS BY MEDIA HOUSES ALLEGING THAT I HAVE SUSPENDED OVER 500 MEMBERS OF STAFF

I am a little perturbed by some baseless and malicious allegations published in all the major dailies dated Tuesday, 22 October, 2019 that, since I assumed office as Governor of Nairobi City County, I have fired or suspended over 500 county employees."
19,Nairobi County holds Public Participation exercise for caregiving training manual and Teacher management framework
19,"Nairobi, 5th November, 2025

Nairobi County’s Public Participation department led by Chief Officer, Zipporah Mwangi today hosted Nairobi residents, caregivers, education officers, and teachers from across the county at the Charter hall to the Caregiving Training Manual and Teacher Management Framework."
19,Mr. Leboo makes an Impromptu visit to Waithaka Fire Station
19,"Nairobi 31st July,2019

Nairobi City County Ag. County Secretary Mr. Leboo Ole Morintat,the Deputy Head of Public Service Mr. Wanyama Musiambo (Office of the President) and the County Chief Officer for Disaster management Ms.Ann Mwenda on 31.07.2019 made an impromptu visit to Waithaka fire station to inspect on the progress of the facility."
19,"New Dandora stadium set for unveiling in July, says Sonko"
19,"The new Dandora Stadium will have notable features like; artificial turf, seats, a gym centre, modern stalls and floodlights

The new Dandora Stadium together with the other four stadia to be constructed by Sonko’s administration will radically change the sports landscape in Nairobi"
19,"Sakaja Takes Swift Action After Mradi Estate Tragedy, Vows Accountability for Premises Owners."
19,"Nairobi, 6th February, 2024

Nairobi Governor Sakaja Johnson and Deputy Governor, Njoroge Muchiri this morning visited some of the bereaved families of the Mradi Estate fire incident that happened last week Thursday."
19,Nairobi City County Hosts Community Stakeholder Forum To Address Liquor Industry Challenges And Promote Responsible Practices
19,"November 30th 2024, Nairobi

The Nairobi City County Government Liquor Department convened a community engagement forum at Githogoro Library, Westlands Sub-County. The event sought to foster dialogue between the county, stakeholders and residents on addressing challenges within the liquor industry while promoting responsible business practices and public welfare."
19,Nairobi City County hosts Kayole South got talent: Empowering youth and championing a drug-free future.
19,"Nairobi, 11th December, 2024

The Nairobi City County Government Liquor Department in partnership with Collins Ogenga Kayole South Member of County Assembly hosted Kayole South Got Talent 2024 Season 2 at the Kayole II Community Centre."
19,Conferment of Charter to Riara University
19,"Education Cabinet Secretary Julius Migos Ogamba Wednesday March 19, 2025 joined President William Ruto at State House, Nairobi, for the official conferment of a Charter to Riara University.

This milestone grants the institution full accreditation, enhancing its autonomy in governance, academic programming, and research."
19,"Status of Civic Education, Public Participation and Citizen Engagement in Nairobi County: Study Report 2024"
19,"Nairobi, 26th February 2025

Nairobi County Executive Committee Member in charge of Inclusivity, Public Participation and Customer Service Ms. Rosemary Kariuki, on behalf of H.E Governor Sakaja today launched the Civic Education, Public Participation and Citizen Engagement status report that primarily seeks to reconfigure the public participation initiatives in Nairobi and ensure there is adequate and inclusive engagement of the people."
19,Invitation To Tender for Provision of Security Services at Itare Dam
19,Kenya Electricity Generating Company PLC Invitation to Tenders
19,Improvement of Bomet Town Roads
19,Provision of media monitoring services to monitor the printing and distribution of mygov weekly newspaper
19,NGCDF Gatundu North Constituency Tenders 2026
19,EACC repossesses Sh300 million worth of grabbed public land in Kisumu county
19,"The Ethics and Anti-Corruption Commission (EACC) has repossessed prime public land worth Sh300 million which had been grabbed in Kisumu County.

The commission’s spokesperson Eric Ngumbi said the exercise conducted over the last two months follows a successful civil litigation process, which the agency took up on behalf of the affected government institutions."
19,Gov’t taps Kericho for tea value addition and agro-processing drive
19,"‎The Government is positioning Kericho County as a model for county-based industrialization anchored on tea value addition and agro-processing as part of a broader national strategy to drive economic transformation through devolved units.

Speaking during the official opening of the Kericho County Enterprise and Investment Summit at Kiprugut Chumo Stadium in Kericho Town, Investments, Trade and Industry Cabinet Secretary Lee Kinyanjui said Kericho’s strategic agricultural base and infrastructure potential places it at the forefront of Kenya’s regional industrial growth agenda."
19,Four students earn prestigious Mathematics scholarship at African Olympiad Academy
19,"Four top students have earned a prestigious three-year mathematics scholarship at the African Olympiad Academy (AOA) in Kigali, Rwanda.

The students managed to excel in the Pan-African Rising Stars Mathematics Contest held at the Centre for Mathematics, Science, and Technology Education in Africa (CEMASTEA) in Karen, Nairobi."
19,KALRO’s digital soil mapping set to transform farming practices across 45 counties
19,"The Kenya Agricultural and Livestock Research Organization, KALRO, has embarked on a national digital soil mapping programme to determine the soil fertility in the country.

According to an environment and resource management officer at KALRO Ms Agnes Yobterik, the National digital soil mapping programme will be carried out in 45 counties apart from the urban counties of Nairobi and Mombasa."
19,Survey team deployed to map gold deposits in West Pokot
19,"ANTHONY MELLY-KNA

The State Department for Mining has dispatched a geological survey team to West Pokot County to assess the extent of gold mineralisation in Kambi Karai, Pokot Central subcounty, following the discovery of deposits in the area."
19,Kenya’s coffee sector receives boost with state-of-the-art training facility
19,"The Kenya Agricultural and Livestock Research Organization (KALRO) is establishing a coffee training centre at the Coffee Research Institute (CRI).

The construction of the facility will be supported by the United Nations Industrial Development Organization (UNIDO) and will serve as a centre of excellence for green coffee quality control, cupping, roasting, blending, brewing, packaging, coffee entrepreneurship and professional development."
19,Kenya to reduce food imports with Sh598 billion irrigation initiative
19,"The Government will mobilize resources amounting to Sh598 billion to expand the area under irrigation by one million acres over the next 10 years in a bid to increase food production.

Under the 10-year National Irrigation Sector Investment Plan (NISIP), the government aims to fasttrack various strategies, including public-private partnerships, credit guarantees for smallholder farmers, and the promotion of corporate agriculture."
19,Sh40 million Mikindani Wetland Plant launched to protect marine ecosystem
19,"Sadik Hassan (KNA)

Mining, Blue Economy and Maritime Affairs Cabinet Secretary Hassan Joho has launched a sewage and wastewater treatment project to conserve marine ecosystem in Mikindani."
19,State allocates NYOTA programme Sh33b to tackle youth unemployment
19,"With the support of the World Bank, the Government has allocated Sh33 billion to create and improve job opportunities and empower youth and women across all 47 counties.

Under the National Youth Opportunities Towards Advancement (NYOTA) and the Kenya Jobs and Economic Transformation (KJET) Project, Cooperatives and Micro and Small Enterprises Cabinet Secretary Wycliffe Oparanya said at least one million youth are expected to benefit over five years."
19,Sh55-million earth dam commissioned in Kibwezi East
19,"At least 7,800 residents of the Ulilinzi and Ngwata Locations in Masongaleni Ward will benefit from the rehabilitated Uyi Earth Dam, gaining access to clean water for domestic use and for watering their animals.

The Sh55-million earth dam which was commissioned by the Arid and Semi-Arid Lands (ASAL) and Regional Development Principal Secretary (PS) Kello Harsama and Makueni Governor Mutula Kilonzo will also serve 8,000 cattle and 15,000 goats."
19,Government to enhance interests and development of minorities
19,"The State Department for Broadcasting and Telecommunications is partnering with the Minorities and Marginalized Affairs Unit to advocate for the interests and development needs of the minorities and marginalized communities in the country.

The partnership is focused on expanding broadcasting and development initiatives to underserved communities to ensure equitable visibility, access and participation of minority and marginalized populations in national, media and innovation programmes."
19,Government to start gold mining in Busia
19,"The Government is ready to kick off gold mining at Alupe in Busia County.

The Principal Secretary (PS) for the State Department for Mining Harry Kimtai said the state has identified and awarded the company that will undertake the gold mining."
19,Government moots new funding model for roads construction
19,"George Kaiga (KNA)

The Government is seeking extra funding mechanisms for road maintenance, development and rehabilitation."
19,Government allocates Sh500m for propagation and distribution of coffee seedlings
19,"The Government has allocated Sh500 million in the supplementary budget to fa cilitate propagation and distribution of coffee seedlings to farmers.

The Principal Secretary (PS) for the State Depart ment for Co-operatives Mr. Patrick Kilemi said the programme aims to increase production with 20 million coffee seed lings earmarked for distribution of farmers across all coffee growing regions annually."
19,Government pushes for LPG common user facility to reduce gas price
19,"The Ministry of Energy is pushing for Liquefied Petroleum Gas (LPG) common user facility to reduce the cost of gas.

Principal Secretary for Petroleum, Mohammed Liban, emphasized the importance of establishing common user facilities as a way of increasing accessibility for Kenyans and the wider East African region."
19,"Government set to merge Uwezo, Youth, and Women Enterprise funds into Biashara Fund"
19,"The Government will merge the Uwezo Fund, Youth Fund, and Women Enterprise Fund into a single entity to streamline access to financing for small businesses.

The formation of the Biashara Fund will eliminate loopholes that have led to misuse, Cabinet Secretary for Co-operatives and MSMEs Wycliffe Oparanya has said."
19,Gov’t warns private hospitals sabotaging Taifa Care program
19,"Private hospitals that decline to offer outpatient services under the Taifa Care program risk having their operating licenses revoked. Outgoing Health Principal Secretary Harry Kimtai said the government will not hesitate to take stern action against such facilities, accusing them of jeopardizing the lives of Kenyans and sabotaging the national medical scheme.

Speaking in Embu Town during the handover of new digitization devices for the Taifa Care health program, Kimtai accused some private hospitals of deliberately denying outpatient services to pressure the government into settling outstanding medical claims owed to them under the defunct NHIF."
19,Government rolls out raft of new initiatives to counter online threats
19,"Principal Secretary (PS) for Broadcasting and Telecommunications Professor Edward Kisiang’ani emphasised the urgent need to tackle online threats, particularly those targeting children.

Kisiang’ani highlighted the significant risks the internet, despite its revolutionary nature, poses to children and society."
19,Informal settlements in Nakuru to undergo major infrastructure overhaul
19,"In the suburbs of Nakuru City, a quiet transformation is unfolding.

Four informal settlements, previously characterized by crime, poor sanitation, clogged drainage systems and dilapidated roads, are slowly but surely changing."
19,EPRA unveils draft regulations to boost Kenya’s biofuels sector
19,"The Energy and Petroleum Regulatory Authority (EPRA) has unveiled draft regulations aimed at streamlining Kenya’s growing biofuels industry.

This is in a bid to achieve the country’s goal of 100 per cent transition to clean energy by 2030."
19,Extension officers to support farmers with data tools
19,"Nakuru County farmers will have increased productivity as they have adopted a data-driven approach to modernizing agricultural practices.

The launch of Agrivuma technology bridges the gap between traditional farming methods and cutting-edge technology."
19,Engineering student innovates portable stalls for mobile vendors
19,"Starting a stall business requires careful planning, a strong understanding of the market, and a commitment to providing exceptional customer service.

Perhaps for this reason, a mechanical engineering student at Masinde Muliro University of Science and Technology (MMUST) has invented a unique collapsible structure that vendors can use to display their groceries."
19,Ogiek community pushes for recognition as custodians of culture and forests
19,"For centuries, the Ogiek people have lived in harmony with the Mau Forest Complex, drawing their food, medicine, and spiritual identity from its vast green canopy.

But for a community long excluded from official recognition, their annual cultural festival is more than a celebration; it is a statement of existence."
19,Heifer P4C program focuses on high impact value chain
19,"The government is developing a climate-smart livestock master plan to ensure provision of accurate data and information on livestock resources.

The plan will also provide available environmentally friendly investment options to guide the development of a sustainable livestock sector to attract more and better targeted investments."
19,Gilgil to get new Level-5 hospital as Government commits Sh700 million
19,"The Office of the President will support construction of a modern one-stop Level 5 Hospital at Gilgil Sub County at a cost of Sh500 million, with an additional Sh200 million set aside for equipping the facility.

This comes even as the government pledged to ensure quality and accessible health services for all Kenyans, with a key priority being advancing universal health coverage (UHC) to guarantee equitable access especially for vulnerable populations."
19,Government pushes forest recovery initiative following moratorium lift
19,"Following the lifting of the 2023 logging moratorium, the Kenya Forest Service (KFS) has stepped up efforts to rehabilitate forest cover in the Lower Eastern region.

The move is aimed at facilitating the recovery of depleted forests to ensure sustainable environmental management in the wake of climate change and related global dynamics."
19,Government reassures workers of non-interruption of SHA scheme
19,"The government has reassured civil servants of its commitment to their welfare amid claims that it has failed to remit funds for their medical schemes.

Public Service Cabinet Secretary (CS) Geofrey Ruku dismissed the allegations and emphasized that the government has already disbursed more than Sh4 billion to support medical schemes for public servants across the country."
19,Government reports major gains in revival of Sugar Mills
19,"By Robert Ojwang' (KNA)

The sugar industry has shown remarkable progress after four previously dormant mills resumed operations barely six months after their leasing in a bid to bolster the sector."
19,Gov't urges stronger university–industry partneship at KU fete
19,"The Government has renewed its push for closer collaboration between universities and industry to ensure graduates are equipped with relevant, market-driven skills, as Kenyatta University (KU) launched its 19th Annual Career Week.

Speaking at the opening ceremony on the university’s main campus, Principal Secretary (PS) for Industry Dr. Juma Mukhwana noted that stronger university–industry linkages are critical for aligning academic training with the realities of the labour market and the country’s industrialisation agenda."
19,Farmers to benefit as Government increases agricultural financing
19,"The Government has increased agricultural financing by Sh3.8 billion to sustainably support agri-food systems in the country.

Agriculture Principal Secretary Dr. Kipronoh Ronoh stated that the current fiscal allocation for the agriculture sector has risen to Sh77.7 billion, up from Sh73.9 billion in the previous fiscal year."
19,Germany funds Sh700m project to expand water access in Kisii County
19,"Residents of Kisii County are set to benefit from a Sh700 million water project that will involve the rehabilitation and expansion of the water supply network and construction of new water connections.

The project, which is funded by the German government through KfW Development Bank, is part of a larger program, aimed at improving water and sanitation services in the Lake Victoria region."
19,EACC launches integrity plan to strengthen anti-graft efforts
19,"The Ethics and Anti-Corruption Commission (EACC), in partnership with the Kenya Leadership Forum (KLIF), has launched the Kenya Integrity Plan (KIP) 2023-2028, a strategic blueprint aimed at tackling corruption and promoting transparency in governance.

Speaking during the launch, Attorney General (AG) Dorcas Oduor stated that the KIP launch aligns with the national and international commitments including the Constitution of Kenya, as a comprehensive framework that emphasizes prevention, detection, enforcement, and civic engagement in promoting integrity and ethics."
19,EBK to establish centers of excellence for training
19,"Engineers Board of Kenya (EBK) has mooted plans to establish two centres of excellence for training and innovation to build capacity of engineering practice in the country, EBK Chairman Eng Erastus Mwongera has said.

The centres, Kenya Academy of Engineering Technology and the Kenya School of Engineering, will offer training that will align the country’s engineering standards with global benchmarks."
19,ODPP steps up use of Tech in fight against major transnational crimes
19,"The Office of the Director of Public Prosecution (ODPP) is leveraging technology to improve its systems to combat terrorism, money transfer and money laundering.

The Director of Public Prosecution (DPP) Renson Ingonga has said transnational criminal organizations are increasingly relying on advanced technologies, emphasizing the growing role of technology to combat these global crimes."
19,JKUAT partners with KeNIA to commercialize intellectual property
19,"Jomo Kenyatta University of Agriculture and Technology (JKUAT) is collaborating with the Kenya National Innovation Agency (KeNIA) to commercialize intellectual property (IP).

At a meeting held at JKUAT, Dr. Tonny Omwansa, the Chief Executive Officer of KeNIA, stated that JKUAT is a significant contributor to Kenya's innovation landscape and expressed KeNIA's intention to support and expand the university’s activities as a leading institution in IP commercialization,” Dr Omwansa said."
19,"Judiciary, CA launch Local Area Network to ease court hearings"
19,"The Communications Authority of Kenya (CA), in collaboration with the Judiciary, has launched a Local Area Network (LAN) to connect the court system in Kenya.

The Sh250 million project connects 42 law courts across the country to enable faster, more secure, and efficient judicial services through enhanced digital infrastructure."
19,JKUAT students earn spot in global ICT competition in China
19,"Three students from Jomo Kenyatta University of Agri culture and Technology (JKUAT) will represent Kenya at the Global Huawei Information and Communication Technology (ICT) Competition.

The international contest, featuring the world’s top technology talents, will take place in Shenzhen, China, from May 18 to 25."
19,Lands Commission launches land verification exercise in Tana River
19,"The National Land Commission (NLC), under the Kenya Informal Settlements Improvement Project (KISIP2), is conducting a land verification exercise in Tana River County.

The exercise covers the Hola Mission, Chewani, Wachakome, Makaburini, Kibuyu, Mwangaza, Ghalla, Malindi ya Ngwena, Jua Kali, and Bora Imani settlements."
19,99 per cent of CBC classrooms complete in Central
19,"Ninety-nine per cent of Competency Based Curriculum (CBC) classrooms that had been earmarked for construction in the Central Region are now complete.

Central Region Education Director Sabina Aroni says the Government planned to construct 1,631 classrooms for Junior School learners in Nyeri, Kiambu, Murang’a, Kirinyaga and Nyandarua and out of the figure 1,600 have been completed."
19,West Pokot launches new model to transform small scale farming
19,"West Pokot County has stepped up efforts to modernize its agricultural sector, unveiling 140 agripreneurs in a bold push to strengthen agribusiness and boost food system resilience.

Agriculture Principal Secretary Dr. Paul Rono and his Public Works counterpart, Joel Arumonyang, flanked by Deputy Governor Robert Komolle, attended the launch event, which brought together national and county leaders, development partners, and local stakeholders."
19,"Kilifi County Government, in partnership with the World Bank, is implementing Sh2.58 billion water reticulation projects, according to Governor Gideon Mung’aro.

The Governor stated that his administration, with the support of the international lender, was undertaking significant water projects in Malindi, Kilifi, and Mtwapa towns in a bid to enhance water reticulation by installing new pipelines to replace old ones."
19,Public Service chief hails information officers for boosting citizen awareness
19,"Deputy Head of the Public Service (DHOPS) Amos Gathecha has commended Communication and Information Officers for their efforts in amplifying government messaging and enhancing the visibility of Ministries, Departments, and Agencies (MDAs), despite the evolving nature of communication styles and the shift away from traditional practices.

Speaking during a meeting with Government Spokesperson Dr. Isaac Mwaura at Harambee House, Mr. Gathecha underscored the critical role these officers play in courses that equip officers with modern communication skills to meet the demands of the dynamic digital landscape."
19,Top referral hospital launches specialized sickle cell facility
19,"Jaramogi Oginga Odinga Teaching and Referral Hospital (JOOTRH) has opened a Sickle Cell Disease (SCD) specialized facility in Kisumu City to respond to the high number of SCD cases in the Western Kenya region.

The facility, located at JOOTRH's Victoria Annex in Milimani, will provide specialized care in sickle cell disease, hematology, and related surgical interventions."
19,Turkana County to invest Sh13 million in plastic reuse center
19,"The county plans to invest KSh13 million in completing and operationalizing a plastic reuse center

The Turkana County Government plans to invest Sh13 million to complete and operationalize a plastic reuse center."
19,PS encourages manufacturing to spur economic growth
19,"The Principal Secretary (PS) for Industry, Dr. Juma Mukhwana, has urged Kenyans to embrace manufacturing as a way of growing the economy and bringing down the cost of living.

Dr. Mukhwana, who had officiated the opening of the Next Frontier Africa 2025 Summit, emphasized that Africa’s, and Kenya’s, path to industrialization is contingent upon the harnessing the continent’s vast market opportunities which scale up production for export."
19,4-K Clubs redefine the future of agricultural education
19,"Primary Schools 4-K Clubs redefining the future of agricultural education

Nestled within the rolling plains of Mbololo Ward on the outskirts of Voi town, a quiet revolution is taking root at Mkwachunyi Primary School."
19,"12,000 trainees enrol in dual TVET plan as industry partnerships grow"
19,"CHRIS MAHANDARA-KNA

At least 12,000 trainees across the country have already gone through the dual Technical and Vocational Education and Training (TVET) programme, signalling growing momentum in efforts to align technical education with industry needs."
19,"1,891 new housing units set for Kakamega under Phase 2 AHP"
19,"The Government has launched Phase II of the Affordable Housing Project (AHP) in Kakamega town, at an estimated cost of Sh5.4 billion.

Spearheaded by the State Department for Housing and Urban Development, the project aims to construct 1,891 housing units, following the completion of Phase One, which delivered 220 units at Milimani Estate in Lurambi Constituency."
19,"Authority constructs Sh90 million water pans to address water scarcity in Fafi, Garissa"
19,"SADIK HASSAN-KNA

The Coast Development Authority (CDA) has launched the construction of three water pans, valued at Sh90 million, to address persistent water scarcity in Fafi Constituency, Garissa County."
19,"Aggregation model helps farmers earn record prices for coffee, milk"
19,"The aggregation model deployed by cooperatives across the country has helped boost farmers’ incomes.

The model has enhanced the processing and value addition of agricultural products, enabling small-scale farmers to attain the required quantities and secure better market prices."
19,Boon for farmers as state distributes Sh1.5-billion milk coolers countrywide
19,"The Government has embarked on distributing milk coolers worth Sh1.5 billion in an effort to boost production and improve milk prices.

The Principal Secretary for Livestock Development, Jonathan Mueke, said that the 1,000, 2,000, 5,000, and 10,000-litre milk coolers, delivered through the government’s Livestock Value Chain Support Project (LVCSP), would be distributed across 41 milk-producing counties."
19,"The Government has launched a three-year initiative that aims to reduce incidents of sexual and gender-based violence (SGBV), following increasing cases of femicide in the country.

Prime Cabinet Secretary and Cabinet Secretary for Foreign and Diaspora Affairs, Musalia Mudavadi, says the ‘Safe Homes Safe Spaces’ Initiative is aimed at keeping SGBV survivors away from their alleged perpetrators."
19,Nairobi City County Implements Digital Payment Initiative: Chief Officer Wilson Gakuya Leads Efforts to Streamline Revenue Collection
19,"Nairobi, 3rd January 2024

Nairobi City County Chief Officer, Revenue Administration Wilson Gakuya (Centre), leads County Revenue officers to ensure customers are effectively served and able to pay for various County services at the Customer Service Centre, City Hall, Annex. Said Mr. Gakuya, “The Nairobi City County Government operates a NO CASH policy in revenue collection. Customers are advised to make their payments through the Nairobi City County Government Revenue collection accounts once they obtain their invoices. Customers may also pay using"
19,Boost to war on drugs as 18 new forensic analysts hired
19,"The war on narcotic drugs and psychotropic substances has received a major boost after more officers were deployed to support the Government Chemist in forensic analysis.

The 18 new officers were gazetted as designated analysts by Interior and National Administration Cabinet Secretary Hon Kipchumba Murkomen."
19,Bus and Matatu Service
19,How to get around
19,"A matatu (public minibuses/commuter buses) is typically used for travelling between Nairobi and the suburbs. They are the most common form of public transport and provide a cheap way of getting around Nairobi.

Matatus vary in size, between the van size 14 seater Matatus and the larger 50-seat buses. The matatu’s destination is imprinted along a yellow stripe on the side of the bus, and matatus plying specific routes have specific route numbers."
19,Commuter Rail Service
19,construction of TB clinic at Mama Lucy Hospital
19,"Construction of a comprehensive TB clinic at the Mama Lucy Hospital. Once complete, the new clinic will comprise of a laboratory, pharmacy, counselling rooms, consultation rooms among other facilities. The new clinic jointly funded by the Nairobi City County Gov’t and USAID (Afya Jijini) will help to ease congestion at the Mama Lucy Hospital, thus improve provision of healthcare services at the hospital.

General Inquiries"
19,Government rolls out real-time document verification to combat certificate forgery
19,"GALGALLO FAYO-PCO

The Ministry of Information, Communications and the Digital Economy (MICDE) is developing a digital platform that can be used to verify documents such as certificates in a real time to eliminate certificate and documents forgery in the country."
19,"Students tipped on protecting innovations, Intellectual Property"
19,"Tana Bridge Project ahead of schedule, says Regional Commissioner"
19,"The construction of the new Tana bridge which will serve as the gateway to the North-Eastern region is on course and will be completed by December this year.

According to North-Eastern Regional Commissioner John Otieno, the contractor has committed to complete the project within the 24 months’ timeline set in the contract timelines."
19,CA pushes for more public engagement in policy communication
19,"Communication Authority of Kenya has challenged government institutions to foster a digitally inclusive Kenya by connecting policy to the public.

The CA Director General (DG) David Mugonyi said Regulatory Authorities and Agencies (RAAs) must activate internal communication teams as this is critical in explaining government agenda and achievements to the citizens."
19,Call for youth to use digital skills to create jobs
19,Counties to get standardized project management committees under new guidelines
19,"The State Department for Devolution has issued guidelines to help the formation of project management committees (PCMs) to counties.

This comes with a rising need to customize and streamline standard operational procedures, to provide a platform for proper public engagement."
19,Nairobi City County Government Equips TVET Trainers With Competency Based Assessment Skills – Move Aimed at Elevating Vocational Education Standards.
19,"Nairobi, 1st, November 2024

Nairobi City County Government’s Early Childhood Development (ECD) and Vocational Training Sub Sector, in collaboration with the Technical and Vocational Education and Training Curriculum Development, Assessment, and Certification Council (TVET CDACC), successfully completed an impactful four-day Training of Trainers (TOT) program at the Dandora Greenlight Vocational Training Centre."
19,Call For Sponsors
19,1ST Health Scientific Conference
19,1ST Health Scientific Conference-Nairobi: Attending !
19,Call For Abstracts Final Day!
19,"Registration Open, 4 Weeks to go!"
19,Highlights of Nairobi’s 1st Health scientific Conference
19,Call For Abstracts 19 Days to Go!
19,Registration Open!
19,Tip #3: Find Good Discounts!
19,Public Notice- Declaration Of A Special Planning Area
19,World TB Day: Yes! We can End TB.
19,EACC signs MoU with the National Youth Council to deepen partnership
19,"The Ethics and Corruption Commission (EACC) has signed a Memorandum of Understanding (MOU) with the National Youth Council to deepen its collaboration and partnership in the fight against corruption and promotion of good governance in the country.

Speaking during a ceremony, the EACC Chairman, Bishop David Oginde, described the partnership as strategic and a very critical step in the fight against corruption in the country."
19,"Kenya, Hungary strengthen bilateral relations to spur economic growth"
19,"Kenya and Hungary have emphasized the importance of establishing a structured setting to enhance bilateral trade and economic ties between the two countries.

During the second Joint Economic and Technical Committee in Nairobi, representatives from both countries explored areas of cooperation including water management and irrigation, agricultural value addition, energy, trade and investment, high technology, and healthcare."
19,Nandi’s ‘Kahawa na Mama’ initiative revives coffee Sector and empowers women
19,"The Nandi region is revatilizing the coffee sector through an ambitious grassroot programme, dubbed ‘Kahawa na Mama’.

The transformative initiative empowers rural women to become financially independent. Anchored on four transformative pillars: women’s economic empowerment, agricultural revival, grassroots self-reliance, and environmental sustainability, the initiative has changed the lives of thousands of women across the county."
19,WRTI kicks off Second Phase of wildlife census in Northern Kenya
19,"The Wildlife Research and Training Institute (WRTI) has kicked off the second phase of the National Wildlife Census in Northern Kenya, aimed at assessing wildlife population trends in the region, amid persistent climate-induced challenges.

Speaking during the exercise at the Kenya Wildlife Service (KWS) offices in Wajir, WRTI Director Dr. Patrick Omondi, said the census will provide up-to-date data to inform conservation strategies, particularly in the northern region, known for hosting most Kenya’s reticulated giraffes."
19,NYOTA project reopens on-job experience window to more vulnerable Kenyan youth
19,"The Government has reopened the application window for the NYOTA Programme’s On-the-Job Experience (OJE) component in a renewed push to expand skills training and employment opportunities for vulnerable young Kenyans, Principal Secretary for Youth Affairs and Creative Economy Fikirini Jacobs has said.

Speaking during a media briefing at Talanta Plaza, Jacobs said the reopening targets young people who missed the initial intake under the multi-billion-shilling NYOTA Project, which aims to empower 820,000 youth nationwide at an estimated total cost of Sh20 billion."
19,Narok disabled man’s farming success story
19,"Mukare Mpusia, 43, is abled differently. He was born with a physical disability that compromised his ability to engage in casual labour.

Born in Narosura, Narok, where disability is often viewed as a curse, Mpusia’s parents hid him at an early age, denying him a chance to go to school."
19,Empowering Boda Boda riders to save lives
19,"Nairobi 20th August, 2025

Nairobi City County, the Kenya Medical Training College (KMTC), and the National Transport and Safety Authority have launched a joint initiative to train 1,200 Boda Boda riders in basic life support and road safety. The training program will be rolled out in three KMTC campuses ( Nairobi, Mathari and Karen) over a one month period, with four weekly cohorts each consisting of 100 participants per campus."
19,Official Emergency Numbers
19,NAIROBI ASK LEADERSHIP TEAM PAYS A COURTESY CALL TO GOVERNOR SAKAJA AT CITY HALL
19,Nairobi City County Staff Marks World Clean-up day
19,Creative economy set for growth as Government pledges increased investment
19,"The Government is implementing policies and programs to support the creative and cultural industries, including strengthening copyright laws and ensuring artists receive fair compensation for their work.

Pledging increased in vestments in the sector, Principal Secretary (PS) of the State Department for Culture, Arts, and Heritage, Ms. Ummi Bashir, said the government is championing the passing of legislative policies that will benefit players in the arts industry."
18,Money Banking
18,"Global real GDP growth slowed to 3.4 percent in 2022, down from 6.0 percent in 2021. The reduced growth was caused by post-COVID-19 tightening of monetary policy in most countries among other factors increased oil and food costs."
18,2025 Remittances Household Survey Report
18,2026 ILFS Questionnaire
18,2026 INTEGRATED SURVEY OF SERVICES (ISS) AND TRANSPORTATION AND STORAGE SURVEY (TSS) QUESTIONNAIRE
18,2025 National Census for Street Families Report
18,2026 Economic Survey
18,Report Corruption or Crime
18,The Nairobi City County is charged with the responsibility of providing a variety of services to residents within its area of jurisdiction. These include the services that were hitherto provided by the defunct City Council and the ones that have been transferred from the national government.
18,Contact Details
18,Removal of Excise Duty on Bottled Water
18,"Tutorials

Online Services"
18,Learn about KRA PIN
18,Get the Right Figure
18,Learn about Kenyans Living Abroad
18,Learn About Alternative Dispute Resolution (ADR)
18,Learn About eTIMS
18,Investing in Kenya
18,5G infrastructure to power seamless AFCON 2027 broadcasts
18,Nairobi County Awards Laptops To Youth Graduates In Digital Literacy Programme
18,Notice for Public Participation On The Proposed Nairobi city Boroughs Administration and Coordination Policy
18,Current Retail Selling Price (CRSP) for Used Motor Vehicles
18,"The Kenya Revenue Authority (KRA) wishes to inform the public that, effective 1st July, 2025, a new Current Retail Selling Price (CRSP) schedule will be applied in the computation of customs value for used motor vehicles imported into the country. This follows an extensive stakeholder engagement with stakeholders to ensure that the new CRSP factors in their feedback.

The updated CRSP list has been published on the KRA website. Importers and other stakeholders are therefore encouraged to visit the page and familiarize themselves with the new list and acquaint themselves with the changes."
18,KRA Closes Down Illegal Water Manufacturing Plant in Embakasi
18,"The Kenya Revenue Authority (KRA) has shut down and seized more than 1,000 pieces of bottled water and a pickup truck at an illegal water manufacturing plant in Embakasi, Nairobi.

The plant which is located in a residential area within Embakasi was sealed off for manufacturing water without an excise licence contrary to section 15 of the Excise Duty Act 2015. The operations of the plant registered under Diamond Crystals Enterprises were also in contravention of Section 38 of the Excise Duty Act 2017 as read with Regulation 30 of Legal Notice 53 of 2017."
18,KRA's investment in technology recognised at CIO100 Symposium and Awards
18,"The Kenya Revenue Authority (KRA) has bagged a prestigious award during the recently concluded CIO100 annual symposium and awards fete held in Naivasha. During the fete, KRA achieved a Silver Mark from the organisers, CIO East Africa, in recognition of excellence in enterprise information technology adoption. KRA?s customer relationship management (CRM) solution was the entry point to the competition. The objective of the competition was to celebrate 100 organisations that are leveraging information technology to deliver business value either by improving relationships with customers or digitally transforming the business. CRM is one of the modern technologies that KRA has invested in and that have revolutionised the organisation?s delivery of its mandate through enhanced efficiency. Implementation of CRM has substantively improved KRA?s processes by providing a platform through which enquiries, service requests, complaints and compliments can be lodged and tracked from the point of entry into the system to closure. It also provides an end-to-end issue resolution and escalation framework. The customer satisfaction index has significantly improved by 6.9 points from 65 per cent to 71.9 per cent. The utilization of this solution has contributed 49 per cent of this improvement. The platform has further enabled KRA to integrate the various channels of communication on which taxpayers engage the organisation. This integration has allowed KRA to get a single view of the taxpayers? queries and keeping a record or history of the interactions to ensure service excellence. CRM solution has been very instrumental for KRA especially during crucial due dates such the annual filing season when there is immense virtual traffic of taxpayers seeking assistance and clarification on matters returns filing through various channels of communication. Investment in technology is KRA?s strategic approach to enhancing service delivery in the wake of dynamism in customer needs, tastes and preferences."
18,KRA Commissioner General Remains in Service
18,"4th March, 2019

The Kenya Revenue Authority (KRA) Board clarifies that the Commissioner General Mr. John Njiraini is still serving his term in light of misleading information circulated on social media platforms alluding to Commissioner General’s exit."
18,KRA has not abolished filing of tax returns as reported
18,"25th February, 2019

The attention of the Kenya Revenue Authority (KRA) has been drawn to a misleading story published online by Kenyans.co.ketitled “KRA Abolishes Keying in of PAYE Tax Returns”. The author grossly takes out of context the communication by KRA issued last week with regards to the enhanced function on iTax which allows taxpayers with employment income as the only source of income to file their tax returns using the auto populated function."
18,"Commissioner, Domestic Taxes Department"
18,"The due date for Turnover Tax (TOT) is Thursday 20th February, 2020."
18,"PRESS RELEASE 19/02/2020

Did you find this content useful?"
18,"PRESS RELEASE 11/03/2020

Did you find this content useful?"
18,New PAYE rates apply to all benefits and emoluments earned in April
18,"As the deadline for filing of April Pay as You Earn (PAYE) returns nears, the Kenya Revenue Authority (KRA) would like to remind all employers that the new PAYE rates shall apply as stipulated in the Tax Laws (Amendment) Act 2020 which took effect on 25th April, 2020.

KRA notes that there has been misinterpretation of facts on the application of the new rates by a section of the public. Despite the Income Tax provisions contained in the Tax Laws (Amendment) Act 2020 coming into effect on 25th April, 2020, KRA wishes to clarify that the new PAYE rates apply to all benefits and emoluments earned from the first day of April 2020."
18,ANNUAL REVENUE PERFORMANCE FY 2019/2020
18,"Introduction

In spite of the difficult operating economic environment brought about by COVID-19 pandemic, the revenue collection in FY 2019/20 (July 2019 - June 2020) reached a new record with Kshs. 1.607 Trillion collected, compared to Kshs. 1.580 Trillion collected in FY 2018/19. This represents a performance rate of 97.9% and revenue growth of 1.7% compared to last Financial Year. The performance is favourable and matches the prevailing economic indicators, especially the projected GDP growth of between 1.5% and 2.3% in 2020."
18,KRA to collect Kshs. 25 Million tax from an industrial chemicals company
18,"The High Court in Nairobi has allowed Kenya Revenue Authority (KRA) to collect KShs. 25 million tax from a company dealing with imports and wholesale of industrial chemicals.

Justice David Majanja sitting at the Milimani Law Court’s Commercial and Tax Division, dismissed an application by Manuchar Kenya Limited seeking an extension to file an appeal disputing the amount of taxes demanded by KRA."
18,"Tax transactions, compliance made easier via Mobile App"
18,"PRESS RELEASE 10/09/2020

Did you find this content useful?"
18,Brookhouse Schools Limited to pay KRA Kshs.140 million after High Court ruling
18,Nairobi contractor to pay Kshs. 259 million taxes as suit is dismissed
18,"A Nairobi based Construction firm, Jipsy Civil and Building Contractors Limited is set to pay the Kenya Revenue Authority (KRA) KShs. 259,319,773 of Value Added Tax (VAT). This is after Tax Appeal Tribunal dismissed an appeal that the company had filed to contest among others the liability for the VAT amount.

One of the issues for determination before the tribunal was the validity of the appeal itself. KRA’s case was that the Company failed to claim input VAT within timeline of six months prescribed in the VAT Act. Further, the Company had declared its returns but never paid the declared taxes either when objecting or when filing the appeal. The law requires that before filing a tax appeal, a person should pay the admitted taxes. Jipsy Civil and Building Contractors Limited failed to give explanations on the issue of invalidity of its appeal having not paid the admitted taxes nor did it seek to validate the same at any point by making payment of the self-assessed taxes."
18,Commissioner of Legal Services & Board Coordination
18,High Court declines Kshs. 180 Million tax refund claim for three pharmaceutical companies
18,"The High Court has upheld the Kenya Revenue Authority’s decision to reject VAT refund claims by three pharmaceutical companies amounting to KShs.180 million.

The pharmaceutical companies; Universal Corporation Limited, Elys Chemical Limited and Dawa Limited filed a Petition in the High Court seeking to declare a section of the Finance Act, 2015 unconstitutional for its retrospective provisions. They claimed that the amendments brought through the Finance Act 2015 had infringed on their rights as it had zero-rated medicaments, which were previously exempt."
18,KRA intercepts liquor with fake excise stamps worth KShs. 3.4 million tax
18,"The Kenya Revenue Authority (KRA) officers have intercepted 1,915 cartons (38,200 bottles) of Star Vodka affixed with counterfeit excise stamps worth KShs. 3,447,550 in taxes. The consignment was intercepted on Saturday, 2nd October 2021 along the Eastern Bypass Nairobi County.

The interception happened after KRA officers received intelligence report on a lorry ferrying 1050 cartons (21,000 bottles) of Star Vodka 250ml affixed with counterfeit excise stamps and another consignment of 860 cartons (17,200 bottles) of star vodka 250ml also affixed with counterfeit stamps in their factory in Thiha Industrial park in Eastern bypass awaiting delivery to a client."
18,KRA petitions the Supreme Court for leave to challenge a court of appeal decision against Coca-Cola on its merits
18,"The Kenya Revenue Authority (KRA) has petitioned the Supreme Court of Kenya seeking to challenge on its merits the Court of Appeal decision that favoured Coca-Cola bottlers in a tax dispute.

In a judgement dated 19th July 2019, the Court of Appeal over turned the Judgment of the High Court, in Constitutional & Human Rights Petition judgement delivered on 26th October 2012, where the High Court had held in favour of KRA and found that KRA had acted within the law in demanding payment of Excise Duty on returnable containers and that there was no breach of any Constitutional rights of taxpayer."
18,KRA Pledges to Support Taxpayers to Comply with Electronic Tax Invoicing Requirements
18,"In a move aimed at modernizing tax systems and fostering seamless compliance, the Tax Procedures Act was amended to require the use of electronic tax invoices by all taxpayers including those who are not VAT-registered. Effective 1st September 2023, every person in business is required to issue, transmit Electronic Tax Invoices (ETI) and maintain a record of stocks through an electronic management system prescribed by the Commissioner (eTIMS).

Further, effective 1st January 2024, all taxpayers will be expected to support expenses claimed in their tax returns with electronic tax invoices that have been generated and transmitted to KRA’s system."
18,KRA Enhances eTIMS System to Improve Taxpayer Experience
18,"In an effort to improve the taxpayer experience and simplify taxpayer services, the Kenya Revenue Authority (KRA) has upgraded the Electronic Tax Invoice Management System (eTIMS) platform. The improvements made on eTIMS aim to simplify the onboarding process, increase system flexibility, enhance efficiency, optimize performance and provide taxpayers with a more streamlined user-friendly experience.

The system upgrade allows for self-onboarding by eliminating the requirement for eTIMS approval of taxpayer applications by KRA. This means that taxpayers can now apply for any of the available eTIMS solutions without requiring intervention from KRA. The taxpayer will receive a text message confirming the application as being successful."
18,Reminder on Implementation of Electronic Tax Invoicing for Fuel Stations.
18,"Kenya Revenue Authority (KRA) reminds all petroleum product retailers of their obligation to implement the eTIMS Fuel Station System across their retail outlets. The compliance deadline for this requirement was 30th June, 2025.

The eTIMS Fuel Station System is a tailored solution for the fuel sector, enabling seamless, real-time invoicing for every transaction. It integrates with KRA through a forecourt controller and existing point-of-sale systems, ensuring accuracy and efficiency in tax reporting."
18,"Excise Stamps on Bottled Water, Juices, Soda, other Non-Alcoholic Beverages and Cosmetics"
18,"Kenya Revenue Authority wishes to inform manufacturers, importers and the public that the Go-Live of Excisable Goods Management System on bottled water, juices, soda, energy drinks and other non-alcoholic beverages, and cosmetics that was scheduled for 1st September, 2019 has been postponed to allow manufacturers to complete installation . A new Go-Live date will be communicated in due course.

Should you need any further clarification, please contact us on Email: stakeholder.engagement@kra.go.ke; callcentre@kra.go.ke or please call our contact center on Tel: (0) 20 4 999 999; 0711 099 999"
18,"PUBLIC NOTICES 14/09/2019

Address"
18,Land Rent
18,"Kenya Revenue Authority and Ministry of Lands & Physical Planning notifies all leasehold owners about the obligation to pay land rent annually as require under Sect 28 of the Lands Act.

KRA has observed that most leasehold owners only pay land rent on transfer or charge of their property. In this regard, leasehold owners are notified to pay all land rent arrears including interest accrued as prescribed under the Lands Act 2012."
18,High Risk Tax Debtors
18,"Kenya Revenue Authority (KRA) has classified a number of taxpayers as High Risk Debtors owing to their persistent failure to meet their tax obligations despite having agreed payment plans with the Authority. Whereas these taxpayers remain in active business, they continue to default.

To mitigate this risk, KRA has come up with a different approach of compliance management to such debtors. The new approach is intended to safeguard tax revenue and ensure that everyone pays their fair share of taxes. The specific debtors classified under this category will be notified individually."
18,Public Participation Forums for Proposed Tax Regulations
18,Payment of Stamp Duty & Capital Gains Tax
18,"PUBLIC NOTICES 23/03/2020

Address"
18,"Kenya Revenue Authority (KRA) reminds all taxpayers that the tax returns for the year of Income 2019 are due for filing from 1st January,2020 to 30th June,2020.

Taxpayers are advised to observe timelines and accurate declarations in their returns besides making full payments of any taxes due."
18,VAT Fraud
18,"The Kenya Revenue Authority reminds all registered taxpayers that it is a requirement under the law to make full and accurate disclosures of all taxable transactions. KRA has recently noted an emerging trend where VAT registered taxpayers are reducing their tax liability through falsified input VAT claims which contravenes the VAT Act, 2013 and the Tax Procedures Act.

Registered VAT taxpayers are reminded that falsified return declarations is a criminal offence and shall not be tolerated. To address this, KRA has put structures in place to mitigate and investigate the following VAT fraud incidences:"
18,"PUBLIC NOTICES 17/06/2020

Address"
18,"Renewal of Licences for Bonded Warehouses, Manufacture under Bond (MUB) and Transit Godowns"
18,Updated Resident Corporation Tax Return
18,"PUBLIC NOTICES 01/06/2021

Address"
18,Closure of the Railways Service Centre
18,"Kenya Revenue Authority would like to notify the public of the closure of Railways Service Centre effective Tuesday, 22nd December 2020. Members of the public can access services from the following offices:

1.Times Towers: Haile Selassie Avenue (Banking Hall Wing, Ground Floor)"
18,NON-COMPLIANT MOTOR VEHICLES
18,"Kenya Revenue Authority (KRA) wishes to notify the public of the increased number of Motor vehicles operating without payment of duty and the use of trucks/Motor vehicles to transport prohibited goods, uncustomed goods and excisable goods affixed with counterfeit stamps or no excise stamps affixed on them.

Motor vehicles for which duty has not been paid:"
18,"PUBLIC NOTICES 26/05/2021

Address"
18,Notice on Roll out of Facilitative Authorized Economic Operator Program
18,"This is to notify all cargo clearance stakeholders that Kenya Revenue Authority (KRA) has successfully rolled out a Facilitative Authorized Economic Operator initiative to fast-track customs clearance of low risk direct exports of Tea, Flowers, Soda ash, Coffee, Spices, Herbs and Avocados. The objective of this initiative is to reduce the time and cost associated with documentary and border compliance.

The exporters of the above seven (7) listed direct exports are advised to engage the services of Authorized Economic Operator Clearing Agents in order to enjoy these benefits."
18,Grant of 100% Relief of Penalties and Interest under the Voluntary Tax Disclosure Programme
18,Validation of Import Declarations in the VAT Return
18,"Kenya Revenue Authority would like to inform the public and taxpayers of the changes on deduction of input tax on imports.

Section 17 of the VAT Act, 2013 provides for deduction of input tax on importation made by a registered person. The deduction shall be allowed from the tax payable on supplies made by the person, within six months after the end of the tax period in which the importation occurred but only to the extent that the importation was acquired to make taxable supplies."
18,Notice on Roll Out of Containerised Cargo Clearance in Intergrated Customs Management System
18,"This is to notify all cargo clearance stakeholders that, Kenya Revenue Authority (KRA) has successfully piloted all Customs module on the intergrated Customs Management System (ICMS). ICMS eliminates redundant processes, re engineers customs processes, automates manual processes and thereby reduces the time and cost of doing business. In this regard, DPC will no longer process any entries lodged on Simba other than petroleum products, ex-warehouse and CKD motor cycles entries as from 6th may, 2022.

Incase of any difficulties with ICMS system, kindly contact ICMS team on icmssupport@kra.go.ke"
18,"Kenya Revenue Authority wishes to clarify to the public and all VAT registered taxpayers that the Value Added Tax (Digital Marketplace Supply) Regulations, 2020 exempts registered non-resident suppliers of digital services from issuing electronic tax invoices as required under the Value Added Tax (Electronic Tax Invoice) Regulations, 2020.

However, the non-resident suppliers of digital services are required to issue invoices or receipts showing the value of the supply and the tax charged."
18,New Applications & Renewals For Customs Agents Licences 2024
18,"Kenya Revenue Authority (KRA) wishes to inform Customs Agents that their licenses will expire on 31st December, 2023 with the exception of the 3-year Authorised Economic Operators (AEO) licences.

Provisions relating to the licensing of Customs agents are contained in Section 145 of the East African Community Customs Management Act, 2004 and Regulations 149-152 of the East Africa Community Customs Management Regulations, 2010."
18,Reminder on Simplification of the VAT Return Filing
18,"Kenya Revenue Authority (KRA) wishes to remind all VAT registered taxpayers that the VAT return will be pre-filled with tax information available to KRA with effect from the January 2024 tax period, to simplify the VAT return filing process and improve taxpayers’ experience.

Any input VAT claim that is not validated through TIMS/eTIMS or against existing customs import declarations for import VAT claims will not be allowed. In this regard, we remind all taxpayers of their obligation to issue electronic tax invoices and transmit the invoice details to KRA as prescribed in law. The validity of electronic tax invoices can be confirmed by scanning the QR code or by entering the control unit invoice number in the invoice checker on the iTax Portal log-in page."
18,Roll Out of Independent Review of Objections (IRO) & Technical Review Unit (TRU) on Customs Matters
18,"In line with Gazette Notice No.1036 under the Kenya Gazette Vol. CXXI No.14 published on 1st February 2019, the Commissioner General pursuant to Section 11 of KRA Act, CAP 469 delegated the mechanism of Dispute Resolution relating to Customs disputes/reviews of applications provided under Section 229 and 230 of the East African Community Customs Management Act (EACCMA), 2004 to the Commissioner responsible for Tax Dispute Resolution.

Through these Sections, the Act seeks to advance fairness and efficiency in Customs processes by allowing for the appeal and review of decisions made by the Commissioner of Customs by an independent unit to ensure an arm’s length and the best practice in managing disputes."
18,WHY ALL THE DRAMA? CHOOSE ADR
18,"We have all heard stories about a business transaction gone wrong, a seller who did not provide goods as expected, two parties interpreting contract terms differently, or a client who has unreasonable expectations from your services. These are not just obstacles faces while running their business. These disagreements can sometimes escalate into something more serious and you could risk losing everything you have worked so hard to accomplish.

While some people hate litigation and try to avoid it as much as possible, others see it as a tool to obtain leverage. The spectrum for threatening a lawsuit can range from honestly believing one has been wronged, to intimidation tactics. A story is told of John, a tycoon, who had many properties but never considered giving to Caesar what belonged to Caesar. He struggled with long hours of court hearings and legal jargon which he barely understood. He was stressed as the case took much longer than he expected. It was clear that he was losing the battle and eventually, the court ruled in favour of the Authority. He was left with a lot to pay; the cost of the suit, lawyers’ fees and the amount evaded plus interest. He became bankrupt and looked like a foreigner in his own country."
18,"Voluntary Disclosure Programme will Enhance Compliance, Build Trust amongst Taxpayers"
18,"Recently as I was traveling to the village, I sat next to a gentleman and decided to start a small talk. After all, it was a long journey and I was not sleepy. “This Corona pandemic has really hit us badly,” I started. Fortunately, the gentleman responded in a friendly manner and we went on to chat for hours. We talked about the government, politics, economy and taxes, among other things.

“I’m very afraid of KRA,” the gentleman stated as soon as we started discussing taxes. “Why?” I asked, and he went on to narrate how he had neither been making declarations of his income nor paying taxes. As a result, he had incurred huge penalties and interests. He was very scared of visiting any KRA office due to fear of prosecution, since tax evasion is a crime."
18,KRA partners with global jurisdictions to avert cross-border tax crimes
18,"KRA has now acquired the ability to exchange tax information with 130 jurisdictions globally following ratification of the Mutual Administrative Assistance in Tax Matters (MAC). Kenya’s Ambassador to France, Prof. Judi Wakhungu (EGH), recently presented the instrument for depositing at the Organisation for Economic Cooperation and Development (OECD) headquarters in Paris, France.

This convention will go a long way in enabling KRA to fight against cross-border tax evasion and avoidance schemes. The pact is aimed at providing administrative assistance to various agencies in tax matters. This is implemented by promoting international cooperation on exchange of information between the jurisdictions to enable them combat international tax crimes while respecting the fundamental rights of taxpayers."
18,The KRA Green Channel Enhances the Ease of Doing Business
18,"At the Kenya Revenue Authority (KRA), trade facilitation is one of the key mandates of Customs and Border Control that enhances regional trade. Trade facilitation is key in enhancing revenue mobilization.

In order to enhance trade facilitation, KRA has rolled out a faster and efficient cargo clearance process called “Green Channel”. The Green Channel system is based on classification of goods into either low risk or high risk for purposes of hastening their clearance processes without routine and physical examination."
18,Digital Service Tax an Indicator of Changing Business Processes in Kenya
18,"Kenya has seen tremendous growth in ICT in the last few years. With the rising levels of internet penetration, the country has seen a rise in electronic commerce. In the wise words of Albert Einsten “it has become appallingly obvious that our technology has exceeded our humanity”. Most companies and individuals have opted to choose a different path of online transaction. For instance, there has been steady increase of consumer retail purchases from companies such as Jumia Kenya, Kilimall Kenya, Masoko and other international companies such as E-bay and Amazon.

In addition, Mobile Money in Kenya has redefined the way businesses operate. In fact, the growth in mobile money transfer services has been exponential. The taxation of the sector is not in harmony with this growth. The new modes of businesses have poised taxation challenges not only in Kenya, but internationally as well. Like most of the jurisdictions, there is a need to cap tax avoidance so as to widen the tax base and generate more revenue for sustainability. It is in this regard that Kenya Revenue Authority saw a need to tax the digital market. The tax simply implies that any income derived in Kenya through transactions across a digital market place shall be subject to tax. A digital marketplace is a platform enabling direct interaction between buyers and sellers of goods and services via electronic means."
18,Taxation of Not-for Profit Organisations
18,"Not-for-Profit Organisations (NPOs) are organisations that do not operate for profit or personal gain.

NPOs are mostly established for purposes of charitable activities or research in the areas such as health, relief, agriculture, education, and the provision of social amenities and services. They must be registered with the relevant body for them to operate in Kenya."
18,Quality Seed A Basis for Sustainable Agriculture
18,KEPHIS Seed Quality Conference
18,"A good quality of seed is an important basis for sustainable agriculture. That was the message at the first international Seed Quality Conference, organized by Kenya Plant Health Inspectorate Service (KEPHIS) recently in Nairobi, Kenya.

KEPHIS is mandated to provide quality assurance in seed production in Kenya and imported seeds, in addition to other regulatory mandates in agriculture, reports the Dutch LVVN ministry in this article. Seed is one the most important inputs that contributes to high yield in any crop production system. In this regard KEPHIS created a platform for dissemination and sharing of information relating to seed matters in the country and beyond during the Seed Quality Conference."
18,It’s Better to File Your Annual Tax Returns Now
18,"Ask any Kenyan you meet on the street what they think of the last two years and the response is likely to be the same; “tunavumilia”.

The last two years have been quite the roller-coaster, not just for Kenya, but the entire world. Some have lost jobs, their source of livelihood, others loved ones and not to mention the COVID 19 pandemic which has taken a toll on our health systems and derailed the growth of the Kenyan economy."
18,THE ROLE OF KRA AT THE BORDER.
18,"The One Stop Border Post (OSBP) brings together under one roof, all the Government agencies performing border crossing controls procedures, Kenya Revenue Authority (KRA) is among the Border Agencies in the Kenyan Border playing a key role in facilitating trade by easing movement of people and goods across the border. In addition, Kenya Revenue Authority is fully in charge of all border control functions through enhanced technology where all goods entering and leaving the country’s border are monitored.

Enhancing cross border trade is at the core of the East African Community’s mandate of widening cooperation among partner states for their mutual benefits. Enhancement of cross border is by influencing the position of EAC in the world market with a view of attaining international trade competitiveness."
18,Upscaling potato production: more local for local
18,PSA has been supporting the efforts of the Kenyan and Dutch governments in streamlining Kenya’s potato policy framework for many years. Last December PSA hosted visitors from KEPHIS and from the Dutch Ministry of Agriculture. During this meeting we explained our current role in the Kenyan potato value chain.
18,"Markies, a hidden force inside heroes crisps"
18,Markies has already become the number one for potato chips in Kenya. Simultaneously Markies is also increasingly demanded by Kenya’s crisping industry. A good example is Norda Industries who favors our Markies variety for their potato crisps.
18,Norda industries favors Markies for potato crisps
18,AgricoPSA filling temporary gaps between potato demand and supply
18,High volume: year round & high supply of Markies potato
18,"Naturally with a growing market demand, the risk of gaps between market demand and supply is always present. Simplifine is no exception to this business rule: it has to secure a stable flow of Markies potatoes from farmers into their processing facility. Yet the risk of gaps between Simplifine’s demand and the supply from farmers remains. In order to avoid possible shortages in their production, AgricoPSA decided to fill such (temporary) gaps between demand and farmers’ supply of Markies. From time to time you can expect more images on our Facebook page from our team in action. By doing so, we continue to support the healthy development of the Kenyan potato market, which is beneficial for the Kenya’s society and economy.

And we also make sure Kenyan consumers will always enjoy tasty Kenyan chips at KFC’s!"
18,See it. Report it
18,"What is Whistleblowing

Whistleblowing is an avenue created by law or policy to raise concerns about the affairs of an organization without fear of retaliation. In most cases a whistleblower discloses information to the public or some higher authority about any wrongdoing, which could be in the form of fraud, corruption or something else."
18,40–50: The Endgame Approaches
18,"By your 40s, the board is crowded with pieces you’ve moved — and a few you wish you hadn’t. You’ve taken hits and learned to stand back up without ceremony. You no longer waste as much time proving yourself; you’re busy shaping the life you actually want to live.

And one day, the door you prayed for years ago opens — the call to serve the taxpayer directly, aligning with KRA’s vision “to be a globally trusted revenue agency, facilitating tax and customs compliance”. You find yourself living the values you once only read about: integrity, professionalism, equity, and trust. It’s more than a job — it’s the merging of your skill with your sense of civic duty."
18,Media Centre
18,"SPEECHES 19/10/2021

SPEECH BY COMMISSIONER GENERAL KENYA REVENUE AUTHORITY DURING THE CLOSING CEREMONY OF THE 7TH ANNUAL TAX SUMMIT"
18,PSs Monthly Consultative Meeting on Government Coordination and Service Delivery
18,CS Ruku Orders Public Institutions to Adopt Tamper-Proof HR System in Crackdown on Payroll Fraud
18,"Consultative Meeting on the Implementation of WIBA, GPA and Last Expense Held at Harambee House"
18,Cabinet Secretary acknowledges NYS as one of the key drivers of Government's Bottom Up Economic Transformation Agenda
18,Shortlisted Candidates for the Position of Chairperson and One(1) member NGEC
18,"Hon J.B. Muturi's inaugural Visit at NYS Headquarters, Nairobi"
18,State disburses Sh3b for youth enterprises under NYOTA
18,Pastoralist communities receive Sh655m in carbon credit earnings
18,Nyeri entrepreneur turns 100 hectares into animal feed hub
18,CS highlights engineers’ role in driving innovation and job creation
18,"Kakamega recruits 4,200 Community Health Promoters for enhanced primary care"
18,Dairy farmers receive timely October payments as New KCC reforms take effect
18,"President’s AwardKenya celebrates milestone with 2,000 new gold level achievers"
18,Public Notice – Disposal of Alcoholic Drinks
18,"Click the links below for the Alcoholic Drinks and related exhibits Schedule

General Inquiries"
18,Public Notice-Renewal of Unified Business Permits
18,Kenyan cadets to benefit from international sea time training agreements
18,Kenya advancing policies for optimal deployment of artificial intelligence
18,"Kenyans to Settle in Affordable Housing before end of year, Govt Spokesman says"
18,Government validates performance contracts to bolster service delivery
18,Nakuru schools picked for energy-efficient lighting pilot program
18,Youth urged to align skills with market demand
18,Ronald Ngala Utalii College set for completion after 14-year time lag
18,"Policy reforms needed to support Kenya’s rapid ICT growth, says CA boss"
18,"WHO allocates 899,000 MPOX vaccine doses to affected nations"
18,"State to construct 2,600 labs in secondary schools in 2025"
18,Mosoriot set for major upgrade as county launches multimillion-shilling projects
18,"Ministry hastens up digital shift with 19,000 services now online"
18,PWD’s in Nyamira receive assistive devices from donor
18,Uasin Gishu slums set for Sh1.3 Billion upgrade under KISIP II project
18,Five Kakamega slums to benefit from Sh268m infrastructure upgrade
18,Government’s tax reforms to promote economic growth without burdening citizens
18,Kenya-Malaysia inaugural flight commences
18,Government moves to resolve Pare community statelessness in Taveta
18,Nandi woman builds successful grain supply business across counties
18,Archaeologists uncover 500-year old shipwreck off Ngomeni coast
18,DR. IMBUNYA JOINS HEAD OF PUBLIC SERVICE FOR LAUNCH OF SRC STRATEGIC PLAN 2025/26–2029/30
18,"Today, the Principal Secretary for Public Service and Human Capital Development, Dr. Jane Kere Imbunya, joined the Chief of Staff and Head of Public Service, Mr. Felix Koskei, for the official launch of the Salaries and Remuneration Commission (SRC) Strategic Plan 2025/26–2029/30, held at the Kenyatta International Convention Centre (KICC), Nairobi.

In her remarks, Dr. Imbunya commended the SRC for the notable milestones achieved during the five months she has been in office, citing among them the recent salary adjustments for the uniformed services. She underscored the importance of ensuring that the Commission’s programmes and interventions remain impactful, measurable, and time-bound, to foster sustainable management of the national wage bill and promote equity in public sector remuneration."
18,"Kenya hosts historic mining investment conference, set to boost sector visibility"
18,Digital platform to power irrigation
18,"Education CS Ogamba showcases CBC funding, infrastructure milestones at stakeholders forum"
18,"Kenya shifts land ownership policy, foreigners to receive leasehold titles"
18,State procures 7.2m bags of fertilizer ahead of long rains
18,Multi-million Thwake Dam brings life and opportunity to Lower Eastern Kenya
18,"Regulatory reforms to smoothen film industry licensing, says Film Classification Board chief"
18,Government initiates performance evaluation for ministries in current financial year
18,State Department unveils 10-dam plan in major irrigation expansion
18,"Ship maker revives 13 ageing locomotives, boosting rail transport"
18,Ministry unlocks Sh175b to revive stalled road projects
18,EBK launches EPC 2026 to grow Blue Economy
18,Ministry moves to unlock Tana River’s vast mineral wealth
18,KRA promises simplified tax measures for SMEs
18,"Ministry to construct 1,250 dams to boost irrigation in Kenya"
18,State deploys NYS in race to plant one billion trees
18,"Three schools, residents benefit as boreholes are restored in Mwea"
18,"State clears Sh177bn arrears, road contractors back on site"
18,"I take this opportunity to welcome you to the National Statistical System (NSS) Bulletin for the period January-June,2021. Statistics is a key ingredient in evidence-based decision making and planning for National and County governments, as well as in the private sector. In this regard, KNBS in collaboration with other data producers in the NSS, endeavor to produce statistical information which is responsive to the dynamic data eco-system, while meeting user needs in a continuous and concise manner. Read More"
18,Ministry Steps up Efforts to Streamline Mining in Taita Taveta
18,First Federation in water games launched in Kenya
18,Sh12b AfDB funding to expand rural electrification across the country-CS
18,Kenya Demographic and Health Survey (KDHS)
18,Directorate of Public Investment and Portfolio Management.
18,"The Directorate is headed by a Director General, reporting to the Principal Secretary. It is organized into the following four (4) Technical Departments each headed by a Director:

The Directorate undertakes the following functions:"
18,Public Investment and Portfolio Management Departments
18,PS Imbunya Graces National Prayer and Thanksgiving Service for Uniformed Officers
18,"Public Service and Human Capital Development Principal Secretary, Dr. Jane Kere Imbunya, today joined uniformed and disciplined service officers and their families at the Holy Family Minor Basilica in Nairobi for the Annual National Joint Prayer and Thanksgiving Service.

The solemn interdenominational gathering led by Rt. Rev. George Muthaka, Bishop of Garissa and Chaplaincy In-Charge for Uniformed Services brought together security officers from various formations for collective reflection, spiritual renewal, and thanksgiving."
18,State begins major housing project for prison officers
18,"The Government has begun construction of 3,000 housing units for prison officers, in a move aimed at improving their welfare and addressing long-standing accommodation challenges in correctional facilities across the country.

For many years, the Kenya Prisons Service has grappled with inadequate and poor housing conditions, forcing some officers, particularly new recruits, to seek accommodation outside prison facilities."
18,"WANGARI NDIRANGU-KNA

Kenya is among nine African countries allocated MPOX vaccine doses following a surge of monkeypox on the continent."
18,"SHARON ATIENO- KNA

The proposed new tax laws aim to foster sustainable growth, safeguard social equity, and improve the quality of life for Kenyans without increasing the burden on citizens."
18,"MABEL KEYA – SHIKUKU, KNA

The Government has digitized 19,000 services since beginning the process in July 2023."
18,"Kenya Hosts Regional Workshop on Women, Peace and Security, Launches New ICGLR Action Plan"
18,"Kenya has reaffirmed its commitment to strengthening women’s participation in peace and security across the Great Lakes Region during a regional workshop that also marked the launch of a new regional action plan aimed at advancing women’s leadership in peacebuilding.

The workshop, convened by the International Conference on the Great Lakes Region (ICGLR) and hosted in Nairobi, brought together representatives from member states, development partners, civil society organisations, and women’s networks to discuss strategies for strengthening the Women, Peace and Security (WPS) agenda in the region."
18,8 Lugari CBOs receive solar dryers to curb post-harvest losses
18,"MELECHEZEDECK EJAKAIT-KNA

Eight Eight Community-Based Organizations (CBOs) engaged in cereal farming in Lugari Sub-County have each received a solar bubble dryer to help address post-harvest losses."
18,"LAMECH WILLY-KNA

Nestled in the rural Silibwet Village, about five kilometers from Bomet town, AGC Tenwek Hospital stands as one of the largest and most renowned healthcare facilities in Kenya."
18,"The 2016 National MSME Survey focused on capturing MSMEs’ business particulars; qualification needs and employment; training and skills development for the operators and employees; expenditure and income. The Survey also documented details on seasonal variations and innovations, organization and marketing, access to information and amenities, capital and technology, access to credit, business constraints, and the closures.

In total, 50,043 MSMEs were sampled for the survey, targeting licensed businesses. A further 14,000 households were sampled targeted to capture household based enterprises which are largely unlicensed. This survey therefore offers detailed insight on MSMEs in Kenya. It is further the first comprehensive survey on MSMEs in Kenya. The need for up-to-date, accurate and reliable data is paramount to; fast track development by both national and county governments and to inform the formulation and implementation of national policies, programmes, projects and strategies."
18,Importance Of Financial Services
18,"It’s not easy to find a skilled team of dedicated and well educated professionals who work at your service like the team of PT Unified Trade.

The team of PT Unified Trade is made of experienced professionals in different sectors, including internet security systems, payment management, financial investments, account opening and account management, fraud detection and prevention."
18,Security and Compliance Draft Sector Report and MTEF FY 2024-2025
18,"Security and Compliance Draft Sector Report and MTEF FY 2024-2025

General Inquiries"
18,Quarterly Gross Domestic Product Report Second Quarter 2017
18,"Real Quarterly Gross Domestic Product (QGDP) is estimated to have slowed down to 5.0 per cent in the second quarter of 2017 compared to 6.3 per cent in the corresponding quarter of 2016. The quarter in review was characterized by sharp increases in food prices as a result of adverse weather conditions and a notable rise in international oil prices. This led to a surge in inflationary pressures with the average inflation rate increasing more than two-fold from 5.36 per cent in the second quarter of 2016 to 10.80 per cent in the review quarter. The current account deficit widened to KSh 134.8 billion in the quarter under review from a deficit of KSh 114.1 billion in the corresponding quarter of 2016 on account of significant increase in the value of imports.

The slowed but robust growth was supported by activities of Transport and Storage, Real Estate, Information and Communication Technology, Accommodation and Food services and a slightly improved growth in Wholesale and Retail Trade. On the other hand, the growth was somewhat constrained by subdued performances in Agriculture Forestry and Fishing (1.4 per cent), Manufacturing (2.3 per cent), Electricity (6.1 per cent) and Financial intermediation (4.3 per cent) thereby dampened the overall growth momentum during the quarter in review."
18,"KNA by Sharon Atieno

The Ministry of Mining, Blue Economy and Maritime Affairs will support the diversification of fishing methods in the Lake Region."
18,Sh21b investment to boost water access for Thika and Githunguri
18,"GRACE NAISHOO-KNA

The Danish International Development Agency (DANIDA) will fund the Thika and Githunguri Water and Sanitation Project in Kiambu County, estimated at Sh21 billion."
18,"KNA by Hellen Lunalo

The Ministry of Defence has affirmed its dedication to ensuring the well-being of the Kenya Defence Forces (KDF) members and their families."
18,World gathers in Kenya for high-level talks on ocean protection
18,"As delegates from across the world gather in Mombasa and Kilifi for the 11th Our Ocean Conference (OOC11), the event will represent more than a global conversation on ocean sustainability.

As the first African nation to host the conference since its inception in 2014, Kenya will provide a platform for mobilising investment, strengthening partnerships, and advancing practical solutions that support sustainable ocean development."
18,"Business groups from Kenya, Denmark sign pact to expand trade"
18,"The Kenya Private Sector Alliance (KEPSA) and the Danish Chamber of Commerce (DCC) have signed a strategic cooperation agreement aimed at strengthening trade, investment, and business partnerships between Kenya, East Africa, and Denmark.

The agreement, signed at KEPSA headquarters in Nairobi, seeks to enhance Danish companies’ access to Kenyan and East African markets through policy dialogue, business networking, trade facilitation, and market intelligence."
18,State-led street families’ rehabilitation effort cuts their population by half
18,"The Government’s tailor made rehabilitation interventions for street families have achieved remarkable progress, reducing the vulnerable population by half over the past eight years.

Through sustained investment in rehabilitation, integration, family care, and child protection programs, the number of street families has declined from more than 46,000 in 2018 to 18,049 by the end of 2025."
18,GAZETTED POINTS OF ENTRY AND EXIT INTO KENYA (BORDER POINTS)
18,Find a KRA Office
18,"These are points where goods and people can enter and exit the country, legitimate businesses can be conducted with security provided by the government. At these points of entries and exit, you will meet border agencies such as

Kenya has thirty-five (35) points of entry and exit, commonly known as BORDERS. Kenya shares borders with five countries, Ethiopia for 867km , Uganda for 933km, Somalia for 684km, Tanzania for 755km, South Sudan 317km and International waters (Indian Ocean) for 536km."
18,11th Meeting of the Africa Initiative
18,"Courtesy call on Hon. Hu Zhangliang, Vice Chairman of the China International Development Cooperation Agency."
18,"CS Hon. FCPA John Mbadi, later today in Beijing, China, paid a courtesy call on Hon. Hu Zhangliang, Vice Chairman of the China International Development Cooperation Agency (CIDCA).

The two leaders held discussions on the importance of collaborative efforts in enhancing project outcomes between Kenya and China."
18,The Chairman of the Central Bank of Kenya pays courtesy call to PS National Treasury. Dr. Chris Kiptoo
18,The Chairman of the Central Bank of Kenya Mr. Andrew Mukite Musangi met with the National Treasury PS Dr.Chris Kiptoo at the National Treasury where they discussed critical financial sector priorities aimed at enhancing Kenya's economic stability and growth.
18,The high resolution National Socio-Economic and Poverty Atlas for Kenya
18,"SPEECH BY MS. ANNE WAIGURU, OGW, CABINET SECRETARY, MINISTRY OF DEVOLUTION AND PLANNING DURING THE LAUNCH OF THE SOCIO-ECONOMIC ATLAS OF KENYA ON 10TH NOVEMBER 2014

Principal Secretary (ies); KNBS Board Chairman; Director General KNBS; Director CETRAD; Director CDE; Members of the Diplomatic Corps; Representatives of Development Partners; Representatives from various Ministries; Members of the Fourth Estate; Distinguished Guests; Ladies and Gentlemen; Let me take this opportunity to welcome you all to this official launch of the Kenya Socio-Economic Atlas Report. The report highlights socio-economic development indicators based on the 2009 Population and Housing Census and 2005/6 Kenya Integrated Household Budget Survey data. This is the first report that presents socio-economic development indicators spatially at the sub-location level, is a culmination of a national welfare and poverty mapping project that was initiated in 2011."
18,Kenyans to access housing services at Huduma Centres
18,"The Affordable Housing Board will roll out service desks in all Huduma Centre outlets nationwide, creating a one-stop access point for Kenyans seeking to own homes under the Affordable Housing Programme.

This is after the Affordable Housing Board (AHB) and Huduma Kenya entered into a Memorandum of Understanding (MoU) aimed at providing more strategic access points for Kenyans seeking to own a home under the Affordable Housing Programme."
18,"The Government is assessing and aligning the skills of Kenyans with the demands of both the local and international job markets.

This move, according to Labour and Skills Principal Secretary, Shadrack Mwadime, is aimed at ensuring the Kenyan curriculum remains relevant and responsive to the evolving needs of various industries."
18,HIVAIDS
18,"Directorates/DepartmentsThere are four (4) technical directorates and 10 support services departments that oversee the implementation of this plan. The key mandates/functions of the Directorates/Departments are outlined below:

General AdministrationThe Directorate is responsible for coordination of all administrative functions in the Ministry. The Departments/ Divisions under General Administration comprise the following: Administration, Finance, Central Planning and Project Monitoring Department (CPPMD), Accounts, Human Resource Management and Development, Public Communications, Supply Chain Management, ICT, Internal Audit and Legal Services."
18,Overview of State Department for Broadcasting and Telecommunications
18,"The State Department was created through the Executive Order No. 1 of 2023 as the State Department for Broadcasting and Telecommunications. The Mandate of the State Department was further revised through the Executive Order No. 2 of 2023 issued on 1st November 2023 (Revised). The State Department envisions to empower citizens with reliable and affordable information. It aims to ensure universal access to high quality broadcasting and telecommunication services, promote innovation and digital inclusion, protect consumer interest, and support Bottom-Up Economic Transformation Agenda to enhance the quality of life and economic growth for all citizens. It also aspires to inculcate values of teamwork, responsiveness, innovation, and professionalism. In addition, the State Department commits to ensure quality services that meet and exceed customer expectations are provided."
18,Official Launch of the Economic Survey 2025.
18,"Cabinet Secretary FCPA Hon. John Mbadi this afternoon presided over the official launch of the 2025 Economic Survey Report.The report provides a comprehensive review of Kenya’s economic performance in 2024 and sectoral trends spanning the 2020–2024 period.

In his remarks, the Cabinet Secretary announced that the country’s Gross Domestic Product (GDP) stood at KSh 16.2 trillion in 2024, reflecting a moderated growth rate of 4.7%, down from 5.7% in 2023. He attributed the slowdown to broader global trends, noting that world GDP growth had similarly eased from 3.3% to 3.2% over the same period."
18,Commissions
18,"The Directorate headed by a Director General, Accounting Services and Quality Assurance reporting to the Principal Secretary, National Treasury. It is organized into the following five (5) Technical Departments each headed by a Director:

The functions of this directorate will include:"
18,PUBLIC NOTICE - ECITIZEN
18,FRAMEWORK TENDER DOCUMENT FOR SUPPLY AND DELIVERY OF CANVAS AND CAMPING MATERIALS AS AND WHEN REQUIRED BASIS FOR ONE YEAR
18,PUBLIC NOTICE -1. DRAFT ACCOUNTING POLICIES FOR THE PUBLIC SECTOR 2. DRAFT STANDARD CHART OF ACCOUNTS FOR THE PUBLIC SECTOR
18,Young Professional Officer
18,PUBLIC NOTICE 1. DRAFT ACCOUNTING POLICIES FOR THE PUBLIC SECTOR 2. DRAFT STANDARD CHART OF ACCOUNTS FOR THE PUBLIC SECTOR
18,"PUBLIC NOTICE - DRAFT VIRTUAL ASSET SERVICE PROVIDERS REGULATIONS, 2026"
18,"Public Notice- Virtual Asset Service Providers Regulations, 2026"
18,Circular on Optimal Utilization of Government Assets
18,ECONOMIC SURVEY 2021
18,"World real GDP contracted by 4.2 per cent in 2020 compared to a growth of 2.7 per cent in 2019. The contraction was mainly attributed to slowdown in economic activities due to emergence of the Coronavirus Disease 2019 (COVID-19). Real GDP in Advanced Economies is estimated to have contracted by 5.8 per cent in the period under review compared to 1.7 per cent growth in 2019. This was due to accelerated collapse in economic activity driven by sharp declines in demand and supply of services. Sub Saharan Africa economies contracted by 1.9 per cent in 2020 compared to a real GDP growth of 3.2 per cent in 2019. East African Community (EAC) real GDP contracted by 0.2 per cent in 2020 compared to a growth of 6.2 per cent recorded in 2019.

Read More"
18,Draft National Policy to Support Enhancement of County Governments’ Own-Source Revenue
18,DRAFT KENYA SOVEREIGN WEALTH FUND POLICY
18,NATIONAL INSURANCE POLICY
18,"ADMISSION NOTICE FOR THE FOREIGN STUDENTS IN UNDERGRADUATE PROGRAM IN THE BANGLADESH UNIVERSITY OF ENGINEERING AND TECHNOLOGY (BUET) FOR THE ACADEMIC YEAR 2025-2026, IN BANGLADESH"
18,E-JUST TICAD8 AFRICAN SCHOLARSHIP FOR STI
18,"ADMISSION NOTICE FOR THE FOREIGN STUDENTS IN THE UNDERGRADUATE PROGRAM IN THE BANGLADESH UNIVERSITY OF ENGINEERING AND TECHNOLOGY (BUET) FOR THE ACADEMIC YEAR 2025-2026, IN BANGLADESH"
18,COURSE ANNOUNCEMENT: THE INDONESIAN AID SCHOLARSHIP (TIAS)
18,SCHOOL INFRASTRUCTURE IMPROVEMENT (CONSTRUCTION AND REHABILITATION OF FACILITIES IN TARGETED SCHOOLS IN NYAMIRA COUNTY - LOT 20)
18,Kenya Primary education equity in learning (KPEEL) Program
18,MASTER OF ARTS PROGRAM IN AFRICAN SUSTAINABLE COMMUNITIES AT BEN-GURION UNIVERSITY OF THE NEGEV (ISRAEL)
18,"1. Technical Assistant (TA) for Communications in Implementation of a communication Strategy (KE-MOE-510853-CS-INDV)

2. Technical Assistant (TA) for Policy, Project Management and Monitoring (KE-MOE- 510850-CS-INDV)"
18,School Infrastructure Improvement-Construction of Facilities in Targeted Schools in Nyamira County
18,Launch of the Electronic Government Procurement (E-GP) System.
18,"The E-GP System (Electronic Government Procurement System) is an online platform designed to automate and streamline public procurement processes. It enables government agencies to conduct procurement activities electronically, improving transparency, efficiency, and accountability in the procurement process."
18,SUPPLY AND DELIVERY OF SANITARY TOWELS TO PUBLIC PRIMARY SCHOOLS BY LOCAL MANUFACTURERS
18,"Supply, Delivery and Commissioning of Equipment for Technical Training Institutes in Kenya"
18,TURKEY SCHOLARSHIPS
18,THE SWISS GOVERNMENT EXCELLENCE SCHOLARSHIPS (ESKAS) PROGRAM
18,Disbursement of Tuition Fee and Upkeep Funds
18,"ERIAN GOVERNMENT SCHOLARSHIPS, FOR THE ACADEMIC YEAR 2025/2026"
18,CHINESE GOVERMENT SCHOLARSHIPS
18,"UNIVERSITY OF SELANGOR, MALAYSIA (UNISEL) TUITION ONLY SCHOLARSHIP AWARD FOR INTERNATIONAL STUDENTS 2023"
18,CHINESE GOVERNMENT SCHOLARSHIPS
18,TENDER DOCUMENT - SUPPLY AND DELIVERY OF SANITARY TOWELS TO PUBLIC PRIMARY SCHOOLS BY LOCAL MANUFACTURERS
18,COMSATS UNIVERSITY ISLAMABAD (CUI) SCHOLARSHIP- PAKISTAN
18,STUDY GRANT PROGRAMMES IN SPAIN BY THE SPANISH AGENCY FOR INTERNATIONAL DEVELOPMENT COOPERATION (AECID)
18,EXPRESSION OF INTEREST: CONSULTANCY SERVICES FOR THE DEVELOPMENT OF ACADEMIC PROGRAMMES FOR THE OPEN UNIVERSITY OF KENYA
18,"SUPPLY, DELIVERY, INSTALLATION AND COMMISSIONING OF ICT EQUIPMENT IN PUBLIC TEACHER TRAINING COLLEGES"
18,"CLARIFICATION -SUPPLY, DELIVERY, INSTALLATION AND COMMISSIONING OF ICT EQUIPMENT IN PUBLIC TEACHER TRAINING COLLEGES"
18,"CLARIFICATION-SUPPLY, DELIVERY, INSTALLATION AND COMMISSIONING OF ICT EQUIPMENT IN PUBLIC TEACHER TRAINING COLLEGES"
18,INDIAN SCHOLARSHIPS FOR THE ACADEMIC YEAR 2023-2024
18,SEOUL NATIONAL UNIVERSITY PRESIDENT FELLOWSHIP (SPF) 2023 FALL SEMESTER
18,"ADDENDUM 1 -FRAMEWORK CONTRACT FOR SUPPLY, DELIVERY, INSTALLATION AND COMMISSIONING OF ICT EQUIPMENT IN PUBLIC TEACHERS TRAINING COLLEGES"
18,"CLARIFICATION-SUPPLY, DELIVERY, INSTALLATION AND COMMISSIONING OF ICT EQUIPMENT IN PUBLIC TEACHERS TRAINING COLLEGES"
18,CONSTRUCTION AND COMPLETION OF THE PROPOSED ULTRA MODERN TRAINING CENTRE- CEMASTEA – KAREN NAIROBI
18,"ADDENDUM - CONSTRUCTION AND COMPLETION OF THE PROPOSED ULTRA MODERN TRAINING CENTRE (CEMASTEA), KAREN NAIROBI"
18,EXPRESSION OF INTEREST TO PARTNER WITH KENYA IN THE ENVIRONMENT OF STUDENTS IN ENVIRONMENTAL HEALTH COURSES AT LUSAKA ENVIRONMENTAL HEALTH UNIVERSITY (LEHU)
18,TENDER FOR THE PROPOSED CONSTRUCTION OF A PRINTING AND PUBLISHING COMPLEX IN NAIROBI TECHNICAL TRAINING INSTITUTE – NAIROBI COUNTY
18,REQUEST FOR REGISTRATION OF GARAGES
18,INTRA-AFRICA ACADEMIC MOBILITY SCHEME CALL (2022-2027)
18,POST GRADUATE TRAINING PROGRAMME FROM THE GOVERNMENT OF THE RUSSIAN FEDERATION
18,KUWAIT UNIVERSITY SCHOLARSHIP
18,Supply delivery installation initial training and ancillary services of training equipment for three tvet institutes
18,OCBI/TVETE PHASE III/ EQUIP/49/24-25
18,OCBI/TVETE PHASE III/ EQUIP/50/24-25
18,"Lot 3 - Tender for Supply, Installation, Calibration, Commissioning and Training on the use and Maintenance of Hospitality and Tourism Training Equipment and Assistive Training Equipment"
18,OCBI/TVETE PHASE III/ EQUIP/48/24-25
18,"Lot 2 - Tender for Supply, Installation, Calibration, Commissioning and Training on the use and Maintenance of Mechanical & Automotive Engineering Training Equipment"
18,SCHOOL DATA VERIFICATION (SDV)
18,"Ministry Of Education

State Department For Basic Education"
18,ADMISSION FOR FOREIGN STUDENTS IN GOVERNMENT MEDICAL AND DENTAL COLLEGES FOR THE ACADEMIC YEAR 2024/2025
18,CUBA MEDICAL SERVICES-ANNOUNCEMENT FOR SELF-FINANCED ACADEMIC SERVICES FOR YEAR 2024
18,"Supply, Delivery, Installation, Calibration, Commissioning and Training on the use and Maintenance of Learning Management System (LMS) hardware for the National TVET ODeL center"
18,"SUPPLY, DELIVERY, INSTALLATION, CALIBRATION, COMMISSIONING AND TRAINING ON THE USE AND MAINTENANCE OF TRAINING EQUIPMENT"
18,"ADDENDUM 2:- RESPONSE TO QUERIES/CLARIFICATIONS

LOT 1 - BUILDING AND CIVIL ENGINEERING EQUIPMENT TO OLLESSOS TECHNICAL TRAINING INSTITUTE – NANDI COUNTY"
18,"Specific Procurement Notice(SPN) of tender for Supply, Delivery, Installation, Calibration, Commissioning and Training on the Use and Maintenance of training equipment"
18,"Specific Procurement Notice (SPN) of tender for Supply, Delivery, Installation, Calibration, Commissioning and Training on the Use and Maintenance of training equipment."
18,REPORT OF THE PRESIDENTIAL WORKING PARTY ON EDUCATION REFORM
18,"TRANSFORMING EDUCATION, TRAINING AND RESEARCH FOR SUSTAINABLE DEVELOPMENT IN KENYA Chairman, Presidential Working Party on Education Reform Prof. Raphael M. Munavu, PhD, EBS Presented to His Excellency, Hon. Dr. William Samoei Ruto, PhD, C.G.H. President of the Republic of Kenya and Commander-in-Chief of the Defence Forces REPORT OF THE PRESIDENTIAL WORKING PARTY ON EDUCATION REFORM June, 2023"
18,Technical Vocational Education and Training(TVET programmes)
18,"GOK/AfDB SUPPORT TO TECHNICAL & VOCATIONAL EDUCATION & TRAINING (TVET) FOR RELEVANT SKILLS DEVELOPMENT PROJECT-TVET PHASE II PROJECT

9 Dec. 2020 BANK VIRTUAL DESK REVIEW SUPERVISION MISSION: PROJECT Q 4 (OCT-DEC 2020) REPORT"
18,ANNOUNCEMENT FOR THE ELIMU SCHOLARSHIP PROGRAMME – 2026
18,Public Statement on the Status of Payments to County Governments FY 2013/14
18,Speech by Treasury and Economic Planning CS – Launch of 2023/2024 Budget Preparation process
18,Remarks by CS Prof. Njuguna Ndung’u during the 19th KESRA Graduation
18,Advancing Kenya–UAE Comprehensive Economic Partnership Agreement
18,"The Republic of Kenya and the United Arab Emirates have reaffirmed the strong and enduring bilateral relations between the two countries during a courtesy call by H.E. Dr. Salim Ibrahim Alnaqbi, Ambassador of the United Arab Emirates to Kenya, on Ms. Edith K. Ngungu, Deputy Director, Legal Directorate.

The engagement followed the signing of the Comprehensive Economic Partnership Agreement (CEPA) between the Republic of Kenya and the United Arab Emirates by H.E. President William Ruto and His Highness Sheikh Mohamed bin Zayed Al Nahyan, President of the United Arab Emirates, marking a significant milestone in the advancement of bilateral economic cooperation."
18,LREB partners with Indian Corporation to position region as tourism destination
18,"By Robert Ojwang

The Lake Region Economic Bloc (LREB) has partnered with the Indian Railways Catering and Tourism Corporation to promote the region as a prime tourism destination."
18,CS Hon. William Kabogo Gitau graces the 7th Students National Economics Symposium at Kenyatta University
18,Saudi Arabia’s New Ambassador Meets Kenya’s Foreign Affairs Official
18,"The newly appointed Saudi Ambassador to Kenya, H.E. Saad Abdullah S. Al Nofaia, today paid a courtesy call on Amb. Lindsay Kiptiness, Deputy Director General for Middle East Affairs, in Nairobi.

The meeting focused on strengthening bilateral ties, with both sides reaffirming their commitment to deeper political, economic, and multilateral cooperation. Amb. Kiptiness welcomed the envoy and wished him a successful tenure."
18,Dr. Korir Sing'Oei joins the People of Japan in commemorating Birthday of His Majesty Emperor Naruhito in Nairobi
18,"The Principal Secretary, Ministry of Foreign and Diaspora Affairs, had the honour of joining the Government and people of Japan in commemorating the Birthday of His Majesty Emperor Naruhito at a ceremony held in Nairobi. The event brought together members of the diplomatic corps, Government officials, and distinguished guests in celebration of this important national occasion.

Kenya and Japan enjoy a longstanding and cordial partnership spanning over six decades since the establishment of diplomatic relations in 1963. Over the years, this relationship has been deepened through regular high-level exchanges, strong development and technical cooperation, and growing trade and investment linkages. Kenya remains among the leading recipients of Japanese Official Development Assistance in Africa, underscoring the depth and maturity of bilateral ties."
18,Foreign Service Academy Hosts National Defence College Delegation
18,"The Foreign Service Academy hosted a delegation from the National Defence College (NDC) for an educational visit aimed at deepening their understanding of Kenya’s diplomatic operations.

Political and Diplomatic Secretary Amb. Josphat Maikara led the session, taking the officers through the mandate of the Ministry of Foreign & Diaspora Affairs and the country’s evolving foreign policy priorities."
18,Kenya Japan Business Forum 2025
18,"The Kenya-Japan Business Forum 2025 to be held in Nairobi on 16th January 2025 will serve as a reciprocation of a similar business forum that was held on 8th February, 2024 in Tokyo, Japan on the margins of the state visit by H.E. the President of Kenya from 7th – 9th February, 2024. The business forum in Tokyo brought together over 140 Japanese and 40 Kenyan private sector companies.

The Business Forum serves as a stepping stone to deepen economic collaboration between Kenya and Japan. Through this engagement, Kenya aims to attract increased investment, technology transfer and market access, fostering industrialization and economic transformation. These efforts are integral to achieving the objectives of the Bottom-Up Economic Transformation Agenda (BETA) and the Fourth Medium Term Plan (MTP) of the Kenya Vision 2030."
18,"Kenya, Malaysia Elevate Ties to Strategic Partnership"
18,"Kenya and Malaysia have agreed to elevate their bilateral relations to a strategic partnership with a focus on trade and emerging technologies. The announcement was one of the key highlights of Malaysian Prime Minister Anwar Ibrahim’s two-day official visit to Kenya — the first in 20 years — as the two nations mark 60 years of diplomatic relations.

Speaking at a joint press briefing at State House Nairobi after bilateral talks, President William Ruto said the two countries had committed to removing tariff and non-tariff barriers that have long constrained trade. The move, he said, will expand market access and stimulate new investment flows."
18,PS Tanui Joins Nation in Tribute to the Rt. Hon Raila Amolo Odinga
18,"Principal Secretary for ICT and the Digital Economy, Eng. John Tanui, CBS, joined other leaders in Bondo, Siaya County, to mourn the passing of former Prime Minister, His Excellency Raila Amollo Odinga.

During the visit, PS Tanui met with Mama Ida Odinga, Dr. Oburu Odinga, Governors, fellow Principal Secretaries, and other national and county leaders who had gathered to pay their respects."
18,KNEST
18,"What is KNEST

Kenya National Entrepreneurs Savings Trust (KNEST) is a unique national informal sector pension scheme established by the Government to meet the unique needs of the more than 18 million marginalized informal sector workers. The scheme has deployed low-cost modern technologies to catalyze a sustainable business model that manages intermittent micro contributions to meet both long-term (pensions demands) and pressing short-term needs that are unique to this sector. The scheme is duly registered by RBA with certificate Reg. No. 0174"
18,Counties
18,Footer
18,Agencies
18,"Huduma Kenya Service Delivery Programme (HKSDP) is a Kenya Vision 2030 Flagship Project established vide the Kenya Gazette Notice No. 2177 of 4th April, 2014. The Programme has the mandate to transform Public Service Delivery in order to ensure access to efficient, effective and citizen-centric services through One-Stop-Shop platforms. The Huduma Kenya Secretariat coordinates and manages the day-to-day operations of the Programme. (Executive Order 2 of 2023).

For more information visit: www.hudumakenya.go.ke"
18,Pre and Post Election Economic and Fiscal Reports
18,"PFMA Section 27 (1) requires publication of Pre and Post- election economic and fiscal reports by National Treasury. The National Treasury shall arrange to publish

2022 POST-ELECTION ECONOMIC AND FISCAL REPORT"
18,PS Stephen Isaboke Advances Whole-of-Government Approach in Kisii Cancer Centre Inspection
18,State Department Joins National Tree Planting Campaign
18,Ministry is commitment to advancing the Government’s Bottom-Up Economic Transformation Agenda (BETA)
18,Kenya Calls for Stronger Science Communication and Information Integrity in the Digital Age
18,"Kenya has reaffirmed the critical role of credible science communication, information integrity and responsible digital governance in strengthening public trust and safeguarding democracy in an increasingly complex digital environment.

Speaking during a Breakout Session on Science Communication and Public Trust in the Age of Misinformation at the Science, Technology, Research and Innovation for Society Week (STRI4Society) 2026 held at the Kenyatta International Convention Centre, Principal Secretary for Broadcasting and Telecommunications, Mr Stephen Isaboke, EBS, said the rapid transformation of global communication systems through social media, artificial intelligence and digital platforms has fundamentally altered how information is created, distributed and consumed."
18,Uasin Gishu wins hosting rights for national Mashujaa Day celebrations
18,"This year’s National Mashujaa Day celebrations will be held in Uasin Gishu County, Governor Jonathan Bii has announced. Governor Bii described the opportunity as a great honour and recognition of the county’s growing national profile and development achievements.

He spoke during the swearing-in ceremony of newly appointed members of the Uasin Gishu County Public Service Board (CPSB)."
18,DR. KORIR SINGOEI DURING SOCIAL INNOVATION PAVILION IN STRATHMORE UNIVERSITY
18,"Thinkers, creators, activists, and social innovators convened at the Social Innovation Pavilion held at the Strathmore University Auditorium on the eve of the Africa Forward Summit to discuss solutions to some of Africa’s most pressing challenges.

The gathering brought together diverse voices from across the continent to explore six key themes: protection of natural resources, maternal health, institutional reform, digital-age challenges, transforming power relations, and the future of international solidarity."
18,"REMARKS BY HIS EXCELLENCY HON. WILLIAM SAMOEI RUTO, PhD, C.G.H., PRESIDENT OF THE REPUBLIC OF KENYA AND COMMANDER-IN-CHIEF OF THE DEFENCE FORCES DURING THE SIGNING OF A COOPERATION AGREEMENT BETWEEN THE NATIONAL GOVERNMENT AND THE NAIROBI CITY COUNTY GOVERNMENT ON TUESDAY, 17 FEBRUARY 2026"
18,For related video Kindly Click ⇒ Here
18,"REMARKS BY HIS EXCELLENCY HON. SAKAJA A. JOHNSON, EGH, DURING THE SINGING OF A COOPERATION AGREEMENT BETWEEN NAIROBI COUNTY AND THE NATIONAL GOVERNMENT ON TUESDAY, 17 FEBRUARY 2026"
18,PS DR IMBUNYA HOSTS MP CHARLES GIMOSE FOR DEVELOPMENT TALKS
18,"PS DR IMBUNYA HOSTS MP CHARLES GIMOSE FOR DEVELOPMENT TALKS

The Principal Secretary for Public Service and Human Capital Development, Dr. Jane Kere Imbunya, on Monday, 9th March 2026, hosted Hamisi Member of Parliament Hon. Charles Gimose, who paid her a courtesy call at her office."
18,"In a grand gesture of welcome, the Cabinet Secretary Hon. Justin B. Muturi was treated to a Guard of Honour Inspection marking a significant moment in his inaugural visit to the Kenya National Youth Service (NYS) headquarters since his inception to office as the Cabinet Secretary for Public Service and Human Capital Development. The ceremonious display symbolized more than protocol, it was a tribute to the CS new leadership and the shared vision of nurturing the nation’s human capital. This first official visit served as a powerful reminder of the commitment to strengthening public service, ensuring that the future of Kenya is built on discipline, dedication, and development."
18,Social Protection
18,"This morning, State Department for Public Service Principal Secretary Mr. Amos Gathecha appeared before the National Assembly's Departmental Committee on Social Protection chaired by Hon. Alice Ng'ang'a MP Thika Town for consideration of the 2024 Budget Policy Statement for the National Youth Service (NYS).The PS was accompanied by NYS Director General Mr. James Tembur, Parliamentary Liaison Officer Mr. Isaac Ngige and senior NYS officials.Kenya National Youth Service"
18,"Kenya Opens Resident High Commission in Jamaica, Expands Diplomatic Presence in the Caribbean"
18,Turn over tax shall not apply to-:
18,Can someone claim for expenses under Turnover Tax?
18,"Bilateral sessions with the Deputy Managing Director of International Monetary Fund, Mr Nigel Clarke."
18,"CS Hon. FCPA John Mbadi leading the National Treasury team during bilateral sessions with the Deputy Managing Director of International Monetary Fund, Mr Nigel Clarke, in Washington, D.C. on the sidelines of the2025 IMF-World Bank Spring Meetings.

The CS said Bottom-Up Economic Transformation Agenda (BETA) continues to place special focus on five pillars with the highest impact to drive and sustain economic recovery as well as household welfare: 1. Agricultural Transformation2. MicroSmall and Medium-Term (MSME)3. Economy;Housing and Settlement4. Healthcare; and 5. Digital Superhighway and Creative Economy"
18,Economic Survey 2016
18,"Rop Janet- KNA

The Government is committed to clearing all debts owed to dairy farmers by the New Kenya Cooperative Creameries (KCC)."
18,"The SAFER Grievance Mechanism (GM) is a system established to receive, assess, and resolve complaints or grievances from stakeholders who may be affected by the implementation of the SAFER project. It provides an accessible, transparent, and accountable process for addressing issues related to project activities, including environmental and social impacts, financial services, or operational concerns."
18,AfDB Sec. General Pays Courtesy Call to CS Prof. Ndungu
18,"The Secretary General of the Africa Development Bank Group Prof. Vincent Nmehielle paid a courtesy call to the National Treasury CS Prof. Njuguna Ndung’u and appraised him on the progress of the upcoming 2024 Annual Meetings of the Bank in Nairobi.

Speaking during the meeting the CS exuded confidence that plans are at an advanced stage for the hosting of the meeting and the Kenyan government is committed to ensuring a successful event."
18,Kenya Spain Relations
18,"Kenya and Spain have reaffirmed their commitment to deepening bilateral cooperation across various sectors. This follows a high-level meeting between Prime Cabinet Secretary and Cabinet Secretary for Foreign and Diaspora Affairs, Dr. Musalia Mudavadi, and Dr. Diego Martínez Belío, the visiting Secretary of State for Foreign and Global Affairs of the Kingdom of Spain. The meeting highlighted the growing strategic partnership between the two nations, in the areas of trade, development, and multilateral diplomacy.

This engagement builds on the momentum of President William Ruto’s recent official visit to Spain, where he co-chaired the Fourth International Conference on Financing for Development (FfD4) in Seville and held bilateral talks with Spanish Prime Minister H.E. Pedro Sánchez and His Majesty King Felipe VI."
18,Kenya Engages European Diplomats to Strengthen Tourism
18,"The Ministry of Foreign and Diaspora Affairs, in collaboration with the Kenya Tourism Board (KTB), hosted a strategic engagement with members of the diplomatic corps from Europe to explore areas of cooperation aimed at boosting tourism. The session focused on identifying opportunities for collaboration in marketing Kenya as the preferred tourism destination locally, regionally and internationally.

Tourism is a key pillar of Kenya’s economy, and the initiative supports KTB’s goal of increasing international tourist arrivals from 1.9 million to 5 million by 2027."
18,Advancing Kenya Slovenia Relations
18,"Her Excellency Nataša Pirc Musar, the President of the Republic of Slovenia was Saturday morning received at State House by her host President William Ruto.

At State House Nairobi, President Nataša Pirc Musar of Slovenia, who is on a first-ever State Visit to Kenya by a Slovenian head of State was accorded a twenty-one-gun salute before holding a bilateral meeting with President Ruto. The talks focused on deepening Kenya's strategic partnership with Slovenia by advancing shared interests in sustainable development, peace, and prosperity for the benefit of citizens of the two nations whose diplomatic relations were formalised in 2004, and the world."
18,"Kenya, Korea deepen strategic partnership in trade"
18,"Kenya, Korea deepen strategic partnership in trade, innovation, and green growth

Prime Cabinet Secretary and Cabinet Secretary for Foreign and Diaspora Affairs, Dr. Musalia Mudavadi, today received H.E. Kang Hyung-Shik, the Ambassador of the Republic of Korea, during a courtesy call at his office in Nairobi."
18,Kenya at the 80th Session of the United Nations General Assembly
18,"Better together: 80 years and more for peace, development and human rights is this year’s theme of the UN General Assembly whose objective is seeking the restoration of global cooperation towards the attainment of the Sustainable Development Goals (SDGs).

As the world leaders converge in New York for the 80th session of the United Nations General Assembly, Kenya continues to ramp up its campaign to host various UN offices as efforts for reform take center stage. The UN General Assembly's High-Level Week will take place from September 22nd to September 30th, 2025, under the leadership of Dr. Annalena Baerbock, the 80th President of the United Nations General Assembly (UNGA), Germany's former Foreign Minister. This is also the eighth UNGA under the leadership of António Guterres, the current Secretary-General of the United Nations."
18,Ms. Rosemary Chepkoech
18,"Director, Population and Social Statistics"
18,"Hon. FCPA John Mbadi,held a discussion his Rwandan counterpart, Mr. Yusuf Murangwa, Minister of Finance of the Republic of Rwanda."
18,"Cabinet Secretary for the National Treasury and Economic Planning, Hon. FCPA John Mbadi,held a discussion his Rwandan counterpart, Mr. Yusuf Murangwa, Minister of Finance of the Republic of Rwanda, on the sidelines of the 2025 IMF/World Bank Spring Meetings in Washington, D.C.

The engagement by the two Ministers preceded a high-level trilateral consultation between Kenya, Uganda, and Rwanda attended by Mr. Ramathan Ggoobi, Permanent Secretary and Secretary to the Treasury of Uganda; Dr. Chris Kiptoo,CBS, Principal Secretary for the National Treasury of Kenya; and other senior officials."
18,Articles
18,Launch of the Gross County Product 2019 Report
18,"Quarterly Gross Domestic Product Report First Quarter, 2019"
18,"Economic activity was notably subdued in the first quarter of 2019 relative to the performance recorded in the same quarter of 2018. During the period, the economy expanded by 5.6 per cent compared to 6.5 per cent in the corresponding quarter of 2018. The growth, albeit significantly slower than that of the first quarter of 2018, was mostly supported by growths in the service sector industries such as wholesale and retail trade, transportation, accommodation and food services, financial and insurance activities. The quarter was characterized by slowdown in agricultural activities following delay in the onset of long rains. The agriculture, forestry and fishing sector grew by 5.3 per cent compared to a growth of 7.5 per cent in the first quarter of 2018. The slowdown in agricultural growth somewhat affected agro-processing and consequently led to slowed manufacturing activities during the review period.

Quarterly Gross Domestic Product Report First Quarter, 2019"
18,Mr. Washington Okoth
18,"Secretary ICT, Digital Economy and Emerging Technologies Directorate"
18,"Secretary ICT, Digital Infrastructure Directorate"
18,About National Assets and Liability Management
18,NALM
18,"The National Treasury has a mandate and opportunity to fundamentally change this Country in how Government Assets are acquired and managed to advance development & service delivery to the public in general. This includes proper record keeping and reporting that enhances openness and accountability of Public Assets

Vision"
18,Aims of Management of Assets and Liabilities
18,"Quarterly Balance of Payments Second Quarter, 2018"
18,Further improvements are even possible
18,"Finally, my potato business has become much less risky than before. My potato cost price has dropped dramatically due to the higher yields per acre. This means that I am much better protected from unforeseen setbacks in for instance yields (due to poor weather conditions) and / or changes in market demand during any given season. My yield and / or sales price could drop significantly and still my business remains profitable. I am proud to say I have become a successful potato entrepreneur!"
18,Foreign investment survey 2018
18,Last Mile County Connectivity Project (LMCCP)
18,"The County Connectivity Project was initiated to lay the foundation of a new e-government strategy in Kenya as part of a constitutional imperative to devolve governmental power to the 47 counties. The overall objective was and remains to ‘improve access to government services for all citizens’. To enable this, each county required secure connections to the Kenya National Optical Fiber Backbone Infrastructure (NOFBI), which in turn required a voice and data IP network and IP telephony infrastructure throughout the entire country.

Phase I: Was implemented in the year 2012-2013. Twenty-eight (28) plus the capital city of Nairobi were connected for voice and data applications into the national private governmental voice and data network (NOFBI)."
18,Directorates in ICT and Digital Economy
18,"Directorates/DepartmentsThere are three (3) technical directorates and 10 support services departments that oversee the implementation of this plan. The key mandates/functions of the Directorates/Departments are outlined below:

General AdministrationThe Directorate is responsible for coordination of all administrative functions in the Ministry. The Departments/ Divisions under General Administration comprise the following: Administration, Finance, Central Planning and Project Monitoring Department (CPPMD), Accounts, Human Resource Management and Development, Public Communications, Supply Chain Management, ICT, Internal Audit and Legal Services."
18,Our Contact Details
18,"State Department of Vocational and Technical Training

P.O BOX 9583-00200 Nairobi, Kenya"
18,Send us a message now
18,"Standard Scholarship Application Form

COMPETITIVE SELECTION OF CANDIDATES FOR THE RUSSIAN GOVERNMENT"
18,How does one calculate installment tax?
18,What is Installment Tax?
18,"This may be done in either of the two ways:

Prior year basis – Prior year tax payments are multiplied by one hundred and ten per cent."
18,How does one pay installment tax?
18,Public Notice – National Retirement Benefits Policy
18,National Retirement Benefits Policy
18,Template for Receiving Comments on the Proposed Amendments to the CBK Act
18,History
18,"Immediately after independence, the Government established Diplomatic Missions in London, Moscow, Bonn (Germany) Peking (currently Beijing), Cairo ,Washington/New York (UN)and Paris. By 1969, other diplomatic missions were established in Addis Ababa, Lusaka, New Delhi and Tokyo.

From 1978 onwards, more Missions were opened in different parts of the world."
18,"Courtesy call on the Cabinet Secretary Hon. FCPA John Mbadi by the Kenya Methodist University (KeMU) Chair of the Board of Trustees, Rev. Prof. Samuel Kobia, together with Rev. Catherine Mutua, Chairperson of the University Council; Vice-Chancellor, Rev."
18,"This morning, the Kenya Methodist University (KeMU) Chair of the Board of Trustees, Rev. Prof. Samuel Kobia, together with Rev. Catherine Mutua, Chairperson of the University Council; Vice-Chancellor, Rev. Prof. John Kobia Ataya; and Hon. Rachael Ameso, Member of the University Council, paid a courtesy call on the National Treasury Cabinet Secretary, Hon. FCPA John Mbadi, at the Treasury Building."
18,Kenya Positions itself for assertive diplomacy at the 19th Ambassadors' Conference
18,"Kenya has signaled a more assertive and strategically aligned foreign policy posture, as President William Ruto used the opening session of the 19th Ambassadors’ Conference to outline an ambitious diplomatic agenda anchored in economic transformation, multilateral engagement, and geopolitical balance.

In a keynote address delivered in Nairobi, President William Ruto framed Kenya’s foreign policy as a critical instrument for advancing national development priorities, urging diplomats to recalibrate their missions toward tangible economic outcomes. He emphasized that diplomacy must increasingly serve as a “frontline engine” for trade expansion, investment attraction, and regional integration."
18,Mudavadi Pushes Legal Reforms and Unity to Bolster Kenya’s Diplomatic Strength
18,"Mudavadi Pushes Legal Reforms and Unity to Bolster Kenya’s Diplomatic Strength

Prime Cabinet Secretary and Foreign Affairs Minister Musalia Mudavadi has called for sweeping legal reforms, stronger institutional unity, and clearer strategic direction to enhance Kenya’s diplomatic effectiveness."
18,Trade Statistics Bulletin – First Quarter 2024
18,Quarterly Balance of Payments – Third Quarter 2024
18,Quarterly Balance of Payments – Second Quarter 2024
18,Trade Statistics Bulletin – First Quarter 2022
18,Quarterly Balance of Payments – Second Quarter 2022
18,Quarterly Balance of Payments – First Quarter 2022
18,African Statistics Day 2013
18,1. Introduction
18,Guidelines for Methanol Import Permit Application
18,"Section 43 of the Finance Act, 2025 amended Section 15 (1) of the Excise Duty Act, CAP 472 to require that any person or company importing, distributing, or handling methanol in Kenya must obtain a permit from the Kenya Revenue Authority (KRA).

These guidelines provide step-by-step instructions for taxpayers on how to apply for and maintain a valid methanol import permit."
18,2. Who Should Apply
18,How do I register for a PIN?
18,What documents should a Society submit while applying for PIN?
18,"1. Visit iTax, to initiate the process.

2. Click on New ""PIN registration"""
18,"1. NPO's shall state their PIN;

2. One PIN shall be issued to each person and it shall not be used by a person other than the person to whom it was issued."
18,Transactions for which a PIN is required
18,PIN Registration
18,"A PIN is a Personal Identification Number used while doing business with Kenya Revenue Authority, other Government agencies and service providers."
18,Do I need a PIN?
18,"VAT is an indirect tax that is paid by the person who consumes taxable goods and taxable services supplied in Kenya and/or imported into Kenya.

VAT on goods and services supplied in Kenya is collected at designated points by VAT registered persons who act as the agents of the Government. VAT on imported goods and services are paid by the importer."
18,Keeping Records
18,Input Tax Deduction
18,VAT registered persons are required to maintain proper records to support all transactions. These records may be maintained electronically.
18,Time of supply (tax point)
18,Step by step procedure for VAT Payment
18,Obligations of a VAT registered Taxpayer
18,"The system will generate a Payment slip which you will download and use to make the payment. A copy of the payment slip is sent to the taxpayer’s registered email address.

Make Payment through any of the following methods"
18,Electronic Tax Invoice
18,FAQ
18,Objective
18,"How do you become an NIFC firm?

Firms considering conducting business through the NIFC must apply for certification by the NIFC Authority. The NIFC Authority will provide a checklist of the required documentation and upon receipt will review and process all applications. Certification is open to both domestic and international firms as long as they meet the requirements. Firms proposing to conduct regulated financial activities such as banking or insurance will be required to follow the normal licensing and regulatory procedures."
18,Economic Survey 2022
18,The functions of the National Treasury include:
18,Children’s Nutritional Status
18,"Overall, 18% of children under age 5 are stunted, or too short for their age. Stunting is an indication of chronic undernutrition.

Five percent of children under age 5 are wasted, or too thin for their height. Wasting is an indication of acute malnutrition."
18,Women’s Nutritional Status
18,Tuberculosis (TB)
18,Multiple Sexual Partners
18,"Five percent of women and 4% of men think that all people with TB also have HIV.

Less than 1% of women and 1% of men had been diagnosed with TB in the past 12 months."
18,Male Circumcision
18,KINDIKI CLOSES AMBASSADORS' CONFERENCE WITH CALL FOR RESULTS-DRIVEN DIPLOMACY AND ECONOMIC TRANSFORMATION
18,"KINDIKI CLOSES AMBASSADORS' CONFERENCE WITH CALL FOR RESULTS-DRIVEN DIPLOMACY AND ECONOMIC TRANSFORMATION

Deputy President Professor Kithure Kindiki has called on Kenya’s diplomatic corps to adopt a sharper, results-driven approach to foreign policy, anchored on economic transformation, national stability, and strategic global influence."
18,2019 Census Backgrounder
18,Food security and potatoes
18,"Maize has been Kenya’s main crop for decades. However, it has also been under constant threat from disease ever since. This has occasionally resulted in massive yield losses and jeopardised food security in Kenya. Hence, around 2008, the Kenyan authorities decided to find a substitute for its dependency on maize and chose potato.

The reason for choosing potato is the fact it is one of the most sustainable crop providing the highest number of calories for the lowest volume of water and land area when compared with all other crops. In addition, its characteristics make it an excellent crop for crop rotation."
18,CS Hon. FCPA John Mbadi meets with Women Representatives and PS for Gender and Affirmative Action
18,"CS Hon. FCPA John Mbadi today met with Women Representatives and PS for Gender and Affirmative Action Anne Wang'ombe to discuss funding strategies for combating the rising cases of gender-based violence (GBV) and femicide.

The CS reaffirmed the government's commitment to protecting women and girls, ensuring justice, and driving cultural change to support women."
18,Monthly Bulletins
18,Medium Term Debt Management Strategy
18,PDMO Annual Performance Report
18,"Collecting, analysing and disseminating statistical data in Kenya"
18,KNBS Mandate
18,"The Bureau is the principal agency of the Government for collection, analysis and dissemination of statistical data and the custodian of official statistical information in Kenya"
18,The Bureau is responsible for;
18,"Circular On Guidelines for Preparation of The FY 2026-2027 And Medium-Term Budget

Guidelines For The Finalization of The FY 2026-27 And The Medium Term Budget"
18,2025
18,Training at our potato farm
18,"On-site training in collaboration with our partners at a location near you, where every aspect of potato farming is taught by an expert, be it related to seed, nutrition, crop protection or otherwise. These training courses take place on location during a specific season. For information about on-site training contact Constancel."
18,"Public Notice To All Plot Owners- Kahawa Phase I & II (L.R No 71/7)Submission of Documents, Ownership Verification &Issuance Of Titles"
18,Nairobi County Deepens Support for the Elderly as Partners Deliver Crucial Donations
18,Nairobi County’s Digital Economy and Startups sets bold agenda as In coming Chief Officer assumes office
18,Public Notice Tender addendum 1
18,Progress on Njiriri/Kariobangi South bus Terminus
18,Public Notice- Regularization Of Unauthorized Developments
18,Nairobi County launches festive giving drive to support children and older Persons in County Homes
18,"Public Wellness Message from H.E the Governor, Mike Mbuvi Sonko"
18,PUBLIC NOTICE :WEEKLY APPROVALS OF CONSTRUCTION PERMITS
18,INVITATION TO PUBLIC PARTICIPATION ON COUNTY FISCAL STRATEGY PAPER 2020
18,"Waiver of Single Business Permit for all New Businesses

General Inquiries"
18,Finding sustainable solutions to the traffic challenges facing Nairobi Central Business District
18,"Nairobi, 30th November 2024

Nairobi City County Transport and Safety Committee (CTSC) on Friday visited several areas in the Central Business District (CBD) in a bid to assess the traffic situation and also to identify key challenges affecting traffic and safety in the city Centre, as they work on laying the foundation for interventions to effectively address the challenges."
18,Public Notice- Owners/Tenants/Property Managements Agents Of Budlings given 90 days to Repaint their Buildings
18,Deputy Governor Njoroge Muchiri Commends PEPFAR’s Global Impact at 20th Anniversary Event Presided Over by President William Ruto
18,"NAIROBI: 28th November 2023

H.E. The Deputy Governor Njoroge Muchiri accompanied by County Executive for Inclusivity, Public Participation and Customer Service Dr. Anastasia Nyalita attended the 20th Anniversary of the President’s Emergency Plan for AIDS Relief (PEPFAR), an event that was presided over by The President of the Republic of Kenya H.E William Ruto. The event was organized by the Embassy of United States of America."
18,Public Notice – Disposal Of Unclaimed Bodies
18,"Governor Johnson Sakaja Presides Over Pass Out Parade for Third Cohort of Nairobi Firefighters, Announces Strategic Initiatives to Strengthen Disaster Management"
18,"Nairobi, 23rd January 2025

H.E Governor Johnson Sakaja accompanied by his deputy Njoroge Muchiri today presided over the pass out parade of the third cohort of 54 Fire fighters who underwent a 6-month training at the Nairobi County Fire and Disaster Management Academy in Kangundo road."
18,Appointment of Dr. John Ntoiti to head Nairobi County Revenue
18,"NAIROBI: 12th January 2024

Dr. John Ntoiti is the new Acting Director for Revenue at Nairobi City County Government. Dr. Ntoiti takes over from Mr. Shaban Asman who has retired."
18,Nairobi City County and WRC Safari Rally Kenya Forge Thrilling Partnership
18,"NAIROBI: 5th March 2024

Discussions are at an advanced stage between Nairobi City County and World Rally Championship Safari Rally Kenya on possible partnership between the two teams. Nairobi presents a unique opportunity to amplify the vibrant energy of the city and boost sports tourism. Nairobi will be hosting leg 3 of the rally and providing support services in various areas including environment and licensing, the capital city plans to showcase its dynamic urban landscape, cultural richness, and hospitality to a global audience of rally enthusiasts, teams, and visitors. The rally’s presence in Nairobi will not only inject excitement into the city but also stimulate economic activity in various sectors, including hospitality, transportation, and entertainment."
18,Nairobi county Liquor Department to host street festival….unveils county wide sensitization road show.
18,"Nairobi, 11th December, 2024

Nairobi County Executive for Business and Hustlers Opportunities, Dr. Anastasia Nyalita and Ag. County Secretary Godfrey Akumali jointly flagged off a road show truck, which will be used to sensitize Nairobi residents on the dangers of excessive alcohol consumption and abuse."
18,Nairobi County and FAO Collaborate to Advance Green Cities Initiative for Urban Wellbeing
18,"Nairobi, 19th March 2024

Nairobi City County Executive Committee Member for Green Nairobi Mr. Ibrahim Auma hosted Food and Agriculture Organization of the United Nations (FAO) Kenya representatives led by Simone Borelli who paid him a courtesy call to brief him on Green Cities Initiative(GCI); a Programme aimed at improving people’s wellbeing through increased availability and access to products and services provided by green spaces including urban and peri-urban forestry, agriculture and by sustainable food systems. “Green Cities Initiative aims to support cities make tangible impact on the health and wellbeing of people while actively addressing urbanization challenges by integrating urban agriculture, urban forestry and urban food systems into urban planning and enhancing knowledge sharing between cities.” Explained Mr. Simone; an Urban Forestry Officer from FAO’s Forestry Division and Green Cities Coordinator"
18,Stakeholders’ Meeting on HRIS-KE Integration Testing Held at Harambee House
18,"The State Department for Public Service and Human Capital Development convened a stakeholders’ meeting on 8th May 2026 at Harambee House, 11th Floor Boardroom, to prepare for the penetration and integration testing of the Human Resource Information System Kenya (HRIS-KE) with IFMIS, KRA, and other Government systems.

Chaired by Principal Secretary Dr. Jane Kere Imbunya, the meeting brought together representatives from key Government institutions and technical teams to discuss the agenda, implementation framework, system readiness, and coordination mechanisms required for the exercise."
18,THE 2019 KENYA POPULATION AND HOUSING CENSUS
18,"REMARKS BY Ms. ANNE WAIGURU, OGW, CABINET SECRETARY, MINISTRY OF DEVOLUTION AND PLANNING, DURING THE AFRICAN STATISTICS DAY CELEBRATIONS AT KICC ON TUESDAY 18TH NOVEMBER, 2014.

Principal Secretary (ies), KNBS Board Chairman, Other Board members, Director General, KNBS, Representatives of various Ministries, Representatives of Development Partners, Representatives of the Private Sector, Distinguished Guests, All Protocols observed, Ladies and Gentlemen, May I take this opportunity to welcome you all to the African Statistics Day which is celebrated on 18th of November, every year. This event was initiated in 1990 by the subsidiary body of the United Nations Economic Commission for Africa (UNECA) and the Joint African Conference of Planners, Statisticians, and Demographers."
18,‘Exploring Kenya’s Inequality: Pulling Apart or Pooling Together?’
18,"Kenya, like all African countries, focused on poverty alleviation at independence, perhaps due to the level of vulnerability of its populations but also as a result of the ‘trickle down’ economic discourses of the time, which assumed that poverty rather than distribution mattered – in other words, that it was only necessary to concentrate on economic growth because, as the country grew richer, this wealth would trickle down to benefit the poorest sections of society. Inequality therefore had a very low profile in political, policy and scholarly discourses. In recent years though, social dimensions such as levels of access to education, clean water and sanitation are important in assessing people’s quality of life. Being deprived of these essential services deepens poverty and reduces people’s well-being. Stark differences in accessing these essential services among different groups make it difficult to reduce poverty even when economies are growing. According to the Economist (June 1, 2013), a 1% increase in incomes in the most unequal countries produces a mere 0.6 percent reduction in poverty. In the most equal countries, the same 1% growth yields a 4.3% reduction in poverty. Poverty and inequality are thus part of the same problem, and there is a strong case to be made for both economic growth and redistributive policies. From this perspective, Kenya’s quest in vision 2030 to grow by 10% per annum must also ensure that inequality is reduced along the way and all people benefit equitably from development initiatives and resources allocated. Since 2004, the Society for International Development (SID) and Kenya National Bureau of Statistics (KNBS) have collaborated to spearhead inequality research in Kenya. Through their initial publications such as ‘Pulling Apart:Facts and Figures on Inequality in Kenya,’ which sought to present simple facts about various manifestations of inequality in Kenya, the understanding of Kenyans of the subject was deepened and a national debate on the dynamics, causes and possible responses started.The report ‘Geographic Dimensions of Well-Being in Kenya:

Who and Where are the Poor?’ elevated the poverty and inequality discourse further while the publication ‘Readings on Inequality in Kenya: Sectoral Dynamics and Perspectives’ presented the causality, dynamics and other technical aspects of inequality. KNBS and SID in this publication go further to present monetary measures of inequality such as expenditure patterns of groups and non-money metric measures of inequality in important livelihood parameters like employment, education, energy, housing, water and sanitation to show the levels of vulnerability and patterns of unequal access to essential social services at the national, county and constituency levels. We envisage that this work will be particularly helpful to county leaders who are tasked with the responsibility of ensuring equitable social and economic development while addressing the needs of marginalized groups and regions. We also hope that it will help in informing public engagement with the devolution process and be instrumental in formulating strategies and actions to overcome exclusion of groups or individuals from the benefits of growth and development in Kenya. It is therefore our great pleasure to present ‘Exploring Kenya’s Inequality: Pulling Apart or Pooling Together?’"
18,Film Industry Satellite Account Survey (FISA 2022)
18,Notice For Public Participation For Nairobi City County Government Open Partnership Action Plan (OGP)
18,"Click on this link to access the Nairobi City County Open Government Partnership Local Action Plan 2024 – 2027 (Draft)

General Inquiries"
18,"ADDENDUM 2 - The National Government Affirmative Action Fund Supply and Delivery of Sanitary Towels to Public Primary and Junior Secondary Schools by Local Manufacturers and AGPO Category (YOUTH, WOMEN AND PWD)"
18,"Request For Proposal for Provision of Upgrading, Configuration, Training, Commissioning, and Support for Enterprise Resource Planning (ERP) System Phase II (Business Dynamic)"
18,Construction of a Decentralized Treatment Facility of 50m3day treatment capacity
18,The National Irrigation Authority (Authority) National Open Tender Notices
18,Kenya Petroleum Refineries Limited Invitation to Tenders
18,The National Irrigation Authority National Open Tender Notices
18,The National Youth Service Tender Notices
18,The National Government Affirmative Action Fund (NGAAF) Invitation To Tenders
18,Changamwe Sub-County Tender Notice 2026-2028
18,Jomvu Sub-County Tender Notice 2026-2028
18,Nyali Sub-County Tender Notice 2026-2028
18,The Kenya Plant Health Inspectorate Service (KEPHIS) Invitation to Tenders
18,The Communications Authority of Kenya (CA) National Tender Notices
18,The Affordable Housing Board (AHB) Tender Notices
18,Proposed Construction Of An Administration Block With 6 No. Classrooms And A Twin Lab At Kenga Mupe Secondary School
18,Supply And Delivery Of Sanitary Towels To Public Primary And Junior Secondary By Local Manufactures And Agpo Group(Youth Women And Pwd)
18,"Proposed Vertical Extension of Kamwangi Police Station, Ground Floor and First Floor to Completion"
18,Moi Teaching and Referral Hospital (MTRH) Tender Notices
18,Our Lady of Mercy Ngarariga Girls Secondary School Tender Notice for interested and eligible suppliers for Registration of Suppliers & Service Providers
18,Addendum For Provision of Legal Services
18,"Tender For Design, Supply, Installation Configuration Commissioning and User Training of Enterprise Resource Planning (ERP) system"
18,"Supply, Installation, Testing and Commissioning of New Solar PV systems in the public Secondary Schools"
18,Provision of Training - Driving Course- Light Vehicles (Manual Saloons)
18,Provision Of Printing And Distribution Services For Mygov Publication:Other Public Sector Publications 2026
18,Selection of an individual Consultant for Review and Enhancement of the Kenya Labour Market Information System (KLMIS)
18,Head of Public Service urges civil servants to serve citizens diligently
18,"A good civil service stands as the backbone of a just and prosperous society and places public interest at its core.

Head of Public Service Felix Koskei reiterated that good civil servants listen to the people they serve, seeking feedback and involving citizens in decision-making to ensure services meet real needs, saying good civil service is fair and inclusive."
18,KNBS unveils committee to enhance data management
18,"The Kenya National Bureau of Statistics (KNBS) has launched the Migration and Displacement Data and Statistics Technical Working Committee (TWC) aimed at improving the country’s ability to track and analyze migration trends.

This effort seeks to bridge data gaps and support evidence-based policymaking to drive national development."
18,Stakeholders rally Africa to invest in research and innovation
18,"Speaking at the African Research Initiative for Scientific Excellence and Sustainable Development (ARISE-SD) conference in Ghana, he noted that despite the continent’s vast potential, investment in research and development remains significantly below the global average.

“We committed to spending one per cent of our GDP on research and development, yet the current average across the continent stands at only 0.42 per cent, compared to the global average of 1.7 per cent. We must reverse this trend,” the CS said."
18,Government embarks in reforming TVETs to empower a skilled workforce
18,"Bernard Munyao and Catherine Kamunyo (KNA)

The Government has made progress in reforming the Technical and Vocational Education and Training sector (TVET) to align it with global trends."
18,Sagana Special Economic Zone to be operational from May
18,"KNA by Mutai Kipngetich

Trade and Investment Cabinet Secretary (CS) Lee Kinyanjui has announced that the Sagana Special Economic Zones and aggregation centers will be operational by May this year."
18,Re-Advertisement; Request for Proposal for Development of a New 5 Years Strategic Plan
18,Salaries and Remuneration Commission Tender notices
18,The Ethics and Anti-Corruption Commission (EACC) Invitation to Tenders
18,"Robust Teacher Management System (Upgrade, Support and Maintenance of Teacher Management Information System)"
18,Provision Of Consultancy Services to Support the Analysis of Teacher Performance Appraisal and Development Data from The Year 2021 TO 2023)
18,Provision Of Cleaning and Fumigation Services to National Police Service Commission Headquarter and Regional Offices (Reserved for Women)
18,The Ethics and Anti-Corruption Commission (EACC) Tenders
18,Food Authority eyes Sh3.6 billion in Kenyan horticultural exports to Italy
18,"Provision of Enterprise Unified Communication System, Licensing, Maintenance and Support on Opex Model (Contact Center as a service by the vendor) For a period of 3 years (Renewable) & Provision of Microsoft Licences, Cloud Services, Advisory and Support"
18,"Proposed Erection and Completion of Twin Workshop, Classrooms and Offices Block (2-storey) at Suna West Technical and Vocational College–Migori County & Proposed Completion of Twin Workshop at South Mugirango Technical and Vocational College–Kisii County"
18,Tender Invitation For the Proposed Installation of 280 No. Executive Auditorium Seats in the Lower Level Auditorium & Completion of Construction of the Tuition Block for the University of Embu
18,Why Kenya’s story needs to be told to the world afresh
18,"It is one thing to have fodder to power riveting stories on whatever subject but quite another to master the art of creating beguiling digests from nuggets that Kenya’s landscapes, cultures, culinary marvels, wildlife and people easily afford.

Yet we hardly create persuasive yarns on why Kenya is arguably Africa’s Shangri-La brimming as it does with hardly explored gems that can inspire many a modern-day adventure seeker given our range of unique and authentic offerings."
18,2025 finance bill is a game changer: great gains for Kenyans in different walks of life
18,"The much awaited finance bill 2025 if finally out. The social media has been awash with fake proposals in order to incite Kenyans against the government.

In fact, the timing of the recent documentary on BBC is suspect, noting very well that they deliberately carried a one sided story in order to advance a certain narrative."
18,"Nairobi has the best diverse shopping areas in East Africa providing access to many local and international brands, products and services. Business Bay Square Mall in Eastleigh, is the largest shopping mall in East Africa, followed by Two Rivers and Garden City shopping malls respectively. Other key shopping Centres include Village Market, Galleria, Sarit Centre, Kazuri Beads among others.

Maasai Market in Nairobi provides a perfect chance for travellers to acquire a variety of Kenyan-made souvenirs and gifts. This sought-after market offers a diverse selection of items, including curios, paintings, drawings, clothing, fabrics featuring East African prints, jewelry, and wood carvings."
18,CITY STADIUM RENOVATIONS AS PER 11TH SEPTEMBER 2019.
18,"The Government through the Department of Children Services in collaboration with the Kenya National Bureau of Statistics conducted a national survey that measured the prevalence, nature and consequences of physical, emotional and sexual violence against children in Kenya in 2019.

The Violence against Children (VAC) Survey was a national household survey targeting females and males aged 13-24 years and heads of households with females and males aged 13-24 years. HIV testing and counseling was offered to those aged 15-24 years by trained counselors based on national testing algorithm. According to the survey, 62.6 percent of females experienced multiple incidences of sexual violence in childhood."
18,"A Peer Review Team composed of members from South Africa and Tanzania is in the Country to evaluate the performance of the National Statistical Systems (NSS)which is coordinated by the Kenya National Bureau of Statistics (KNBS). The Team arrived in the Country on Sunday 13th September, 2015 and started the scheduled meetings on Monday the 14th September, 2015. The Team will complete its peer review meetings on Friday 18th September, 2015. The Team is in the Country to share experiences and good practices between the participating Countries on NSS. The Team which is composed of two Director Generals of the Statistical Bodies from South Africa and Tanzania respectively is accompanied by a consultant who is a former employee of the World Bank and a representative from the African Union based in Addis Ababa, Ethiopia. Kenya has been selected for peer reviewing of the National Statistical Systems this year. The Peer Review Team will mainly focus their discussions on the governance of the NSS, funding and sustainability, Strategic Planning and also Services offered to data users among other areas. During their five day visit, the Team Members will not only meet with the KNBS Heads of Directorates and Board of Directors but will also meet with other different groups ranging from the Cabinet Secretary for Devolution and Planning, the Government Line Ministries, other Government Agencies, Development Partners, Private Sector and the Media fraternity. The Peer Review will support and assist Kenya to improve her policies on NSS, to adopt best practices, and also to adequately comply with the standards, and principles established internationally. In addition, the Peer Review is expected to offer the participants an opportunity to reflect on their own performance and to change their ways of doing things for better and quality service delivery."
18,Lobby introduces lactation rooms in schools to support teachers
18,"County integrates traditional knowledge, science in weather forecasting"
18,Yiaku to get recognized as a tribe in Kenya
18,"As the country observed the International Day of Minority, the Yiaku community in Laikipia County was assured allocation of government opportunities through affirmative action.

Head of Public Service, Felix Koskei, speaking at Kurikuri, Laikipia North Sub-County said the Yiaku people would get equal share of employment in the public service just like any other communities in the country."
18,2009 Kenya Population and Housing Census: VOLII Population and Household Distribution by Social Economic Characteristics
18,"The Internship program is targeting the young professionals particularly the young graduates with a bachelor degree certificates and having obtained the said qualification not more than two years before the date of this advertisement

The project aims to build capacity of the professionals serving in the water sector for sustainability of the project impact."
18,Nairobi City County’s’ liquor Department Holds First Stakeholder Forum In Embakasi West Sub-County – Marking A Significant Step Towards Strengthening Relations Between The Department And Its Stakeholders
18,"Nairobi: October 30, 2024

The Nairobi City County Government’s Liquor Department today held its first stakeholder’s forum for Embakasi West Sub-County at the Umoja 1 Swimming Pool Hall."
18,Rebuilding Hope: How Nairobi City County and Redeemed Evangelistic Church Helped a Widow Rise from the Floods
18,"Nairobi: 19th October 2024

The Nairobi City County’s Social Services sub sector, in partnership with the Redeemed Evangelistic Church in Huruma, has been actively involved in supporting vulnerable individuals affected by various social and environmental challenges. A notable case of this collaboration is the reintegration of 70 year old grandmother Patricia Apiyo Oloo, a widow who faced significant hardship after her house was demolished due to its construction on riparian land in Mathare, Ruaraka Sub County, a zone prone to environmental risks such as flooding."
18,PUBLIC NOTICE ON PRE – BIDDERS CONFERENCE.
18,"KINDLY FOLLOW THIS LINK TO GET MINUTES OF PRE-BID CONFERENCE HELD ON 7TH MARCH 2023 AT KENYATTA INTERNATIONAL

General Inquiries"
18,PUBLIC NOTICE – RELOCATION OF PICKING AND DROPPING POINTS FROM CENTRAL BUSINESS DISTRICT(CBD) TO GREEN PARK TERMINUS.
18,Public Notice – Valuation Roll
18,Public Notice – Land Rates 2023
18,Nairobi City County youth promoting urban agriculture named Food Chain Global Champion.
18,"Nairobi, 25th November, 2022 Nairobi based Food safety, systems and security specialist Samuel Ikua, a Nairobi youth has won the Food Chain Global Champion Award 2022 for promoting urban agriculture in Nairobi in partnership with Nairobi County Food and Agriculture Sector.

This was a global competition that saw Nairobi take the first position."
18,"KISM invites applications for those deserving recognition as esteemed Fellows (F.K.I.S.M), the highest professional recognition awarded by the Institute in line with Section 3A of the Supplies Practitioners Management Act, 2007."
18,County Executive Committee Member Leads TWG Meeting to Finalize Nairobi City County Child Protection and Safeguarding Policy in Collaboration with World Vision
18,"NAIROBI: 19th FEBRUARY 2024

County Executive Committee Member for Talent Skills Development and Care today joined the TWG (Technical Working Group Meeting) to finalize the Child Protection and Safeguarding Policy and align it with the County Attorney’s remarks before presentation to Cabinet. The subsector has been working on in partnership with World Vision and the National Government. World Vision are the main sponsors of the policy."
18,"Terms: Sponsored Training with Self-Employment Opportunity Post-Training

Application Requirements; Submit:"
18,Kenyans urged to buy insurance covers
18,"Kenyans have been urged to buy in surance policy covers to mitigate the effects of unforeseen risks even as insurance penetration remains low in the country.

Kenya ranks fourth in Africa after South Africa, Namibia and Morocco in insurance penetra tion, and the 42nd in the world, with a rate of only 2.4 per cent."
17,Kephis certified seed potatoes
17,"Good Agricultural Practices (GAP) are another essential aspect since potatoes are a very sensitive crop requiring maximum care and attention. We therefore ensure a continuous transfer of knowledge and skills from our team to the farmers.

In recent years, we have been training numerous farmers at their location and our Smallholder Potato Centre (SPC) in Nakuru. Improving GAP through the mutual transfer of knowledge and skills will lead to an increase in the profitability of potato farming.We offer the following training methods:"
17,State Department for Foreign Affairs.
17,"The Ministry presently oversees 70 Diplomatic Missions Abroad, 2 Missions in Nairobi and 33 Honorary Consuls spread across the globe.

The Ministry also serves more than 70 Foreign Diplomatic Missions resident in Nairobi and 148 Inter-Governmental and International Organizations hosted in the country."
17,Foreign Affairs Ministry Reviews Diplomatic Gains to Deliver Greater Benefits to Kenyans
17,Kenya and South Africa Strengthen Bilateral Relations Through Six New Cooperation Agreements
17,Kenya Mounts Strategic Push for Justice Njoki Ndung’u’s ICC Bid
17,Applicability of Insurance Relief to Contributions made to the Social Health Insurance Fund (SHIF)
17,"Following the implementation of the Social Health Insurance Act, The Kenya Revenue Authority (KRA) would like to provide clarity on the applicability of insurance relief to contributions made to the Social Health Insurance Fund (SHIF) as follows:-

The Tax Laws (Amendment) Bill, 2024 has proposed an amendment to the law to provide for a deduction of the SHIF contributions against taxable income."
17,"For further inquiries, you can reach out to our Call Centre on Tel: 020 4 999 999; 0711 099 099; 0709013067 or Email: CBClicensing@kra.go.ke"
17,"PUBLIC NOTICES 27/06/2025

Address"
17,"Q1,2022 Trade Statistics Bulletin"
17,CONSUMER PRICE INDICES AND INFLATION RATES FOR AUGUST 2022
17,CONSUMER PRICE INDICES AND INFLATION RATES FOR JULY 2022
17,"The Draft Income Tax (Advance Pricing Agreement) Regulations, 2025 and the Draft Income Tax (Minimum Top Up Tax) Regulations, 2025"
17,"In compliance with the Statutory Instruments Act, Cap. 2A, the Commissioner General, on behalf of the Cabinet Secretary, the National Treasury and Economic Planning, has developed the following draft regulations:

1. The draft Income Tax (Advance Pricing Agreement) Regulations, 2025."
17,CONSUMER PRICE INDICES AND INFLATION RATES FOR AUGUST 2021
17,National Statistical System Bulletin 2020
17,Quarterly Gross Domestic Product Report 3rd Quarter
17,Ongoing Investigations on KRA staff
17,"The Kenya Revenue Authority Board notes some concerns regarding the ongoing investigations into fraudulent practices by staff in the discharge of their duties.

The Board wishes to confirm that the ongoing investigations are an initiative of the Kenya Revenue Authority and relevant National Government investigative agencies. This should therefore neither be characterized as a personal agenda driven by specific individuals within the Authority nor as a scheme targeting groups or categories of staff."
17,KRA intercepts contraband goods in Homabay County
17,"The Kenya Revenue Authority (KRA) in partnership with other government enforcement agencies have seized illicit liquor worth approximately one million in Mfangano Island, Homabay County.

The illicit goods were seized from a trader who is believed to own several warehouses in the Island for flouting various regulations that govern importation and sale of such products in the country."
17,KRA Western Region Coordinator
17,KRA Executive Appointments
17,"The Kenya Revenue Authority (KRA) Board has appointed two senior executives as part of the ongoing organizational transformation programme.

The Board appointed Mr. Paul Muema Matuku and Dr. Fred Mugambi Mwirigi to serve as Commissioner of Legal Services & Board Coordination and Head of Kenya School of Revenue Administration (KESRA), respectively."
17,KRA wins case to collect Withholding Tax amounting Ksh.33.5 Million taxes
17,"Kenya Revenue Authority (KRA) has won a case to collect Withholding Tax amounting to Ksh.33,534,855.00 from Kenya Nut Limited.

KRA had filed an appeal at the Court of Appeal challenging the High Court decision to stop Kenya Nut Limited from paying the taxes on commissions paid to its overseas agents."
17,KRA moves to High Court against Tax Appeal Tribunal (TAT) judgement over Ksh. 4.8 billion tax
17,"Kenya Revenue Authority (KRA) has appealed to the High Court against the Tax Appeals Tribunal (TAT) judgment in a case between the Authority and Roshina Timber Mart Limited.On 26th February 2020, TAT delivered a judgment in favor of KRA agreeing with the Authority that failure to keep, retain or maintain records is as offense under Section 93 of the Tax Procedures Act and therefore allowing input tax recovery would amount to aiding criminal conduct.

In the case between Roshina Timber Mart Limited vs Commissioner of Domestic Taxes, the Tribunal found further that the VAT Act 2013 is clear that for input tax to be allowable, it must have been incurred for the purposes of the business or to make taxable supplies. It therefore follows that where the input tax is not for the purpose of the business or incurred in the course of making supplies then it is disallowable."
17,KRA wins case to collect over Kshs. 27 million from distributor
17,"The Kenya Revenue Authority (KRA) is set to collect taxes of Kshs. 27 million following a decision by the High Court on 22nd June, 2020 in an appeal filed by Tumaini Distributors Company Limited earlier this year against a decision of the Tax Appeals Tribunal rendered in 2019.

In September 2016, KRA conducted an examination into the affairs of Tumaini Distributors Company Limited and established that there was an under declaration of sales for VAT purposes. Having failed to provide evidence on account of VAT and expenses claimed in the income statement, KRA raised additional assessment of Kshs 27,080,973.08."
17,"Tax transactions and compliance has been made easier for taxpayers as Kenya Revenue Authority (KRA) introduces a mobile phone application that simplifies access to various KRA services.

Branded as KRA M-Service App, the system enables taxpayers to access various services offered by the Authority such as taxpayer registration and verification, filing of returns and payment of tax."
17,"PRESS RELEASE 27/10/2020

Did you find this content useful?"
17,SMES to benefit from launch of inland transit CFS
17,"Small traders (SMES) are set to benefit from a joint initiative between Kenya Revenue Authority (KRA) and Kenya Railways Corporation (KRC) following the launch of a Container Freight Station (CFS) by his Excellency President Uhuru Kenyatta at the KRC Transit shed, Nairobi.

The shed also known as ‘Boma line’ has been set to up as part of government efforts to facilitate and enhance ease of doing business. The facility will also reduce cost of doing business for small traders."
17,"PRESS RELEASE 11/04/2021

Did you find this content useful?"
17,"The Kenya Revenue Authority (KRA) has won a Kshs 9.3 billion tax case against Paleah Stores Limited in a judgment delivered on 22nd January 2021 by the Tax Appeals Tribunal. The amount constitutes of Kshs 1, 361, 746,295 corporation tax and Kshs 7,891,387,842 in value added tax inclusive of interest and penalties. Paleah Stores Limited had appealed to the Tribunal in May 2017 contesting assessment and demand of the taxes by the KRA for the years of income 2008 to 2014.

Paleah Stores Limited admitted in its statement of facts before the Tribunal that it was a victim of bad professional advice leading to its accounts and tax returns not reflecting the correct position of its operations for the stated years. It however contested the tax assessments on the grounds that KRA did not consider its input tax claims, operational expenses and that the computation of the taxes was unfair. The tax assessments and demands arose out of an investigation and a tax audit carried out on Paleah Stores Limited by KRA for the years of income 2008 to 2014. Based on Paleah Stores Limited’s appeal, the Tribunal framed three issues for determination."
17,"PRESS RELEASE 27/01/2021

Did you find this content useful?"
17,KRA destroys contraband goods worth more than Ksh 1.0 Billion
17,"Kenya Revenue Authority (KRA) in collaboration with the multi-agency team against illicit trade has today destroyed illicit excisable products with a market value of Kshs.1 billion at Stoni Athi, Kajiado County.

The products seized from various traders in Nairobi and its environs, were being sold in contravention of the Excise Duty Act and various regulations and would have resulted to a loss of taxes worth over Kshs. 400 million."
17,"Kenya Revenue Authority (KRA) is set to collect tax of Kshs. 79,285,945 following a decision by the Tax Appeals Tribunal in an Appeal filed by Standard Chartered Insurance Agency Limited.

KRA did an audit on Standard Chartered Insurance Agency Limited for the years 2015 to 2018 and raised an assessment for Kshs. 79,285,945 in respect of Corporation Tax, Withholding Tax and Excise Duty which was confirmed vide an objection decision on 4th October 2019."
17,KRA records a 31% increase in the number of tax disputes resolved through Alternative Dispute Resolution
17,"Kenya Revenue Authority’s (KRA) Alternative Dispute Resolution (ADR) successfully resolved three hundred and nineteen (319) cases during the first half of this financial year, compared to two hundred and forty-three (243) cases resolved during a similar period in the last financial year. This signifies a 31% growth in the number of cases resolved. KRA received five hundred and fifty-nine (559) ADR applications between July and December 2021 compared to four hundred and ninety-three (493) ADR applications received during the first half in the Financial Year 2020/2021, a growth of 13%.

The growth in the number of applications to ADR not only signifies an outstanding performance but also confirms the growth in the number of taxpayers who are increasingly embracing ADR in preference to other dispute resolution mechanisms such as litigation processes."
17,"The Kenya Revenue Authority (KRA) has been allowed to demand KShs. 643 million tax after Tax Appeal Tribunal dismissed a tax appeal filed by Central Rift Valley Water Development Agency to challenge an assessment of withholding tax amounting to KShs. 643,394,426.

The assessment is based on the failure by the Agency to deduct taxes when it was paying CMC Di Ravenna, an Italian company contracted to undertake the Itare Dam Water Supply Project and Aspen International SPRL of Belgium that was contracted to undertake the Sabor Iten Tambach Water Supply Project."
17,KRA to collect Kshs. 6.8 trillion in the next three years.
17,"Kenya Revenue Authority (KRA) is estimated to collect Kshs. 6.8 trillion over the period 2021/22 to 2023/2024 financial years. According to KRA, through its 8th Corporate Plan whose theme is Revenue mobilisation through tax simplification, technology-driven compliance and tax base expansion, that was launched today at Times Tower, Nairobi, it is expected that the exchequer revenue will rise from Kshs. 1.76 trillion in 2021/22 to Kshs. 2.5 trillion in 2023/24.

Through the target revenue collection, the Authority is expected to sustain an annual average growth of 16.9 per cent over the period in which nominal GDP growth is also projected to grow at 11.2 per cent."
17,KRA Customs officers intercept live crabs at JKIA worth Kshs. 1.2 Million
17,"Kenya Revenue Authority (KRA) Customs officers based at Jomo Kenyatta International Airport (JKIA) in liaison with officers from the Multi-Agency Team have intercepted 5703 kilograms of live crabs worth Kshs. 1.2 Million packed in 282 cartons destined for export to China. Crabs are a restricted commodity for export out of the country.

Upon questioning, a clearing agent from Drenal Enterprises Limited informed the officers that the consignment originated from Kilifi County and was booked for export to China by Weida Investment Ltd. The clearing agent presented permit documents from the Kenya Fisheries Services (KFS) that were declared non-authentic by KFS."
17,Directors charged with KShs. 92 million tax evasion
17,"PRESS RELEASE 18/03/2022

Did you find this content useful?"
17,KRA destroys illicit beverages worth KShs. 30 million
17,"The Kenya Revenue Authority (KRA) has destroyed non-complaint beverages seized from the market worth KShs. 30 million and KShs. 3.4 million in taxes.

The products, comprising of various brands of bottled water totalling 243,000 litres, were destroyed at Weeco Recycling Industry EPZ Limited facility in Athi River. The beverages were seized in various operations around the country and had no stamps or were affixed with counterfeit excise stamps. The goods were confiscated by the Multi Agency Team as part of commitment to phase out noncompliant products from the market in compliance with various legal statutes including the Excise Duty Act 2015 and Excisable Goods Management System Act Regulations (EGMS)."
17,KRA Reassures Stakeholders of Enhanced Facilitation to Ease Way of Doing Business
17,"The Kenya Revenue Authority (KRA) has reassured stakeholders in the private sector of continued facilitation to eradicate bottlenecks and create a more conducive environment for business.

Speaking during the Ninth Tax Round Table meeting with members of the Kenya Private Sector Alliance (KEPSA), KRA Commissioner General affirmed the Authority’s commitment in simplifying its processes to facilitate their businesses."
17,"KRA Pledges to Facilitate Informal Sector Uphold Compliance, Tap Industry into Tax Base"
17,"Kenya Revenue Authority (KRA) has pledged to address challenges faced by informal sector in a bid to incentivize and onboard the sector players into the tax net.

Speaking during the 2023 Annual Tax Summit, KRA Commissioner General Mr Humphrey Wattanga said that the sector which is estimated to employ about 15 million people, accounting for 83 percent of the country’s total labour force, has a great tax potential and should be facilitated to uphold compliance."
17,Kenya Revenue Authority Challenges Court Order Against Ksh. 8b Tax Owed by Kenya Breweries Limited.
17,"Kenya Revenue Authority (KRA) has initiated legal proceedings to dispute and set aside a Court order restricting the collection of KShs. 8.2 billion in taxes owed by Kenya Breweries Limited.

The order was issued on April 28, 2023, by the High Court. This order came after an earlier 22nd January 2021 approval by The National Treasury and Economic Planning allowing the KBL to abandon the tax. However, the approval was revoked on 24th march 2023."
17,KRA Unveils Online Auction After Collecting Kshs 37.5 million During Piloting
17,"Kenya Revenue Authority (KRA) has today unveiled the online auction. The auction, which was previously a physical process, is part of KRA’s technological strategies aimed at streamlining tax administration procedures to enhance service delivery and improve revenue collection.

The unveiling follows a successful piloting of the online auction, through which KRA collected Kshs 37.5 million. The process will boost government efforts to decongest ports and ensure cargo is cleared in a timely and efficient manner."
17,Tax evaders charged in Nakuru and Nyeri
17,"Over ten suspects have been charged in Nakuru and Nyeri Law Courts for tax evasion offences resulting from illicit trade. The total tax implication in the cases is KShs.1 million. All the suspects were arrested by a multi-agency team in different locations following intelligence led investigations.

Seven suspects; Nahashon Ngugi, Boniface Munene Nyaga, Susan Mukami, George Otieno Ngugi, Michael Kinyua Njagi, Millicent Njeri and Dorothy Murugi were jointly charged with the offence of being in possession of excisable goods worth Kshs. 425,000 affixed with counterfeit stamps and manufacturing excisable goods without licenses contrary to the provisions of the Excise Duty Act. They all appeared before Principal Magistrate Hon. Isaac Orenge, denied the charges and were released on a Kshs. 1 million bond. The case shall be heard on 3rd October, 2023."
17,"KRA Surpasses Ksh 2 Trillion Revenue Milestone, Records 11.4% Growth in Nine Months"
17,"Kenya Revenue Authority (KRA) has surpassed the Ksh 2 trillion mark in cumulative revenue collection by the close of the third quarter of FY2025/26, collecting Ksh 2.038 trillion as at 31st March 2026 against a target of Ksh 2.122 trillion. This represents a performance rate of 96.1% and an 11.4% growth over the corresponding period in the previous financial year.

The performance reflects deliberate institutional reforms aimed at simplifying compliance, deepening digital integration, and embedding tax administration more seamlessly within everyday economic activity through data-driven administration. The upward trajectory from Ksh 1.829 trillion collected over the same period in FY 2024/25 signals resilience of the economy and resilience in revenue mobilisation."
17,KRA Waives Kshs. 140 Billion in Tax Penalties and Interest: A Lifeline for Taxpayers under the Tax Amnesty Program
17,"The Kenya Revenue Authority (KRA) is offering taxpayers an incredible opportunity to ease their tax burdens, having waived over Kshs. 140 Billion in penalties, interest and fines under the ongoing Tax Amnesty Program. With over 1.9 million taxpayers already benefiting, this initiative, launched on 27th December 2024, continues to provide relief to those who qualify.

The Amnesty program re-introduced in the Tax Procedures (Amendment) Act, 2024 provides a crucial opportunity for taxpayers to clean their tax records, offering a waiver on penalties, interest and fines for tax debts accrued up to 31st December 2023, underscoring KRA’s commitment to helping taxpayers resolve past tax issues without facing the full financial burden. The program runs until 30th June 2025."
17,KRA Thwarts Kshs 123 m Tax Fraud Involving Irregular Clearance of Rice Containers
17,"Kenya Revenue Authority (KRA) has successfully averted an attempt to defraud the government of Kshs 123 million in taxes through irregular clearance of 161 containers of rice at one of the Container Freight Station (CFS) in Mombasa.

The irregular clearance occurred between 1st August and 23rd August 2025. However, the anomaly was detected through routine audit checks, prompting immediate and decisive action by the Authority. KRA has since recovered the full amount of revenue that was at risk of loss."
17,KRA Announces Key Executive Appointments to Strengthen Technology Transformation and Tax Policy Analytics
17,"The Kenya Revenue Authority (KRA) is pleased to announce two strategic executive appointments approved by the KRA Board, as the institution accelerates its organisational transformation, technology modernization, and evidence-driven tax policy agenda.

1. Appointment of Commissioner for Business Strategy, Technology and Enterprise Modernization"
17,"President Ruto Hails KRA’s AI-Led Reforms, Honours Taxpayers for Upholding CompliancePresident Ruto Hails KRA’s AI-Led Reforms, Honours Taxpayers for Upholding Compliance"
17,"His Excellency Hon. William Samoei Ruto, has reaffirmed his government’s commitment to supporting the Kenya Revenue Authority (KRA) with the policies and resources needed to innovate, simplify processes, build public trust, and serve taxpayers more efficiently.

Speaking during this year’s Taxpayers’ Day celebrations held at State House, Nairobi, the President noted that KRA has made significant progress in innovation, highlighting that Kenya is among the earliest countries in Sub-Saharan Africa to integrate AI-powered risk engines into tax compliance, a development that places the nation at the frontier of modern public administration."
17,"Public Consultative Forums on Tax Laws (Amendment) Act 2018, EACCMA and EGMS"
17,"Kenya Revenue Authority (KRA) has organised a series of public and stakeholder consultative forums on the Excisable Goods Management System (EGMS), the Tax Laws (Amendment) Act 2018 and East African Community Customs Management Act (EACCMA). In this regard, KRA wishes to invite Manufacturers and Importers of Excisable Goods, Tax Agents, Representative Organizations and Members of the Public to the forums as follows;

Please confirm your attendance and participation through the Contact Centre on Telephone: 020 4 999 999, 0711 099 999 or Email: stakeholder.engagement@kra.go.ke"
17,"Collection, Declaration and Remission of Agency Taxes"
17,"Kenya Revenue Authority has noted with concern that some of the taxpayers charged with collection and remittance of agency taxes at times fail to collect or remit such taxes on time as required under the tax laws. Agency taxes include;

TAX"
17,"Following the publication of various draft regulations for public and stakeholder comments, Kenya Revenue Authority is inviting all relevant stakeholders to public participation forums to discuss the proposed regulations.

The forums target tax professionals, manufacturers and importers of excisable products, suppliers of vatable products and members of the public. The engagements will be held as per the schedule below:"
17,Withholding Taxes on Royalties
17,"Kenya Revenue Authority wishes to bring to the notice of the public that they ought to withhold tax when making payment for royalties. The Income Tax Act Cap 470 defines royalties as follows:

“Royalty” means a payment made as a consideration for the use of or the right to use:"
17,Phase out of unstamped products from the market in compliance with Excisable Goods Management System regulations 2017
17,"Kenya Revenue Authority reminds all licensed manufacturers, importers, distributors, retailers and general public that all bottled water, juices, energy drinks, soda and other non-alcoholic beverages manufactured in or imported to Kenya from 13th November, 2019 must be affixed with an Excise Stamp in compliance with Section 28 of Excise Duty Act 2015 and Legal Notice 53 of 30th March, 2017 (Excisable Goods Management System Regulations) as earlier notified through a Public Notice issued on 28th October, 2019 and further by a Public Notice dated 28th January, 2020.

Following consultations with the industry, KRA advises manufacturers, importers, distributors, retailers and the general public that;"
17,Temporary Importation of Road Vehicles and Foreign Vehicle Permits
17,"Pursuant to the East African Community Customs Management Regulation (EACCMR) 2010, (Regulation 136 and 137) and the Traffic Act, Rule 7A (3) the Kenya Revenue Authority (KRA) in collaboration with the National Transport and Safety Authority (NTSA) draws the attention of operators of foreign private motor vehicles in Kenya to the following requirements for application of Temporary importation of Road Vehicles and Foreign Permits authorization effective 15th December 2017.

Prior to gaining entry approval, the foreign operator from the East African Community (EAC) or Common Market for East and Southern Africa (COMESA) Countries must have a valid Temporary Importation of Road Vehicles Form (Form C32) which is issued at the Border Station."
17,Public Participation on Current Draft Retail Selling Prices (CRSP) April 2020
17,"Kenya Revenue Authority informs the public that in accordance with the court ruling on petition 190 of 2018 and article 47 of the Constitution, the Commissioner is required to conduct public participation on the Current draft Retail-Selling Price (CRSP) April 2020 before implementation of a new CRSP database.

The document has been uploaded on the KRA website and the public is encouraged to review and send their submissions and feedback to valuation@kra.go.ke and tradefacilitation@kra.go.ke by 7th May 2020."
17,Installation of e-fuels on Petroleum Tankers Conveying Petroleum Products Under Customs
17,"Kenya Revenue Authority wishes to notify stakeholders in the Petroleum Industry that monitoring of white petroleum products under customs control will strictly be done through the Regional Electronic Cargo Tracking System - RECTS.

The installation exercise commenced in July 2020. Sites for installation of Efuels gadgets onto petroleum tankers have been established in Nairohi,Eldoret and Kisumu."
17,"Pursuant to provisions of the Excise Duty Act, 2015 and the VAT Act 2013, Kenya Revenue Authority wishes to remind all manufacturers, importers, distributors, wholesalers and retailers of excisable goods and members of the public, to take note of the following:

KRA would like to remind all persons that non-compliance with the law will lead to imposition of sanctions and penalties as provided by the tax laws which may include; prosecution of offenders, closure of premises, seizure of excisable goods and their destruction at the cost of the offender."
17,"The Value Added Tax (Electronic Tax Invoice) Regulations, 2020 were gazetted on 25th September 2020 vide Legal Notice No. 189 of 2020. The regulations are aimed at facilitating administration of VAT through Electronic Tax Invoice Management.

Kenya Revenue Authority (KRA) wishes to inform the public that the roll out of the Electronic Tax Invoice pursuant to the provisions of the Value Added Tax (Electronic Tax Invoice) Regulations, 2020 shall commence on 1st August 2021."
17,Verification Rates - Q1 2023/2024
17,"Kenya Revenue Authority (KRA) is implementing initiatives aimed at improving both documentary and border compliance. One of the initiative is reduction of verification rate to 20%.

KRA wishes to notify the import and export trade stakeholders that the verification rates for ICDN and CFS for the period 1st July, 2023 to 21st September, 2023 are as follows:"
17,Public Participation On Valuation Of Used Motor Vehicles
17,"Kenya Revenue Authority (KRA) informs the public that in compliance with the court ruling on petition 190 of 2018 and article 47 of the Constitution, KRA is required to conduct public participation to obtain views on the Free on Board (FOB) Values for used motor vehicles before implementation of a new motor vehicle valuation database.

The importation of motor vehicles affects the public at large and in this regard, KRA is conducting engagement sessions with the motor vehicle importers value chain, the general public and any other interested party and are encouraged to send submissions and feedback."
17,Draft Statutory Instruments
17,"In compliance with the Statutory Instruments Act, Cap. 2A, the Commissioner General on behalf of the Cabinet Secretary, National Treasury and Economic Planning, has developed the following Rules:

Draft Income Tax Rules"
17,WAIVER OF INTEREST AND PENALTIES ON LATE FILING OF RETURNS; SECTION 89 (5A) (b)
17,"The Kenya Revenue Authority (KRA) sincerely appreciates Taxpayers for turning out in large numbers to file their income tax returns for the period ending 31st December 2024. The large turnout not only demonstrates the patriotism by Kenyans, but also the trust and faith you have bestowed on the tax administration.

Due to the high volume of taxpayers attempting to file their returns on 30th June 2025, the system experienced technical difficulties which disrupted the normal functioning of the return filing and payment services, preventing a number of taxpayers from submitting their returns on time."
17,"The National Treasury Cabinet Secretary, Hon. John Mbadi today appeared before the Senate Committee on Labour & Social Welfare"
17,"Performance Review & Prospects for Financial Year 2017/2018

Presidents Kenyatta, Museveni commission Busia OSBP"
17,Social media posts inspiring tax compliance says KRA
17,"The Kenya Revenue Authority (KRA) has confirmed a steady rise in the number of individual taxpayers rushing to verify their tax compliance status this week.

The rise has been attributed to a media article attributed to KRA Commissioner General Githii Mburu published this week confirming that the authorituy actively utilises technological solutions for tax compliance surveillance."
17,CPI and Inflation Rates for May 2016
17,2009 Kenya Population and Housing Census Analytical Reports
17,Financial Guidance & Support From WCG
17,Investors And Opportunities In Kenya
17,"For investors who are more exigent or who feel they need a more direct and personalized support there are several different financial companies out there. But possibly the best solution is to choose a flexible, open-minded and modern company like WashingtonCapitalGroup.com .

Washington Capital Group is based in Delhi, India, and its team is made of only educated and graduated financial advisors and expert traders and financial managers whose goal is to meet clients / investors’ goals."
17,Alignment Of Interests Between Clients & Company
17,"The Kenya National Bureau of Statistics will be releasing three products; new Consumer Price Index (CPI), new Producer Price Index (PPI) and four Quarterly Labour Reports on 31st March 2020.

PRESS STATEMENT BY THE DIRECTOR GENERAL, KENYA NATIONAL BUREAU OF STATISTICS, MR. ZACHARY MWANGI, EBS, ON THE CONSUMER PRICE INDEX, PRODUCER PRICE INDEX AND QUARTERLY LABOUR FORCE SURVEY"
17,What you Need to Know about Taxation of Cash Allowances
17,"In most cases, there are several incentives that are part of the employment income. The incentives may include cash emoluments paid in form of allowances. As the name suggests, these are employment perks paid by way of cash. Examples of such emoluments include leave pay, salary, wages, sick pay, payment in lieu of leave, fees, commissions, bonus gratuity, subsistence, travelling, entertainment or any other form of payment arising from employment or services rendered paid in form of cash. Employees who do not know that such payments are taxable are often surprised to note that tax deductions have been made on their final pay. Cash benefits are subject to taxation as provided for in Section 3 (2) (a) (ii) read together with section 5(2) (a) of the Income Tax, Cap 470.

Cash allowances made to employees may vary from one employer to another. In most cases, terms of employment and company policy determine the allowances that an employee shall be entitled from those provided above among others. On the other hand, the said policy, in addition to cash allowances shall specify other non-cash benefits which could either be taxable or exempt. This include employer’s contributions to NSSF or retirement benefit schemes, school fees taxed on the employer (exempt), facilities, advantages or benefits provided whose total value when not in excess of KShs. 3,000 is exempt but taxable wholly when it exceeds such per month."
17,ALL YOU NEED TO KNOW ABOUT VALUE ADDED TAX (VAT)
17,"The government collects revenue from its residents as well as applicable non-residents through taxation for purposes of running its operations. Kenya Revenue Authority (KRA), is a legalised body mandated to collect taxes on behalf of the Government of Kenya. VAT is one of the most significant revenues collected by the government. In this article, we are going to discuss more about VAT and how it works.

What is VAT?"
17,Tax implications on Cross Border Transactions
17,"Trading across borders is the norm in the world today. Technology has made it possible for companies to source and operate from anywhere in the world thereby increasing access to world markets. Consumers can order goods or services from anywhere in the world at a click of a button leading to an exponential growth of the e-commerce space. People can attend a conferences or even offer video and audio-based services across the globe from the comfort of their homes. The number of interactions and transactions across countries have risen tremendously with the value of global cross-border payments estimated to have increased from 21 trillion U.S. dollars in 2016 to 26 trillion U.S. dollars in 2020 (Statista[1]). In Kenya e-commerce (both domestic and cross border) is projected to reach 1.5 billion US dollars in 2021 (Statista[2]).

There is a growing interdependence of world economies and integration of cultures and populations. However, as world’s economies and businesses become more integrated, taxes remain jurisdictional. The cross-border transactions have tax implications. Domestic tax laws for each of the countries involved in a transaction apply independently. This may lead to double taxation where the same income is taxed more than once in different countries."
17,Transfer Pricing developments – Kenya’s experience
17,"Transfer pricing refers to the setting of prices for transactions occurring between associated entities. It is a common practice with globalization and growth in international trade. Transfer pricing manipulation increases the risk of capital flight and shifting of profits by multinational enterprises. Kenya has put up measures to protect her tax base from transfer pricing risks posed by cross-border transactions between related entities, through enactment and enhancement of tax legislation and administration.

Kenya’s transfer pricing legislation has been enhanced over the years. Section 18(3) of Income Tax Act is the basic legislation governing transfer pricing in Kenya, and has been in the Act since the Act’s enactment in 1973. The Section, however, remained largely untested for several years until the Unilever (Kenya) Limited case that was ruled in 2005. The case ruled in favor of Unilever, based on two main reasons: that there were no regulations to guide the application of Section 18(3) and that Section 18(3) was itself unclear, placing burden of proof on the Commissioner and not on the taxpayer."
17,Do you Know your Tax Obligation?
17,"History of Taxation

The permanence of death and taxes is not a new phenomenon in human civilisation. In fact, historians have argued that the roots of taxation can be traced back to ancient Egypt and ancient Greece. In colonial Kenya for instance, natives were subjected to a hut tax as a means of generating revenue for the colonial government. Today, Kenya operates using a self-assessment tax regime; this means that the government through the Kenya Revenue Authority (KRA) entrusts you to manage your tax affairs and be fully accountable by duly remitting tax due to the government voluntarily."
17,Kenya potato news
17,Our seed varieties
17,Partners
17,© Copyright Agrico | Disclaimer
17,But it is much more than that: it provides a detailed reporting of all the crop nutrition and crop protection materials used. Potato is a high value crop and it requires intensive management. This week to week reporting of used input materials thus continues until the moment of harvest. It delivers an integral & precise overview of the crop nutrition and crop protection materials that were used and when exactly.
17,"PSA is modern and highly mechanised potato farm, this means state of the art equipment is used for spraying. However from time to time farming equipment can become less accurate. Regardless if our staff pick the right materials and use them in the right quantities, the farming equipment can spray more or sometimes less crop protection products than needed. In order to assure the equipment actually sprays what is required, frequent calibration of the equipment takes place. If needed, spare parts are replaced to ensure all equipment is performing in the right manner. The results of frequent calibration checks are reported in a separate calibration report."
17,"Payment of taxes is one of the most universally disliked aspects of adult life. For many, the idea of handing over a portion of their hard-earned money to the government feels like an unwelcome burden, made worse by the fact that taxes are an inevitable and permanent part of our financial responsibilities. This narrative is often fueled by the perception that navigating tax procedures is confusing and overwhelming, leaving many in fear of facing penalties for unpaid taxes. At the heart of this frustration, however, lies a common thread: a lack of understanding of the tax process itself.

In today’s world, understanding taxes is essential. It is important to start taking an interest in the key aspects of tax compliance as early as 18 years old. This article aims to guide you on this informative journey, addressing common concerns that many citizens share."
17,30–40: The Middle Game
17,"Your 30s will strip away some illusions and replace them with calloused wisdom. You’ll think you’re hitting your stride — then life will surprise you with a sudden left turn.

That “generous” salary? It melts under the heat of rent, utilities, and the emergency repair for that car you once admired in the showroom. Friendships will deepen if you feed them; they’ll vanish quietly if you don’t. You’ll learn that saying yes to everything leaves no room for the things that actually matter."
17,Tax reliefs in Kenya (Personal and Insurance reliefs)
17,"We often ask ourselves, apart from the services and public utilities we enjoy as a result of paying taxes, what other benefits does the government offer to the taxpayers? Does the government give room for reduction of a tax burden?

The answer to this question lies partly in the Income Tax Act (cap 470), Section 30 which allows for personal relief at the rate determined under the third schedule. It is also found in Section 31 of the Income Tax Act, which allows for insurance relief on premiums paid for education policies, health policies or life insurance for resident individuals respectively. Personal and insurance reliefs form part of tax reliefs in Kenya. These incentives reduce the amount of tax one has to pay and are granted on a monthly basis."
17,KRA embarks on tax base expansion programmes to raise more revenue
17,"The Kenya Revenue Authority (KRA) is in the process of rolling out an elaborate tax base expansion programme aimed at yielding more than Sh60 billion in the current financial year.

The programme targets to recruit over 500,000 new taxpayers who have been out of the tax bracket."
17,KRA Board appoints Acting Commissioner General
17,"The KRA Board has appointed FCCA, CS Rispah Simiyu (Mrs), Advocate, EBS as the Authority’s Acting Commissioner General. The appointment was made following the resignation of FCPA, Githii mburu MGH, CBS who left KRA to pursue his personal interests. In bid to enhance revenue mobilization agenda and synergies in top management, the following changes were effected:

Mrs Pamela Ahago – Acting Commissioner for Customs & Border Control"
17,DRIVING INNOVATION FOR AFRICA'S PUBLIC SECTOR TRANSFORMATION
17,CS makes inaugural visit to the NYS Technical Training College Mombasa
17,CS Hon. B. Muturi Commends NYS Technical Training College Mombasa for Empowering Youth with Vital Skills
17,"Digital Transformation Key to Enhancing Productivity and Performance in Public Service Delivery, Says ICT PS John Tanui"
17,Partnerships Key to Building World-Class Digital Infrastructure
17,Kenya Champions Information Integrity and Media Innovation at Pan African Media Summit 2026
17,Strengthening Kenya’s Electrical and Electronic Manufacturing Sector
17,PS Stephen Isaboke Meets With Citizen Services Department on Digital Transformation
17,CS H.E. Hon. William Kabogo Gitau launch of Google Gemini Pro Plan for Kenyan Universities and College students
17,Kenya is Strategically Positioning as a Hub in the Global Digital Landscape
17,Advancing Digital Skills in Government:
17,Yes!!! Upgrade. Innovate. Lead
17,"Diani Police station is among the 35 sites connected to public Wi-Fi, implemented under the first phase of Digital SuperHighway"
17,PS Tanui Hosts German Open Source Business Alliance Delegation
17,Nation Media Group CEO Pays Courtesy Call to PS Broadcasting and Telecommunications
17,Principal Secretary Stephen Isaboke Attends Inaugural Nation Petroleum Summit
17,Mobile Network Operators Push for Policy Reforms to Boost Digital Inclusion in Kenya
17,Principal Secretary Advocates for Outcome-Based Work Plans in Performance Contracts
17,PS: Isaboke Leads Delegation to Present Revised Telecommunications Subscriber Registration Regulations
17,"Thank you fellow Kenyans, for your continued cooperation and participation in the Big Count.

The progress so far is encouraging, and we are confident that the Count will have registered universal coverage by Saturday, 31st August 2019."
17,Youth and influencers in Kwale taught how to fight digital abuse
17,Kwale’s state-of-the-art park opens doors to leisure seekers
17,Global Give Back Circle unveils Sacco to boost financial literacy among women
17,Kenya Charts Path Toward AI-Driven Public Service
17,"Kenya has reaffirmed its commitment to smart governance and digital transformation, with top government officials convening at the Kenya School of Government in Mombasa for the official opening of the Kenya Association for Public Administration and Management (KAPAM) Symposium.

Held under the theme “Smart Governance: How Artificial Intelligence is Reshaping Public Administration,” the symposium brought together senior public servants, academics, and technology experts to explore how Artificial Intelligence (AI) can be harnessed to transform public service delivery and improve citizen outcomes."
17,CS Public Service Steers Huduma Kenya into Strategic Partnership with Azerbaijan's ASAN Service Center in Baku
17,"At COP29 in Baku, Azerbaijan, Hon. JB Muturi Cabinet Secretary for Public Service and Human Capital Development, explored a promising partnership with Hon. Ulvi Mehdiyev, Minister and Chairman of the State Agency for Public Service and Social Innovations of Azerbaijan. During a firsthand tour of ASAN Service Center’s state-of-the-art facilities, CS Muturi and his delegation were impressed by the high standard of service accessibility and efficiency offered to Azerbaijani citizens. ASAN provides over 600 services under one roof, setting a benchmark that significantly exceeds the 157 services available through Kenya’s Huduma Kenya platform.

With a shared goal of improving service delivery for Kenyan citizens, CS Muturi and Minister Mehdiyev focused on four key priorities for collaboration:"
17,Public Service PS Dr. Jane Imbunya Delivers Lecture at Kaimosi Friends University
17,"Public Service PS Dr. Jane Imbunya Delivers Lecture at Kaimosi Friends University

Madam PS, Dr. Jane Kere Imbunya, today delivered an insightful lecture to second-year Education students at Kaimosi Friends University (KAFU) in Vihiga County. Returning to an institution close to her heart, Dr. Imbunya received a warm welcome from the university community, reconnecting with former colleagues, lecturers, and students. She commended KAFU for its steady progress in promoting academic excellence and nurturing transformative educators."
17,COUNSELING AND WELLNESS DIRECTORATE HIGHLIGHTS MENTAL HEALTH SERVICES FOR MINISTRY OF TRADE LEADERSHIP.
17,"The Directorate of Counseling and Wellness Services under the State Department for Public Service and Human Capital Development conducted a mental health sensitization session for senior management at the State Department for Trade.

The session aimed to promote mental health awareness and provide support to civil servants guided by key national policies such as the National Mental Health Policy and Counseling Awareness Policy 2023."
17,KENYA’S PUBLIC SERVICE CHARTS A NEW PATH AT INTERGENERATIONAL LEADERSHIP CONFERENCE
17,"The Public Service Inter-generational Conference officially opened today at the Kenya School of Government (KSG), Lower Kabete, with Dr. Jacob Mbijjiwe, Secretary for Human Resource and Policy, representing the Principal Secretary for Public Service and Human Capital Development, Dr. Jane Kere Imbunya.

The conference aims to strengthen mentorship for Gen Z and newly recruited officers by harnessing the unique strengths and perspectives of each generation within the public service.With an impressive attendance of more than 400 participants drawn from ministries and SAGAs, the forum has been widely anticipated."
17,Post-Press
17,GOVERNMENT SIGNS PARTNERSHIP DEAL TO STRENGTHEN PUBLIC SERVICE REFORMS AND KNOWLEDGE MANAGEMENT
17,"GOVERNMENT SIGNS PARTNERSHIP DEAL TO STRENGTHEN PUBLIC SERVICE REFORMS AND KNOWLEDGE MANAGEMENT

The State Department for Public Service & Human Capital Development on Tuesday 10th March, 2026 signed a Memorandum of Understanding (MoU) with the African Population and Health Research Center aimed at strengthening knowledge management, research collaboration, and institutional capacity across the public service."
17,"PSASB unveils Strategic Plan to promote transparency, accountability in the Public"
17,"The Public Sector Accounting Standards Board (PSASB) has unveiled its third-generation Strategic Plan for the period 2023/24–2027/28 which sets the stage for enhanced transparency, accountability, and financial governance across Kenya’s public sector.

Building on the achievements of its previous plans, the new framework aligns with the Kenya Vision 2030, the Fourth Medium Term Plan (MTP IV), and the Bottom-up Transformational Agenda (BETA) and re-affirms PSASB’s commitment to driving the country’s development goals, said PSASB Board Chair Pius Nduati."
17,"– Headquarters – 0202222181 or 0202344599 – Industrial Area Station – 0755714604 – Kangundo Road Station – 0777445561 – Ruaraka Station – 0777445563 – Waithaka Station – 0777445562 – Gigiri – 0771404044

General Inquiries"
17,"SADIK HASSAN AND MARIAM SEFU- KNA

The Cabinet Secretary for Public Service and Human Capital Development, Justin Muturi, has advocated for the establishment of a premier institution dedicated to developing curricula aimed at realizing excellence in African public service."
17,"Basic Education principal secretary accompany Head of public service,Felix Koskei to Celebrate Education excellence at Maryhill High school in Kiambu."
17,"Today,the principal secretary for Basic Education,John Ololtuaa accompany The head of public service,Felix Koskei for prize- Giving Day at Maryhill High school in Kiambu County.

The PS said the occasion provided an opportunity to celebrate the outstanding achievements of learners as well as the unwavering teachers' dedication and continued support from parents and the school board of management ."
17,Role of GIPE
17,"Government Investments and Public Enterprises (GIPE) is the department through which the Cabinet Secretary/ National Treasury exercises the oversight and ownership functions in state corporations and other Government investments.

The Department is under the Directorate of Public Investment and Portfolio Management of the National Treasury & Planning"
17,Functions of GIPE
17,4. Community Engagement and Outreach Activities
17,3. Multi-Stakeholder Partnership Forums
17,"APSD 2026 will promote citizen participation through public awareness campaigns, community outreach programs, educational forums, and youth engagement activities focused on water, sanitation, hygiene, and public service excellence."
17,5. Recognition of Excellence
17,"Outstanding institutions, partnerships, and individuals will be recognized during the APSD Awards Ceremony on 24th June 2026 for excellence, innovation, and impact in water and sanitation service delivery. Their achievements will inspire best practices and continuous improvement across the public sector."
17,"JOHN OCHANDA-KNA

Over 4,200 Community Health Promoters (CHPs) have been recruited to support and provide primary health care to residents of Kakamega County. Governor Fernandes Barasa stated that CHP kits had been distributed in the region under the Universal Health Care program to ensure its success in the county."
17,E-Bulletin
17,"Efficient Service. Empowered People. Stronger Nation. The State Department for Public Service & HCD is delivering quality, timely services to all citizens."
17,"H.E. Barlybay Sadykov, Ambassador of the Republic of Kazakhstan to Kenya, met Mr. Evans Maturu, Deputy Director and Head of Economic Affairs and Commercial Diplomacy Directorate"
17,"H.E. Barlybay Sadykov, Ambassador of the Republic of Kazakhstan to Kenya, met with Mr. Evans Maturu, Deputy Director and Head of Economic Affairs and Commercial Diplomacy Directorate to discuss ways of advancing bilateral engagement between the two countries.

The meeting reaffirmed the cordial political relations between Kenya and Kazakhstan and explored opportunities to further deepen economic cooperation. Kazakhstan was highlighted as offering strong prospects for collaboration with Kenya in key sectors, including agriculture, trade, investment, tourism, transport, and information and communication technology (ICT)."
17,Northern Kenya gets state-of-the-art wildlife health laboratory
17,"Conservation stakeholders have launched an ultra-modern diagnostic facility in Northern Kenya to address a longstanding gap in wildlife health services across Northern Kenya.

The state-of-the-art veterinary laboratory is expected to significantly enhance wildlife conservation efforts by providing timely and accessible diagnostic services in one of Africa’s most biodiverse regions."
17,"Six coastal counties have launched a Sh156 billion ($1.2 billion) blue economy plan aimed at creating jobs, strengthening climate resilience and promoting shared prosperity for communities along Kenya’s coastline over the next four years.

The Jumuiya ya Kaunti za Pwani (JKP) Blue Economy Multi-Agency Action Plan (JKP-BEMAP) 2026–2030 was unveiled in Mombasa at the close of the Our Ocean Conference."
17,"HUSSEIN ABDULLAHI- KNA

Kwale’s new Sh30-million ultramodern recreational park has opened to the public, offering a welcoming aesthetic and a relaxing ambiance for leisure activities."
17,"JOSEPH NG’ANG’A- KNA

The Government, through the National Cereals and Produce Board (NCPB), will immediately begin purchasing one million 90kg bags of maize from farmers at a price of Sh3,500 per bag for the National Strategic Food Reserve."
17,"ANTHONY MELLY AND AGNES CHEPKOPUS-KNA

The Global Give Back Circle (GGBC) Organization has launched a Savings and Credit Cooperative (Sacco) to enhance financial literacy among pastoral women in West Pokot County. Named “Her Financial Freedom Sacco,” it aims to empower these women financially."
17,EAC partner states bank on inland waterways transport to cut carbon emissions
17,"East Africa Community (EAC) Partner States have rooted for the strengthening of Inland Waterways Transport (IWT) to reduce carbon emissions in the region.

EAC Deputy Secretary General in charge of infrastructure, productive, social and political sectors Andrea Aguer Ariik said inland waterway transport in the region presents an environmentally-friendly alternative to road and rail transport."
17,Government Effectively Implementing Beta to Enhance the Livelihoods of Kenyans
17,"BY EVALYNE GITHINJI

The Government is on the right trajectory in the implementation of the Bottom-Up Economic Transformation Agenda (BETA) Pillars that are aligned with Kenya’s Vision 2030 for development of the nation."
17,New borehole brings relief to Igembe North residents
17,"For years, water in many parts of Igembe North was not just a basic need but a daily struggle that shaped how families lived, how children learned and how women spent most of their time.

That reality is now beginning to change at Mwerongundu Primary School, where residents are celebrating a successful borehole drilling project launched after World Water Day celebrations were held at the school grounds by Igembe North MP Julius Taitumu."
17,Government pushes for internship programs to boost skills of seafarers
17,"Mining, Blue Economy and Maritime Affairs CS Hassan Ali Joho has highlighted the importance of providing ‘sea time’ experience for seafarers immediately after graduation to equip them with the required practical skills and hands-on exposure to transition efficiently into the maritime workforce.

Joho reiterated that sea time will not only bridge the gap between theory knowledge and real-world work application, but will also enhance the seafarers’ safety, competency, and easy adaptability in their future jobs."
17,"The Kenya Urban Support Programme (KUSP) is emerging as a powerful engine of change in the country’s urban landscape, strengthening governance and service delivery in towns and cities across the nation.

Its impact was prominently highlighted during the Second Africa Urban Forum (AUF2), held in Nairobi, where President Dr. William Ruto presided over the official opening and reaffirmed Kenya’s commitment to positioning urban centres as catalysts for economic growth, innovation and social inclusion."
17,"The second phase of the NYOTA Project began early in the week with mandatory business skills training for beneficiaries.

Micro, Small and Medium Enterprises (MSMEs) Development Principal Secretary Susan Mang’eni said the classroom-based training will be conducted at the constituency level and will focus on strengthening enterprise management skills among participants."
17,CS Murkomen orders intensified war on illicit alcohol and substance abuse
17,"RUTH MAINYE-KNA

The Cabinet Secretary (CS) for Interior and National Administration, Kipchumba Murkomen, has directed chiefs and sub-chiefs to intensify the crackdown on illicit brews in their areas of administration as part of efforts to curb production and safeguard the youth from alcohol abuse."
17,"WANGARI MWANGI-KNA

The Government has announced plans to con struct 2,600 laboratories in secondary schools beginning January 2025 as part of preparations for the transition of pioneer Senior School learners under the Competency-Based Curriculum (CBC)."
17,Kisumu Poly set to become regional blue economy training hub
17,"Kisumu National Polytechnic will serve as a regional centre of excellence in blue economy training through the implementation of the B-STEP initiative.

The initiative, under the continental Skills Initiative for Africa (SIFA), will see the institution establish a one-of-a-kind Blue Skills Training and Enterprise Centre (B-STEC) to serve Kenya, the Lake Victoria basin and the wider African region."
17,"Educationist urges learners to tap talent through Innovation, Technology"
17,"Learners have been urged to develop their talents by embracing innovation, science, and technology as key drivers of positive societal change.

Speaking at the close of a five-day intensive STEM boot camp held at the Centre for Mathematics, Science and Technology Education in Africa (CEMASTEA), Karen Campus, Acting Chief Executive Officer Gladys Masai said the programme exposes learners to Science, Technology, Engineering and Mathematics (STEM), which is critical in shaping their future careers."
17,Fish value addition initiatives open new opportunities in Vihiga
17,"Youth in Vihiga County have begun benefiting from fish value addition initiatives aimed at transforming livelihoods and creating employment opportunities in the agricultural sector.

The youth are shifting from traditional fish farming to value addition practices such as processing, marketing, and input supply."
17,"In Songhor Soba Ward, Tinderet Sub-County, one woman has carved out a niche for herself. She has built an enterprise that is transforming not only her life but also the economic fabric of her community.

Jane Chebet, a 39-yearold entrepreneur, has grown a small cereal trading venture into a thriving business that now supplies grains across Nandi County and beyond, standing as a testament to the power of women’s economic empowerment."
17,"DIANA NGUNJIRI -MYGOV

In a bid to achieve the 15-billion tree goal by 2032, the country’s 3,950 chiefs will lead and rally local communities across all the 47 counties to plant trees in a unified effort against environmental degradation."
17,Global leaders unite to ensure school meals for every child by 2030
17,"MICHAEL OMONDI- KNA

Ministers and high level government representatives from Africa, Asia, Europe, and Latin America have unveiled priorities to accelerate global collective efforts to ensure that all children have access to school meals by 2030."
17,"The Kenya National Examinations Council (KNEC) has launched a digital verification system that enables employers and universities to instantly validate KCSE certificates.

The initiative aims to streamline the authentication process by providing real-time confirmation of academic credentials."
17,Coffee revival gathers pace as production rises
17,"The Government, through the New Kenya Planters’ Cooperative Union (New KPCU), has intensified efforts to revive the country’s coffee sector, with early results indicating steady progress in production, farmer participation and market performance.

At the centre of the initiative is a nationwide coffee seedling distribution programme targeting more than 20 million certified seedlings."
17,Government rolls out 53 electrification projects in Kajiado
17,"The Government has intensified efforts to expand electricity access in Kajiado County through the implementation of 53 electrification projects under the Last Mile Connectivity Programme.

The initiative aims to boost rural development and improve livelihoods. Appearing before the plenary of the Senate of Kenya, Energy and Petroleum Cabinet Secretary Opiyo Wandayi said the projects are being implemented jointly by Kenya Power and the Rural Electrification and Renewable Energy Corporation (REREC) to enhance power connectivity in underserved areas."
17,"The Government has announced a major expansion of the Women Enterprise Fund (WEF) following a high-level women’s empowerment forum held at Kiambu National Polytechnic in Kiambu County.

The event brought together more than 1,000 women entrepreneurs, senior government officials, and other stakeholders."
17,National Equipment Service rolls out 100 new theatre installations
17,"The National Equipment Service Programme (NESP) has officially commenced the second phase of its nationwide theatre installation project, which will see 100 fully equipped operating theatres installed across county and sub-county hospitals.

The rollout is already underway, with six theatres dispatched from the Sunview Medipro International warehouse to Kenyatta National Hospital, and four others delivered to Kilifi County Referral Hospital whereas Moi Teaching and Referral Hospital (MTRH) is will also receive 15 operating theatres."
17,State steps up informal settlements upgrade with Sh 21b title deeds plan
17,"Thousands of informal settlement residents are set to benefit from title deeds and upgraded services under the Sh21 billion Kenya Informal Settlements Improvement Project (KISIP 2).

The government has recognized the urgent need to improve living conditions in informal settlements, where residents lack adequate housing, basic services, and secure land tenure."
17,Landmark agreement positions Nairobi as AFC’s East Africa operations centre
17,"The Africa Finance Corporation (AFC) has officially established its first regional office in Nairobi following the signing of a Host Country Agreement with the Government of Kenya.

The agreement was signed by Prime Cabinet Secretary and Cabinet Secretary for Foreign and Diaspora Affairs, Musalia Mudavadi and AFC President and Chief Executive Officer, Samaila Zubairu."
17,Kenya targets global film hub status at Kalasha 2026
17,"Kenya has set its ambit i o n to become a leading global hub for film production, with industry leaders and government officials convening at the Kalasha International Film and TV Market Festival and Awards 2026 in Nairobi.

Speaking during the official opening of the event, Cabinet Secretary for Youth Affairs, Creative Economy and Sports, Salim Mvurya expressed that the Kalasha Festival has grown into a key platform for showcasing African storytelling, fostering industry dialogue, and connecting Kenyan filmmakers with international markets."
17,World Bank approves Sh71.5bn funding for key Northern Corridor road
17,"The Government has secured Sh71.5 billion (US$550 million) in additional financing from the World Bank to accelerate the completion of the Isiolo–Mandera Regional Road Corridor (B9).

The funding, approved by the World Bank Board, includes US$260 million for HoAGDP II and US$290 million for the ongoing programme."
17,"BY JOSEPH NG’ANG’A, KNA

The Government has initiated a program to validate performance contracts for the 2024/25 financial year in order to enhance service delivery and expedite the achievement of its development goals."
17,"The Ministry of Foreign Affairs was established in 1963 after independence, as an External Affairs Department under the Office of the Prime Minister. In 1964, the Department was renamed the Ministry of State for Foreign Affairs under the Office of the President.

In 1969, the Department became a fully-fledged Ministry with three (3) divisions namely: Political/ Economic, Protocol and Administration. In 2023, the Ministry was split into two State departments namely the State Department for Foreign Affairs and the State Department for Diaspora Affairs."
17,Mandate and Functions
17,"The Fourth Schedule of the Constitution of Kenya identifies Foreign Affairs and Foreign Policy as a function of the National Government.

The Foreign Service Act 2021 (Chapter 185E of the Laws of Kenya) outline the Functions of the Foreign Service"
17,Functions of the State Department for Foreign Affairs
17,"At Locksmiths Pros customers can request a wide range of services: all commercial services for shops, restaurants, cinemas stores and offices, automotive services for vehicles of all type and brand and residential services for all types of homes and properties.

Emergency services represent a separated category of specific locksmith services that are provided in each of the above mentioned 3 categories. Emergency services are 24/7 available and customers can call Locksmiths Pros’ customer service from anywhere in the US: the emergency phone number of Locksmiths Pros is (888) 204 8406."
17,Rates & Offers At Locksmiths Pros
17,Government to set up Huduma Centres in all counties-Muturi
17,"KNA by Glory Mukhwana and Moses Mwaura

The Government is expanding Huduma centres to cover all counties for seamless access to and delivery of government services, Cabinet Secretary (CS) for Public Service and Human Capital Development Justin Muturi has said."
17,"KTDA now retains fertilizer prices at Sh2,500 following state intervention"
17,"Wangari Mwangi- KNA

Over 700,000 small scale tea farmers will continue to purchase NPK fertilizer at Sh2,500 per 50- kilogramme bag following a decision by the Kenya Tea Development Agency (KTDA) to overturn its earlier decision to hike fertilizer prices by Sh900 per bag."
17,Government’s plan to create a pathway to employment for uncertified artisans
17,"Joseph Ng’ang’a-KNA

The Government has developed a framework to assess artisans with uncertified skills and competencies at Affordable Housing Programme (AHP) construction sites and primary Juakali associations work sites and certify them through Recognition of Prior Learning (RPL)."
17,County unveils 109 new ECDE centres to build up early childhood education
17,"SYLVIA WANJOHI- KNA

Kiambu Governor Kimani Wamatangi has launched 109 newly constructed Early Childhood Development Education (ECDE) centers during an event at the Gitiha ECDE center in Githiga Ward, Githunguri Sub-County."
17,Farmers in Murang’a to get certified maize seed and fertilizer ahead of short rains
17,"KNA by Bernard Munyao

Some 57, 975 farmers in Murang’a County will benefit from certified maize seed and fertilizer from the local county administration ahead of the short rains expected to start in the third week of October."
17,"Youth, community leaders, journalists, and social media influencers in Kwale have been trained on technology-facilitated gender-based violence (TFGBV).

The training comes amid growing concerns over online harassment, cyberbullying, and digital abuse in the country."
17,The hidden struggle of Sickle Cell disease and the hope in new treatments
17,"Sickle cell disease (SCD) is a group of inherited blood disorders that cause red blood cells to become hard, sticky, and crescent-shaped.

Instead of flowing smoothly through blood vessels, these abnormal cells can block circulation, restricting oxygen delivery and leading to severe pain, tissue damage, and chronic anaemia."
17,"Kenya has been elected to chair the Sub-Saharan Africa Skills and Apprenticeship Stakeholders Network (SASASNET), following a unanimous vote that saw Principal Secretary for Labour and Skills Development Shadrack Mwadime selected as Continental Chair during the network’s Annual General Meeting held in Abuja, Nigeria.

The election reflects growing recognition of Kenya’s leadership in skills development and apprenticeship reforms across the continent."
17,"Kenya Power will progressively phase out physical payment counters in its banking halls by June 2027 as part of an ambitious digital transformation programme aimed at improving customer experience and service delivery across the country.

Kenya Power Acting Managing Director and Chief Executive Officer, Dr. Jeremiah Kiplangat, announced the move, during the launch of the Kenya Power 2026 Customer Experience Roadshow dubbed; Twende Digital held at Stima Plaza in Nairobi."
17,County gives nod for Sh680b gold mining project
17,"The Kakamega County Assembly has cleared the way for the underground extraction of gold deposits estimated to be worth Sh680 billion in Ikolomani Constituency after approving a private company’s bid to begin operations following months of public scrutiny.

Public forums were convened to address petitions by civil society groups and residents who raised concerns over land degradation, opaque compensation frameworks and the planned relocation of nearly 800 households from the proposed mining site."
17,Malaysia to support Kenya become animation film hub of Africa
17,"By Evalyne Githinji(PCO)

Malaysia is committed to supporting Kenya become the animation film hub of Africa in an effort to enhance both countries’ bilateral economic cooperation through the digital economy."
17,Hope for newborns at Pumwani Maternity as upgrade in neonatal care help reduce risks
17,"A New Born Unit (NBU), equipped with the latest technology and infrastructure, has been established at Pumwani Maternity Hospital to reduce the mortality rate among newborns.

The hospital, which marks its 100th anniversary this year, delivers approximately 80 to 90 babies daily."
17,Kenya wins historic bid to host World Geothermal Congress 2029
17,"Kenya has secured the rights to host the World Geothermal Congress (WGC) 2029, becoming the first African nation to host the prestigious global event and cementing the continent’s growing influence in the global clean energy transition.

The landmark announcement was made during the official handover ceremony at the conclusion of the 2026 World Geothermal Congress in Calgary, where Kenya officially received the hosting rights from Canada following a highly competitive international bidding process."
17,Artificial insemination centre drives profits for dairy goat farmers in Kirinyaga County
17,"Goat farmers in Kirinyaga County are recording improved productivity and higher incomes following the establishment of the Kenya Animal Genetic Resources Centre (KAGRC) Goat Artificial Insemination (AI) facility at Ndomba.

The facility, which was officially launched last year by President William Ruto, was established to improve goat breeds for both dairy and meat production through the provision of high-quality genetic materials."
17,Our Governance
17,"Board of Directors, consisting of both public and private sector experts, makes policy decisions to be implemented by KRA Management. The Chairman of the Board is appointed by the President of the Republic of Kenya. The Chief Executive of the Authority is the Commissioner General who is appointed by the Minister for Finance."
17,KRA Board of Directors
17,Data Protection and the KRA Data Privacy Statement
17,Kenya Revenue Authority is committed to protecting your personal data in accordance with Data Protection Laws.
17,"This email and its attachments is confidential and is intended solely for the use of the individual to whom it is addressed.Any views or opinions expressed are solely those of the author and do not necessarily represent those of Kenya Revenue Authority.Please contact the sender if you believe you have received this email in error.Although KRA has taken reasonable precautions to ensure no viruses are present in this email, KRA cannot accept responsibility for any loss or damage arising from the use of this email or attachments."
17,International Capacity Development Programme (ICDP)
17,International Capacity Development Program (ICDP)
17,"The International Capacity Development Programme (ICDP) is a structured knowledge-sharing and cooperation platform through which the Kenya Revenue Authority (KRA) engages with regional and international revenue authorities, public institutions, and development partners.

The programme supports peer learning, institutional strengthening, and regional cooperation by enabling participating institutions to learn from KRA’s practical experience in areas such as domestic taxes, customs operations, electronic invoicing, compliance and enforcement, digital payments, dispute resolution, risk management, and organisational development."
17,FY 2025/26 Proposed Calendar
17,KNBS is an equal opportunity employer
17,Working at KNBS
17,"When you work at The Kenya National Bureau of Statistics (KNBS), you enjoy the numerous benefits it comes with and work on projects that impact our nation of Kenya through data and statistics.

Our work at The Kenya National Bureau of Statistics (KNBS) has a direct positive effect on all of Kenya’s sectors and aids multiple institutions in policy-making and strategy."
17,KNBS Jobs
17,"This report presents the economic performance for the first and second quarters of 2021. Economic growth decelerated in the first quarter of 2021 to 0.7 per cent compared to 4.4 per cent in the corresponding quarter of 2020, mainly owing to the onset of COVID-19 pandemic in the country in March 2020. On the other hand, real GDP grew by 10.1 per cent in the second quarter of 2021 compared to a contraction of 4.7 per cent in the same quarter of 2020. Read More"
17,Highlights of The Socio-Economic Atlas of Kenya
17,"The Socio-Economic Atlas of Kenya is the first of its kind to offer high-resolution spatial depictions and analyses of data collected in the 2009 Kenya Population and Housing Census. The combination of geographic and socio-economic data enables policymakers at all levels, development experts, and other interested readers to gain a spatial understanding of dynamics affecting Kenya. Where is the informal economic sector most prominent? Which areas have adequate water and sanitation? Where is population growth being slowed effectively? How do education levels vary throughout the country? And where are poverty rates lowest? Answers to questions such as these, grouped into seven broad themes, are visually illustrated on high-resolution maps.

By supplying precise information at the sub-location level and summarizing it at the county level, the atlas facilitates better planning that accounts for local contexts and needs. It is a valuable decision-support tool for government institutions at different administrative levels, educational institutions, and others. Table of content: (1) Introduction & Background – 9 maps (2) Population Distribution & Dynamics – 14 maps (3) Water, Sanitation & Energy – 8 maps (4) Household Assets & Communication – 8 maps (5) Poverty & Welfare – 7 maps (6) Education – 9 maps (7) Economic Activities – 8 maps Three organizations – two in Kenya and one in Switzerland – worked together to create the atlas: the Kenya National Bureau of Statistics (KNBS), the Nanyuki-based Centre for Training and Integrated Research in ASAL Development (CETRAD), and the Centre for Development and Environment (CDE) at the University of Bern. Close cooperation between KNBS, CETRAD, and CDE maximized synergies and knowledge exchange."
17,"VACANT POSITIONS IN THE MINISTRY OF EDUCATION STATE DEPARTMENT FOR TECHNICAL, VOCATIONAL EDUCATION AND TRAINING"
17,"Applications are invited from qualified Degree, Higher National Diploma (HND) and Diploma Holders for the positions of Vocational and Technical Trainers available in thevarious Technical, Vocational Education and Training Institutions as indicated"
17,"Kenya and the European Union held a high level bilateral meeting aimed at strengthening cooperation on digital infrastructure, artificial intelligence (AI), and online safety.

The discussions, led by Principal Secretary for Broadcasting and Telecommunication Stephen Isaboke, focused on aligning strategies for Kenya’s rapidly growing digital sector."
17,"The 2009 Kenya Population and Housing Census (KPHC) was conducted from the night of 24th/25th to 31st August 2009. The Census was the fifth to be undertaken in Kenya since independence and the seventh in the country‟s history. Previous censuses were conducted in 1948, 1962, 1969, 1979, 1989 and 1999. Planning and execution of the 2009 Census was spearheaded by the Kenya National Bureau of Statistics (KNBS) on behalf of the Government – in accordance with the Statistics Act, 2006. The theme of the Census was “Counting our People for Implementation of Vision 2030”, which was deemed necessary in order to respond to the greater demand for statistical information, for monitoring the implementation of Kenya‟s development plans and other global initiatives, such as the Millennium Development Goals (MDGs).

The main objective of the 2009 Census was to provide the Government and other stakeholders with essential information on the population, as regards demographic, social and economic characteristics, housing conditions and household amenities. By generating information at all administrative levels, it was also intended to provide a sound basis to evaluate the impact of population-related policies and programmes in the country."
17,"Construction of the County Aggregation and Industrial Park (CAIP) in Kirinyaga is nearing completion, marking a significant milestone in the county’s efforts to become a regional hub for agro-processing and industrial development.

The facility, located in the Sagana Agro-Industrial suburb—a designated Special Economic Zone (SEZ)—will play a key role in supporting value addition, strengthening agricultural value chains, and creating employment opportunities."
17,"Chuka coffee growers receive 10,000 high-yield seedlings"
17,"The Government has launched an ambitious coffee revitalization programme in Tharaka Nithi County, aiming to distribute 20 million high-yield seedlings to boost production and revive the once-thriving sector.

The programme was officially launched at Mitheru Coffee Society in Chuka and drew a large number of coffee farmers from across the region."
17,New system cuts waiting time for IDs
17,"Kenyans will now receive national identification cards within a much shorter period following the government’s rollout of enhanced digital registration systems, the removal of fees for applicants, and intensified nationwide sensitization and mobilization efforts aimed at improving efficiency and accessibility in the issuance of the critical document.

The move is supported by the rollout of advanced live capture technology across registration centres, where applicants’ biometric and personal data is captured and transmitted instantly to headquarters for processing, cutting paperwork, reducing delays and enabling faster, more accurate and efficient issuance of national identification cards."
17,Kiruki Kiende Irrigation project officially handed over to farmers in Embu
17,"TThe Government is strengthening farmer-led irrigation development in Embu County. This follows the official handover of the Kiruki Kiende Irrigation Project in Gaturi South (Nembure), Embu West Sub-County.

The Kiruki Kiende Irrigation Project, a smallholder irrigation initiative in the Mount Kenya region, has been operational since 2012 through a collaborative partnership between the Government of Kenya, KfW (a German development bank), Equity Bank, and local farmers."
17,"Residents of 11 informal settlements in Kirinyaga County who have been living as squatters have a reason to smile as the government moves to regularize the ownership of the land they live in.

The residents of the selected villages, which were previously designated as colonial villages, will be issued with title deeds once the beaconing and topographical survey of the land is completed."
17,"The Centre for Mathematics, Science, and Technology Education in Africa (CEMASTEA) continues to help young learners unlock their potential in science, technology, engineering, and mathematics.

Speaking during the 6th CEMASTEA Science, Technology, Engineering, and Mathematics (STEM) Boot Camp at the institution’s campus in Karen, Deputy Coordinator for STEM Martin Mungai stated that the institution is committed to helping young learners unlock their potential in STEM fields by providing them with opportunities to develop their own STEM projects."
17,Nairobi hosts German African Business Summit
17,"Kenya hosted the German African Business Summit (GABS) 2024 last week, which aimed at leveraging business in the global markets and strengthening its position as a key partner for trade, investment and diplomatic relations in Africa.

Speaking at the launch in Nairobi, Prime Cabinet Secretary Musalia Mudavadi, stated that the gathering happened at a time when Kenya continues to strengthen its position as a key partner for trade, investment and diplomatic relations in Africa."
17,EAC ministers set ambitious agenda to improve trade and infrastructure
17,"Ministers in charge of the East Africa Community from eight partner states met in Arusha, Tanzania for their 46th Council of Ministers meeting to deliberate on the progress of the community’s integration process.

The Council of Ministers meeting was preceded by consultations among senior officials including Principal Secretaries that tackled a multiplicity of issues and made recommendations for approval ahead of the 24th Ordinary Heads of State Summit, which was on Saturday, November 30th, 2024."
17,Government highlights gaps in GBV data as activism drive begins
17,"Gender Based Violence (GBV) is a scourge that harms individuals, impacting negatively on the collective progress of Kenya, the Prime Cabinet Secretary (PCS) Musalia Mudavadi has said.

Consequently, Mudavadi said it is the collective responsibility of all Kenyans to speak for justice, equality, and the inalienable right of every woman, girl, man and boy to live free from fear and harassment in the society."
17,State to double KPC depot storage capacity amid rising demand
17,"Energy Cabinet Secretary (CS) Opiyo Wandayi has announced plans to expand the Kisumu Kenya Pipeline Corporation (KPC) depot to accommodate more volumes.

This comes after the operationalisation of the Kisumu Oil Jetty which has increased the demand for petroleum products destined for Uganda and other neighbouring countries."
17,"Why should everyone participate in the Census? Census information helps determine locations for schools, roads, hospitals, and more. Businesses use census data to locate supermarkets, shopping centers, new housing and other facilities. The census data can determine election boundaries and therefore how individuals will be represented in parliament

Who runs the census? The census is organized by the Kenya National Bureau of Statistics mandated through, headed by an act of parliament, The Statistics Act 2006. The Bureau is headed by a Director General, and the census undertaking is overseen by professional demographers/statisticians in collaboration with other government agencies, non-governmental agencies, private sector among other stakeholders. The census is held every 10 years and 2009 marked the 5th census in post independence Kenya."
17,The launch of the Office of the Auditor General’s Audit Academy
17,PS Dr. Kiptoo commended the Office of the Auditor General and the Kenya School of Government for a forward looking partnership that will significantly improve the integrity of public financial management and help anchor national reforms.
17,Register now at the Africa Centre of Competence for Digital & AI Skilling
17,National Data Governance Policy Formulation kicks off
17,"The government through the Ministry of Information Communications and The Digital Economy has embarked on the drafting of the National Data Governance Policy.

The policy is being developed in partnership with the European Union and the Federal Ministry of Economic Cooperation of German through German Corporation for International Cooperation (GIZ) Digital Transformation Center."
17,"Cabinet Secretary for Education, Julius Migos Ogamba, presided over the official opening of the 3rd Annual Educational Assessment Symposium at the New Mitihani House in South C."
17,"Yesterday, the Cabinet Secretary for Education, Julius Migos Ogamba, presided over the official opening of the 3rd Annual Educational Assessment Symposium at the New Mitihani House in South C. This year’s Symposium is held under the theme “Reimagining Curriculum, Pedagogy and Assessment for Inclusive, Innovative and FutureReady Learning.” This Symposium provides a platform for structured reflection and strategic conversation on how we can better align curriculum, pedagogy, and assessment.

The event was graced by, among others, the Principal Secretary for Basic Education, Amb. Prof. Julius Bitok."
17,TIVET INSTITUTIONS GUIDANCE AND COUNSELING POLICY AND OPERATIONAL GUIDELINES
17,NATIONAL PRE-PRIMARY EDUCATION POLICY STANDARD GUIDELINES
17,Sector Policy for Learners and Trainees with Disabilities
17,Press Release
17,THE BISHOP WILLIAMS MEMORIAL FUND SCHOLARSHIP
17,TEAM TO CREATE NATIONAL REGISTER FOR ALL STUDENTS UNVEILED
17,NAIROBI HOSTS GLOBAL EDUCATION FORUM
17,MOROCCAN AGENCY FOR INTERNATIONAL COOPERATION (AMCI) SCHOLARSHIPS FOR ACADEMIC YEAR 2025/2026
17,CALL FOR APPLICATIONS: SCHOLARSHIP PROGRAM FOR FOREIGN STUDENTS TO STUDY IN THE KINGDOM OF SAUDI ARABIA
17,CYPRUS AID SCHOLARSHIPS FOR UNDERGRADUATE AND POSTGRADUATE STUDIES – 2025/2026 ACADEMIC YEAR
17,CYPRUS AID SCHOLARSHIPS FOR UNDERGRADUATE AND POSTGRADUATE STUDIES – 2025/2026
17,ADDENDUM 1: REQUEST FOR PROPOSAL FOR CONSULTANCY SERVICES FOR RE-ENGINEERING AND ENHANCEMENT OF TVET MIS
17,The STEMTASTIC Adventures Africa 2025
17,"The African Union’s Agenda 2063 envisions an integrated, prosperous and peaceful Africa, driven by its own citizens and representing a dynamic force in the global arena. Central to this vision is the role of science, technology and innovation in advancing sustainable development, industrialization, and economic resilience.

Yesterday, the Cabinet Secretary for Education, Julius Migos Ogamba, was privileged to officially open the STEMTASTIC Adventures Africa 2025 at CEMASTEA in Karen, Nairobi."
17,Education CS Julius Migos Ogamba Champions Indigenous Literacy at Machakos Run for the Bibleless
17,"Machakos, Kenya – July 12, 2025 In a moving address delivered at the inaugural Run for the Bibleless event held at Machakos High School, Education Cabinet Secretary Julius Migos Ogamba lauded the efforts of Bible Translation & Literacy (BTL) Kenya for their role in preserving indigenous languages and promoting literacy across Kenya.

Speaking to a crowd of church leaders, educationists, corporate partners, and enthusiastic runners and walkers, CS Ogamba emphasized the transformative power of language and scripture in shaping society’s moral fabric."
17,MOE/SEQIP/NCB/01/2022-2023
17,SCHOLARSHIPS FOR FOREIGN STUDENTS TENABLE IN BRUNEI DARUSSALAM
17,CALL FOR NOMINATIONS FOR THE PRINCESS OF ASTURIAS AWARD 202
17,LAUNCHING OF THE 2025 CALL FOR SCHOLARSHIPS OF THE PAN AFRICAN UNIVERSITY (PAU)
17,"ADDENDUM NO.1- INVITATION TO PRE-QUALIFIED SUPPLIERS UNDER FOOD (RICE, BEANS AND SALT) CATEGORY"
17,ICB-09/MOE-VTT/TVET/KfW 2016 65 298/003/2024-2025
17,Nationalexaminations2022
17,INTENTION TO USE RESTRICTED TENDER FOR PROCUREMENT OF LAPTOP COMPUTERS
17,"🌍 Kenya to host FEASSA (Federation of East African School Sports Association) Championship in Kakamega from 14th to 25th August, 2025"
17,"· Scheduled: August 14–22, 2025, in Kakamega following the national games

· Infrastructure prep: A joint Ministry of Education and KSSSA inspection took place in July across stadiums and school facilities in Kakamega. They assessed readiness and accommodation/hospitality logistics."
17,"The 4th Multi-sectoral Conference and Exhibition on Research, Science, Technology"
17,"PS State Department for Science, Research and Innovation Prof. Shaukat Abdulrazak during the opening of the 4th Multi-sectoral Conference and Exhibition on Research, Science, Technology, and Innovation going on from 9th – 12th June 2025. Prof. Shaukat during his speech reiterated Kenya's commitment to strengthening its science, technology, and innovation ecosystem through multi-sectoral collaboration, institutional reforms, policy development, and research commercialization. The Conference aims at aligning innovations with national priorities, enhance global competitiveness, and promote sustainable development through evidence-based policymaking and strategic partnerships. The PS emphasised on enhancement of Science Diplomacy, Collaboration and international cooperation."
17,"The Cabinet Secretary for Education, Julius Migos Ogamba, has this morning inaugurated a retreat with Chairpersons of Councils of Public Universities in Mombasa.

The high-level engagement focuses on strengthening governance, enhancing accountability, and aligning university education with national development priorities. Key issues under discussion include good governance and management of public universities, effective and prudent resource utilization and the roll out of the ongoing tertiary education sector reforms."
17,RICE PRODUCTION TECHNOLOGIES FOR FOOD SECURITY AND SUSTAINABILITY OF AFRICAN COUNTRIES
17,OFFER OF THE CHAIRMAN A.M SCHOLARSHIP AWARD FOR EAST AFRICA
17,ADDENDUM 1 EXTENSION OF CLOSING DATE
17,"ADDENDUM 1 EXTENSION OF CLOSING DATE; Supply, Delivery and Commissioning of Equipment for Technical Training Institutes in Kenya: Training and Specialized Equipment for Industrial Mechatronic LOT 1 & 2"
17,"ADDENDUM 1 EXTENSION OF CLOSING DATE: Supply, Delivery and Commissioning of Equipment for Technical Training Institutes in Kenya: Technical Equipment for Automotive Mechatronic and Body Building Lot 1 & 2"
17,A CALL FOR 2024 INTERNATIONAL APPLICATIONS FOR BACHELORS OF SCIENCE IN CONSERVATION AGRICULTURE IN RWANDA
17,"LOT 1 - TENDER FOR SUPPLY, DELIVERY, INSTALLATION, CALIBRATION, COMMISSIONING AND TRAINING ON THE USE AND MAINTENANCE OF BUILDING AND CIVIL ENGINEERING EQUIPMENT TO OLLESSOS TECHNICAL TRAINING INSTITUTE – NANDI COUNTY LOT 2 - TENDER FOR SUPPLY, DELIVER"
17,(GOK/AFDB TVET PHASE III PROJECT)
17,"SUPPORT TO TECHNICAL AND VOCATIONAL EDUCATION AND TRAINING AND ENTREPRENEURSHIP (TVETE) PROJECT – (GOK/AFDB TVET PHASE III PROJECT) CONSTRUCTION WORKS OF ADDITIONAL DEPARTMENTAL BLOCKS IN ELEVEN (11) TECHNICAL VOCATIONAL COLLEGES, CONSTRUCTION OF TWIN HOSTELS IN EIGHT (8) TECHNICAL-VOCATIONAL COLLEGES, A PUBLISHING AND PRINTING COMPLEX FOR CURRICULUM AND TRAINING MATERIALS AND THREE INCUBATION CENTERS"
17,"THE FIRST INTERNATIONAL ANNUAL CONFERENCE 2022 FOR THE PUBLIC UNIVERSITIES CHAIRPERSONS OF COUNCILS, VICE-CHANCELLORS"
17,"OPENING REMARKS BY THE PRINCIPAL SECRETARY, STATE DEPARTMENT FOR UNIVERSITY EDUCATION AND RESEARCH, DURING THE FIRST INTERNATIONAL ANNUAL CONFERENCE 2022 FOR THE PUBLIC UNIVERSITIES CHAIRPERSONS OF COUNCILS, VICE-CHANCELLORS, AND PRINCIPALS ON 21ST SEPTEMBER, 2022 AT SAROVA WHITESANDS, MOMBASA"
17,"SPEECH BY THE CABINET SECRETARY, MINISTRY OF EDUCATION, HON. EZEKIEL MACHOGU, CBS, DURING THE CLOSING OF THE UNIVERSITY LEADERSHIP TRAINING WORKSHOP AT SAROVA WHITESANDS HOTEL, MOMBASA, 14TH 0CTOBER, 2023"
17,ICT SECURITY POLICY CONTROLS
17,"Government Lauds the TVET Sector saying that it’s on the Right Trajectory

A senior Government officer has lauded the TVET sector saying that it’s on the right trajectory to achieving a robust and strong industrial linkage."
17,KPEEL Result Area 1
17,"This Results Area focuses on strengthening School-level conditions for teaching and learning to narrow learning gaps between schools in high performing counties and those in low-performing counties. The Program aims to promote equity by targeting counties based on;

· Share of students achieving high-order proficiency levels in numeracy and literacy at grades 3 based on the 2018 NASMLA – Ten (10) low performing counties."
17,Result Area 1 Photos.
17,"The Cabinet Secretary Ministry of Education Julius Migos Ogamba today launched the National Examination and Assessments season at new Mitihani house in South C, Nairobi.

The Cabinet Secretary said ”this year marks a historical turning point for the country since 1985 because it is the first time that the country will not be having a summative national examination in the name of the Kenya Certificate of Primary Education, which was first administered in 1985, at the advent of the 8-4-4 system. The last KCPE was held last year (2023)."
17,Performance Contracting-Ministry Commits to Improve Services
17,"Performance Contracting is an integral tool in the Public Service Management.

Speaking at CEMASTEA Karen during signing Performance Contracting for FY2024/25, Education Cabinet Secretary Julius Ogamba said Performance Contracting reflects commitment to providing inclusive and equitable quality education, training, and research to citizens as well dedication to driving excellence within public."
17,"Hasten coffee, tea reforms; DP Gachagua urges agricultural sector state agencies"
17,"BY JOSEPH WANGUI (DPCS)

Deputy President Rigathi Gachagua has asked State agencies in the Ministries of Agriculture and Cooperatives to hasten reforms in the agricultural sector especially on tea, coffee and dairy."
17,KENYA AND MOROCCO STRENGTHEN BILATERAL COOPERATION DURING THE INAUGURAL JOINT COMMISSION FOR COOPERATION (JCC)
17,"KENYA AND MOROCCO STRENGTHEN BILATERAL COOPERATION DURING THE INAUGURAL JOINT COMMISSION FOR COOPERATION (JCC)

H.E. Dr. Musalia Mudavadi, Prime Cabinet Secretary and Cabinet Secretary for Foreign and Diaspora Affairs, today led the ministerial session of the Kenya–Morocco inaugural Joint Commission for Cooperation (JCC) in Nairobi."
17,Kenya to Host Inaugural Software Summit in October
17,"The Ministry of Information, Communications and the Digital Economy, in partnership with other tech stakeholders, is set to host the first-ever Software Summit on 7th - 9th October this year at the University of Eldoret.

The Summit, which will bring together government agencies, private companies in the technology sector, Finance, Regulatory, Development Partners, Academia, as well as the software startup ecosystem, aims to build and strengthen Kenya’s software development ecosystem, positioning the country as Africa’s premier hub for software innovation."
17,"PS Isaboke Calls for Collaborative, Modern, and Inclusive Reforms at KBC"
17,Kenya-Tanzania Launch Cross-Border Terrestrial Fiber Link
17,"The Cabinet Secretary for the Ministry of Information, Communications and the Digital Economy Hon. William Kabogo Gitau and his Tanzanian counterpart Hon. Jerry William Silaa have launched the Dar-Es-Salaam to Mombasa Terrestrial Fiber Link at the Lunga Lunga/Horohoro Border area to enhance digital connectivity across East Africa region.

Implemented through the partnership between Kenya’s ICT Authority (ICTA) and Tanzania Telecommunications Corporation (TTLC), the initiative will enhance connectivity and boost cross-border trade, spur regional e-commerce and help in bridging the digital divide beyond borders."
17,New Attachés Graduate from the Foreign Service Academy
17,"The Foreign Service Academy has held a closing ceremony to confer certificates upon participants of the Pre-Departure Training Programme for newly appointed Trade, Commercial, Immigration and Education Attachés, marking their readiness for deployment to Kenya’s foreign missions.

The training programme aims to enhance the attachés’ diplomatic, technical and representational competencies, with a strong emphasis on commercial and economic diplomacy. It equips them with the skills necessary to advance Kenya’s trade, investment and development priorities abroad, while strengthening service delivery within their respective portfolios."
17,Kenya–Zimbabwe Ties Strengthened Following Successful Mid-Term Review of the 4th JPCC in Nairobi
17,"Kenya and Zimbabwe have successfully concluded the Mid-Term Review (MTR) of the 4th Session of the Kenya-Zimbabwe Joint Permanent Commission for Cooperation (JPCC), held in Nairobi from 2–4 February 2026, underscoring the depth and steady growth of bilateral relations between the two countries.

The MTR was co-chaired by Dr. A. Korir Sing’Oei, Principal Secretary for Foreign Affairs of the Republic of Kenya, and Ambassador Albert R. Chimbindi, Permanent Secretary for Foreign Affairs and International Trade of the Republic of Zimbabwe."
17,Kenya Joins China in Celebrating 76 Years of Progress and Enduring Friendship
17,"Nairobi, September 29, 2025 — Kenya joined the People’s Republic of China in celebrating the 76th anniversary of its National Day, in a vibrant diplomatic event hosted at the Chinese Embassy in Nairobi. The occasion brought together high-ranking government officials, members of the diplomatic corps, representatives of the private sector, and other distinguished guests, all united in honouring the strong and growing partnership between the two nations.

Presiding over the celebration, Prime Cabinet Secretary and Cabinet Secretary for Foreign and Diaspora Affairs, Hon. Dr. Musalia Mudavadi, delivered a keynote address that emphasized the depth of Kenya-China relations, especially within the broader framework of Africa-China cooperation. He expressed Kenya’s appreciation for China’s unwavering support for Africa’s development and the transformative impact of the Forum on China-Africa Cooperation (FOCAC) since its inception 25 years ago."
17,Diplomatic Briefing September 2025
17,Diplomatic Briefing September 2025- Statement by Prime Cabinet Secretary and CS for Foreign and Diaspora
17,Kenya and League of Arab States Reaffirm Commitment to Enhanced Diplomatic Cooperation
17,"Amb. Lindsay Kiptiness, Deputy Director-General, today held a courtesy meeting with H.E. Dr. Khaliid Mohammed Ali Al Kathiri, Head of Mission of the League of Arab States in Nairobi. The meeting underscored the cordial and longstanding relations between Kenya and the League of Arab States, particularly in advancing political, economic, cultural, and social cooperation.

Discussions highlighted the League’s continued engagement with Kenya’s State Department for Foreign Affairs and commended its support for capacity-building initiatives targeting young Kenyan diplomats. Notably, both sides acknowledged the success of the Seminar on Diplomacy in the Middle East held in October 2025."
17,KENYA HOSTS INAUGURAL MFA OPEN DAY: BRIDGING DIPLOMACY AND THE PUBLIC
17,"The Inaugural Ministerial Open Day was held on 29th November 2024 at the Ministry of Foreign and Diaspora Affairs Headquarters in Nairobi to bridge the gap between the Ministry and the Kenyan public, who have had reservations and questions about the role the Ministry plays over the past 6 decades. The event was graced by Mr. Johnson Sakaja, Governor of Nairobi County, H.E. Amb. Beyene Russom, Ambassador of the State of Eritrea to Kenya and Dean of the Diplomatic Corps, Amb. Maria Alejandra Guerra, Ambassador of Chile to Kenya, representatives from various diplomatic missions and the United Nations in Nairobi, and the Ministry’s senior leadership led by Principal Secretary for Foreign Affairs Dr. Korir Singoei.

During the Open Day, the public was given a behind-the-scenes look at Kenya’s Missions abroad as well as the Department/Division/Unit’s within the Ministry and their roles in ensuring the success and operation of the Ministry. The event generated great momentum for the larger 60th Anniversary celebrations of Kenya’s Diplomatic Journey held on 2nd-7th December 2024."
17,Kenya Launches Judge Phoebe Okowa’s Candidature for Full ICJ Term
17,"Kenya Launches Judge Phoebe Okowa’s Candidature for Full ICJ Term

The State Department of Foreign Affairs has formally launched the candidature of Judge Phoebe Okowa for election to a full nine-year term at the International Court of Justice (ICJ) for the 2027–2036 period, reaffirming the country’s commitment to a strong, inclusive, and rules-based international legal order."
17,KENYA AND BRAZIL DEEPEN ECONOMIC PARTNERSHIP AT HIGH LEVEL INVESTMENT FORUM
17,"KENYA AND BRAZIL DEEPEN ECONOMIC PARTNERSHIP AT HIGH LEVEL INVESTMENT FORUM

Kenya and Brazil have taken significant steps toward strengthening their bilateral economic ties, as senior government officials, investment agencies, and business leaders from both countries convened at the Kenya–Brazil Economic Cooperation Forum. The event underscored a shared commitment to expanding trade, investment, and industrial cooperation within a balanced, mutually beneficial framework."
17,Cabinet Secretary welcomes Incoming Director General for the African Development Bank
17,"Kenya's Prime Cabinet Secretary and Foreign and Diaspora Affairs Secretary, H.E Dr. Musalia Mudavadi, received letters of appointment from the Incoming Director General for Eastern Africa Regional Office and Country Manager for Kenya for the African Development Bank, Mr. Kennedy K. Mbekeani.

The Prime Cabinet Secretary welcomed Mbekeani to Kenya and assured him of the Government's support in the Bank's operations in the country."
17,REVIEWING KENYA'S FOREIGN POLICY
17,"The Kenya Foreign Policy published in November 2014, has served as the framework for Kenya's diplomatic interactions over the past decade. This policy was a significant milestone, as it was the first comprehensive framework of its kind since the country’s independence. In the context of a dynamic international landscape characterized by the decline of multilateralism and the emergence of a multipolar world, there has been increasing need for review of the policy to ensure that it remains effective in promoting Kenya's national interests and values anchored on the overarching objective of protecting, promoting and projecting the nation’s interests. The Kenya Foreign Policy published in November 2014, has served as the framework for Kenya's diplomatic interactions over the past decade. This policy was a significant milestone, as it was the first comprehensive framework of its kind since the country’s independence. In the context of a dynamic international landscape characterized by the decline of multilateralism and the emergence of a multipolar world, there has been increasing need for review of the policy to ensure that it remains effective in promoting Kenya's national interests and values anchored on the overarching objective of protecting, promoting and projecting the nation’s interests. The Kenya Foreign Policy published in November 2014, has served as the framework for Kenya's diplomatic interactions over the past decade. This policy was a significant milestone, as it was the first comprehensive framework of its kind since the country’s independence. In the context of a dynamic international landscape characterized by the decline of multilateralism and the emergence of a multipolar world, there has been increasing need for review of the policy to ensure that it remains effective in promoting Kenya's national interests and values anchored on the overarching objective of protecting, promoting and projecting the nation’s interests.

The Kenya Foreign Policy published in November 2014, has served as the framework for Kenya's diplomatic interactions over the past decade. This policy was a significant milestone, as it was the first comprehensive framework of its kind since the country’s independence. In the context of a dynamic international landscape characterized by the decline of multilateralism and the emergence of a multipolar world, there has been increasing need for review of the policy to ensure that it remains effective in promoting Kenya's national interests and values anchored on the overarching objective of protecting, promoting and projecting the nation’s interests."
17,Kenya to commemorate 60 years of Diplomacy
17,"Principal Secretary for Foreign Affairs, Dr. Korir Sing’Oei has used the occasion of the United Nations Founding Day to outline plans for commemorating 60 years of Diplomacy.

Dr Sing’Oei speaking to members of the Diplomatic Corps based in Nairobi observed that Kenya had attained 60 years in active engagement in international diplomacy since independence and having established its foreign policy. He noted that Kenya’s diplomatic journey remained instrumental in shaping the country’s identity on the global stage notwithstanding the achievements and lessons learned over the decades."
17,Kenya Launches African Union Commission Candidacy
17,"On 27th August, 2024 Kenya formally announced, that the former Prime Minister, Dr. Raila Odinga would be vying for the position of Chairperson of the African Union Commission (AUC). President William Ruto presided over the event that was marked by robust endorsement by East African Partner States reflecting the broad regional and continental support for Dr. Odinga's bid.

The formal announcement was witnessed by among others, the Chairperson of the East African Community, President Yoweri Museveni of Uganda, Presidents Samia Suluhu of Tanzania, and Salva Kiir of South Sudan. Former presidents including Dr. Jakaya Kikwete of Tanzania and Mr. Oluseegun Obasanjo of Nigeria were in attendance."
17,"Kenya Participates at the 79th United Nations General Assembly, 2024"
17,"Kenya's attendance in the 79th session of the United Nations General Assembly (UNGA) in 2024 demonstrated its active involvement in global diplomacy and multilateralism. The assembly, themed ""Peace, Prosperity, and Sustainability,"" offered Kenya with an opportunity to promote its national priorities, regional leadership, and dedication to global concerns such as climate change, peacekeeping, and sustainable development.

Key Highlights of Kenya's Engagement:In a strong address to the 79th session of the United Nations General Assembly, the President emphasized the critical need for global cooperation to address a wide range of pressing issues. He praised the session's theme, ""Unity in diversity for the advancement of peace, sustainable development, and human dignity for everyone everywhere,"" which reflects the UN's core ideals."
17,The 14th Annual Connected Africa Summit (CAS) 2025 has been officially opened by CS Hon. William Kabogo Gitau
17,"Cabinet Secretary, Ministry of Information, Communications and the Digital Economy, Hon. William Kabogo Gitau has officially opened the Connected Africa Summit (CAS) 2025 in Diani, Kwale County.

The 14th Annual CAS 2025 has been organised by ICT Authority (ICTA) in collaboration with various partners. In his address, CS Kabogo emphasized the significance of emerging technologies such as Artificial Intelligence (AI) in shaping the future of Africa's digital landscape."
17,"The Government has launched Sh77- million development projects drive in Kisii aimed at transforming and boosting the county’s infrastructural outlook.

The projects include the construction of education and community infrastructure projects that is targeted at improving service delivery."
17,Data and Systems Inventory Stakeholder Meeting Held in Nairobi
17,"The Principal Secretary for ICT and Digital Economy Eng. John Tanui today participated in a critical Data and Systems Inventory Session stakeholders meeting at the Movenpick hotel , Nairobi. The meeting underscored the importance of strategic Data and Systems Inventory management within Ministries, Departments and Agencies(MDAs)

PS Tanui emphasized the importance of identifying system custodians, assessing network infrastructure utilization, tracking ICT expenditure, and ensuring compliance with ICT standards in a converted effort to grow the economy. “According to the Global Digitization Index in the next 5 years, the Digital Economy will be growing 3 times faster than that of the physical economy” States Tanui."
17,Kenya Calls for Inclusive and People-Centred Digital Cooperation at WSIS+20
17,Global UK Digital Access Programme (DAP) Cross-Country Peer Learning Event - Beneficiaries Connect Forum
17,"The Principal Secretary for the State Department of ICT and the Digital Economy, Eng. John Tanui, CBS, chaired the ""Digital Skilling at Scale for Kenya"" session today at the Global UK Digital Access Programme (DAP) Cross-Country Peer Learning Event - Beneficiaries Connect Forum, held at the Edge Convention Centre, Nairobi.

During his opening remarks, PS Tanui highlighted the launch of Kenya’s first National Digital Skills Curriculum at the Connected Africa Summit 2025 as a pivotal milestone. Noting that it draws from an ITU-led study on digital skills supply and demand across sectors, the curriculum establishes a structured framework for sustainable delivery."
17,Goverment Officers urged to actualise beta pillars
17,"Public servants have a key Mandate of offering quality services and actualizing the objectives outlined on the Pillars of Bottom-Up Economic Transformation Agenda (BETA) for empowerment of the citizenry.

Speaking during the signing of 2024/2025 Performance Contracts with the State Department for Broadcasting and Telecommunications (SDBT) Heads of Departments (HoDs), SDBT Principal Secretary Prof. Edward Kisiang’ani emphasized on the importance of effective implementation of duties assigned to public officials for overall development of the nation."
17,"PS Isaboke Closes PRSK Annual Conference, Calls for Authentic Development Communication"
17,PS Isaboke Calls for Strong Governance in Pension Schemes
17,QEBR 2017-2018
17,QEBR 2018-2019
17,"QEBR 1st Quarter Financial Year 2017-2018 Period ending 30th September 2017

QEBR 1st Half Financial Year 2017-2018 Period ending 31st December 2017"
17,QEBR 2016-2017
17,"QEBR 4th Quarter Financial Year 2016-2017

QEBR 3rd Quarter Financial Year 2016-2017"
17,Previous Years
17,Budget Process
17,"Budget Process

The formulation and preparation of the Budget involves development and submission of key documents for approval by Cabinet and Parliament. The process is guided by the budget calendar which stipulates timelines for a number of key activities to be undertaken in order to finalize the Budget and submit it for approval by 30th April of each financial Year. The budget calendar is usually contained in the Treasury circular issued in accordance to Section 36 of the Public Finance Management Act, 2012, providing guidelines on the processes and procedures for preparing the subsequent Financial year and the Medium-Term Budget. The Key budget process activities and description of the key documents are as shown below."
17,2025/2026﻿
17,Authorised Economic Operators (AEO)
17,"Introduction

The Authorized Economic Operator (AEO) Programme, anchored in the World Customs Organization's SAFE Framework of Standards, aims to secure the global supply chain while facilitating legitimate trade. Administered by the Kenya Revenue Authority (KRA) through its Customs and Border Control Department, this program is essential for ensuring the secure and efficient movement of legitimate goods across borders."
17,Key Facts
17,It's helpful for every taxpayer to be aware of the following key points to ensure compliance with tax obligations:
17,Tax Returns and Important Dates
17,"What is Advance Ruling?

Advance Ruling is a written decision concerning the customs treatment of goods given by the Kenya Revenue Authority’s Customs and Border Control department to an applicant prior to importation of goods."
17,PS Isaboke Commends Progress in KICA Review Process
17,"Kenya’s communications and digital regulatory framework continues to undergo significant reforms aimed at keeping pace with emerging technologies, evolving market dynamics and constitutional requirements.

In this regard, Principal Secretary for Broadcasting and Telecommunications, Mr Stephen Isaboke, EBS, today received a briefing from a delegation from the Communications Authority of Kenya led by Director General/CEO Mr David Mugonyi on the ongoing review of the Kenya Information and Communications Act (KICA) and its regulations. The PS welcomed the progress achieved so far, noting that the review process has already delivered key reforms while further stakeholder consultations and policy refinements continue."
17,"Kenya is banking on a nationwide 5G upgrade to power the 2027 Africa Cup of Nations (AFCON), positioning the tournament as both a celebration of sporting excellence and a catalyst for the country’s digital economy.

Principal Secretary for Broadcasting and Telecommunications Stephen Isaboke said the investment will support seamless broadcasting, real-time fan engagement and long-term infrastructure development to enhance connectivity across stadiums, airports, hotels and convention centres."
17,Call for Comments on the Draft Final National Data Governance Policy May 2026
17,PS Isaboke Champions Digital Inclusion at Gates Foundation Event
17,"The Government has reiterated its commitment to bridging the digital divide through aggressive infrastructure investment and targeted policy interventions aimed at rural communities and youth-led innovation. Broadcasting and Telecommunications Principal Secretary Stephen Isaboke, EBS, affirmed this strategy during a high-level panel session at the Global Growth and Opportunities event, hosted by the Gates Foundation earlier today.

The Principal Secretary affirmed the strategic milestones currently driving the Fifth Administration’s Digital Superhighway and Creative Economy agenda. He explained that a robust backbone is the foundation of true digital inclusion, highlighting the ongoing nationwide rollout of 100,000 kilometres of fibre optic cable, the establishment of 1,450 digital innovation hubs and the deployment of 25,000 public Wi-Fi hotspots designed to expand economic opportunities at the grassroots level."
17,Kenya and Germany Strengthen Economic and Digital Cooperation at Business Day in Berlin
17,"Kenya and Germany have reaffirmed their commitment to deepening bilateral economic cooperation through enhanced trade, investment, digital transformation, and sustainable development partnerships during the Kenya–German Government Negotiation Business Day held in Berlin.

The Business Day, hosted at the German Federal Ministry for Economic Affairs and Energy (BMWE), formed part of the broader Kenya–Germany Government-to-Government negotiations and brought together senior government officials, development partners, investors, financiers, industry associations, and private sector leaders from both countries."
17,Kenya flags off ICT Talent team for global competition in China
17,"The Prime Cabinet Secretary and Cabinet Secretary for Foreign and Diaspora Affairs H.E. Musalia Mudavadi today officially flagged off 12 outstanding students and lecturers who will represent Kenya at the Huawei ICT Competition 2025–2026 Global Final in Shenzhen, China.

The Huawei ICT Competition 2025–2026 attracted more than 220,000 participants from over 2,000 universities and colleges across 100 countries and regions, making it one of the world’s largest platforms for nurturing ICT talent."
17,Nairobi hosts technical workshop to strengthen air quality management
17,"Nairobi, 22nd February 2026

The Nairobi City County Government, in partnership with the Environmental Compliance Institute (ECI) and the Clean Air Fund under the Breathe Cities initiative, held a four day technical workshop from 17th to 20th February, aimed at strengthening air quality management across the city."
17,Kenya and Mozambique Joint Permanent Commission for Cooperation opens up in Nairobi
17,"Kenya and Mozambique Joint Permanent Commission for Cooperation opens up in Nairobi

The Prime Cabinet Secretary and Cabinet Secretary for Foreign and Diaspora Affairs, Dr. Musalia Mudavadi, officially opened the Ministerial Segment of the Third Session of the Joint Permanent Commission for Cooperation (JPCC) in Nairobi."
17,FY 2025/26 Budget Estimates Presentation
17,"CS and PS Present FY 2025/26 Budget Estimates to Parliamentary Labour Committee

The Cabinet Secretary for Public Service, Hon. Geoffrey Ruku, on Wednesday 21st May 2025 led a delegation from the State Department for Public Service and Human Capital Development in presenting the Budget Estimates for the Financial Year 2025/26 before the National Assembly’s Departmental Committee on Labour."
17,President Ruto's Wajir Address Signals Kenya's Vision for Inclusive Development and Regional Leadership
17,"H. E. President William Ruto used Kenya's 63rd Madaraka Day celebrations in Wajir County to deliver a message of national inclusion, economic transformation, and regional integration, positioning Northern Kenya as a critical driver of the country's future growth and influence in the Horn of Africa.

Hosting the national celebrations in Wajir for the first time since independence marked a significant moment for the region and underscored the government's commitment to addressing historical inequalities. The choice of venue carried deep symbolism for a region that has long grappled with underdevelopment, limited infrastructure, and perceptions of exclusion from the national mainstream."
17,PS Dr. JANE IMBUNYA JOINS LEADERS IN PAYING LAST RESPECTS TO HUDUMA CEO BEN KAI'S FATHER
17,"Principal Secretary for the State Department for Public Service and Human Capital, Dr. Jane Imbunya, on Friday joined family, friends, government officials, and leaders in Tezo Village in Kilifi County, to pay her last respects during the send-off ceremony of the late father of Huduma Kenya CEO, Mr. Ben Kai.

Dr. Imbunya, who was accompanied by senior officers from her State Department, including Mr. Ombima and Ms. Ndiba, as well as senior officials from Huduma Kenya, described the late as a great servant of God who dedicated his life to nurturing values of faith and discipline in his family."
17,"Kenya has officially opened its first resident High Commission in Kingston, Jamaica, marking a significant milestone in the country's diplomatic engagement with the Caribbean and reinforcing its commitment to bringing government services closer to Kenyans living abroad.

The new Mission reflects Kenya's broader foreign policy objective of expanding its diplomatic footprint while creating new opportunities for trade, investment and international cooperation across the Caribbean region."
17,Due date for filling and paying of TOT
17,Registration for Turnover Tax
17,"A person subject to turnover tax under this section shall submit a return and pay the tax due to the Commissioner on or before the twentieth day of the month following the end of the tax period.

• Login to https://itax.kra.go.ke,"
17,Penalty for Turnover Tax
17,"KWA VONZA, KITUI COUNTY, KENYA"
17,"The 3rd Annual Regulatory Authorities and Agencies Conference officially commenced today at the South Eastern Kenya University (SEKU) Main Campus in Kwa Vonza, Kitui County, bringing together key government leaders, regulators, and policy makers to strengthen collaboration in enhancing service delivery and regulatory excellence across the country.

The conference was officially opened by H.E. the Deputy President, Prof. Kithure Kindiki, and hosted by the Office of the President under the leadership of the Head of Public Service, Felix Koskei."
17,NAIROBI CITY COUNTY TRADE LICENSING ACT 2019
17,Nairobi City County Fiscal Strategy Paper (CFSP)2025 Approved
17,"2.PHYSICAL AND LAND USE PLANNING ACT,2019- NOTICE OF COMPLETION OF DEVELOPMENT PLANClick the Link>>>>> PHYSICAL AND LAND USE PLANNING ACT,2019- NOTICE OF COMPLETION OF DEVELOPMENT PLAN

3.NAIROBI CITY COUNTY TAX WAIVERS ADMINISTRATION ACT 2013"
17,Nairobi City County Finance County Act 2013
17,2012/2013 Kenya National Housing Survey
17,"The Kenya National Housing Survey (KNHS) was carried out in 2012/2013 in 44 Counties of the Republic of Kenya. It was undertaken through the NASSEP (V) sampling frame. The survey targeted different players in the housing sector including renters and owner occupiers, housing financiers, home builders/developers, housing regulators and housing professionals. The key objective for the survey was to improve the base of housing statistics and information knowledge. Some of the key findings include; • Renting households spend more than 30% of their income on rent monthly. This percentage increases to 47% when housing related utilities are included. • Over 90% of the financial institutions interviewed indicated that they did not have specific products geared towards savings for mortgage. • Average banks mortgage interest rates in December 2010 and December 2011 stood at 14.36 per cent and 16.36 per cent respectively • Housing developers quoted, access to affordable land (45.9%), high returns on investment (43.7%), and prospective future returns on investment (41.4%) as the key factors in determining where to develop. Based on the survey findings, a one stop shop system is proposed where all approving bodies will sit together to analyze development applications received and give feedback on the applications within a reasonable time. The survey collected massive data on various aspects of housing which was not analyzed for this basic report; we therefore recommend that the government prepares analytical reports from this data. This will provide useful information to both public and private sectors players in the housing sector. This report is structured into eight chapters. Chapter one provides the background of the 2012/2013 KNHS. Chapter two presents the survey methodology while chapter three summarizes the findings of the renters and owner occupier characteristics. Chapter four gives information of the built environment professionals and selected aspects of housing. Chapter five presents details on financing of housing development; Chapter six is on housing developers for selected aspects of housing; Chapter seven is on institutional and regulatory framework while chapter eight gives the key survey findings, conclusion and recommendations. Download report…

Download the questionnaires, technical documents and reports that describe the survey process and the key results for this study."
17,Producer Price Index (PPI) Fourth Quarter 2014
17,County Statistical Abstract 2015
17,"he Gross Domestic Product (GDP) is estimated to have expanded by 5.6 per cent in 2015 which was a slight improvement compared to a 5.3 per cent growth in 2014. This growth was mainly supported by a stable macroeconomic environment and improvement in outputs of agriculture; construction; finance and insurance and real estate. However, growth slowed in a number of sectors including; information and communication, mining and quarrying, and wholesale and retail trade. Similarly, growth in taxes on products slowed during the review period. The growth of accommodation and food services contracted by 1.3 per cent,a less severe performance compared to a revised decline of 16.7 per cent in 2014.

The growth in agriculture was mainly supported by improved weather condition that resulted in significant increases in output of maize, horticultural produce and livestock. However, heavy rains in 2015 were unfavorable to cultivation of some crops like potatoes and tomatoes. Nevertheless the significance of crops that were favoured by the weather far outweighed that of crops negatively impacted upon, resulting in an impressive growth of 5.6 per cent in the agriculture sector."
17,2015/16 Kenya Integrated Household Budget Survey (KIHBS) Progress Report October 2015
17,"The 2015/16 Kenya integrated Household Budget survey (KIHBS) is a survey of a representative random sample of all comprehensive household in the republic of Kenya. The Household Budget survey has been carried out in 1981/82, 1983/84 1993/94 and the Welfare Monitoring Survey (WMS) series in 1992, 1994, 1997and subsequently Integrated Household Budget Survey (IHBS) in 2005/06. The 2015/16 Kenya integrated Household Budget survey began on Thursday 3rd September 2015 and will continue until the end of August 2016. Approximately 24,000 households across the country will be contacted to take part in the survey. The main purpose of the 2015/16 KIHBS is to determine in detail the information of Household consumption/expenditure patterns in order to compute of poverty/welfare measures; updating of national accounts benchmarks (e.g. private consumption, informal sector, analysis of household sector); and form a basis for updating household expenditure weights to be used in the development of new Consumer Price Index (CPI). Alongside the above mention purpose the socio-economic indicators derived from the survey will be a milestone in planning and policy formulation. The survey will also provide statistics for monitoring and evaluating development initiatives and targeted interventions. These indicators will complement the existing baseline information from 2009 Kenya Population and Housing Census (KPHC) and other surveys.Download 015/16 Kenya Integrated Household Budget Survey (KIHBS) Progress Report October 2015"
17,"The Government has launched a comprehensive evaluation of the performance of its ministries for the 2023/24 financial year. This initiative, which commenced on December 9, 2024, is spearheaded by the Office of the Deputy Chief of Staff for Performance and Delivery Management headed by Eliud Owalo (pictured).

It forms a critical part of the government’s Performance Management Framework, aimed at ensuring accountability and alignment with Kenya’s national development goals. The evaluation focuses on commitments, performance indicators, and targets detailed in the ministries’ performance contracts for the financial year."
17,2016 FinAccess Household Survey
17,"The 2016 FinAccess Household Survey is the fourth in a series of surveys that measure the financial inclusion landscape (access, usage, quality and impact) in Kenya. The 2006, baseline survey and the subsequent surveys of 2009 and 2013, have shown that Kenya has made significant progress in fostering financial inclusion, with the latest survey providing a ten year perspective on Kenya’s financial landscape.

The surveys constitute an important tool for providing a better understanding of the financial inclusion landscape in line with the financial sector development agenda, as laid out in Kenya’s Vision 2030, and a monitoring tool for progress under the government’s Medium Term Plan (MTP) for the financial services sector. The surveys contain disaggregated data on key market segments, data on drivers of uptake and usage including attitudes, perceptions and needs as well as profiling the financial services landscape. FinAccess 2016 was conducted by a multi-stakeholder body including the Central Bank of Kenya (CBK), the Kenya National Bureau of Statistics (KNBS) and Financial Sector Deepening Kenya (FSD Kenya). Data collection was carried out between August and October 2015 by IPSOS Kenya, with quality control by Research Plus Africa. This report presents the key findings from the survey. Additional analysis will be made available through issue-based reports. The data will also be disseminated through consultative workshops with all stakeholders. The dataset can be downloaded from the CBK, KNBS and FSD Kenya websites.Download FinAccess 2016 survey report"
17,"The Gross Domestic Product (GDP) is estimated to have expanded by 5.6 per cent in 2015 which was a slight improvement compared to a 5.3 per cent growth in 2014. This growth was mainly supported by a stable macroeconomic environment and improvement in outputs of agriculture; construction; finance and insurance and real estate. However, growth slowed in a number of sectors including; information and communication, mining and quarrying, and wholesale and retail trade. Similarly, growth in taxes on products slowed during the review period. The growth of accommodation and food services contracted by 1.3 per cent,a less severe performance compared to a revised decline of 16.7 per cent in 2014.

The growth in agriculture was mainly supported by improved weather condition that resulted in significant increases in output of maize, horticultural produce and livestock. However, heavy rains in 2015 were unfavorable to cultivation of some crops like potatoes and tomatoes. Nevertheless the significance of crops that were favoured by the weather far outweighed that of crops negatively impacted upon, resulting in an impressive growth of 5.6 per cent in the agriculture sector."
17,Prof Ndungu underscore the importance of CDF in Development
17,Prof Ndungu underscores the importance of CDF in Development
17,"The National Treasury and Economic Planning CS Prof Njuguna Ndung’u has underscored the importance of the National Government Constituency Fund (NG-CDF), terming it as a critical factor in the mitigation of the country’s economic challenges at constituency levels.

The CS has said the Government acknowledges the impact of transformational development through NG-CDF reflected at the grassroots which resonates well with the Government’s Bottom-Up Economic Transformation Agenda (BETA)."
17,SENIOR MANAGEMENT STAFF SET PRIORITIES FOR 2025/26
17,"The State Department for Foreign Affairs successfully concluded its three-day high-level Strategic Reflective Retreat, that brought together senior leadership under the stewardship of Principal Secretary Dr. Korir SingOei.

The three-day engagement held in Kajiado County provided a vital platform to assess the Department’s performance for the 2024/25 Financial Year and set clear, forward-looking priorities for 2025/26 that are aligned with Kenya’s evolving foreign policy objectives and national development goals."
17,"Honouring the Life and Legacy of Ambassador Boaz Kidiga Mbaya, CBS, MBS"
17,"The Ministry of Foreign and Diaspora Affairs joins the nation and the diplomatic community in mourning the passing of one of Kenya’s most distinguished diplomats, Ambassador Boaz Kidiga Mbaya, CBS, MBS, who was laid to rest today in his hometown of Gaigedi Village, Sabatia Sub-County, Vihiga County.

During the solemn burial ceremony, the Principal Secretary for the State Department for Foreign Affairs, Dr. Korir SingOei, paid a heartfelt tribute to Ambassador Mbaya through a speech delivered on his behalf by Ambassador Patrick Wamoto, MBS, Ag. Director General of the Foreign Service Academy. In his message, Dr. SingOei described the late Ambassador as “a towering figure in Kenya’s diplomatic history whose contributions have profoundly shaped the nation’s foreign policy and regional stature.”"
17,PCS Tours UN Complex facility ahead of AMCEN20 Conference
17,"As the 20th Ordinary Session of the African Ministerial Conference on the Environment (AMCEN-20) commences in Nairobi, Prime Cabinet Secretary and Cabinet Secretary for Foreign and Diaspora Affairs, Dr. Musalia Mudavadi, conducted an inspection of the ongoing renovations and construction of new office blocks at the United Nations Complex in Gigiri, Nairobi.

This year's AMCEN-20, marking 40 years since its inception in Cairo in 1985, will be hosted by the Government of the State of Libya at the United Nations Complex in Nairobi."
17,Diplomacy in Motion: Kenya and Finland Align for a Changing World
17,"H.E. Dr. Musalia Mudavadi, EGH, Prime Cabinet Secretary and Cabinet Secretary for Foreign and Diaspora Affairs, represented President William Samoei Ruto at 13th Kultaranta Talks held on 16–17 June 2025 in Naantali, Finland. Hosted by President Alexander Stubb, this year’s talks focused on “The Changing World Order – Old Meets New,” convening global leaders to address shifting power dynamics and international cooperation.

Kenya participated in the high-level panel “Accumulation of Shocks at the Global Level – What the West Should Understand,” moderated by Fareed Zakaria. Dr. Mudavadi addressed the rising fragmentation of the global system, noting that multilateral diplomacy is weakening as nationalism and unilateralism grow. He highlighted how regional disruptions, particularly in Africa, now have undeniable global implications."
17,Celebrating Excellence in Records Management: State Department Hosts Appreciation Luncheon
17,"On June 13, 2025, the State Department held a special luncheon to honour the outstanding efforts of the records management staff and the National Youth Service (NYS) officers. This event celebrated the successful completion of the department’s records reorganization project, a milestone that marks a new era of efficiency and organization within the State Department.

The luncheon was graced by the Ag. Director General, Political and Diplomatic Affairs, Amb. Lucy Kiruthu, who represented the Principal Secretary, and Director, Kenya Missions & Global Assets Management, Mr. James Omosa."
17,Presidential Digital Talent Program (PDTP)
17,"The project was conceived through the Information, Communication and Technology (ICT) Master plan. The program is aimed at growing ICT through leadership and increase the relevance of ICT in business principles in management and public service delivery. It is also aimed at building ICT technical capacity in government for effective service delivery. The program provides internship to ICT and engineering graduates. The trainees undergo mentorship in private and public institutions for a period of one year. The first 100 trainees graduated in March 2016 and another group of 400 are already onboard undergoing training.

The program aims at achieving workforce development for effective and efficient services delivery leveraging on ICT."
17,New trade era as Kisumu Port receives coal from Tanzania
17,"Kisumu Port is expanding its trade footprint following the launch of coal shipments from Tanzania.

The move marks a significant shift toward bulk industrial cargo transportation and opens a fresh inland supply corridor for manufacturers in western Kenya."
17,"The Consumer Price Index (CPI) increased marginally from 108.35 points in July 2020 to 108.57 points in August 2020. The overall rate of inflation remained at 4.36 per cent during the same period. In August 2020, the Kenyan Shilling depreciated against all major trading currencies. The average yield rate for the 91-day Treasury bills, which is a benchmark for the general trend of interest rates dropped from 6.24 per cent in July 2020 to 6.20 per cent in August 2020, while the inter-bank rate rose from 2.12 per cent to 2.77 per cent over the same period.

The Monthly Leading Economic Indicators report highlights changes in Consumer Price Indices (CPI) and inflation, interest and exchange rates. In addition, the report presents changes in selected indicators of international trade, agriculture, energy, manufacturing, building and construction, tourism and transport."
17,Call for comments: Draft Kenya Artificial Intelligence and other Emerging Technologies Policy - July 2026
17,"Click here Kenya Intelligence and Emerging Technology Policy & Participation Public Form 2026

Our Contacts"
17,"Many institutions require substantial technical assistance and capacity building, to effectively produce sufficient and quality environment statistics. In addition to this, environmental expertise, scientific knowledge, institutional development capabilities, and adequate resources are equally necessary for the productions of quality environmental statistics. Reading an opening speech on behalf of KNBS Director General Mr. Zachary Mwangi during the opening of the 3 day National Workshop on Environmental statistics, KNBS production and Statistics Director Mr. James Gatungu, said these challenges are a hindrance to many developing countries. Mr. Gatungu said environment statistics portray key information about the state of the environment and its most relevant changes through space and time. “These statistics are necessary for producing environment assessments, state of the environment reports, environment compendia, environmental indicators, indicators of sustainable development as well as to facilitate environmental – economic accounts”, he noted. United Nations Statistics Division (UNSD) Associate Statistician Reena Shah said the Workshop would help build national capacities for implementation of the Development of Environment Statistics (FDES 2013) Framework, to provide statisticians and experts from ministries of environment with detailed knowledge and understanding of contemporary approaches to environment statistics. Ms. Reena also said the FDES 2013 are a useful tool in the context of Sustainable Development Goals. Meanwhile the Ministry of environment and natural resource representative Mr. Antony Mugane appreciated the effort by UNSD to strengthen national capacities of developing countries for the sustained, regular production of environmental statistics. Speaking during the workshop, East African Community representative Mr. Michael Gitau said partner states should ensure promotion of sustainable utilisation of natural resources. He urged them to take up measures that effectively protect natural environment. “Partner States need to co-ordinate their policies in the management of environment and natural resources,’’ he said. The National Workshop on Environment Statistics in support of the implementation of the Framework for the Development of Environment Statistics (FDES 2013) is jointly organized by Kenya National Bureau of Statistics (KNBS) and the United Nations Statistics Division (UNSD)."
17,Quarterly Gross Domestic Product Report :Third Quarter 2016
17,"The economy is estimated to have expanded by 5.7 per cent in the third quarter of 2016 compared to a growth of 6.0 per cent in the same quarter of 2015. The key macroeconomic indicators remained largely stable during the third quarter of 2016. Inflation was contained within the Central Bank’s target to average at 6.3 per cent compared to an average of 6.1 per cent during the same quarter in 2015. The slight increase in inflation was primarily due to increases in prices of food and beverages during the period under review. This rise was however countered by significant decreases in prices of utilities and transport. Internationally, Murban ADNOC prices (US$/barrel) declined by 9.3 per cent during the quarter compared to the same quarter of 2015. In the money market, the Kenyan Shilling strengthened against the US dollar, Euro, Sterling pound, South African Rand and the Tanzanian Shilling but weakened against the Yen and the Ugandan Shilling during the quarter compared to a similar period in 2015.

The amendment of the Banking Act in August 2016 to cap the lending rates to a maximum of 4.0 per cent above the Central Bank Rate (CBR) resulted to a substantial decline in the interest rates during the month of September to 13.84 percent from 16.75 per cent in the same month of 2015. The current account deficit narrowed by 10.4 per cent to a deficit KSh 100,687 million in the third quarter of 2016 from a deficit of KSh 112,377 million during the same quarter of 2015. The overall balance of payments also improved from a deficit of KSh 51,356 million in the third quarter of 2015 to KSh 5,710 million during the quarter under review."
17,Delegation from Turku University Finland pay CS education courtesy call
17,"Digital Government Services, Products and Data Management"
17,"Digital Government Services, Products and Data Management involves the definition and implementation of policies, practices and initiatives and procedures that facilitate the effective and efficient use of digital services and data in government as well as developed products.

Our Contacts"
17,"a) The Government should strive to create confidence in consumers and all in the value chain by gazetting the ASO Dates and continuously re-affirming the same at every publicity opportunity.

b) The success of the strategy is highly dependent on the close collaboration among all the stakeholders and in particular for complimentary publicity activities from the media houses. These will include donation of airtime on television and complimenting with own activations on television and radio to create the desired effect."
17,"Cabinet Secretary, Ministry of Information, Communications and the Digital Economy"
17,"Hon. William Kabogo Gitau, EGH is the pioneer Governor of Kiambu County, a role in which he dedicated his visionary leadership and business acumen, leading to the recognition of the County as the second-best performing county in revenue collection in the Financial Year 2016-2017.

Prior to being elected Governor, Hon. Kabogo had served as Member of Parliament for Juja Constituency for two terms, Chief Executive Officer for Toto Industries, and an auditor in the Office of the Auditor General. While in Parliament, Hon. Kabogo was ranked fifth nationally for effective utilization of Constituency Development Fund (CDF) allocations."
17,PS - State Department for ICT and the Digital Economy
17,"Eng. John Tanui, CBS is the Principal Secretary in the Ministry of Information, Communications and the Digital Economy in charge of the State Department for ICT and the Digital Economy. Prior to joining the Ministry, Eng. Tanui was the Chief Executive Officer of the Konza Technopolis Development Authority (KoTDA) for over 7 years, Deputy Country CEO and Vice President of Huawei Technologies responsible for Kenya, Tanzania, Somalia and Djibouti and the Director of Technical Service Department in the same organization that he served for over of 15 years.

With over 17 years in the ICT industry and international business management, Eng. Tanui has worked in several countries in Africa and also in China acquiring knowledge and experience in Business and project management, he has keen interest and expertise in Engineering Turnkey Projects, Innovations, setup and management of industry collaborations and partnerships. He is passionate about how technology can be utilized to solve challenges facing economies."
17,What is Konza Techno City?
17,What are the services offered by the Department of Public Communications?
17,"Konza City is a sustainable, world class global technology hub and a major economic driver for the nation, with a vibrant mix of businesses, workers, residents, and urban amenities. The Konza Technopolis Development Authority (KOTDA) leads the development and operations of Konza.

Our Contacts"
17,"Due to all these massive improvements, my turnover became almost 8 times higher: it grew from ~KES 41,000 / acre to almost KES 360,000 / acre. This in itself was unbelievable and a massive experience. But even more important: using what we learned in our financial classes, I was now able to calculate that my net income boosted even more. When taking all costs into account – certified seed potato, nutrients, crop protection, labour, land etc. – I realised a beautiful profit of almost KES 200,000 / acre. Within one growing season I managed to improve my previously loss making potato farming into a highly profitable business!

In some aspects, thanks to coming together as a group, we had a better bargaining power when it came to organizing the logistics to purchase the certified seeds and other inputs. But also when approaching the market, thanks to a bigger volume that we could offer the buyers, we had a stronger voice to get a good price for our potatoes. During the growing season, we were also able to help and mentor each other as farmers by visiting one another, and asking questions to the specialists from the companies supporting us in this (Bayer, Yara and Agrico PSA)."
17,ADDENDUM : KNBS/ONT/02/2018-2019
17,Eng. John Tanui Tours ICT and Digital Economy Booths at 9th Devcon 2025
17,"The Principal Secretary for ICT and Digital Economy Eng.John Tanui tours the State Department for ICT and Digital Economy and it's Agencies Exhibition booths during the ongoing 9th Devolution Conference(Devcon 2025) being held in Homabay High Schools, Homa Bay county.

This Year's Devcon Conference is themed ""For the People, For prosperity: Devolution as a catalyst for Equity, Inclusion and Social justice""#devcon2025 #devolutionconference2025"
17,PS Tanui Reaffirms Ministry's Digital Commitment During Gikomba Market Visit
17,Studio Mashinani
17,"Studio Mashinani is a Government project launched in 2017 with an aim to enable talented youths access facilities to record music and spoken word creations at a subsidized rate. The studio Mashinani project falls under the umbrella of the Ajira Digital Program, which offers innovative digital solutions and gives the youth opportunities to earn a living from their talents.The Operational studios in different Counties in Kenya, include; Kisumu studio, Kitui studio, Gatanga studio in Murang’a, Lang’ata studio in Nairobi, Mombasa studio, and Komarock studio in Machakos.

Our Contacts"
17,"The ACEs were selected through an open, objective, transparent and merit-based competitive process based on the following criteria:

(a) proposal that addressed a specific challenge in one of the five priority areas in the region – industry, agriculture, health, education and applied statistics;"
17,All these ACEs are expected to perform the following tasks:
17,"RECORD OF BID CLARIFICATION / AMENDMENT

ADDENDUM 1 EXTENSION OF CLOSING DATE; Supply, Delivery and Commissioning of Equipment for Technical Training Institutes in Kenya: ICT Hardware, Software and Internet Connectivity, Lot 1 - 4"
17,"Standard Scholarship Application Form

CALL FOR APPLICATIONS: SCHOLARSHIP PROGRAM FOR FOREIGN STUDENTS TO STUDY IN THE KINGDOM OF SAUDI ARABIA"
17,Government Policies
17,Policies
17,"Draft IV National Policy on Continuous Professional Development for Technical and Vocational Education and Training Trainers

Draft National Policy on Continuous Professional Development for TVET Trainers"
17,Leading Economic Indicators - Feb 2023
17,"ICT, Tourism & Transport"
17,"The total number of mobile money transactions was 198.31 million in January 2023 while their value was KSh 589.30 billion. The value of imports for telecommunication equipment increased from KSh 1.55 billion in Jan- uary 2023 to KSh 2.33 billion in February 2023.

The total number of visitors arriving through Jomo Kenyatta (JKIA) and Moi International Airports (MIA) de- creased from 120,806 persons in December 2022 to 114,048 persons in January 2023. The number of pas- sengers who landed at Jomo Kenyatta International Airport (JKIA) increased from 198,166 persons in No- vember 2022 to 264,022 persons in December 2022. The Passengers who embarked at JKIA by port of des- tination increased from 206,110 persons to 243,415 persons over the same period. Total monthly throughput at the port of Mombasa dropped from 2,897.64 thousand metric tonnes in October 2022 to 2,673.60 thousand metric tonnes in December 2022."
17,"Charts, Tables & Figures"
17,"Installment tax is estimated income tax paid to KRA periodically, in anticipation of the tax payable for a year of income. Installment tax is a form of advance tax administered under the Income Tax Act Cap 470, laws of Kenya. Installment Tax is paid in advance at four equal installments. It is paid before the year of income is over and before the accounts of the business are prepared to establish the actual tax payable."
17,The British High Commissioner H.E. Neil Wigan pays a courtesy call to the National Treasury Cabinet Secretary
17,REPUBLIC OF KENYA THE NATIONAL TREASURY AND ECONOMIC PLANNING INFORMATION SECURITY POLICY FOR PUBLIC FINANCIAL MANAGEMENT ICT SYSTEM
17,Day 2 of the Nyanza International Investment Conference #niic2025
17,"Official opening of the Ojola Huduma Centre in Kisumu West Constituency, Kisumu County."
17,Nyanza International Investment Conference 2025: Official Opening
17,"Day 2 of the Nyanza International Investment Conference, Ciala Resort in Kisumu County."
17,"Dr. Chris K. Kiptoo, CBS The Principal Secretary, The National Treasury"
17,"Dr. Chris Kiptoo is the Principal Secretary, The National Treasury. He was appointed Principal Secretary by President William Samoei Ruto on 1st December 2022. Since his appointment, Dr Kiptoo has been at the forefront in implementing Fiscal consolidation, debt management including the Eurobond, expenditure rationalization , revenue mobilization as well as reform of state owned enterprises (SOEs).

Dr. Kiptoo is the immediate former Principal Secretary, Ministry of Environment and Forestry. Before that, he also served as a Principal Secretary at the State Department of Trade, Ministry of Industry, Trade & Cooperatives."
17,Objectives of Peace and Security Diplomacy
17,Kenya Strengthens Youth-Led Diplomacy and Africa–France Dialogue at the 25th KMUN Conference
17,"Kenya Strengthens Youth-Led Diplomacy and Africa–France Dialogue at the 25th KMUN Conference

The Ministry of Foreign and Diaspora Affairs successfully co-hosted the 25th Annual Kenya Model United Nations (KMUN) Conference at the Kenya School of Government, Lower Kabete Campus in Nairobi on 18th March 2026."
17,Kenya Positions Mining Sector as a Strategic Driver of Investment and Diplomacy
17,"Kenya Positions Mining Sector as a Strategic Driver of Investment and Diplomacy

Kenya is positioning its mining sector as a key frontier for investment, economic transformation and diplomatic engagement, as the government moves to unlock the country’s vast mineral potential amid rising global demand for critical resources."
17,ENVIRONMENT MANAGEMENT
17,"KRA seeks to increase forest cover, develop strong partnerships with Kenya Forest Service, schools and others partners on tree planting exercise to encourage the youth to participate in environmental protection as a bridge to conquer desertification, poverty and peaceful coexistence of communities.

ENVIRONMENT 08/08/2018"
17,Empowering Women and Girls: KRA's Code Red Campaign Tackles Menstrual Poverty
17,"At Kenya Revenue Authority we believe in more than just numbers, we believe in making a real impact on lives. In our unwavering commitment to Corporate Social Responsibility (CSR), launched the Code Red Campaign. This initiative was about touching lives and empowering women behind bars, Children and needy girls in school with an aim to address the need for menstrual poverty.

Since the marking of International Women’s Day to date, KRA employees supported over 3,000 women and 100 Children across various Women’s Prisons namely; Kisumu Women's Prison, Shimo la Tewa Women's Prison, Eldoret’s Women Prison, Meru Women’s Prison, Embu Women’s Prison, Machakos Women’s Prison and Langata Women’s Prison. KRA has also supported St. Thomas Aquinas Komosoko Girls School in Isebania, Migori County and Saika Group in Njiru Feminist’ at Silanga"
17,Monitoring & Reporting
17,Classification of Issues
17,"Reports are generated on a real time basis through dashboards that track invoice status, that is, approved or rejected invoices and credit notes. Sellers can track invoices generated via Reverse Invoicing through their eTIMS dashboard.

Buyers enjoy greater control over invoicing, higher accuracy of financial records and reduced errors as buyers specify the purchase details. Reverse Invoicing helps to streamline procurement and payment processes for large organizations, hasten reconciliation and reduce disputes with suppliers. It also allows for bulk invoicing through batch upload of invoices."
17,Integration Documents
17,"BII allows a registered buyer to generate a tax invoice on behalf of a seller for goods or services supplied. This model is appropriate where sellers are not well- positioned to issue tax invoices, such as in agricultural or informal sectors. BII ensures transactional transparency and real-time reporting to KRA."
17,Quality of Excise Stamps
17,How does one get the excise stamps?
17,Any stamp quality concern shall be reported to KRA through the email- egmshelp@kra.go.ke with relevant details. KRA has also developed a userguide on how to handle excise stamps with quality concerns. The guide includes steps on how to handle the following:
17,Rollout of Excise Stamps on Cosmetics
17,KRA PIN & Tax Obligations
17,"The Kenya Revenue Authority (KRA) was created by an Act of Parliament (Chapter 469 of the laws of Kenya) in July 1995 to collect, administer and account for revenue on behalf of the Government of Kenya (GoK)."
17,"You are required to have a PIN if you expect to earn any income from Kenya. This applies to both Residents and Non- residents.

Some transactions will also require you to have a PIN. These transactions include but are not limited to;"
17,Kenya Disabled Persons Car Import Tax Exemption Requirements
17,Tax Exemption for PWDs
17,"Application letter addressed to the commissioner of customs services

Original medical certificate from a registered doctor"
17,Due Date
17,VAT is due on or before the 20th day of the following month. This includes both the return and payment. Returns are submitted online via iTax (https://itax.kra.go.ke).
17,Tax Invoice
17,E- Procurement
17,"The department has a help desk where users can call and get assisted with their problems.

The National Treasury and PlanningIFMIS DepartmentNairobi"
17,"On behalf of Cabinet Secretary Geoffrey Ruku, Principal Secretary Dr. Jane Kere Imbunya today appeared before the Senate Standing Committee on Labour and Social Welfare to present key programmes and priorities under the State Department for Public Service and Human Capital Development.

The PS presented the 2025/2026 Budget Policy Statement (BPS) Performance Review, highlighting achievements realized during the implementation period, and outlined the 2025/2026 BPS Strategic Outlook, focusing on priority interventions for strengthening public service delivery and human capital development."
17,Launch of a Group Life Cover
17,"The National Treasury & Planning Cabinet Secretary Hon. Amb Ukur Yattani on Tuesday November 17, 2020 launched the new comprehensive insurance coverage for National Government Civil Servants and National Youth Service employees. Also present during the launch were NHIF Chair Ms. Hannah Mureithi and IRA Chairman Abdirahin Abdi. The Cover will spur productivity among Civil Servants."
17,Public Participation on Kenya's 2025 Debt Strategy
17,"PUBLIC NOTICE: Public Participation Have Your Say on Kenya's 2025 Debt Strategy The National Treasury invites you to engage and make contributions to shape the 2025 Medium Term Debt Management Strategy (MTDS). This is your chance . Dates: 27th–31st Jan 2025 Locations: Nyeri, Mombasa, Machakos, Kisumu, Eldoret, Isiolo, and Nairobi. Review the draft and join the discussion. Check the full schedule & details here: https://treasury.go.ke/medium-term-debt-management-strategy/… Submit your comments via pdmo@treasury.go.ke by 31st Jan 2025."
17,Group Personal Accident
17,"Group Personal Accident (GPA) Unit is a section within the National Treasury. The mandate given to the Unit is to administer GPA insurance cover and, settle any claims arising from injury, accident or death of Civil Servants, Police Officers, Prison Wardens and, the National Youth Service personnel. The Unit operates under the self-insurance concept and receives a budgetary vote every financial year.

For more information click the link below"
17,Comm Taskforce
17,"The Task Force on the Improvement of Government Information and Public Communications launched by the Cabinet Secretary for ICT, Mr. Joe Mucheru on 30th January 2019, has 15 members.

The Task Force, Chaired by Mr. David Makali, a veteran journalist, has three months to complete its assignment. The team is will collect and collate views on how to improve government information and public communications functions and to align them with emerging public sector dynamics and expectations."
17,Participation in Household Decisions
17,Ownership of Assets
17,"78% participate in decisions about making major household purchases, and 82% participate in decisions about visiting their own family or relatives.

Sixty-six percent of women participate in all three decisions. Women’s participation in all three decisions increases with the level of education, from 55% among married women with no education to 78% among those with more than secondary education. A higher percentage of married women in urban areas (71%) participate in all the three decisions compared with those in rural areas (63%)."
17,Gender-based Violence
17,Nairobi County Concludes Key Stakeholder Forums on Draft Boroughs Administration and Coordination Policy to Enhance Service Delivery
17,"Nairobi: July 2nd, 2026

Nairobi City County Government’s Boroughs and Sub-County Administration sub sector concluded a series of highly successful public participation forums at Charter Hall, City Hall, marking a crucial milestone in the development of the Nairobi City County Boroughs Administration and Coordination Policy aimed at strengthening governance, improving coordination, and enhancing service delivery across the city."
17,Security and Compliance Sub Sector
17,"This Sub-Sector is under the Boroughs administration and Personnel Sector and comprises of two departments; City Inspectorate and Investigations & Information Analysis.

Objectives:-"
17,Inaugural APS-HRPNet Conference
17,"Kenya to Host Inaugural APS-HRPNet Conference Focused on Africa’s HR Renaissance

The Africa Public Sector Human Resources Practitioners Network (APS-HRPNet), Kenya Chapter will be hosting its 1st National Conference from Tuesday 17th to Thursday 19th June 2025 at the Kenya School of Government, Mombasa Campus."
17,Service Delivery Evaluation
17,"PS Imbunya Visits Huduma Contact and Tele-Counselling Centre

Teleposta Towers, 5th June 2025"
17,ICT Ministry Set To Launch The National Artificial Intelligence Strategy 2025-2030
17,"The Ministry of Information, Communications and Digital Economy (MICDE) is set to launch the Kenya Artificial Intelligence (AI) Strategy 2025-2030 on Thursday 27th March, 2025 at the Kenyatta International Convention Center.

The strategy has been developed by the National AI working group and Steering Committee through extensive consultations with government Agencies, private sector stakeholders, academia, civil society, international partners and local communities."
17,STRENGTHENING THE BODA BODA SECTOR THROUGH CAPACITY BUILDING
17,"The Principal Secretary for Public Service and Human Capital Development Dr Jane Kere Imbunya held a meeting with Mr Kevin Mubadi, HSC, National Executive Chairman of the BodaBoda Safety Association of Kenya (BAK), at her Harambee House office on Monday, 16th March 2026.

The discussions focused on brainstorming solutions to key challenges affecting the boda boda sector across the country, with the aim of enhancing safety, professionalism, and economic opportunities for riders."
17,"In the first quarter of 2018, the current account deficit improved to KSh 107.9 billion from KSh 129.7 billion in the corresponding quarter of 2017, Merchandise exports grew by 7.1 per cent to KSh 162.9 billion in the first quarter of 2018, while merchandise imports valued on free on board (fob) basis grew by 6.5 per cent to KSh 432.1 billion, in the same quarter. Merchandise trade balance (fob) worsened by 6.1 per cent from a deficit of KSh 253.7 billion in the first quarter of 2017 to a deficit of KSh 269.3 billion in the quarter under review. During the first quarter of 2018, international trade in services registered a surplus of KSh 49.3 billion from a surplus of KSh 38.5 billion in the first quarter of 2017. Receipts from international services increased by 10.8 per cent to KSh 129.4 billion in the quarter under review partly on account of improved tourism earnings. Remittances from the diaspora increased substantially in the first quarter of 2018 and boosted the secondary income to record a surplus of KSh 129.3 billion. During the first quarter of 2018, financial net inflows increased by 51.8 per cent to a surplus of KSh 323.8 billion mainly as a result of proceeds from the Eurobond. Gross official reserves increased by 9.4 per cent to KSh 944.1 billion as at end of March in 2018 from KSh 863.0 billion as at end of March 2017. Overall balance of payments improved to a surplus of KSh 206.9 billion in the quarter under review.[wpdm_package id=4907 template=”link-template-calltoaction3.php”]"
17,"Quarterly – Final Receivers Of Revenue Template for FY 2020-2021 Revised June 2021amended

Quarterly – Reporting Template for MDAs for FY 2021-2022 Updated for June 2021"
17,"Annual County-Public-Funds-and-Schemes-IPSAS-Accrual-Financial-template-for-FY-2022-23-Revised-June-2023

Annual County Assembly Financial Reporting Template- FY 2023"
17,Can you come and do trial sites / demos in my farm?
17,Can I come and visit your farm?
17,"We work with farmer groups, producer organizations or cooperatives, so that we can reach many more farmers at once. We usually also include other partners in the value chain (like fertilizer & crop protection companies) so that we join forces and are sure we set up a successful demo site. See our calendar for all upcoming training sessions."
17,Do you breed Variety x ?
17,Nairobi County launches SUMMIT STUDY Toolkit to transform Maternal Mental Healthcare
17,"Nairobi, 10th October, 2025

The Nairobi City County Government launched the ‘ Perinatal Mental Health Toolkit- Supporting Mother’s Mental Health, a Resource For Healthcare Providers’ , a document developed in collaboration with the SUMMIT STUDY Kenya team and strategic partners."
17,Nairobi County Pioneering Effort to Strengthen Early Childhood Development Through Training in “Nurturing Care” for Health Promoters
17,"Nairobi, 2nd October, 2025

The Nairobi City County Health, Wellness and Nutrition Department has made an important leap to the future for Children in the city with a pioneering launch of the “Nurturing Care Training” Manual for Community Health Promoters (CHPs) Adaptation Workshop."
17,"Nairobi County celebrates international day of Girl child – places teen Mothers “On the Frontlines of Change,” announces new empowerment initiatives."
17,"Nairobi, 9th October 2025

Nairobi City County Government (NCCG) today marked the International Day of the Girl Child by launching a specialized agenda under the theme: ” The Girl I Am, The Change I Lead: Teen Mothers on the Frontlines in Nairobi.” In a key address delivered by Maryam Dahir, County Chief Officer (CCO) who also affirmed the county’s commitment towards recognizing teen mothers not as victims, but as resilient leaders capable of driving positive change across the county."
17,Nairobi City County Multi- sectoral team inches closer to unveiling landmark School Feeding Policy which will Institutionalize Dishi na County as Permanent County Function
17,"Naivasha, 9th November, 2025

The Nairobi City County Government’s (NCCG) Multi – sectoral technical working group led by Esther Mogusu, Director, School Feeding is inching closer to making the Nairobi City County School Feeding Policy a reality which officially institutionalize the “Dishi na County” program, ensuring that all learners across Nairobi have permanent, legal access to nutritious, safe and affordable daily meals."
17,Nairobi City County Transport Sector holds Consultative meeting with World Bank Representatives
17,"The County Executive Committee Member Roads, Transport and Public Works Mr. Hitan Majevdia 29th November, 2019 held a consultative meeting on transport matters with representatives of the World Bank at City Hall.

The World Bank team led by Ms Akiko Kishiue and its lead Transport specialist Mr Josphat Sasia were briefed by the County Chief Officer Roads, Transport and Public Works Engineer Karanja on the mechanisms that the County Government has put in place to address transport challenges in the city."
17,"STATEMENT BY H.E. MIKE MBUVI SONKO, GOVERNOR NAIROBI CITY COUNTY, ON THE ACCIDENT THAT OCCURED AT PRECIOUS TALENT SCHOOL IN NGANDO, NAIROBI ON MONDAY, 23 SEPTEMBER 2019"
17,"I am deeply saddened by the news of the accident that occurred this morning at the Precious Talent School in Ngando area, Nairobi following the collapse of a building housing several classrooms that resulted in the death of seven pupils and the injury of many others.

Foremost, on my own behalf and that of the people of Nairobi, I wish to convey my heartfelt condolences to the parents, guardians, teachers, pupils and the entire school community on the tragic loss."
17,"Hon. Geoffrey Kiringa Ruku is a Kenyan leader and politician with a vast experience in executive management of public and private sector affairs. He's currently the Cabinet Secretary for the Ministry of Public Service, Human Capital Development and Special Programmes. He is also the immediate former Member of Parliament for Mbeere North Constituency in the National Assembly of Kenya.

Hon. Ruku has worked in various other leadership positions in Kenya, Africa and beyond. As a climate finance consultant for the Southern Africa Fair Climate Network, he facilitated actualization of Carbon credit projects in Kenya, South Africa, Namibia, Malawi, Mozambique, Botswana and Madagascar."
17,Governor visits Githurai fire tragedy victims
17,"Nairobi 29.08.2019

H.E Governor Mike Sonko today visited the victims of Githurai Fire tragedy that occurred on Monday 19th, August 2019 at Kwa ambao area Githurai 44 Roysambu. Traders are counting losses after property of unknown value was destroyed . The Nairobi City County fire fighters managed to contain the inferno on time preventing loss of lives and tragedy of bigger magnitude to the traders."
17,Nairobi Hosts 2nd Edition Of Africa Smart Cities Investment Summit
17,Day Two: Highlights from the 1st Nairobi Health Scientific Conference at Ole Sereni Hotel
17,Nairobi City County Pioneers Health Insurance for Cooperatives and SACCOS: A New Era for the Informal Sector
17,"Machakos, 24th November, 2024

In a groundbreaking initiative aimed at enhancing healthcare accessibility, Nairobi City County Government has announced plans to upscale the enrollment members of Cooperatives and Savings and Credit Cooperative Organizations (SACCOS) in to the Social Health Insurance (SHA) program."
17,Nairobi City County Government Launches Comprehensive Training Program to Boost Performance and Service Excellence
17,"Nairobi,12th March 2024

As part of efforts to enhance performance and elevate service delivery standards Nairobi City County Government has organized a sensitization Programme on three crucial tools: The Performance Contract (PC), Rapid Result Initiative (RRI), and Quality Management System (QMS)-ISO Certification."
17,Nairobi City County conducts mid-term performance contract assessment for 2024/2025.
17,"Nairobi, 12th February 2025

The County Government has conducted a mid-term assessment of its Performance Contract (PC) for the period of July to December 2024. The review has evaluated progress in various sectors, reflecting the County’s commitment to fostering economic growth and improving service delivery."
17,Nairobi County Chief Officer Oscar Omoke Leads Policy Review Meeting for Water and Sanitation Sector in Naivasha
17,"Naivasha,15th November 2023

Nairobi County Chief Officer in charge of Water and Sanitation Mr. Oscar Omoke is currently spearheading a meeting to review the County Water and Sanitation Policy and also to prepare sector reports on the implementation status of the enacted water and sanitation legislations in Naivasha. The discussions also aim to align Nairobi City County Water and Sanitation policies with National Water and Sanitation policies"
17,Ward Development Funded projects by Nairobi City County Government Paves Way for development in Embakasi Central and Embakasi East Sub-Counties
17,"Nairobi, 8th September 2025

The Nairobi City County Government is making visible strides in delivering people-driven development, with the successful completion of multiple Ward Development Projects (WDPs) under the Ward Development Programme across Embakasi Central and Embakasi East sub-counties. These projects are not only transforming neighborhoods but also aligning directly with H.E. Governor Johnson Sakaja’s manifesto pledge to take services and development closer to the people."
17,Empowering Tomorrow’s Leaders: Education Department Concludes Successful 3-Day Capacity Strengthening for Pre Primary School Heads and Champion Teachers
17,"NAIROBI: 2nd March, 2024

Education Department which is domiciled in Talent Skills Development and Care Sector has finalized a 3 day capacity strengthening for all public Pre Primary Schools head teachers and champion teachers at Lavington Primary School."
17,"Nairobi County, in collaboration with IBM Skills Build, seeks to train 10,000 youths on cutting-edge technology skills"
17,"Nairobi, 6th March, 2024

Nairobi County, Digital Economy and Startups sub sector in collaboration with IBM Skills Build intends to virtually train 10,000 youths for three days starting 12th March, 2024 on cutting-edge technology skills such as Artificial Intelligence, Cybersecurity, and Data Science, while also earning a digital certification."
17,Regular Training To Ensure Technical Teams Are Equipped To Serve Nairobians Efficiently And Effectively
17,"Nairobi 12th January, 2024

Nairobi City County Revenue collection department spearheaded by County Chief Officer, Revenue Administration, and Wilson Gakuya held a training session for revenue officers tasked with issuing the recently launched Unified Business Permit (UBP). Speaking during the event which was held at the Charter hall, Wilson Gakuya, County Chief Officer Gakuya, “As UBP takes shape, we will continue to have more staff trained on all the elements of the UBP with a special interest in universal billing and itemized coding. We want our staff to be able to trouble shoot, assist customers with payments, and generally ensure efficiency and transparency. We have lined up several training sessions internally, which will be attended by technical officers. We have identified the following key sectors and personnel."
17,PS Prof. Julius Bitok Commissions Classrooms at Kwa Njenga Primary
17,"The Ministry of Education will work with partners to boost education standards in Kenya.

Speaking on his first day of field work, the new Basic Education Principal Secretary Prof. Julius Bitok said his office was fully committed to the provision of an inclusive and equitable quality education."
17,13th Development Partnership Forum
17,"The National Treasury Cabinet Secretary, Hon. John Mbadi joined fellow leaders at the 13th Development Partnership Forum, hosted by Deputy President H.E. Prof. Kithure Kindiki at his Official Residence in Karen, Nairobi.

Guided by the theme ""Enhancing Effective Development Cooperation,"" the forum brought together government officials, development partners and key stakeholders to deliberate on strengthening collaboration for Kenya's sustainable growth.The discussions underscored the importance of aligning international support with our national priorities, fostering accountability and ensuring that development cooperation directly uplifts communities and accelerates the Bottom-Up Economic Transformation Agenda (BETA)."
17,KNBS prepared for the 2019 Population and Housing Census
17,Gov't rolls out incentives In numbers to boost local car makers
17,"The local automotive industry is poised for a boom after the government announced plans to unveil a Sh13 billion affordable credit financing kitty for players in the sector.

To further boost local manufacturing of automobile accessories, the State has introduced incentives and tax regulations, such as the duty remission scheme, to regulate the importation of parts including batteries, radiators, and brake fluids, among others."
17,Kenya Railways resumes Mombasa link train project with Sh1.1b award for compensation
17,"The Kenya Railway Corporation (KRC) is stepping up efforts to operationalise a link train between the Mombasa Standard Gauge Railway (SGR) terminus and Mombasa Central Railway Station.

The Sh4.2 billion project commenced in September 2022 was derailed by land acquisition challenges and was stopped at 65 per cent."
17,Sh55 million academy in Thika to boost youth sports development
17,"The government has commenced construction of a Sh55 million Sports Academy at Thika’s Kimuchu area in a bid to boost sporting talents in the area.

Youth Affairs and Sports Principal Secretary Elijah Mwangi said the Thika Town Sports Academy would be among another 37 academies whose construction is ongoing with another 40 being earmarked for next year."
17,"STEM learners to study core Maths, others to take essential Mathematics , reveals KICD boss"
17,"Senior schools will offer two forms of mathematics: one for those taking the Science, Technology, Engineering and Mathematics (STEM) pathway, and another for those taking arts, sports and social sciences.

The chairman of Kenya Institute of Curriculum Development (KICD) Prof. Simon Gicharu said those taking the STEM pathway will pursue core mathematics while those taking arts and sports and social sciences will undertake essential mathematics."
17,Sh80 million water project for West Pokot
17,"The Government, in collaboration with European Union, Water Sector Trust Fund (WSTF) and the West Pokot County administration, has launched a Sh83 million water project, aimed at addressing water scarcity issues in the arid and semi-arid region.

The water project, situated at Mtembur and Kitelakapel villages in Mnagei and Riwo Wards respectively, Kapenguria Constituency is expected to benefit approximately 11,000 residents, providing them with reliable clean and safe water."
17,Kenya and Uganda launch cross border Malaria control initiative
17,"Kenya is collaborating with Uganda to tackle malaria through a joint cross-border malaria control initiative.

The initiative was launched last week during a three-day joint cross-border planning meeting held in Busia, Kenya."
17,"Kenya to host over 1,000 experts for Africa Inclusive Finance Week"
17,"Kenya will host Africa Inclusive Finance Week 2025 (SAM 2025) from October 13-17, following its official media launch in Nairobi on March 21.

The event, organized in partnership with the Association of Microfinance Institutions of Kenya (AMFI-K) and Appui au Développement Autonome (ADA), will bring together over 1,000 participants to discuss financial inclusion, impact investment, and microfinance solutions across Africa."
17,Kitui Governor woos investors to unlock county’s economic growth
17,"Kitui County Governor Dr. Julius Malombe has urged both local and international investors to explore the county’s vast investment opportunities to drive business growth and foster economic prosperity for both the county and the nation.

According to the governor, Kitui County boasts six economic zones with a wide range of unexplored investment opportunities."
17,KTDA to import 99m bags of fertilizer for tea growers
17,"The Kenya Tea Development Agency will procure fertilizer to distribute to smallholder tea farmers in tea growing areas.

The agency will procure some 99,875 metric tonnes of nitrogen phosphorus and potassium (NPK) fertilizer for use by 700,000 small holder tea farmers during the 2025 tea growing season."
17,Kenya Seeds Company urges farmers to verify seed quality using new code system
17,"Kenya Seeds Company Chairperson Purity Wangui Ngirici has urged farmers across the country to al ways verify the quality and standards of seeds before planting them on their farms.

She emphasized that the company has introduced a specific code on seed packets that farmers can use to confirm certification by scratching the code and sending it via SMS to 1393."
17,State releases a million bags of fertilizer to ease shortages
17,"Farmers will have sufficient fertilizer as the long rain continues amid concerns that the stocked fertilizers at the cereal boards may not meet the demand.

National Fertilizer Technical Committee Chairman Haron Khator says at least 1 million bags of fertilizer have been released from the Mombasa Port for onward upcountry delivery."
17,SGR stopover in Voi unlocks business and tourism potential in Taita Taveta County
17,"Kenya Railways has recorded an increase in passenger numbers boarding and alighting at Voi Station since the introduction of a stopover for the Madaraka Express passenger night train in December 2024.

According to Managing Director Mr. Phillip Mainga, an average of 900 passengers board and alight in Voi weekly, reflecting the vibrancy of a thriving region and a community revitalized by improved rail connectivity."
17,Sh3.9b Ngong-Suswa road project to improve traffic flow and spur growth
17,"The Government has invested Sh3.9 billion to upgrade the Ngong-Suswa Road to bitumen standards in a bid to revolutionize regional connectivity.

The upgrade also aims to stimulate trade and alleviate traffic congestion along the treacherous Maai Mahiu escarpment."
17,Government makes policy changes to boost pyrethrum sector
17,"The government is reviving the pyrethrum industry through key environmental and agricultural policy shifts.

In the new dispensation, the government has implemented the ban on the use of over 77 harmful pesticides and restricted the use of 100 others in a bid to make Kenyan pyrethrum competitive in the global market."
17,"Government to set up Huduma Centre in Mikinduri, Tigania East"
17,"Plans are underway to construct Huduma Center at Mikinduri in Tigania East, Meru County, Cabinet Secretary (CS) for Public Service, Human Capital Development and Special Programmes Geoffrey Ruku has said.

Speaking at New Zion Church during a thanksgiving ceremony, the CS said the center will ensure provision of Huduma Smart Serikalini in the Constituency."
17,Government commits to support MSMEs to drive growth
17,"The Government is committed to support the micro, small, and medium enterprises (MSMEs) as the backbone of Kenya’s Bottom-Up Economic Agenda.

Speaking during the commemoration of the 9th MSMEs day last week, President William Ruto said the MSME sector is an engine of Kenya’s economic growth."
17,Governor Mutula outlaws single-use plastics offices in fight against pollution
17,"Makueni Governor Mutula Kilonzo Jr has announced a ban on single-use plastics in all county offices and at official functions to combat plastic pollution in the area.

He was speaking during the World Environment Day celebrations held at Kenya Medical Training College (KMTC)- Wote Campus, where he noted that this was part of the strategies by the government to eradicate the use of plastics."
17,National Heroes Council to exhibit legendary broadcaster’s work in honour of his legacy
17,"By Yobesh Onwong’a (MyGov)

The Government will hold an exhibition in honour of departed legendary broadcaster Leonard Mambo Mbotela, who served as a member at the National Heroes Council, an avid advocate for humanity amidst the ills that have bedevilled society."
17,Sh700 million level four hospital to be established in Kuria East Sub County
17,"Sh700 million level four Hospital to be established in Kuria-Migori

Migori County will soon have a second level four hospital facility after the groundbreaking ceremony of a new five-floor Kegonga Hospital in Kuria East Sub-County."
17,Sh48 billion plan to enhance water connectivity in the lake region
17,"Eight counties in the lake region are earmarked for a water and sanitation upgrade following the unveiling of a Sh48 billion five-year strategic plan.

The plan launched by Lake Victoria South Water Works Development Agency (LVSWWDA) targets to scale up water connectivity in Kisumu, Siaya, Migori, Homa Bay, Kisii, Nyamira, Kericho and Bomet Counties from 58 per cent to 70 per cent by the year 2027."
17,Govt to spend Sh36b on Last-Mile Electricity Connectivity project
17,"The Government intends to spend Sh36 billion to connect Kenyan households with electricity through the Last-Mile Connectivity Project, Deputy President Prof Kithure Kindiki, has said.

Out of the funds, Sh8.6 billion will go towards connecting 115,000 households in nine counties of the Mount Kenya region."
17,Informal settlements get a facelift in Meru and Tharaka Nithi
17,"For years, residents of informal settlements in Meru town felt frustrated, overlooked, and deprived of essential services by the government.

Thousands in Majengo, Mjini, and Salama complained of discrimination as nearby affluent areas enjoyed proper roads, clean water, street lighting, and sanitation."
17,Electric Vehicles to benefit from toll discounts under proposed national policy
17,"Electric vehicles (EVs) will be eligible for discounts and incentives once the government implements the proposed National Tolling Policy, which is currently under public participation.

Speaking in Kakamega during a public engagement on the policy, Engineer Billy Kimko from the Kenya Roads Board stated that electric vehicles will receive discounts based on their reduced carbon emissions."
17,How an 81-year-old former medic became a model farmer in Vihiga
17,"SYLVESTER MUHADI-KNA

In the lush hills of Vihiga County, retirement has taken on a new meaning for 81-year-old Mama Erika Imbwaga. After decades in the medical field, many expected her to settle into a quiet life."
17,Huduma Kenya expands footprint in Kilifi with new service centres
17,"The Government has embarked on the construction of Huduma Centres in Kilifi County to enhance access to government services for the public.

Huduma Kenya CEO Benjamin Kai Chilumo launched Huduma Centre projects in Chonyi, Ganze, Malindi, and Kaloleni, with plans to expand services to Rabai and Watamu in the next financial year."
17,Homeless woman secures new home through Government’s affordable housing initiative
17,"It must have been one of the darkest moments in the life of Milka Moraa, a Nairobi woman whose hope for a miracle was crushed in a church she sought refuge in.

The woman, a resident of Mukuru kwa Njenga, had her house closed by the landlord a few months ago because she was not able to pay her rent."
17,From Chains to Change: A priest’s journey out of addiction
17,"Religious leaders are often seen as unshakable pillars of morality and strength; the people society turns to for guidance in its darkest hours.

Yet behind the robes and sermons, they too wrestle with personal battles, often in silence, fearing ridicule or disgrace."
17,Government promotes patient-centred cancer care with new technology
17,"The government’s medical equipment programme has equipped 84 public hospitals with mammography machines for breast cancer screening.

Medical Services PS Dr. Ouma Oluga said there was need to ensure optimal utilization of the equipment through effective referral and follow-up systems."
17,Government rolls out school feeding program to boost attendance in Busia
17,"The Government has launched a school feeding programme in secondary schools in Busia County, targeting day schools, with the first phase covering schools in Busia Sub-county.

The initiative aims to reduce school absenteeism, improve retention, and enhance academic performance among learners."
17,Government to improve Samburu livestock breeds for international markets
17,"The Government is committed to improving livestock breeds in Samburu county to ensure local meat and milk products access the international markets.

Speaking at the Nomotio Livestock Improvement Center in Maralal town, Livestock Development PS Jonathan Mueke said the government has just concluded the distribution of 2,810 Galana goats through a restocking program, aimed at improving goats breed in Samburu county."
17,"Over 5,000 Kenyans certified through recognition of prior learning programme"
17,"More than 5,000 Kenyans have received certification from recognized institutions through the Recognition of Prior Learning (RPL) programme.

This achievement comes a year after the RPL Pol icy was enacted in March 2024, paving the way for millions of Kenyans with experience and compe tencies acquired outside traditional classrooms to gain national recognition."
17,"Over 12,000 households connected to power in Kwale County under Sh1.4 billion project"
17,"Over 12,707 households have been connected to the national electricity grid through the Sh.1.4 billion last mile connectivity project in Kwale County.

This has unlocked new opportunities for economic growth for the residents."
17,Pwani University and MADCA partner to preserve Mijikenda culture
17,"KNA by Emmanuel Masha

Pwani University has signed a memorandum of understanding (MoU) with the Malindi District Cultural Association (MADCA) to collaborate in researching and documenting the Mijikenda cultural heritage for future generations."
17,Lady builds thriving dairy business from six cows
17,"In the rolling hills of Kasphat, Kiambaa Sub-County, Susan Nduta has built a successful dairy farming enterprise that produces 180 liters of fresh milk daily, demonstrating how modern farming techniques can transform rural livelihoods.

Nduta’s farm is home to six Friesian Holstein cows and three calves, with each mature cow producing an impressive 30 liters of milk per day."
17,Limuru’s ‘Tap to Eat’ school feeding programme ranked best in the country
17,"‘Tap to Eat’, a school feeding program where meals are cooked in one mega kitchen and distributed to schools has been ranked the best in Kenya.

The initiative introduced at Kamandura Comprehensive School in Limuru Constituency has a Mega Kitchen which serves over 15,000 pupils at an affordable daily cost of Sh15, which translates to Sh2,700 per term, while ensuring that pupils in each school receive meals for free."
17,900 public institutions migrate to e-GP system
17,"More than 900 public institutions across the country have migrated to the Government Electronic Procurement (e-GP) system, marking a decisive step in reforming the country’s billion-dollar procurement industry.

The digital platform, rolled out over the past three years, requires public entities to upload mandatory procurement plans, reinforcing transparency, competition, and accountability in the use of public funds."
17,Work resumes on Kisumu’s Sh2.5 billion fisheries centre
17,"Construction of the Sh2.5 billion Kabonyo Kanyagwal Fisheries and Aquaculture Centre of Excellence in Kisumu County has resumed after a lull that threatened the project's timelines.

This follows a directive by President William Ruto to fast-track the stalled works during a meeting with Kisumu County leaders."
17,Private sector optimistic as Kenya projects strong 2027 GDP growth
17,"The Kenyan economy is projected to grow at a rate of 4.9 to 5.2 percent in 2026, signaling a resilient rebound.

This projection was revealed when the Kenya Private Sector Alliance (KEPSA), in partnership with the Nairobi Securities Exchange (NSE) and KPMG, hosted the 2026 Economic Outlook Forum in Nairobi."
17,Bomet University College set to attain full varsity status by August
17,"Bomet University College (inset) is set to receive its charter to become a fully-fledged university later this year.

Speaking during the institution’s Fourth Annual International Innovation Conference, University Council Chairperson Prof. Simon Mitema stated that the charter award process is on track, with the goal of securing the award by August, ahead of the December graduation."
17,Complaint Against KNBS? This Is What You Need To Know
17,KNBS Complaints FAQs
17,"It is an expression of dissatisfaction by a person, group, or organization about an unsatisfactory or unacceptable service, situation, including an act of commission or omission by a public officer or public institution.

A Complainant can be a person, group of persons or organization."
17,Compliments & Complaints Form
17,Access to reliable water supply increases rice production in Mwea
17,"By Mutai Kipng’etich (KNA)

Rice farmers in the Karaba section of the Mwea Irrigation Scheme are recording significantly higher rice production following improved water supply after the aligning and rehabilitation of irrigation canals."
17,Athi Water unveils 2024–2029 plan to boost water access
17,"The Athi Water Works Development Agency (AWWDA) has launched its 2024–2029 Strategic Plan, initiating a series of flagship water and sanitation projects.

The initiative aims to transform access to safe water in Nairobi, Kiambu, Murang’a, and the surrounding regions."
17,All Government facilities to enjoy high-speed internet-CS Kabogo.
17,"Information, Communications and the Digital Economy Cabinet Secretary (CS), William Kabogo, has reaffirmed the government’s commitment to ensuring high-speed internet connectivity across all public institutions.

Speaking during a familiarization tour of government offices at Sauti House in Mombasa, the CS announced that all government facilities will soon have reliable and stable internet connections to enhance service delivery."
17,Bandari Maritime Academy in collaborations to unlock maritime opportunities
17,"The Bandari Maritime Academy (BMA) flagged off 12 cadets selected for a one-year sea-time training with global shipping giant CMA CGM.

The initiative marks a significant milestone in the Academy’s push to bridge the long-standing gap between graduation and sea-time experience, which is a key requirement for full seafaring certification."
17,"32,000 Meru homesteads set for power in Sh2.7bn project"
17,"The Government, in partnership with the African Development Bank (AfDB), has allocated Sh2.7 billion to connect 32,000 homesteads to electricity across Meru County.

Speaking during the official groundbreaking and flag-off ceremony for the last-mile connectivity project at Athiru Gaiti Market, as well as in Kalamene Munyakiri and Ugoti villages in Igembe South, Energy Cabinet Secretary Opiyo Wandayi said the initiative reflects the government’s commitment to achieving universal electricity access for underserved communities."
17,Adopt intensive management for profitable potato farming!
17,FREE VIDEO TRAINING
17,"Our Finance Manager explains the potato business case in detail. You will see the highly profitable business case of farmers using Agrico varieties in Kenya. Elements of which are the cost price reduction per kg produced, higher sales revenue, increase of net profit and how PSA is de-risking potato farming for Kenyan farmers.

From our Potato Experience Centre in Nakuru our agronomist demonstrates and teaches farmers step by step (preparation, planting, growing, harvesting) what profitable potato farming entails. This way we instruct and help potato farmers on how to grow a healthy potato crop. Of course, the application of intensive management based on GAP is an important part of these training courses."
17,Potato business case Agrico varieties
17,Construction of Dandora Stadium
17,Renovation of Mbagathi Hospital
17,"KENAS, ARSO ink deal to strengthen accreditation and trade in Africa"
17,"The Kenya Accreditation Service (KENAS) and the African Organisation for Standardisation (ARSO) have signed a Memorandum of Understanding (MOU) to enhance the accreditation of the ARSO Conformity Assessment Program (ACAP) and the administration of the ECOMARK (Made in Africa) Programme across the continent.

The ACAP framework establishes rules and procedures for operating certification schemes across multiple sectors, including agriculture, fisheries, forestry, tourism, aquaculture, and cocoa."
17,"County to issue lease certificates to 1,500 informal settlers"
17,"At least 1,500 people drawn from informal settlements in Daraja Mbili, Marani and Keumbu areas in Kisii County will receive lease certificates.

The informal settlers will be issued with a lease of 99 years as part of the Kenya Informal Settlement Improvement Project (KISIP) Phase 2, funded by the World Bank."
17,Construction of stalled Mamboleo Junction Miwani–Chemelil–Muhoroni road resumes
17,"The construction of the stalled Mamboleo junction - Miwani- Chemelil- Muhoroni- Kipsitet road has resumed after the government resolved funding challenges.

Speaking during an inspection tour of the reconstruction of the road, Deputy Chief of Staff in the Executive Office of the President in charge of performance and delivery management, Mr. Eliud Owalo, confirmed that funding bottlenecks have been addressed."
17,Counties trained on project oversight committees
17,"The Government has trained county trainers on Project Management Committees (PMCs) to entrench public participation and strengthen accountability in county development projects,

PMCs play a vital role in the county project implementation chain by ensuring that local development reflects community priorities and is inclusive, accountable and community-driven development within Kenya’s devolved system of governance."
17,CAF gives green light for Kenya to host tournament
17,"It is a historic moment for Kenya. The air is ecstatic with anticipation of the Confederation of African Football African Nations Championship (CHAN) being hosted, for the first time, in the country.

Kenya will host the second day matches between Harambee Stars and the DR Congo national football team, the Congo DR at the Moi International Sports Centre, Kasarani, on Sunday 3rd August at 15:00 EAT (12:00 GMT)."
17,World Toilet Day celebrations marked in Nairobi
17,"Nairobi, November 2024

As the World marked the Toilet Day celebrations on 19th November, the Nairobi County Executive Member for Green Nairobi Ms. Maureen Njeri said that Nairobi County government recognizes the significance of proper sanitation practices and the need for all residents to have access to clean and safe toilets."
17,Nairobi City County Government Continues to seek partnerships to ensure Nairobi youths gain knowledge at no cost
17,"Nairobi, 13th March, 2023

Nairobi City County is seeking to empower Nairobi youths through the County’s One Stop Centre, a centre that trains youths of both genders in Mobile repairs and Computers."
17,Sony Sugar gears up for expansion and modernization with five- year strategy
17,"South Nyanza Sugar Company Ltd (Sony Sugar) has launched its 2024-2029 strategic plan, setting a transformative course for growth, sustainability, and industry leadership.

The plan, which focuses on agricultural expansion, factory modernization, financial stability, and market competitiveness, aims to strengthen Sony Sugar’s role in Kenya’s sugar sector."
17,Sakaja urges parents to counsel their youth against engaging in crime as he plans to meet Inspector General of police to address growing insecurity in the city.
17,"Nairobi, 14th November, 2022

Nairobi Governor Sakaja Johnson today said he would meet the Inspector General of police this week to address cases of growing insecurity in the city."
17,Sakaja unveils new members of the reconstituted Nairobi City County Urban Planning Technical Committee (UPTC)
17,"Nairobi, Tue 22nd November 2022 Nairobi Governor Sakaja Johnson has called upon developers in the building sector to ensure they work closely with professionals within the built environment in obtaining approvals and supervision during construction.

It is a requirement of relevant sector-building laws that developers hire and retain the services of qualified and registered professionals to be involved in the project process from inception and during construction. These professionals include Urban Planners, Architects, Surveyors, and Structural Engineers."
17,"Priority Masters Programs to be sponsored

NB: The list of MSc Programs is in order of priority with a minimum of 2 qualifiers per program and 20 scholarships overall."
17,PS Dr. Imbunya Attends 2nd National Development Implementation Committee Meeting
17,"This morning, Public Service and Human Capital Development Principal Secretary, Dr. Jane Kere Imbunya attended the 2nd National Development Implementation Committee (NDIC) meeting chaired by the Prime Cabinet Secretary, H.E. Hon. Musalia Mudavadi.

The meeting brought together Cabinet Secretaries, Principal Secretaries and senior government officials, to review the progress of ongoing national development programmes and assess implementation milestones across various sectors."
17,KETRB launches engineering services at Eldoret Huduma Centre
17,"The Kenya Engineering Technology Registration Board (KETRB) has launched registration and licensing services at Eldoret Huduma Centre for engineering technologists and technicians to enhance efficiency and accessibility up to the grassroots.

The service will be avail able through a collaboration with Huduma Kenya. Speaking during the launch, the Chief Executive Officer (CEO) of Huduma Kenya Ben Kai Chilumo said the move would ensure that engineering services are brought close to the clients."
17,"Nairobi City County Government Unveils Ambitious Plan for 20 New Modern Markets in 7 Sub Counties, Focusing on Business and Hustler Opportunities"
17,"Nairobi 15th February 2024

Nairobi City County Government Business and Hustler Opportunity sector today conducted Public Participation forums on the construction of New Modern Markets in 7 sub counties which include Westlands, Roysambu, Starehe, Embakasi east, Embakasi North, Dagoretti south and Kibra."
17,"Innovation and Digital Economy Sector Working Group (SWG) Enhances Capacities through Comprehensive Training on Budgeting, Procurement, and Policy-Making Processes"
17,"Naivasha, 17th February, 2024

Innovation and Digital Economy Sector Working Group (SWG) members have undergone capacity building sessions on budgeting, procurement and policy making process by officers drawn from County Finance and Economic Planning Sector, Legal Department and Directorate of Performance Management."
17,Dorper sheep gain popularity in Nakuru due to fast growth and high returns
17,"Dorper sheep rearing is gaining traction in Nakuru due to the breed’s hardiness, rapid growth, and good meat quality.

Originally from South Africa, Dorpers have adapted well to Kenya's climate, especially in semi-arid regions."
17,"“Building Dignity, Not Just Walls” — County Executive Brian Mulama Applauds UN Sacco Transformative CSR at Mji wa Huruma"
17,"Nairobi, 31st July 2025

A spirit of compassion and partnership was on full display as Nairobi County Government, in collaboration with UN Sacco and Mabusi Contractors Ltd., broke ground on the construction of a new perimeter wall and officially opened a modern ablution block at Mji wa Huruma, a home for the elderly in Nairobi. Speaking at the ceremony, the County Executive for Talent, Skills, Development and Care, Brian Mulama, described the event as a testament to the power of partnership and compassion. “On behalf of H.E. Governor Johnson Sakaja and Mji wa Huruma family, we extend our sincere gratitude to UN Sacco for this impactful gesture of corporate social responsibility. This wall is not just infrastructure, it is a symbol of dignity, safety, and care. CSR is not charity. It is shared responsibility that ensures no one is left behind.”"
17,"Northern Corridor to upscale trade, regional integration and unlock global markets"
17,"The Northern Corridor Council of Ministers resolved to upscale trade and regional integration by facilitating transit of goods between the Port of Mombasa and the landlocked countries within the region.

The Northern Corridor is a crucial transport route in East and Central Africa, linking the Port of Mombasa in Kenya with several landlocked countries, including Burundi, Democratic Republic of Congo, Rwanda, South Sudan, and Uganda."
17,Nakuru Hospital builds Sh32m radiotherapy bunker to boost cancer care
17,"The Nakuru County Teaching and Referral Hospital (NCTRH) is completing the construction of a Sh32 million radiotherapy bunker aimed at improving access to cancer treatment in the South and Central Rift regions.

The County Director for Medical Services, Dr. Daniel Wainaina, said the facility is 65 per cent complete and is scheduled to be operational in two months."
17,Nairobi City County Shares Urban Agriculture Expertise with Malawi Delegation on Nutrition-Sensitive Interventions Study Tour
17,"Nairobi, 19th February 2024

County Executive Committee Member for Green Nairobi Mr. Ibrahim Auma, on behalf of Nairobi City County Governor H.E Sakaja Johnson, received a delegation from Malawi Government who are in the county for a five-day study tour on nutrition sensitive interventions."
17,Nairobi city county officials visit Makadara boy’s center to review child protection and safeguarding programs.
17,"Nairobi: 25th October 2024

In a crucial move to strengthen Nairobi County’s child protection initiatives, Chief Officer Social Services Boniface Nyamu visited the Makadara Boys Center today. The visit aimed to acquaint the Chief Officer with child protection and safeguarding programs administered by the county which are designed to support rescued street connected children and other vulnerable youth across Nairobi."
17,"County Government to prioritize the promotion of food related activities, increase access to green spaces available in order to make Nairobi food systems more sustainable and resilient and promote collaborations"
17,"Nairobi, 2nd November, 2022

Nairobi City County Deputy Governor, Njoroge Muchiri has said that Governor Sakaja Johnson’s Government will prioritize the promotion of food related activities (urban agriculture, food waste, markets and food distribution) and increase access to green spaces available in order to make Nairobi food systems more sustainable and resilient."
17,Nairobi City County Government Explores Partnership with Bela Risu Foundation for Advancing Maxillofacial Services: Focus on Cleft Lip and Cleft Palate Surgeries in County Health Facilities
17,"Nairobi, 12th November 2023

Nairobi City County Government yesterday engaged the Bela Risu Foundation and Medical Centre for a possible partnership in enhancing access to maxillofacial services targeting cleft lip and cleft palate surgeries through selected County Health Facilities. Bela Risu Medical Centre is the only facility in Sub Saharan Africa offering this specialized service free of charge to thousands of deserving cases."
17,"Pyrethrum farmers across the country have expressed renewed optimism following the repeal of the Pyrethrum Act of 2013 and the enactment of a new law aimed at streamlining regulation and revitalizing the once-thriving sector.

The National Chairman of the Pyrethrum Growers Association, Mr. Justus Monda, lauded President William Ruto for assenting to the repeal of the old law, describing the move as a historic turning point for farmers and stakeholders."
16,Public Finance
16,Finance
16,"The National Government projects a revenue generation of KSh 3,383.0 billion for Financial Year 2025/26, encompassing both ordinary revenue and grants"
16,"Overall credit advanced by commercial banks and non-bank financial organizations increased by 12.3% to KSh 6,218 billion as of the end of December 2022."
16,Nairobi County collaborates with Ministry of Health to strengthen drug demand reduction efforts
16,Environmental and Climate Change Diplomacy
16,Global Governance and Multilateral Diplomacy
16,Diaspora Diplomacy
16,Markets Department inducts new market officers to prepare them to effectively serve traders and residents
16,𝐏𝐫𝐞𝐬𝐢𝐝𝐞𝐧𝐭 𝐑𝐮𝐭𝐨 𝐜𝐚𝐥𝐥𝐬 𝐟𝐨𝐫 𝐬𝐭𝐫𝐨𝐧𝐠𝐞𝐫 𝐀𝐟𝐫𝐢𝐜𝐚-𝐅𝐫𝐚𝐧𝐜𝐞 𝐭𝐢𝐞𝐬 𝐚𝐧𝐜𝐡𝐨𝐫𝐞𝐝 𝐨𝐧 𝐞𝐪𝐮𝐚𝐥𝐢𝐭𝐲 𝐚𝐧𝐝 𝐬𝐡𝐚𝐫𝐞𝐝 𝐠𝐫𝐨𝐰𝐭𝐡
16,Second Strategy for Development of Statistics & The National Plan for Advancement of Environmental Economic Accounting
16,The Second Kenya Strategy for Development of Statistics
16,"Pre-Qualification of Vendors for Supply, Operation,Maintenance and Managed Services of Electronic Seals through a Multi-Vendor Framework"
16,"Kenya Revenue Authority (KRA) invites eligible vendors to submit applications for pre-qualification for the supply, operation, maintenance and managed services of electronic seals under the Multi-Vendor, User-Owned eSeals Framework for the Regional Electronic Cargo Tracking System (EAC RECTS). The services to be provided include:

The engagement operates on a self-financing model. Approved Vendors own and maintain the seals and remain fully accountable to KRA for seal performance and integrity. The initial approval period is two (2) years, subject to evaluation reviews."
16,"African Statistics Day 2022; Message from Chairman, Board of Directors KNBS"
16,FinAccess Household Survey – County Perspective
16,KRA Seizes 21 Foreign Registered Motor Vehicles Worth 30 Million
16,"Kenya Revenue Authority has seized 21 foreign registered motor vehicles with an estimated value of Ksh. 30 Million.

The Vehicles were seized over the weekend in a swoop conducted by the KRA enforcement Units in the entire Coast Region (Mombasa, Lunga Lunga and Taveta.)"
16,Court of Appeal Stays Order to Issue Prof Ojienda With Tax Compliance Certificate
16,"The Court of Appeal on Wednesday 6th February 2019 stopped a High Court order compelling KRA to issue Prof. Ojienda with a Tax Compliant Certificate (TCC).

In the same ruling, The Court of Appeal further stopped the order, which would obligate Law Society of Kenya (LSK) to process Prof. Ojienda?s nomination to contest Judicial Service Commission elections without a TCC."
16,Security officer charged with conspiracy to evade Kshs 6 million
16,"A Security Officer was today charged before Milimani Court with conspiracy to evade taxes by negligently allowing a truck carrying goods to leave Export Processing Zone (EPZ) in Athi River thereby facilitating irregular clearance of goods. The action led to a loss of Kshs. 6 million in customs revenue.

Mr. Daniel Mutinda Kinyingi appeared before Senior Resident Magistrate Hon. Sinkiyian Tobiko. He is jointly charged alongside director of the clearing company; Buyers Logistics Limited and other workers with conspiring to evade taxes on the importation of 314 rolls of 100 per cent polyester fabric on 19th October 2018 at EPZ, Athi River."
16,"PRESS RELEASE 30/04/2020

Did you find this content useful?"
16,Businessman in “missing trader” tax evasion scheme charged Kshs 58 million tax fraud
16,"A businessman was today charged with five counts of tax frauds including counts of tax frauds commonly known as “missing trader” before Milimani Court Chief Magistrate Hon. Martha Mutuku.

David Ngari Ndiritu, who is the sole proprietor of Aberdare Solutions, denied all the charges. KRA submitted that the accused is a beneficiary of the ‘missing trader’ tax evasion scheme, a tax fraud syndicate where a taxpayer uses several registered business names for fictitious invoicing."
16,World Customs Organisation boss set for Kenya tour
16,"The World Customs Organisation (WCO) Secretary-General Dr. Kunio Mikuriya is set for a two-day visit to Kenya early next week.

The visit comes hot on the heels of the recently-concluded Middle East and North Africa (MENA) regional workshop on cross-border E-Commerce held in Riyadh, Saudi Arabia. Dr. Mikuriya will be in the country to assess ongoing Kenya Revenue Authority (KRA) Customs programs supported by the global customs body."
16,Two charged with illegal possession of imported milk powder
16,"PRESS RELEASE 22/01/2020

Did you find this content useful?"
16,KRA gets nod to keep retailer’s bank accounts frozen over Kshs. 173 million in taxes
16,"The High Court in Nairobi has ruled in favour of Kenya Revenue Authority (KRA) in a case filed by Choppies Enterprises Limited a retail supermarkets chain with origins in Botswana, seeking to unfreeze their accounts pending resolution of an ongoing tax dispute.

Justice David Majanja held the ruling in favour of the Authority and dismissed an application filed by Choppies on 22nd April 2020, with costs to KRA."
16,"Commissioner, Legal Services & Board Coordination-Paul Matuku"
16,High Court upholds KRA’s decision to enforce tax collection of Kshs. 1.6 billion
16,"The High Court sitting in Nairobi has upheld the judgment of the Tax Appeals Tribunal (TAT) delivered on 8th December 2016 to the effect that taxes amounting to Kshs. 1,654,846,603 was due and payable by the taxpayer.

Following reports from Parliament that the taxpayer was dealing in smuggled gold, the Commissioner carried out investigations into the affairs of the taxpayer for the years 2010-2011 and established that the taxpayer, Ushindi Limited (formerly Ushindi Exporters Limited), had made exports of gold worth Kshs. 2,595,3838,877 in 2010 and Kshs. 2,940,001,820 in 2011."
16,Tax Appeals Tribunal upholds KRA’s demand of Kshs. 60 million tax
16,"The Tax Appeals Tribunal (TAT) has dismissed a taxpayer’s application to reinstate a tax appeal paving way for Kenya Revenue Authority (KRA) to collect Kshs.60 million from a taxpayer.

The taxpayer, Muhugu Limited, made the application on 16th January 2020 seeking to reinstate an appeal that it had earlier withdrawn from the Tribunal. The tribunal ruled that once withdrawn the application cannot be reinstated."
16,Commissioner for Legal Services & Board Coordination
16,"PRESS RELEASE 30/05/2020

Did you find this content useful?"
16,"PRESS RELEASE 14/05/2020

Did you find this content useful?"
16,Rift valley railways Kenya Limited ordered to pay Kshs. 1.6 Billion Tax
16,"The Tax Appeals Tribunal has given Kenya Revenue Authority (KRA) a nod to demand and collect Kshs. 1.2 billion in taxes from an international communications firm.

The tax tribunal at Nairobi dismissed an application by Oxygen 8 East Africa Limited, seeking extension to file an appeal out of time to contest the tax debt. The tax dispute arises from KRA’s investigation audit against the firm for July 2015 to February 2019 that raised an assessment of Kshs. 1,185,596.692 for withholding tax. The assessment was confirmed vide an objection decision on 21st May, 2019."
16,High Court rules that Tax Tribunal cannot stay own proceedings
16,"The High Court has ruled that the Tax Appeals Tribunal (TAT) does not have jurisdiction to stay its own proceedings on account of other proceedings pending in the High Court. The court issued the verdict following Kenya Revenue Authority’s appeal after TAT dismissed KRA’s application to enforce a settlement agreement reached with a taxpayer.

KRA had moved TAT to enforce a settlement agreement entered with the taxpayer through an Alternative Dispute Tribunal (ADR) process. In the application, KRA wanted the tribunal to direct and order that ADR Agreement was a legally binding agreement on the issues agreed upon and was capable of enforcement."
16,"PRESS RELEASE 18/01/2021

Did you find this content useful?"
16,"KRA seizes over 25,000 fake excise stamps at Nairobi water plant"
16,"Kenya Revenue Authority has seized over 25,000 pieces of loose counterfeit excise stamps and 5,000 bottles of sky-falls drinking water all affixed with counterfeit excise stamps at a water refilling plant in Industrial Area, Nairobi County.

KRA officers were acting on an intelligence report when they carried out the operation and arrested the proprietor of Tabito Packaging & Suppliers. The factory premises were sealed and the plant closed. The proprietor is working with the Authority to unearth the source of the counterfeit excise stamps."
16,KRA seizes illicit liquor worth KShs.1.4 million in crackdowns
16,"PRESS RELEASE 05/05/2021

Did you find this content useful?"
16,Three firm directors charged with Kshs.12 million tax fraud
16,"PRESS RELEASE 04/05/2021

Did you find this content useful?"
16,"PRESS RELEASE 30/04/2021

Did you find this content useful?"
16,"Trader fined KShs.80, 000 for possession of fake excise stamps"
16,KRA to collect Kshs.18.6 million from a local company
16,"The Tax Appeals Tribunal in Nairobi has ruled in favour of Kenya Revenue Authority (KRA) in a case filed by a local company seeking orders to stop KRA from collecting Kshs.18, 618,476 in tax arrears.

The Tax Appeals Tribunal on 1st April, 2021 dismissed the Appeal filed on 16th May, 2018 by Joycott General Contractors Ltd."
16,"PRESS RELEASE 18/06/2021

Did you find this content useful?"
16,"PRESS RELEASE 27/05/2021

Did you find this content useful?"
16,"KRA intercepts over 157,000 litres of ethanol worth Kshs. 55 Million tax"
16,"The Kenya Revenue Authority (KRA) have impounded 631 drums with over 157,000 litres of ethanol at a go-down located in Viken Thirty Industrial Park along Eastern by-pass Nairobi County. The goods, which were intercepted on 7th September 2021, have an estimated tax value of Kshs. 55,014,173.

The operation happened after KRA officers received intelligence that the go-down was suspected to be storing drums of liquid suspected to be ethanol. Customs Investigations and Revenue Protection Service officers from KRA rushed to the scene and with assistance of DCI Officers conducted a full verification of the goods to confirm the description and quantities stored in the go-down."
16,"Director, his driver fined KShs. 2.5M or 1 year in jail over fake stamps."
16,"PRESS RELEASE 11/11/2021

Did you find this content useful?"
16,"PRESS RELEASE 16/01/2022

Did you find this content useful?"
16,Cases challenging the adjustment of Excise Duty to factor inflation.
16,"The Kenya Revenue Authority clarifies that the case on the adjustment of Excise Duty to factor inflation was filed on 17th November 2021 challenging the procedure used to implement Legal Notice 217 of 2021. The Legal Notice sought to adjust the rate of excise duty to factor in inflation. The power to adjust rates of inflation is anchored on section 10 of the Excise Duty Act.

The case was mentioned by the High Court on the 19th November 2021 where the Court gave interim orders of status quo. The status obtaining on 19th November 2021 when the order for status quo was given is that Legal Notice Number 217 of 2021 should remain in force, the same having been published and come into effect on 2nd November 2021."
16,Commissioner for Legal Services and Board Coordination
16,"PRESS RELEASE 18/01/2022

Did you find this content useful?"
16,International transport firm ordered to remit KShs.189 million tax
16,Tax Authorities Urged to Embrace Technology and Collaboration for Revenue Growth
16,"Prime Cabinet Secretary and Cabinet Secretary for Foreign and Diaspora Affairs, H.E. Dr. Musalia Mudavadi, has called on tax administrations to harness the power of rapid technological advancements driving the global economy.

Speaking at the launch of the KRA Summit 2024, the Prime Cabinet Secretary emphasized the need for tax authorities to adopt technology-driven solutions that facilitate trade and enhance domestic resource mobilization. He urged a re-evaluation of traditional tax frameworks to implement global solutions that ensure equitable contributions from all sectors to the national tax base."
16,"DEPUTY COMMISSIONER, CUSTOMS REVENUE & REGIONAL COORDINATION"
16,KRA’s Statement on Namanga LPG Trucks Clearance
16,"PRESS RELEASE 11/05/2022

Did you find this content useful?"
16,KRA allowed to collect 2.2 Billion from Africa Oil Kenya BV
16,"Kenya Revenue Authority (KRA) has been allowed to collect over 2.2Billion from Africa Oil Kenya BV in unpaid Value Added Tax (VAT). The High Court in a judgement delivered on 30th November 2022 dismissed an appeal by Africa Oil Kenya BV that had challenged the decision of the Tax Appeals Tribunal confirming the demand for unpaid Corporation Tax and VAT.

The Tribunal had observed that the company, being in the oil and gas business with interests in various oil and gas exploration blocks in Turkana had entered into farm-out agreements for the various oil blocks where it assigned its rights to other companies and received income from them. The company however stated that the said farm-out transactions were a ‘sale of its business’ and not a taxable supply subject to VAT under section 2 of the VAT Act, 2013."
16,"KRA Chairman, Ndiritu Muriithi Affirms the Board’s Commitment to Steer the Transformation of the Authority into a Professional, Service Oriented Organization"
16,"Newly Appointed Kenya Revenue Authority (KRA) Chairman, Hon. Ndiritu Muriithi has affirmed the KRA Board’s commitment to transform the Tax Authority into a professional, fair and service oriented organization.

Speaking during his swearing-in ceremony at the Supreme Court Building in Nairobi, Hon. Ndiritu has said he will work with the Leadership and Management of KRA to enhance a facilitative approach across the organization by institutionalizing a service culture across KRA’s touch points, engagements, and interactions."
16,Tax Compliance Certificate (TCC) Enhancements
16,"Kenya Revenue Authority (KRA) notifies the public that it has enhanced the Tax Compliance Certificate (TCC) application process to include compliance with eTIMS/TIMS for non-individual entities and individuals with income other than employment income.

Taxpayers seeking a TCC must:"
16,1. Revised Individual Tax Bands and Rates
16,Individual Income Tax Bands and Resident Personal Relief
16,"The new tax bands and rates are as follows:

Annual Monthly RatesOn the first Kshs. 147,580 Kshs. 12,298 10%On the next Kshs. 139,043 Kshs. 11,587 15%On the next Kshs. 139,043 Kshs. 11,587 20%On the next Kshs. 139,043 Kshs. 11,587 25%On all income over Kshs. 564,709 Kshs. 47,059 30%"
16,"PUBLIC NOTICES 31/03/2020

Address"
16,"PUBLIC NOTICES 12/10/2018

Address"
16,Value Added Tax On Petroleum Products
16,"Kenya Revenue Authority (KRA) wishes to notify the public of the changes contained in the Finance Act 2018. The changes affect the following sectors; finance, petroleum, telecommunication, betting, lotteries and gaming and sugar confectioners and property owners among other stakeholders.

In this regard, KRA invites members of the public and interested stakeholders to attend the forums as follows"
16,Recruitment Fraud
16,"Kenya Revenue Authority (KRA) has noted circulation of various fraudulent recruitment messages through various media platform falsely purporting to offer jobs. Such schemes may seek to extort money and in some cases get access to personal information for criminal activities.

Please note the following:"
16,Turnover Tax
16,"Kenya Revenue Authority would like to notify the public that in accordance with the Finance Act, 2019, the Turnover Tax (TOT) has been re-introduced and will be payable from 1st January 2020.

The tax rate for TOT is 3% on the gross sales/turnover and is a final tax. TOT will be paid on a monthly basis. The due date is on or before 20th of the following month."
16,"PUBLIC NOTICES 06/01/2020

Address"
16,Excise Duty on Spirits and Spirituous Beverages
16,"PUBLIC NOTICES 17/07/2020

Address"
16,Service of Court and Tax Appeals Tribunal Documents
16,"PUBLIC NOTICES 23/04/2020

Address"
16,Use of Alternative Dispute Resolution (ADR) in Tax and Customs Disputes
16,﻿﻿Fringe Benefit Tax and Deemed Interest Rate
16,"PUBLIC NOTICES 24/04/2020

Address"
16,"PUBLIC NOTICES 01/05/2020

Address"
16,"Fringe Benefit Tax (FB) , Deemed Interest Rate And Low Interest Benefit"
16,"PUBLIC NOTICES 25/02/2021

Address"
16,Installation of Smart Gates at Oil Installation Depots and Other Customs Release Stations
16,"Kenya Revenue Authority (KRA) wishes to notify all stakeholders in the Petroleum Industry that the roll out of the eFuels Project under the Regional Electronic Cargo Tracking System (RECTS) is now complete.

In order to enhance system and operational efficiency, the Authority intends to deploy a ‘transporter booking’ module in RECTS. The module will enable all petroleum transporters book in advance their trucks for entry and loading at oil installations through RECTS."
16,"Kenya Revenue Authority (KRA) wishes to notify all stakeholders that with effect from 25th March 2021, KRA rolled out a Trading Across Borders Facilitative program which now eliminates the processes carried out by Verification Officer (VO) and Head Verification Officer (HVO) for direct tea exports similar to the Authorized Economic Operator (AEO) program.

This framework is accorded to direct tea exports declared under customs regime EX1 in the Integrated Customs Management Systems (iCMS) and NOT any other regime."
16,Excisable Goods affixed with Counterfeit Excise Stamps
16,"Kenya Revenue Authority (KRA) wishes to notify the public of increased number of excisable products affixed with counterfeit excise stamps in the market.

By this notice, the public is forewarned that being in possession of excisable goods affixed with counterfeit excise stamps is an offence. This is as provided for under Sections 28, 39(5), 40 and 41 of the Excise Duty Act of 2015, as read together with Regulation 3"
16,"PUBLIC NOTICES 11/05/2022

Address"
16,Withdrawal of Ruling on Treatment of Tax Loss in Computing Profits
16,"Section 15(7) of the Income Tax Act Cap. 470 requires that a person who derives income from one or more specified sources will submit a separate account and a separate computation in respect of each specified source.

In line with section 64(1) of the Tax Procedures Act, KRA informs the public of the withdrawal of the waiver of this requirement granted through a letter dated 7th February 1979 addressed to Institute of Certified Public Accountants (ICPAK), with effect from 1st October 2021. Henceforth, all taxpayers will be required to prepare a separate account in respect of each specified source of income and in the event of a loss, that loss may only be deducted from gains or profits of that person derived from the specified source in the following year or subsequent years of income in so far as the loss has not already been deducted."
16,"PUBLIC NOTICES 12/01/2022

Address"
16,"Kenya Revenue Authority wishes to notify all Manufacturers, Importers, Distributors, Wholesalers and Retailers of excisable goods that pursuant to the provision of the Excise Duty (Excisable Goods Management System) Regulations, 2017 it shall be rolling out a new generation of excise stamps for alcoholic beverages, tobacco and tobacco products, water, soft drinks and juices.

The roll-out will be conducted in three phases as follows:"
16,"PUBLIC NOTICES 10/12/2021

Address"
16,Clarification on Treatment of Excisable Products Affixed with Old Generation of Excise Stamps
16,"PUBLIC NOTICES 22/02/2022

Address"
16,Guideline to taxpayers on applications for private rulings
16,"Section 65 of the Tax Procedures Act, 2015 provides that a taxpayer may apply to the Commissioner for a private ruling which shall set out the Commissioner's interpretation of a tax law in relation to a transaction entered into, or proposed to be entered into, by the taxpayer.

The following guideline will govern the applications for private rulings under this section:"
16,Invitation to a Stakeholder Engagement on the Rollout of Excise Stamps for Cosmetics and Beauty Products
16,"Kenya Revenue Authority (KRA) would like to notify taxpayers and the public of its intention to rollout excise stamps for cosmetics and beauty products from 1st July 2023, in compliance with the provisions of the Excise Duty Act, 2015 and the Excise Duty (Excisable Goods Management System) Regulations, 2017.

To ensure a smooth rollout, KRA invites manufactures, importers and other stakeholders involved in the distribution and supply of cosmetics and beauty products for a virtual stakeholder engagement on 3rd May 2023 at 9:00am. The link for the meeting can be obtained from the KRA website and is provided below -"
16,Tax Amnesty on Interest and Penalties for periods up to 31st December 2022
16,"The Kenya Revenue Authority (KRA) would like to notify taxpayers that the Finance Act, 2023 introduced a tax amnesty on interest and penalties on tax debt for periods up to 31st December, 2022. The tax amnesty will run from 1st September, 2023 to 30th June, 2024.

The tax amnesty shall be implemented as follows -"
16,Verification Rates Q3 2023/2024
16,"Kenya Revenue Authority (KRA) is implementing initiatives aimed at improving both documentary and border compliance. One of the initiative is reduction of verification rate to 20%.

KRA wishes to notify the import and export trade stakeholders that the verification rates for ICDN and CFS for the period January to March, as at 27th March are as follows:"
16,"PUBLIC NOTICES 31/07/2025

Collection of Sugar Development Levy by Kenya Revenue Authority"
16,Retirement Benefits Sector Consultative Forum.
16,The Future of Trade Facilitation Lies with The AEO Programme
16,"In 2005, the World Customs Organisation (WCO) Council adopted the SAFE Framework of Standards to secure and facilitate global trade. This was informed by the need to secure the international supply chain, and enhance trade facilitation worldwide especially after the September 11 terrorist attack in the USA. The Authorised Economic Operator (AEO) Programme was among the protocols that were borne out of that decision and as a result, the East African Community (EAC) revenue administrations, through their respective Commissioners for Customs conceived the regional AEO programme in 2006.

As the international trade supply chain becomes more vulnerable, the AEO programme seeks to shift focus from the goods to the traders by building trust through voluntary compliance. The status of an Authorised Economic Operator is awarded to compliant traders to enhance their experience when undergoing customs clearance processes. Presently, the EAC regional AEO programme is applicable to the partner states of Kenya, Uganda, Tanzania, Rwanda and Burundi and the Republic of South Sudan"
16,Anonymous Reporting of Tax Offences - iWhistle!
16,"Ever witnessed forms of tax malpractices or corruption among KRA staff and wondered what action to take next? Worry no more, we got you!

KRA recently launched an online web-based reporting solution dubbed iWhistle, that provides a framework for KRA Staff and members of the public to report bribery, concealment, conflict of interest, evasion, tax fraud, abuse of office, diversion of goods, tax evasion, manufacturing of counterfeit goods and other tax related crimes, upon seeing, hearing or suspecting the aforesaid."
16,Unpacking the new PAYE tax rates
16,"The Tax Laws Amendment Act, 2020 dated 25th April 2020 introduced a raft of fiscal measures, aimed at cushioning Kenyans against the harsh economic effects of the Covid -19 Pandemic.

Amongst these measures were the reduction of Personal Income Tax top rate from 30% to 25%, tax exemptions on incomes below KShs. 24,000 per month and an increase in monthly personal relief from KShs. 1,408 to KShs. 2,400 monthly or KShs. 16,896 to KShs. 28,800 per annum respectively."
16,Rhoda Wambui
16,Understanding Withholding Tax
16,"BLOG 17/03/2021

Did you find this content useful?"
16,Tax Education Officer
16,"BLOG 18/04/2021

Did you find this content useful?"
16,Have you filed your 2020 Income Tax Returns?
16,"It is that time of the year again. The law mandates everyone who has an active PIN to file their 2020 Income Tax returns on or before 30th June 2021.

The year of income for 2020 saw major amendments in tax laws. Most of the changes were aimed at cushioning taxpayers against detrimental effects of Covid-19. The Tax Laws (Amendment) Act(No.1) of 2020 that was effected on 25th April 2020 introduced new tax measures for individuals. These included 100% tax relief for persons earning Kshs. 24,000 and below, a reduction of the tax rate for the highest income band from 30% to 25% and increase of the personal relief from Kshs. 1,408 to 2,400 per month."
16,"Potato market partnership : 30,000 farmers benefit"
16,"In July 2022 a four year potato market partnership has been formalised between Yara, Bayer, Co-operative Bank, Simplifine and Agrico PSA. By 2026, 30,000 potato farmers in Kenya will benefit from this partnership, improving their yields by more than 50 per cent and reducing post-harvest losses by at least 50 per cent, thereby delivering prosperity for farming communities. Key gaps will be addressed including agronomy, commercial and digital knowledge and access to finance.

Yara provides access to crop nutrition solutions, Agrico PSA delivers the potato seed varieties and Bayer provides its crop protection solutions. Co-operative Bank of Kenya will provide affordable financing options for the farmers to ensure timely access to quality inputs. Finally Simplifine provides market access for the financed farmers by buying their produce."
16,Wealth Tax: A Solution to Inequality in Africa
16,"Wealth Tax, also called “Equity Tax” refers to a tax levied on the total or market value of a taxpayer’s personal assets that may include their bank deposits, company shares, fixed assets, cash, motor vehicles, real property, pension plans, money funds, owner-occupied house and trust funds.

Proponents advocating for imposition of a wealth tax, argue that it is a more equitable form of taxation especially in societies with significant wealth disparities thus promoting fairness and equality by taking into account the taxpayers overall economic status and their ability to pay."
16,SPEECH BY COMMISSIONER GENERAL KENYA REVENUE AUTHORITY DURING THE CLOSING CEREMONY OF THE 7TH ANNUAL TAX SUMMIT
16,"KRA Board Members Present,

Chair Persons and CEOs of Various Organisations,"
16,CPI and Inflation Rates for January 2014
16,"Congratulations to PS for Public Service, Dr. Jane Kere Imbunya, on emerging the 5th best-performing Principal Secretary in the recent Pilltrack Africa poll."
16,PS Dr. Jane Imbunya Leads Business Process Re-engineering Drive in Public Service
16,"PS DR. JANE KERE IMBUNYA URGES OFFICE ADMINISTRATORS, DRIVERS AND OFFICE ASSISTANTS TO EMBRACE EXCELLENCE IN SERVICE DELIVERY."
16,Consultative Meeting on Operations and Introduction of New Huduma Secretariat Staff
16,PS Dr. Jane Kere Imbunya Delivers Lecture at the National Defence College
16,Graduation of National Government Administration Officers
16,IHRM Fellows Onboarding Dinner
16,Leading Economic Indicators March 2015
16,"Hon. J.B. Muturi, CS Public Service opens the Inaugural Africa School of Government Conference in Mombasa"
16,Hon JB. Muturi CS Public Service visits Huduma centre Kilifi
16,"Hon. Muturi Inspects Progress of NYS-Led 8KM Road Project in Seme Constituency, Paving the Way for Enhanced Connectivity"
16,CS Ruku visit to Kiambu Huduma Centre
16,STRENGTHENING HUMAN CAPITAL THROUGH PROFESSIONAL EXCELLENCE IN HR
16,STRENGTHENING LEADERSHIP ACROSS AFRICA: PS DR. JANE KERE IMBUNYA HOSTS ESAMI DG
16,Leading Economic Indicators August 2015
16,KNBS Receives Financial Support from the World Bank
16,CPI and Inflation Rates for July 2015
16,Leading Economic Indicators September 2016
16,CPI and Inflation Rates for November 2016
16,Leading Economic Indicators June 2016
16,Cabinet Secretary Kabogo Joins Leaders at State House for Charter Award to Kenya-AIST
16,Ministry Explores International Audiovisual Collaboration
16,Performance Contracting
16,2026 Budget Policy Statement Presentation
16,"India, Italy, and Kenya Partner to Drive Sovereign AI Adoption Across Africa"
16,How telecommunications engineer turned traditional weaving into a thriving cultural enterprise
16,Strengthening Public Awareness of the Government’s Agenda
16,"Energy, Infrastucture and ICT Sector Budget Undergoes Public Participation"
16,"Kenya’s Artificial Intelligence (AI) Strategy 2025-2030 launched at the KICC, Nairobi"
16,KMFRI develops tool to boost cage fish farming in L.Victoria
16,C.S William Kabogo Champions Youth Empowerment at Belgut Digital Innovation Event
16,Inside Kericho workshop where craftsmanship meets creativity
16,KENAS designs new accreditation schemes to improve service quality across all sectors
16,Great Lakes region to adopt regional mineral certification system to fight cross-border mineral smugglin
16,Census conducted for animals in Ruma National park
16,MV Uhuru II commences operation on Lake Victoria
16,State banks on digital Agripreneurship to attract youth to farming
16,"State to empower teachers with better pay, working conditions, and career growth"
16,New cargo ship to ramp up operations at Kisumu oil jetty
16,Kirinyaga dairy farmers celebrate launch of new yoghurt product
16,Tobong’u Lore Festival receives major funding as President highlights Turkana’s cultural potential
16,On-site assessment reveals steady progress in Kisumu’s Affordable Housing construction
16,"KenGen commits to boost national grid with 1,500 MW of green energy by 2034"
16,Taveta University partners with stakeholders to enhance technical skills of small-scale miners
16,State sets aside Sh2b for subsidized fertilizer to promote tea farmers
16,"3,247 Kenyans secure Qatar jobs"
16,KNBS launches Foreign Investment Survey to boost economic planning
16,Government reaffirms commitment to fully implement National Children’s Care Reforms by 2032
16,Strengthening Partnerships for Excellence in Public Service
16,"Harambee House, NairobiTuesday, 17th June 2025

The Principal Secretary of the State Department for Public Service and Human Capital Development, Dr. Jane Kere Imbunya, today welcomed a delegation from the African Association for Public Administration and Management (AAPAM), led by Secretary General, Prof. George Scott, during a courtesy visit to her office."
16,Kisumu launches professional studio to empower local artists
16,Government to review 42 taxes impacting Kenya’s tea sector
16,Owalo tours Mombasa and Lamu to evaluate ongoing national projects
16,Kenya eyes nuclear power in energy shift
16,Sh1.7 billion Taunet hydropower project to lower tea energy costs
16,KenGen showcases Kenya’s geothermal potential to investors
16,"10,000 acres in Kisumu set for Special Economic Zones to boost communities"
16,Acts of Parliament that the Department Complies to;-
16,Mandate as detailed in the Constitution
16,"Acts of Parliament that the Department Complies to

The County Government Act, (No. 82 of 2012)(Act No. 17)"
16,Kisumu steps up fight against cancer with state-of-the-art facility
16,"Gov’t settles pending bills setting stage for 6,000-km road construction drive"
16,Narok farmers encouraged to use expansive lands for wheat production
16,"Sh3.5bn released to revamp tea factories, raise income"
16,KUTRRH launches Tumaini Clinic to aid GBV survivors
16,Table banking gives Nyeri widows a path to financial independence
16,"Kirinyaga begins key water project to serve 30,000 households"
16,"Kenya on track to achieve digital superhighway vision, says PS Tanui"
16,"Public Finance Management (Public Officers Medical Scheme Fund) (Amendment) Regulations, 2025"
16,"The Public participation on the Public Finance Management (Public Officers Medical Scheme Fund) (Amendment) Regulations, 2025 is currently underway at the Government Printer Meeting Hall."
16,"State aims to connect 10m customers to electricity grid by 2025, reveals PS"
16,Survey on Socio Economic Impact of COVID-19 on Households Report – Wave Two
16,Kenya Demographic and Health Survey 2008-09
16,Press:
16,"After receiving printed matter from the print rooms, finishing operations are executed to deliver the printed matter in its final format as:

All of the above relate to both security printing jobs and non-security printing jobs."
16,Consulting Services
16,Consulting
16,"The Government Press Kenya, employs professionals with numerous years of knowledge and experience in the fields of printing and security printing. Printing/ security printing experts are committed to delivering an end-to-end consulting service and informing the client about how the Government Press Kenya can add value to their product requirements. Consulting services include:"
16,Printing & Publishing
16,Survey on Socio Economic Impact of COVID-19 on Households Report – Wave One
16,Restructuring Kenya News Agency (KNA)
16,KENYA DEBT SECURITIES UPDATES
16,Investing through M-Akiba
16,"a) Treasury bonds yield curveClick here to download the Treasury bonds Yield Curve

b) EurobondsKenya Eurobonds issuance date, maturity date and coupon"
16,ANNUAL BORROWING PLAN PERFORMANCE
16,Strengthening Kenya’s Bio-Vaccine Research & Digital Health Systems
16,Plans are underway to restructure Kenya Broadcasting Corporation (KBC) and Kenya News Agency (KNA)
16,Government to Strengthen and Integrate Public Communication
16,"Amb. Lindsay Kiptiness, Deputy Director-General, Middle East Directorate meets with Amb. Rulan M. Samara, Ambassador-Designate of the Hashemite Kingdom of Jordan to Kenya"
16,"Amb. Lindsay Kiptiness, Deputy Director-General, Middle East Directorate, today held a bilateral meeting with Amb. Rulan M. Samara, Ambassador-Designate of the Hashemite Kingdom of Jordan to Kenya.

Amb. Kiptiness welcomed Amb. Samara to Kenya and reaffirmed his readiness to work closely with her to further strengthen bilateral relations. Discussions focused on expediting the conclusion and signing of more than 14 Memoranda of Understanding (MOUs), enhancing coordination of bilateral engagement mechanisms, and deepening cooperation in tourism, high-level exchange visits, trade, and collaboration in multilateral fora."
16,CONSUMER PRICE INDICES AND INFLATION RATES FOR FEBRUARY 2023
16,"ROBERT OJWANG’ AND JOSEPH OUMA-KNA

The Kenya National Bureau of Statistics (KNBS) is conducting the Foreign Investment Sur vey (FIS) 2024, which will run until February 2025."
16,"CHRIS MAHANDARA- KNA

Labour Cabinet Secretary (CS) Alfred Mutua has announced a nationwide overseas job recruitment drive to support Kenyans interested in securing employment abroad."
16,"FATMA SAID-KNA

The Government has allocated Sh2 billion for the distribution of 97,000 metric tons of subsidized fertilizer to tea farmers."
16,"GEORGE KAIGA-KNA

Taita Taveta University (TTU) has embarked on an outreach program aimed at building the capacity of artisanal and small-scale miners across the country."
16,"FATMA SAID-KNA

The Government will review the numerous taxes affecting the tea sector, noting that tea products are currently burdened by 42 different taxes."
16,"The economy experienced a relatively conducive environment for growth during the second quarter of 2016. Consequently, all the economic sectors recorded positive growths, though at significantly varied magnitudes. Overall, the economy is estimated to have expanded by 6.2 per cent during the second quarter of 2016 compared to 5.9 per cent during the same quarter of 2015. This growth was mainly supported by better performances in the activities of; agriculture, forestry and fishing; transportation and storage; real estate; and wholesale and retail trade.Download Second Quarter 2016 GDP Report"
16,Kenya aims for five million tourists by 2027 as China partnership grows
16,"ALICE GWORO AND AHMED ELMAWI (PCO)

Kenya and China are building on a decade-long tourism partnership to deepen commitments toward mutual economic and cultural growth."
16,"DAVID WANDETO-KNA

Dairy farmers in Gichugu, Kirinyaga County, have a reason to smile after one of their cooperatives launched its first yoghurt product in the market."
16,"PETER GITONGA-KNA

President William Ruto has announced a Sh49 million al location to support the Turkana Tourism and Cultural Festival, Tobong’u Lore."
16,"MABEL KEYA SHI KUKU-KNA

The number of employees in the public service suffering from mental illness continues to rise despite measures put in place to address mental health in the workplace."
16,"WAGEMA MWANGI -PCO

Cement manufacturers along the Coast have been directed to present updated rehabilitation plans for lime stone mines as part of environmental restoration."
16,"ESTHER MWANGI-KNA

At least 30 secondary boarding schools in Nakuru County will benefit from efficient lighting equipment that will help reduce costs incurred on electricity bills."
16,Launch of Leading Economic Indicator April 2017
16,"PT Unified Trade is a verified and regulated company and it’s one of the world’s most relevant payment provider.

Numerous online PT Unified Trade reviews do also confirm the excellence of the security systems developed by the team of PT Unified Trade and available for different types of companies. The clientele of PT Unified Trade is, in fact, really diversified and it includes a large number of western companies/firms from Europe and North America."
16,"BY JOSEPH WANGUI (DPCS)

Small-scale farmers in the tea and coffee subsectors have started earning more money as the ongoing reforms in these sectors begin to bear fruit."
16,KNA by Sharon Atieno
16,A New Chapter for Kenya–Jamaica Relations
16,DIPLOMATIC PRIVILEGES AND IMMUNITIES DIRECTORATE
16,REGISTRAR OF TREATIES
16,"MANDATE

Provide quality and efficient services on administration of diplomatic privileges to the Diplomatic Corps, UNON and International and Regional Organizations based in Kenya to promote Kenya’s image globally."
16,Leading Economic Indicators February 2015
16,2015 Economic Survey Report Highlights
16,"The 2025 Remittances Household Survey (RHS) was carried out by the Kenya National Bureau of Statistics (KNBS) in partnership with the Central Bank of Kenya (CBK), FSD-Kenya, and the International Fund for Agricultural Development (IFAD). Implemented in two phases, the survey began with a pilot in June 2025 to establish a sampling frame, followed by a 30-day data collection exercise in August 2025 covering 4,440 households. Its primary goal was to go beyond what is typically captured through formal reporting systems like the ITRS, gathering richer data on remittance flows including their magnitude, channels used, sources and destinations, cost, utilization, and the demographic profiles of both senders and recipients. The survey findings revealed that Kenyan households received KSh 931.8 billion in remittance inflows during the reference period of June 2024 to May 2025, with cash transfers accounting for 91 percent and in-kind transfers making up the remaining 9 percent. On the outflow side, Kenyan residents sent a total of KSh 40.5 billion abroad, with cash comprising 89.5 percent of that figure. These numbers firmly position Kenya as a net-recipient country, with inflows exceeding outflows by more than twentyfold. The report was publicly released on 16th June 2026 to mark the International Day for Family Remittances, bringing together a wide range of stakeholders including policymakers, researchers, fintechs, and development partners at the CBK Institute of Monetary Studies"
16,"On behalf of the Kenyan Government, Kenya National Bureau of Statistics (KNBS) is undertaking preparatory activities that will culminate in conducting the forthcoming 2019 Kenya Population and Housing Census enumeration. Currently, cartographic mapping, which is a process of dividing the whole country into smaller units called enumeration areas, is on-going. The mapping exercise is conducted using smartphones and the information collected will be used to produce enumeration area maps, to facilitate the census. The KNBS staff in conjunction with chiefs, assistant chiefs and village elders will identify boundaries of each village and chronologically list all the homesteads and households within that village. They will be requesting for information on: names of homesteads, Names of household heads, number of usual members of the households, any agricultural activities and details of both administrative and political units. The activity which will be conducted throughout the country in all administrative units, will run until 2019. Members of the public are encouraged to corporate and volunteer accurate information to the cartographic mapping team, during the exercise. The information provided will be treated in confidence, as guaranteed by the Statistics Act, 2006."
16,"Kenya and Kuwait Deepen Cooperation on Labour, Trade, Investment and Development"
16,"Kenya and Kuwait have reaffirmed their commitment to strengthening bilateral relations, with renewed focus on labour mobility, trade, investment, tourism and development cooperation following high-level discussions held in Nairobi.

Deputy Director General for the Middle East Directorate, Amb. Lindsay Kiptiness, ‘ndc’ (K), today received the newly accredited Ambassador of the State of Kuwait to Kenya, Amb. Anas Talib Marafi, for a courtesy call aimed at advancing the longstanding partnership between the two countries."
16,About Nairobi City County
16,To make Nairobi the city of order and dignity; Hope and Opportunities for all.
16,"Anne Mwale and Megg Njoki-KNA

The Government will continue improving the welfare of teachers by addressing all the challenges they are facing."
16,"Joseph Ng’ang’a-KNA

State banks on youth agripreneurs to revitalise extension services"
16,"KNA by Chris Mahandara

The Kenya Film Classification Board (KFCB) has rolled out a literacy program targeting creatives in arts and film to promote production of clean content."
16,"Muoki Charles-KNA

The Government has strengthened partnerships with industry players and other major maritime nations to boost the sector as well as create opportunities for graduates."
16,"KNA by Chris Mahandara

The Kenya Marine and Fisheries Research Institute (KMFRI) has created a map to guide the installation of fish cages in Lake Victoria."
16,Leading Economic Indicators September 2014
16,Leading Economic Indicators June 2013
16,"Yes, there is a physical desk where you can channel all your questions. You can also contact us using the following details;

Government Advertising Agency"
16,What is the time around time to respond to queries?
16,Enquiries / Feedback
16,Leading Economic Indicators (December 2012)
16,CPI and Inflation Rates for November 2013
16,Leading Economic Indicators January 2013
16,Leading Economic Indicators October 2013
16,Leading Economic Indicators (November 2012):
16,"The agricultural sector has several indicators, including Sustainable Development Goals (SDGs) and Comprehensive Africa Agriculture Development Program (CAADP) indicators that are not fully captured and reported. Over the years, the quantity and quality of agricultural data in Kenya have been declining. To address this, the Kenya National Bureau of Statistics (KNBS) in partnership with the Ministry of Agriculture and Livestock Development (MoALD) and the Kenya Fisheries Service (KeFS) initiated annual data validation exercises in all the 47 counties to complement data from other sources. The aim of this exercise is to ensure agricultural data, often administrative and not collected through standard statistical procedures, are accurate and reliable to meet the needs of policymakers, farmers, and other stakeholders."
16,Women’s Empowerment in Kenya
16,Complaints & information Centre
16,"Quarterly Balance of Payments – First Quarter, 2020"
16,Leading Economic Indicators February 2013
16,"Bilateral meeting with the leadership of the Multilateral Investment Guarantee Agency, Global Director for Industries and African Regional Head."
16,"This evening in Washington D.C., PS Dr. Chris Kiptoo held a bilateral meeting with the leadership of the Multilateral Investment Guarantee Agency (MIGA), including Global Director for Industries Muhamet Bamba Fall and African Regional Head Nkem Onwuaamaegbu, during the 2025 IMF-World Bank Spring Meetings in Washington D.C. .

The meeting discussed MIGA-supported projects in Kenya, with an emphasis on strengthening collaboration and aligning strategies to achieve shared development goals."
16,LAPFUND Courtesy call by the CS Hon. FCPA John Mbadi.
16,"In a bid to enhance LAPFUND’s core mandate of providing secure retirement for its 78,000 members, CS Hon. FCPA John Mbadi held extensive discussions with the Fund’s Board and Management. The meeting discussed key areas including ongoing projects and adopting a Public-Private Partnership (PPP) model to maximize benefits for Kenyans.

With Ksh. 66B in assets and 2,546 housing units developed in Nairobi and Kisumu, LAPFUND is cementing it's position as a real estate powerhouse."
16,"ROBERT OJWANG’-KNA

The Government will establish five Special Economic Zones (SEZs) across the country to create employment opportunities, empower the youth, and drive sustainable development."
16,What is a PIN ?
16,"What is a PIN?

A PIN is a Personal Identification Number used while doing business with Kenya Revenue Authority, other Government agencies and service providers."
16,When can I use the KRA PIN?
16,Government Accounting Services
16,Mandate of Government Accounting Services Department
16,Government keen on supporting content creators to grow the Digital Economy
16,Roadmap On Transition From Cash To Accrual Accounting By National And County Governments And Their Respective Entities With Effect From 1st July 2024 To 30th June 2027
16,"Consulting Services For Monitoring, Evaluation And Knowledge Management Officer For The Council Of Governors Under The Financing Locally-Led Climate Action (Flloca)Program"
16,GOVERNMENT OF MEXICO EXCELLENCE SCHOLARSHIP
16,STUDY OPPORTUNITIES IN BAHRIA UNIVERSITY-PAKISTAN
16,KINGDOM OF MOROCCO SCHOLARSHIPS FOR THE YEAR 2026/2027
16,"Supply, Delivery and Commissioning of Equipment for Technical Training Institutes in Kenya: Training and Technical Equipment for Automotive Mechatronics and Body Building"
16,AUSTRIA SCHOLARSHIP PROGRAMME
16,TVET MIS
16,"Tender for Supply, Delivery and Commissioning of Equipment for Technical Training Institutes in Kenya"
16,SCHOLARSHIP AWARDS FROM THE GOVERNMENT OF BRUNEI DARUSSALAM
16,THAILAND SCHOLARSHIP PROGRAM
16,"Basic Education PS Julius Bitok at Westlands Deputy County Commissioner’s office, Nairobi after witnessing the opening of containers holding KCSE and KJSEA papers"
16,Attached is the press statement for the release of tuition and upkeep fee 19th of August 2025
16,"Cuban Government Scholarship in Medicine 2022-2023

Cuban Government Scholarship Medicine Scholarship"
16,SERBIA SCHOLARSHIPS 2022/2023
16,CONSULTANCY SERVICES FOR TECHNICAL ASSISTANCE TO DEVELOP INTER-INSTITUTIONAL COLLABORATION FRAMEWORK FOR TVET INSTITUTIONS
16,CONSULTANCY SERVICES FOR TECHNICAL ASSISTANCE TO DEVELOP INTER-INSTITUTIONAL COLLABORATION FRAMEWORK FOR TVET INSTITUTIONS -CANCELLATION
16,MALAYSIA SCHOLARSHIP
16,"SUPPLY AND DELIVERY OF SANITARY TOWELS TO PUBLIC PRIMARY SCHOOLS BY LOCAL MANUFACTURERS AND AGPO (YOUTH, WOMEN AND PEOPLE WITH DISABILITY-PWD) CATEGORIES"
16,RE ADVERTISEMENT SUPPLY AND DELIVERY OF SANITARY TOWELS TO PUBLIC PRIMARY SCHOOLS BY LOCAL MANUFACTURERS-ADVERT
16,OCBI/TVETE PHASE III/ EQUIP/47/24-25
16,"Lot 1 - Tender for Supply, Installation, Calibration, Commissioning and Training on the use and Maintenance of Building and Civil Engineering Training Equipment"
16,INVITATION FOR BIDS
16,MATSUMAE INTERNATIONAL FOUNDATION (MIF) RESEARCH FELLOWSHIP PROGRAM 2025
16,"CONSULTANCY FOR INDEPENDENT VERIFICATION OF RESULTS IN TARGETED SCHOOLS-RECEIVING SCHOOL GRANTS, SCHOOL MEALS, SCHOLARSHIPS, TEACHER DEPLOYMENT, COMPETENCY-BASED CURRICULUM AND COMPETENCY BASED ASSESSMENT, CONSTRUCTION OF CLASSROOMS AND CAPACITY BUILDING"
16,ICMA SCHOLARSHIP PROGRAMME 2023
16,CONSULTANCY FOR INDEPENDENT VERIFICATION OF RESULTS IN TARGETED SCHOOLS
16,LATA MANGESHKAR DANCE AND MUSIC SCHOLARSHIP SCHEME (A1209) 2023- 2024
16,"BILKENT UNIVERSITY, ANKARA TÜRKIYE"
16,SLOVAK GOVERNMENT SCHORLARSHIPS
16,POSTGRADUATE COURSES IN THE FEDERAL UNIVERSITY OF LAVRAS IN BRAZIL
16,NOMINATION FOR UNDERGRADUATE COURSE FOR ACADEMIC SESSION 2025-26 FOR INSTITUTIONS IN INDIA
16,"Lot 4 - Tender for Supply, Installation, Calibration, Commissioning and Training on the use and Maintenance of Printing and Publishing Equipment"
16,Kenya National Music Festivals in Meru
16,"Basic Education PS Julius Bitok: School buses transporting children should not be on the road beyond 6pm or before 6am.

Meru, August 6, 2025"
16,2026 COMMONWEALTH PhD AND MASTERS SCHOLARSHIPS TENABLE IN THE UNITED KINGDOM APPLICATION EXTENSION
16,Draft IV National Policy on Continuous Professional Development for Technical and Vocational Education and Training Trainers
16,"ADDENDUM 1 EXTENSION OF CLOSING DATE; Supply, Delivery and Commissioning of Equipment for Technical Training Institutes in Kenya: ICT Hardware, Software and Internet Connectivity, Lot 1 - 4"
16,Leadership Training Workshop for Vice-Chancellors and Principals of Public Universities 2024
16,"Education Cabinet Secretary Dr. Ezekiel Machogu opens leadership training workshop for Vice Chancellors and Principals of Constituent colleges in Mombasa.

Monday 12th February, 2024"
16,"Supply, Delivery and Commissioning of Equipment for Technical Training Institutes in Kenya: ICT Hardware, Software, and Internet connectivity"
16,"Supply, Delivery and Commissioning of Equipment for Technical Training Institutes in Kenya: Furniture"
16,"Supply, Delivery and Commissioning of Equipment for Technical Training Institutes in Kenya: IT Hardware"
16,"Supply, Delivery and Commissioning of Equipment for Technical Training Institutes in Kenya: Technical Equipment for Automotive Mechatronic and Body Building"
16,"BID CANCELLATION: Supply, Delivery and Commissioning of Equipment for Technical Training Institutes in Kenya: Technical Equipment for Automotive Mechatronic and Body Building LOT 1 & 2"
16,"Supply, Delivery and Commissioning of Equipment for Technical Training Institutes in Kenya: ICT Hardware, Software and Internet Connectivity"
16,"BID CANCELLATION: Supply, Delivery and Commissioning of Equipment for Technical Training Institutes in Kenya: ICT Hardware, Software and Internet Connectivity LOT 1- 4"
16,"Supply, Delivery and Commissioning of Equipment for Technical Training Institutes in Kenya: Training and Specialized Equipment for Industrial Mechatronic Lot 1 & 2"
16,"BID CANCELLATION: Supply, Delivery and Commissioning of Equipment for Technical Training Institutes in Kenya: Training and Specialized Equipment for Industrial Mechatronic Lot 1 & 2"
16,"Supply, Delivery and Commissioning of Equipment for Technical Training Institutes in Kenya: Training and Specialized Equipment for Industrial Mechatronics"
16,"DIRECTORATE OF RESEARCH, SCIENCE AND TECHNOLOGY (DRST)"
16,"Vision

The vision for the TVET sub-sector is to provide skilled and globally competitive employable human resource"
16,SDTVET PBB FY 2026/27 – FY 2028/29
16,STATE DEPARTMENT FOR TVET PROGRAMME BASED BUDGET (PBB) FOR FY 2026/27 – FY 2028/29
16,ICB-08/MOE-VTT/TVET/KfW 2016 67 211/002/2024-2025
16,"Supply, Delivery and Commissioning of Equipment for Technical Training Institutes in Kenya: Technical Equipment for Automotive Mechatronics and Body Building"
16,FAKE ADMISSION LETTERS SCAM THAT TARGETED INTERNATIONAL STUDENTS
16,"FAKE ADMISSION LETTERS SCAM THAT TARGETED INTERNATIONAL STUDENTS

ANNOUNCEMENT NOT SCHORLARSHIP"
16,YOUTH OF EXCELLENCE SCHEME OF CHINA PROGRAM CHINESE GOVERNMENT SCHOLARSHIP
16,Draft National Policy on Continuous Professional Development for Technical and Vocational Education and Training Trainer
16,CHINESE GOVERNMENT SCHOLARSHIPS FOR ACADEMIC YEAR 2025/2026
16,SCHOLARSHIPS FOR MEDICINE STUDIES IN CUBA FOR THE YEAR 2026
16,TRAINING OPPORTUNITIES OFFERED BY THE INTERNATIONAL SEABED AUTHORITY IN PARTNERSHIP WITH THE INDIAN OCEAN RIM ASSOCIATION UNDER THE ISA CONTRACTORS’ TRAINING PROGRAMME(CTP)
16,"SCHOLARSHIP OPPORTUNITIES FOR INTERNATIONAL STUDENTS AT THE INTERNATIONAL UNIVERSITY OF HEALTH AND WELFARE, JAPAN"
16,"The County Governments (Revenue Raising Regulation Process) Bill, 2017"
16,"The Financial Services Authority Bill, 2016"
16,The government is keen to leverage digital platforms for enhancing Business to Business (B2B) model as a key priority for digital transformation
16,"Mr. Stephen Isaboke takes over the office of Principal Secretary, State Department for Broadcasting and Telecommunications (SDBT), in a handing over ceremony held at the Ministry Headquarters"
16,The Government is currently restructuring the Postal Corporation of Kenya (PCK)
16,The Government is in the process of revamping Postal Corporation of Kenya (PCK) to fully exploit opportunities existing in the digital space such as e-commerce.
16,"State Department for Broadcasting and Telecommunications (SDBT) Principal Secretary, Mr. Stephen Isaboke meets (SDBT) Directors and Heads of Departments"
16,PS Tanui Inspires Homa Bay Students on Educational Tour to Nairobi and Konza City
16,Kenya Finalizes National Communication Policy to Enhance Government Engagement
16,"SPECIAL DIPLOMATIC UPDATE BY H.E DR. MUSALIA MUDAVADI, EGH PRIME CABINET SECRETARY AND CABINET SECRETARY FOR FOREIGN AND DIASPORA AFFAIRS ON BROAD- BASED GOVERNMENT AND ONGOING ADMINISTRATIVE RE-ORGANIZATION"
16,JOINT STATEMENT ON THE SECOND KENYA – U.S. BILATERAL
16,"PRESS BRIEFING NOTES BY PCS MUDAVADI DURING THE OFFICIAL VISIT TO KENYA BY PETER SZIJJARTO, MINISTER OF FOREIGN AFFAIRS OF AND TRADE OF HUNGARY ON 27TH MARCH 2024"
16,"Deputy Director General Amb. Lindsay Kiptiness, ndc (K) received H.E. Amb. Nasra Salim Mohamed Al-Hashmi, Ambassador of the Sultanate of Oman to Kenya, on a courtesy call"
16,"Deputy Director General Amb. Lindsay Kiptiness, ndc (K), this morning received H.E. Amb. Nasra Salim Mohamed Al-Hashmi, Ambassador of the Sultanate of Oman to Kenya, on a courtesy call.

The discussions underscored the long-standing and cordial relations between Kenya and Oman, anchored in shared history, geography, and Indian Ocean ties. Both sides expressed confidence that sustained dialogue and engagement would further strengthen bilateral relations for the mutual benefit of the two countries."
16,H.E. Farid Ouahid Dahmane pays a courtesy call on Amb. Tabu Irina MBS
16,"The Ambassador of the People’s Democratic Republic of Algeria to Kenya, H.E. Farid Ouahid Dahmane, today paid a courtesy call on the Deputy Director General, African Union, Continental and Regional Organizations Directorate, Amb. Tabu Irina MBS, at her office in Nairobi.

Discussions focused on the cordial relations between Kenya and Algeria, with an exchange of views on key bilateral issues, including preparations for the upcoming African Union Summit."
16,Discover the Pulse of Kenya's Economy
16,Mid-Term Review of the Fourth Kenya-Zimbabwe Joint Permanent Commission for Cooperation (JPCC)
16,𝐏𝐒 𝐊𝐨𝐫𝐢𝐫 𝐒𝐢𝐧𝐠’𝐎𝐞𝐢 𝐂𝐡𝐚𝐦𝐩𝐢𝐨𝐧𝐬 𝐘𝐨𝐮𝐭𝐡 𝐀𝐠𝐞𝐧𝐜𝐲 𝐢𝐧 𝐊𝐞𝐧𝐲𝐚’𝐬 𝐅𝐨𝐫𝐞𝐢𝐠𝐧 𝐏𝐨𝐥𝐢𝐜𝐲
16,"Kenya’s Principal Secretary for Foreign Affairs, Dr. Korir Sing’Oei, has called on the nation’s youth to play a central role in shaping the country’s foreign policy, describing them as “architects and prime movers” of Kenya’s diplomatic future. Speaking at a high-level youth diplomacy forum in Nairobi during Africa Youth Month, Dr. Sing’Oei emphasized intergenerational dialogue as essential to national and continental governance, aligning his remarks with Session Paper No. 1 – Foreign Policy of 2025, which advocates for inclusive, citizen-driven diplomacy.

Addressing ambassadors, development partners, civil society leaders, and young participants, he said the forum reflects “the evolution of Kenya’s foreign policy and the growing confidence in our youth-led democratic governance processes.”"
16,Communication at the Core of Government Operations
16,Government Committed to Enhancing Internet Connectivity and Access Across Kenya and Its Borders
16,Workshop Launched to Finalize Government Communications Strategy and National Communications Policy
16,Celebrations to mark Africa statistics day
16,The government's agenda is to ensure no one is left behind in the implementation of digital connectivity programs.
16,The State Department for ICT and Digital Economy hosts Joint Command and Staff College (JCSC) Delegation
16,PS Isaboke Sets 2026 Pace at First Heads of Departments Meeting
16,"Government, Partners Align at the 14th Development Partnership Forum"
16,Exit Meeting for the audit of the State Department for ICT and Digital Economy
16,The Government is ready to work with all stakeholders to deliver the Digital Superhighway
16,PS Isaboke Underscores the Pivotal Role of PCOs as Ambassadors of Government Communication in MDAs
16,Higher Learning & Tertiary Institution
16,Data Analytics & Measurement in Enhancing Government Communication
16,Usaidizi
16,Maswali Yanayoulizwa Mara kwa Mara
16,AGPO
16,Jisajili
16,Mgeni
16,Kulikuwa na makosa 2 katika utoaji wako
16,Mwanadiplomasia
16,Mkaazi
16,Mkenya
16,The Government is Fully Committed to Working Closely with the Private Sector
16,Due Date for Paying DST
16,"DST is due on a monthly basis, on or before the 20th day of the following month in which the digital service was offered. DST is paid through a payment return by generating a Payment Registration Number (PRN), which is deemed as filed. The PRN enables payment of the tax at appointed commercial banks in Kenya.

Kenya's Position on the Global Corporate Minimum Tax"
16,Kenya’s Position on Global Minimum Corporate Tax
16,ICT Principal Secretary Rallies Partners Ahead of Connected Africa Summit 2026
16,"The Principal Secretary for ICT and The Digital Economy, Eng. John Tanui, CBS, on Friday called on partners and sponsors to rally behind the upcoming Connected Africa Summit (CAS) 2026, describing it as a defining moment for the continent’s digital transformation journey.

Speaking during a partners’ breakfast meeting ahead of the summit, Eng. Tanui expressed gratitude to sponsors and stakeholders for their continued support, saying their contributions have been instrumental in driving Africa’s digital agenda forward."
16,If you have not met the conditions listed in No. 7 above.
16,"What support is available for taxpayers who need assistance?

KRA has established help desks at all Tax Service Offices countrywide and the Contact Centre reachable via 0711 099 999 or callcentre@kra.go.ke."
16,CONSUMER PRICE INDICES AND INFLATION RATES FOR JUNE 2022
16,PS Stephen Isaboke Engages South Africa Delegation on Government Communication
16,Government is committed to transforming digital hubs into vibrant centres of innovation across the country
16,PS Isaboke Holds Talks with European Commission on Digital Cooperation
16,Government Committed to Growing the Digital Economy through Data Centres and Cloud Services
16,CS Kabogo highlights key milestones achieved in the delivery of digital government services
16,Kenya’s Digital Future Brightens as Construction of East Africa’s Largest Data Centre Starts
16,"Kenya’s digital future is bright as construction of East Africa’s largest Data Centre by Nxtra Airtel Africa starts in Tatu City.

Once completed in the first quarter of 2027, the facility with a capacity of 44MW is designed to meet the latest infrastructure requirement for cloud and Artificial Intelligence (AI) services to strategically position Kenya as a Continental technology hub."
16,"Kenya Calls for AI-Driven, African-Centred Future for Broadcasting at East Africa Convention"
16,"Kenya has reaffirmed its commitment to building a modern, innovative and inclusive broadcasting ecosystem as the country hosted the 5th Broadcasters Convention East Africa in Nairobi under the theme “Reimagining Next: AI, Cloud, and the Future of Broadcast in Africa.”

Speaking during the official opening of the convention, Principal Secretary for Broadcasting and Telecommunications, Mr Stephen Isaboke, EBS, said Africa’s broadcasting industry is entering a new era increasingly shaped by artificial intelligence, cloud computing, digital platforms and data-driven technologies that are transforming how content is created, distributed and consumed."
16,Notice For Public Participation On The Proposed Nairobi City County Community Development Policy
16,"This evening, Principal Secretary for the State Department of Public Service and Human Capital Development, Dr. Jane Kere Imbunya, warmly received Dr. Peter Kiuluku, Director General of the Eastern and Southern African Management Institute (ESAMI), at her office for a courtesy call.

The meeting focused on various strategic issues and the growth of ESAMI, where PS Imbunya serves as a board member. Dr. Kiuluku also briefed the PS on the institute’s programmes for 2026 and the upcoming board meeting scheduled in Brazil later this year."
16,"The Human Resource Management Professional Examination Board (HRMPEB) continues to play a pivotal role in strengthening human capital development by advancing professional certification, promoting ethical standards, and ensuring effective regulation of human resource management practice in Kenya. Its mandate remains essential in building a competent, ethical, and future-ready workforce.

During an introductory meeting with the HRMPEB Council led by CHRP Wycliffe Nyakina and the Management team headed by CEO CHRP Margaret Nguu, the Principal Secretary for Public Service and Human Capital Development, Jane Kere Imbunya, emphasized the Board’s strategic importance in professionalizing human resource practice across both public and private sectors."
16,PS DR. IMBUNYA CHAIRS COMPREHENSIVE MID-YEAR SELF-EVALUATION FOR FY 25/26
16,"Principal Secretary for Public Service and Human Capital Development, Dr. Jane Kere Imbunya, today chaired a high-level departmental self-evaluation meeting to review progress for the first half of the 2025/2026 financial year. The session brought together heads of departments to assess milestones achieved so far, scrutinize performance gaps, and chart a clear, results-driven path toward meeting all set targets before the close of the financial year in June 2026.Kicking off the meeting, Dr. Imbunya delivered inspiring opening remarks, emphasizing accountability, collaboration, and innovation as key pillars for sustained sectoral excellence. She reaffirmed her commitment to ensuring every department remains aligned to national priorities, urging teams to intensify their efforts, refine their strategies, and strengthen coordination to accelerate delivery in the months ahead.The PS also proudly acknowledged two prestigious awards recently conferred on the State Department by the Office of the Head of Public Service: The Zero-Fault Audit Award and The Leadership, Governance and Integrity Award. She applauded her predecessor for laying a strong foundation that made the first award(The Zero-Fault Audit Award) possible, while reaffirming her determination to uphold and build upon that legacy of excellence as the department advances its mandate in service to the nation."
16,"LIST OF APPLICANTS AND SHORTLISTED CANDIDATES FOR THE POSITION OF CHAIRPERSON AND ONE (1) MEMBER, NATIONAL GENDER AND EQUALITY COMMISSION (NGEC)"
16,CONSUMER PRICE INDICES AND INFLATION RATES FOR DECEMBER 2022
16,The Principal Secretary Mr. Amos Gathecha EBS visited Huduma Centre Mombasa to assess the level of service delivery.
16,"The Principal Secretary, State Department of Public Service , Mr. Amos Gathecha EBS earlier today visited Huduma Centre Mombasa to assess the level of service delivery.During the visit, Mr Gathecha commended the staff for their outstaneing service delivery and directed Huduma Kenya Secretariat to initiate and implement a comprehensive service excellence program within the public sector.Furthermore, the Principal Secretary emphasized the importance of adhering to the core values of Huduma, which encompass courtesy, innovation, integrity, transparency, and passion. He underscored the significance of upholding these values while providing services to the citizens.The PS was accompanied by Mr. Ben Kai Chilumo- Huduma Kenya CEO."
16,CONSUMER PRICE INDICES AND INFLATION RATES FOR JANUARY 2023
16,CONSUMER PRICE INDICES AND INFLATION RATES FOR MARCH 2023
16,Official opening of the recruits training.
16,"Director General Mr. James K. Tembur, MBS, presided over the official opening of the Recruits Training Course No. 1/2024 at the Paramilitary Academy in Gilgil and NYSTTI-Naivasha. This event marks the recruits' introduction to paramilitary training, aimed at transforming them into disciplined and resilient brand ambassadors of the Service. The training focuses on instilling values like discipline, mindset change, teamwork, perseverance, and innovation, which distinguish NYS graduates from other institutions. The Director General encouraged the recruits to stay determined, reminding them that ""winners never quit, and quitters never win."""
16,CONSUMER PRICE INDICES AND INFLATION RATES FOR APRIL 2023
16,CONSUMER PRICE INDICES AND INFLATION RATES FOR MAY 2023
16,APSD 2025 Closes with Call for Innovation and Inclusion
16,"Thursday 12th June, 2025

The curtains have closed on the 2025 Africa Public Service Day (APSD) celebrations held at the Kenyatta International Convention Centre (KICC) in Nairobi. The three-day event showcased the best of Kenya’s public service, highlighting innovation, inclusion, and resilience."
16,"Friday 13th June 2025

National Government Administration Officers (NGAOs) have long stood as the cornerstone of the government's presence at the grassroots level."
16,PS Stephen Isaboke Pays Courtesy Call to PS Dr. Jane Kere Imbunya
16,"Principal Secretary for Broadcasting and Telecommunications, Mr. Stephen Isaboke, paid a courtesy call on his counterpart in the State Department for Public Service and Human Capital Development, Dr. Jane Kere Imbunya, this morning at Harambee House.

The meeting focused on fostering stronger inter-departmental collaboration to enhance service delivery."
16,Presentation of Payroll System Audit Findings
16,"The Principal Secretary for Public Service and Human Capital Development, Dr. Jane Kere Imbunya, today received the draft findings of the payroll system audit at Harambee House.

The Internal Auditor General, Dr. Sammy Kimunguyi, led the presentation and reported that the audit had identified key areas that require strengthening to enhance the efficiency of the Human Resource Information System (HRIS), which is still under rollout."
16,Strengthening Strategic Partnerships with the National Defence College
16,"Thursday 7th August, 2025Harambee House, Nairobi

The Principal Secretary for Public Service and Human Capital Development, Dr. Jane Kere Imbunya, received a courtesy call from the Commandant of the National Defence College (NDC), Lt. Gen. J.S. Mwinyikai, MGH, CBS, HSC, ‘ndc’ (K), ‘psc’ (FRA)."
16,IHRM Executive Director Pays Courtesy Call to PS Dr. Jane Kere Imbunya
16,"IHRM Executive Director Pays Courtesy Call to PS Dr. Jane Kere Imbunya

The Human Resource (HR) profession plays a critical role in shaping organizational culture, driving employee engagement, and aligning workforce strategies with business goals. HR professionals are responsible not only for recruitment and compliance but also for fostering leadership development, promoting diversity and inclusion, and managing change effectively."
16,GDP Composition Report
16,GDP by Sector Report
16,"Structural Understanding: Gain insights into the composition of Kenya’s GDP, including consumption, investment, government spending, and net exports. It helps policymakers understand the drivers of economic growth."
16,GDP Forecast and Outlook Report
16,"CS Meeting with Mr. Ndiamé Diop, the new World Bank VP for Eastern & Southern Africa."
16,"CS Hon. FCPA John Mbadi, accompanied by PS Dr. Chris Kiptoo,CBS met Mr. Ndiamé Diop, the new World Bank VP for Eastern & Southern Africa, who will be based in Nairobi.

CS Mbadi welcomed the Bank’s decision to establish its Regional Hub in Nairobi—calling it a strong vote of confidence in Kenya’s leadership and partnership and reaffirmed Kenya’s commitment to work closely with the World Bank to drive inclusive growth, expand opportunity, and uplift the lives of Kenyans."
16,Review of the 2013 -2017 Strategic Plan
16,"The Kenya National Bureau of Statistics (KNBS) organized a forum with stakeholders, to help access the extend of the implementation of KNBS 2013 – 2017 Strategic Plan. The stakeholders were drawn from both the National and County governments, development partners, data producers and providers.

While officially opening the forum, KNBS Director General Mr Zachary Mwangi said institutions are required to have a robust strategy to guide the implementation of targeted activities and programs, and all stakeholders have over years provided invaluable inputs, in formulating KNBS Strategic Plan. “This consultative session has been organized with the aim of assessing the achievements made so far, identifying challenges in implementing the Strategic Plan, and formulating interventions as we continue to implement the remaining activities”, said Mr Mwangi. He also said lessons learnt during the implementation of the current plan will be documented, because they are crucial in the development and execution of the next Strategic Plan. A representative from the National Police Service (NPS) Mr Steven Okere advised that there was need to maintain a close working relationship, to capture any changes, more so in the management. The Bureau has undertaken an internal assessment on the progress made in implementing activities outlined in the 2013-2017 Strategic Plan; Achievements of the KNBS strategic Plan as of December 2016; The gaps in terms of the activities earmarked for implementation over the period 2013-2016; and Challenges encountered during the implementation."
16,Gross Domestic Product and Balance of Payments Third Quarter 2014
16,Leading Economic Indicator November 2016
16,Leading Economic Indicators April 2015
16,"By Geoffrey Makokha-KNA

The Government will continue to implement the last mile connectivity projects and major electrification programs for social and economic benefits."
16,"Principal Secretary Dr. Chris Kiptoo meeting with Baroness Chapman, the UK’s Minister of State for Development and Africa, and the country’s Governor to the World Bank Group."
16,"At the close of the World Bank/IMF Spring Meetings, Principal Secretary Dr. Chris Kiptoo met with Baroness Chapman, the UK’s Minister of State for Development and Africa, and the country’s Governor to the World Bank Group, during the ongoing 2025 IMF-World Bank Spring Meetings in Washington, D.C.

The PS presented Kenya’s green vision through the Africa Green Industrialization Initiative (AGII) and the Nairobi Railway City project—making a strong case for deeper UK–Kenya climate-smart partnerships."
16,Kenya Integrated Household Budget Survey 2005-2006
16,Multiple Indicator Cluster Survey (MICS) 2011
16,Leading Economic Indicators July 2013
16,"Kenya is blessed with breathtaking landscapes and natural wonders. From the majestic Mount Kenya and the expansive Great Rift Valley to the pristine white-sand beaches along the Indian Ocean, the country offers a wide array of experiences for visitors. The country is also renowned for its abundant wildlife, including the famous Big Five (lion, elephant, buffalo, leopard, and rhino) found in national parks and game reserves.

Kenya's warm climate is favourable for tourism with different regions offering a different feel. The diverse geography also supports an impressive range of flora and fauna, making Kenya one of the world’s top destinations for eco-tourism and wildlife enthusiasts."
16,Cultural Diversity
16,Kenya Private Schools Insurance Agency
16,KPSIA
16,"KPSIA is a subsidiary investment arm of The Kenya Private Schools Association that was formed with the intention of supporting KPSA members and their activities country wide.

KPSIA is therefore an insurance agency that is registered and licensed under the Insurance regulatory authority (IRA) and has been given the mandate to transact business as an intermediary between the Kenya private schools and insurance companies."
16,Our Vision
16,"Nairobi, 6th June 2026

Nairobi City County yesterday joined the global community in commemorating World Environment Day 2026 with a green walk and awareness campaign aimed at promoting climate action and sustainable waste management."
16,Postal Address
16,Directions
16,Leading Economic Indicators February 2014
16,Kenya Seeks to Strengthen Role in Global Peacekeeping Through Diplomacy
16,"Kenya has reaffirmed its commitment to global peacekeeping by strengthening the link between diplomacy and military capacity, a move aimed at consolidating the country’s reputation as a reliable peace partner.

Speaking at the inaugural Joint Technical-Level Workshop on International Peacekeeping held at the International Peace Support Training Centre (IPSTC), Ambassador Josphat K. Maikara, Director-General for Political and Diplomatic Affairs at the Ministry of Foreign and Diaspora Affairs, underscored the importance of integrating diplomatic practice into peacekeeping strategy."
16,Leading Economic Indicators January 2014
16,Appreciating Kenya UAE Relations
16,"On 8th May 2025, His Excellency Dr. William Samoei Ruto and His Highness Sheikh Abdullah Bin Zayed Al Nahyan, Deputy Prime Minister and Minister of Foreign Affairs of the United Arab Emirates presided over the signing of seven Memoranda of Understanding between the two countries. The signing at State House signified the shared commitment to deepening relations between the two countries. The meeting served as a precursor to the anticipated visit to Kenya by His Highness Sheikh Mohammed bin Zayed Al Nahyan scheduled to take place later in the year.

President William Ruto acknowledged the growth in bilateral cooperation and underscored the importance of enhanced Kenya – UAE collaboration to ensure the realization of the benefits highlighted in the MoUs."
16,Kenya launches plan to celebrate Kenyan Carrier Corps
16,"The Ministry of Foreign Affairs has launched preparations for a landmark initiative to commemorate Africa’s pivotal, yet often overlooked, role in World War I. The inaugural Inter-Ministerial Meeting, presided over by Principal Secretary Dr. Korir Sing’Oei, marks the beginning of a national journey to honour the Kenyan Carrier Corps who were part of over one million African porters, soldiers, and labourers whose sacrifice helped shape the course of global history.

In Kenya, World War 1 did not end on 11th November 1918 as has been recorded and commemorated in Europe as the Armistice Day. The war continued unabated for a further 14 days, before finally ending on 25th November, 1918. During the four years of the war, African men and women suffered the brunt of what was a proxy war fought on African territory. Over 100,000 porters were recruited, conscripted, or coerced into service; they bore unimaginable burdens; they died from sickness and fatigue; communities were plundered as starvation devastated the country. Their painful memories were told silently from ridge to ridge, across generations but their efforts, their valour, their sacrifice remain hidden in the past, untold and unrecognised, in the shadows of global remembrance."
16,Leading Economic Indicators May 2014
16,Kenya Demographic and Health Survey 2003
16,Main Reports
16,Leading Economic Indicators June 2020
16,Leading Economic Indicators July 2014
16,Leading Economic Indicators
16,Producer Price Index (PPI)
16,Leading Economic Indicator December 2016
16,"The Directorate is organized into four (4) divisions, namely;"
16,Divisions
16,Leading Economic Indicators March 2013
16,Producer Price Index Third Quarter 2018
16,Economic Survey 2019 Launch
16,How does withholding income tax regime work?
16,Withholding Tax Exemptions
16,"The person making the payment deducts tax prior to paying the amount due. The tax withheld/deducted is then remitted to the KRA.

The payer is required to generate a withholding tax certificate on iTax which is automatically sent to the payee once the payer remits the withholding tax to KRA"
16,Is withholding tax a final tax?
16,Livestock Population
16,Officials from Uganda Communications Commission in the country on a bench marking exercise on effective governance of ICT sector
16,"PS Isaboke Engages with PAMRO Chair, Joe Otin, Ahead of Landmark Annual Conference"
16,"Principal Secretary for Broadcasting and Telecommunications, Steve Isaboke EBS, today hosted Joe Otin, the Chair of the Pan Africa Media Research Organisation (PAMRO) Local Organising Committee, who briefed him on the upcoming PAMRO 25th Annual Conference set to take place in Nairobi.

PAMRO is also seeking to establish a joint industry committee to develop a cross-platform media currency for measuring advertising spend, which the PS noted as a progressive innovation that will push the industry forward."
16,Government is keen to deepen strategic partnerships that advance the digital transformation agenda
16,"Kenya has continued to make impressive progress in strengthening the investment climate, with the objective of making the country a regional industrial and financial hub. The country improved significantly in its ranking in the World Bank Doing Business 2019 Indicators moving 19 places to position 61 from 80 out of 190 countries in the 2017. Investments have expanded in the country, principally in the finance and insurance; trade; manufacturing, communication and education industries.

In order to support economic policy making and to monitor risks that may arise from these investments, the collection of reliable and timely data is important. Results from the foreign investment surveys will be integrated into the Balance of Payments and International Investment Position (IIP) statistics. The Foreign Investment Survey (FIS) 2018 is the fifth in the series since the launch of the surveys in 2010."
16,State Corporations under the Ministry
16,"SEMI-AUTONOMOUS GOVERNMENT AGENCIES

Our Contacts"
16,Organisation Structure
16,"Organization Structure for the State Department for ICT and Digital Economy

Our Contacts"
16,NEMIS APPLICATION
16,"Introduction

The National Education Management Information System (NEMIS) is web based data management solution which collects data and information from education institutions; processes and reports the status of designed indicators; and provides the sector a solid ground for effective management to ensure that every Learner counts. The Online Platform tracks performance mobility of learners and teaching staff to ensure efficiency and effective utilization of education resources."
16,Services
16,"DRAFT NATIONAL COMPETENCY-BASED EDUCATION AND TRAINING POLICY- 2025

Draft National Policy on Continuous Professional Development for Technical and Vocational Education and Training Trainer"
16,"Draft National Policy on Continuous Professional Development for Technical and Vocational Education and Training Trainer

DRAFT NATIONAL POLICY FOR VOCATIONAL EDUCATION AND TRAINING"
16,"Standard Scholarship Application Form

EXPRESSION OF INTEREST TO PARTNER WITH KENYA IN THE ENVIRONMENT OF STUDENTS IN ENVIRONMENTAL HEALTH COURSES AT LUSAKA ENVIRONMENTAL HEALTH UNIVERSITY (LEHU)"
16,"DRAFT NATIONAL POLICY FOR VOCATIONAL EDUCATION AND TRAINING

Draft National Policy on Continuous Professional Development for Technical and Vocational Education and Training Trainer"
16,"Standard Scholarship Application Form

SCHOLARSHIP OPPORTUNITIES FOR INTERNATIONAL STUDENTS AT THE INTERNATIONAL UNIVERSITY OF HEALTH AND WELFARE, JAPAN"
16,"POLICY ON INFORMATION AND COMMUNICATION TECHNOLOGY IN EDUCATION AND TRAINING

Draft National Policy on Continuous Professional Development for TVET Trainers"
16,Leading Economic Indicators May 2013
16,List of Tables
16,Below is a list of tables you can read by downloading the report
16,"Table 1(a): Kenya Consumer Price Indices

Table 1(b): Kenya Inflation rate"
16,List Of Figures
16,"Instalment tax is paid via iTax.

Generate a payment slip and present it together with the cheque drawn in favor of Kenya Revenue Authority, at any of the partner banks."
16,What is the Penalty for late filing and payment?
16,How does one claim installment tax already paid in the year of income?
16,You can claim it as an advance payment made in the given year of income.
16,"GOVERNMENT TRANSPORT POLICY, 2024 -DRAFT"
16,Workplace Road Safety Policy
16,"Strategy on Verification and Clearance of Pending Bills, May 2024"
16,"Hon. James Gichuru, EGH: James Samuel Gichuru (1914–1982) was a prominent Kenyan politician and nationalist leader during the country’s struggle for independence. Born in 1914 in Thogoto, Kiambu County, he became a central figure in shaping Kenya’s political and economic landscape.Gichuru was a founding member of the Kenya African National Union (KANU), the party that spearheaded Kenya’s independence. In 1960, he assumed the role of Acting Chairman of KANU while Jomo Kenyatta remained imprisoned by the colonial administration. Following independence in 1963, Gichuru was appointed Kenya’s first Minister of Finance, a position he held through much of the 1960s.

In this capacity, he laid the groundwork for the nation’s economic policy, addressing critical challenges such as reducing dependence on British financial support. He later served as Minister of Defense in the 1970s.As a Member of Parliament, Gichuru represented Limuru Constituency in Kiambu. His leadership was instrumental in guiding Kenya through the transition to independence and in establishing the early structures of party politics and governance."
16,"President William Ruto and President Kassym-Jomart Tokayev have reaffirmed their commitment to deepening bilateral cooperation following President Ruto’s historic State Visit to Kazakhstan.

During the visit, President Ruto was conferred with Kazakhstan’s prestigious Order of Dostyk, First Degree, in recognition of his efforts in strengthening international cooperation and advancing Kenya-Kazakhstan relations."
16,"The Foreign Service Academy has commenced a three-week pre-departure training programme for newly posted Heads of Missions and Foreign Service Officers ahead of their deployment to various Kenyan diplomatic missions abroad.

During the opening ceremony, Acting Director-General Ambassador Patrick Wamoto urged the officers to remain adaptive, strategic, and results-oriented, noting that they are being deployed at a time when diplomacy has become increasingly complex in a rapidly evolving global environment marked by shifting geopolitical alliances, intensified competition among major powers, and growing pressure on the rules-based international order. ."
16,"Provisional estimates of Gross Domestic Product (GDP) show that the country’s economy maintained a moderate growth of 4.4 per cent in the third quarter of 2013 compared to 4.5 per cent recorded during a similar quarter of 2012. The growth was mainly supported by improved performances in financial intermediation, transport and communication, wholesale and retail trade, manufacturing, construction and mining and quarrying activities. On the other hand, there was a slowdown in the growth of agriculture and forestry sector which impacted negatively on the economic performance. Activities of the hotels and restaurants rebounded though the growth remained relatively suppressed. Seasonally adjusted growth, which tracks performance in consecutive, quarters indicate that the third quarter 2013 grew by 1.6 per cent compared to a growth of 0.8 per cent in second quarter 2013."
16,Cooming Soon
16,"Anne Waiguru, Cabinet Secretary Ministry of Devolution and Planning, launches Kenya’s 2013 Economic Survey Report. She noted the economy’s growth rate in the global economy dropped from 3.9 percent in 2011 to 3.2 percent in 2012.

Launching the Economic Survey Plan in Nairobi, Ms. Waiguru said that the rise in oil prices in the international markets, the ongoing economic turmoil in the euro zone, slowed growth in emerging markets and developing economies due to weak demand from advanced economies are major causes of economic decline."
16,CONSUMER PRICE INDICES AND INFLATION RATES FOR SEPTEMBER 2022
16,Enhanced Tax Compliance Certificate (TCC)
16,Applying for a Compliance Certificate
16,"Kenya Revenue Authority (KRA) has enhanced the Tax Compliance Certificate (TCC) application process to include compliance with eTIMS/TIMS for non-individual entities and individuals with income other than employment income.

Key things to know:"
16,I have Withholding Tax Certificates
16,I run a business
16,"Where withholding tax is not final, declare the related income and apply withholding tax as a credit against tax payable."
16,I have no income
16,4. Repeat Orders
16,3. Procedure for Processing Applications
16,"For additional imports, taxpayers should apply in writing to the Deputy Commissioner, attaching supporting documents listed in the requirements checklist (Appendix 1), and provide an account of how the previous consignment was used."
16,KNH Lauds KRA Initiative to Build Children's Playground
16,"HEALTHCARE 08/08/2018

Kenyatta National Hospital management could not hide their joy after KRA visited the lead referral hospital in Kenya last Tuesday for a groundbreaking ceremony of a paediatric playground."
16,Border Control
16,"Trustworthy, Ethical, Competent, Helpful, Innovative Simple"
16,Our Journey
16,Procedures for Investing in Kenya
16,"The Kenya Investment Authority (KenInvest) is tasked with promoting investment in Kenya. KenInvest is responsible for facilitating the implementation of new investment projects, providing After Care services for new and existing investments, as well as organising investment promotion activities both locally and internationally.

INVESTING IN KENYA 12/07/2019"
16,Why is it not just for VAT registered taxpayers?
16,Who Should Use eTIMS?
16,"The law requires that for any person to claim their business expense, the expense must be supported by an electronic tax invoice as at 1st January 2024. Therefore, ALL persons engaged in business are required to issue electronic tax invoices.

Where the seller is a small business or a small-scale farmer, (whose annual turnover does not exceed five million shillings), the purchaser shall issue a tax invoice on behalf of the seller for purposes of claiming that purchase as a business expense. KRA has availed the Buyer Initiated Invoicing Solution to facilitate this process. This solution is accessible on the eCitizen platform"
16,Why eTIMS?
16,What is a PIN?
16,When should you use the KRA PIN?
16,"Transactions requiring PIN include, among others the following:"
16,"These are institutions, body of persons or irrevocable trusts that are of a public character and are established solely for the relief of poverty or distress of the public, or for advancement of religion or education and; they are established in Kenya or are headquartered in Kenya.

NPOs are required to apply for PIN for purposes of filing returns. Also, the Tax Procedures Act, 2015 provides that registration of trusts, a form of NPO, is a transaction for which a PIN is required."
16,How do you get an Excise license?
16,What is Excise Duty
16,"To obtain an Excise license you initiate the process on iTax by clicking on the registration tab after you log in. Then select other registration, and click on Excise license. Fill in the details and submit. The requirements to get the licenses for importers and manufacturers are listed on the KRA website."
16,When are Excise Returns filed?
16,What is an excise stamp?
16,Is Excise duty applicable to those in water refill business?
16,"An excise stamp is a type of revenue stamp affixed to some excisable goods to indicate that the required excise has been paid by the manufacturer.

Legal Notice No. 30 of 2023 titled; The Excise Duty (Excisable Goods Management System) (Amendment) Regulations, 2023 has amended, among other provisions, the the price of excise stamps effective 31st March 2023. The revised prices are as shown below;"
16,"EGMS is KRA’s Excisable Goods Management System that operates as a track and trace system used to account for excisable goods. Products are securely marked with either a secure paper stamp which is affixed to the product or a secure digital stamp which is printed directly on the product packaging. Since FY 2016/17, KRA has collected over Ksh 400 billion from products under #EGMS (imports & domestic). At the time of its inception, there was large scale counterfeiting of branded products. Illicit trade/counterfeiting undermines revenue collection, undercuts genuine manufacturers and poses the threat of harming society through substandard products."
16,"This is an invoice issued by a registered person and contains details of the sale transactions including the VAT charged.

Only one original invoice, credit note or debit note should be issued on a particular supply. A certified copy clearly marked as so may be issued to a registered person claiming to have lost the original."
16,"Tax point is the time when tax becomes due and payable. This is determined by the EARLIEST of the following: -

The date on which the goods are delivered or services perfomed."
16,Digital Marketplace Supplies Registration
16,"Non-resident persons making supplies in Kenya over the internet or an electronic network or through a digital marketplace are required to register for VAT whether or not the taxable supplies meet the annual turnover threshold of KES 5 million.

A simplified registration, filing and payment system has been developed for the suppliers."
16,Deregistration for VAT
16,Directorate of Administrative and Support Services
16,"The Directorate is headed by a Principal Administrative Secretary, reporting to the Principal Secretary. It is organized into twelve (12) specialized functions offering common shared services; these are functions that are not core to the National Treasury but offer critical support services to the Ministry.

The functions include:"
16,"he Directorate headed by a Director General, Accounting Services and Quality Assurance reporting to the Principal Secretary, National Treasury. It is organized into the following five (5) Technical Departments each headed by a Director:

The functions of this directorate will include:"
16,Directorate of Public Investment and Portfolio Management
16,Directorate of Public Private Partnerships
16,NIFC
16,"The Nairobi International Financial Centre is a new business environment, established to make it easier and more attractive to invest and conduct financial services and related activities in and from Kenya. The objective is to develop a more stable, efficient and globally competitive financial services sector that encourages both domestic and foreign investment, generates greater savings and contributes to the overall economic growth of the country. It is a flagship initiative under the economic pillar of Kenya’s strategic development blueprint Vision 2030.

The NIFC is strategically designed to prioritise attracting finance and investment in key areas of development, thus improving Kenya’s competitiveness and supporting the reforms needed to move Kenya from a frontier market to an emerging market. This will attract more companies to Kenya, creating jobs and simultaneously increasing investments in local businesses, which will help companies raise new capital and grow, thereby employing more Kenyans."
16,Help & Support
16,Vision & Mission
16,"Excellence in Economic and Public F­inancial Management, and Development Planning.

To Provide Leadership in Economic and Public Finance Management, and development planning for shared growth through formulation, implementation and monitoring of economic, financial and development policies."
16,"Services provided by the Ministry include: Motor Car Loan, Access to Government Procurement Opportunities (AGPO), IFMIS, Pension Management, and Tenders."
16,"INTEGRATED SURVEY OF SERVICES (ISS), TRANSPORTATION AND STORAGE SURVEY(TSS) & SURVEY OF INTERNATIONAL TRADE IN SERVICES (SITS) 2026"
16,Antenatal Care
16,Maternal and Newborn Health Care
16,"In Kenya, nearly all women (98%) age 15-49 with a live birth or stillbirth in the two years before the survey received antenatal care (ANC) from a skilled provider.

Two-thirds of the women had at least four ANC visits during their most recent pregnancy, including 4% of women who had eight or more visits. Only 29% of women had their first ANC visit during the first trimester."
16,Delivery Care
16,Producer Price Index (PPI) Second Quarter 2015
16,OFFICIAL HAND OVER OF KNBS DIRECTOR GENERAL
16,CONSUMER PRICE INDICES AND INFLATION RATES FOR NOVEMBER 2022
16,Consultative session with IHRM and HRMPEB
16,"CONSULTATIVE SESSION WITH THE INSTITUTE OF HUMAN RESOURCE MANAGEMENT (IHRM) AND HUMAN RESOURCE MANAGEMENT PROFESSIONALS EXAMINATION BOARD ( HRMPEB)I held a consultative meeting today with the board members and management teams from the Institute of Human Resource Management (IHRM) and the Human Resource Management Professionals Examination Board (HRMPEB) as part of our ongoing efforts to strengthen human resource development programs for the public service. We discussed strategic ways to work together to enhance service delivery and uphold the highest professional standards within the public sector. Our shared commitment is to ensure that human resource management remains a key driver of efficiency and accountability. I am confident that through these partnerships, we will continue to build a more professional, effective, ethical and responsive public service as we serve Mwananchi.I was joined by PS State Department for Public Service Mr Amos Gathecha."
16,National Plan for Advancing Environmental-Economic Accounting (NPAEEA)
16,Financial Inclusion in Kenya Research Paper Competition
16,"Message from Director General KNBS during the African Statistics Day 18th November, 2014"
16,CS Mbadi Holds High-Level Talks with World Bank on Kenya’s Economic Outlook.
16,"This afternoon, during the ongoing Spring Meetings in Washington, D.C., Cabinet Secretary for the National Treasury and Economic Planning, Hon. FCPA John Mbadi, led Kenya’s high-level delegation in a strategic meeting with senior leadership of the World Bank during the 2025 IMF-World Bank Spring Meetings in Washington D.C.

The CS was accompanied by Principal Secretary Dr. Chris Kiptoo and Central Bank Governor Dr. Kamau Thugge. The World Bank team was led by Mr. Amit Dar, Director of Strategy and Operations for Eastern and Southern Africa, alongside Mr. Qimiao Fan, Country Director for Kenya, Rwanda, Somalia, and Uganda."
16,Strategic Plan for Agricultural and Rural Statistics 2015-2022
16,"Agricultural Statistics refer to a branch of economic statistics that deals with the collection, processing and analysis of data on domesticated plants and animals. Rural statistics refer to broad range of statistics (economic, social, demographic, agricultural,etc.) covering the rural areas of a country. In this case rural statistics refer to those statistics that are agriculture related.

Agriculture sector is the backbone of Kenya’s economy. It contributes about 25 percent to the Gross Domestic Product (GDP) of Kenya and is the source of livelihood for most of the rural population; as such it is inevitably the key to food security and reduction of poverty. Agriculture is not only key to economic growth of Kenya but also the determinant of equity in development and is fundamental to reducing poverty and hunger."
16,Leading Economic Indicators August 2014
16,2015/16 KENYA INTEGRATED HOUSEHOLD BUDGET SURVEY (KIHBS)
16,Kenya Mobilises African Diplomatic Corps Ahead of Second Africa Urban Forum in Nairobi
16,"Agrico is a world leader in new potato varieties, a powerful cooperative and a force for innovation within the potato sector, creating, strengthening and increasing the sustainability of potato value chains. It delivers strong and healthy potato varieties to destinations around the world that are perfectly suited to local conditions and markets. Agrico develops, produces and markets high-quality seed and ware potatoes, cultivated by both conventional and organic methods. From the very beginning, Agrico has been actively involved in the potato development programme of the Kenyan and Dutch authorities.

Agrico is active in over 80 countries worldwide. Its market entry strategy is always tailor-made to the local conditions and it ensures the most important stakeholder – the local farmer – experiences a significant income improvement. This means Agrico can deploy a large variety of potato production systems for each region that, for example, varies from local mini-tuber (or similar) production systems, local seed potato production systems up to seed potato exports."
16,Agrico contributes to a healthy potato value chain!
16,Boosting farmers’ potato income
16,"We support the sustainability and further optimization of successful potato value chains that are already in place.

We do this by working together with other input partners who provide high quality solutions for soil testing services, crop nutrition advise and crop protection programs. But also by connecting farmers to buyers, to service providers for mechanization or financing and by offering a lot of training."
16,"The real estate market has experienced notable growth, with a 33.7% increase in sector output from 2019 to 2023. This growth is underpinned by urbanization, infrastructure development, and government initiatives such as the Affordable Housing Program, which seeks to build 200,000 housing units annually. However, the lack of consistent and comprehensive data remains a challenge. To address this, the 2023/2024 survey was conducted to collect current market data on residential and commercial property prices, trends in housing typologies, and housing finance arrangements."
16,"High-level Panel discussions during the ongoing 2025 IMF-World Bank Spring Meetings in Washington, D.C."
16,"Cabinet Secretary Hon.FCPA John Mbadi this evening featured as a panelist at a high-level panel discussion during the ongoing IMF–World Bank Spring Meetings, themed “Digital Pathways for Job Creation.” The event convened global leaders and experts to examine the important role of digital innovation in transforming employment strategies.

Hon. John Mbadi pointed out Kenya’s commitment to leveraging technology as a key driver of economic growth. He pointed out the country’s progress in expanding digital infrastructure, enhancing skills development, and promoting inclusive employment opportunities—particularly for youth and underserved communities."
16,Leading Economic Indicators April 2013
16,The Corporate Services Directorate is organized into three (3) Divisions namely;
16,Kenya Demographic and Health Survey 2014
16,External Public Debt Register
16,Debt Sustainability Analysis
16,CONSUMER PRICE INDICES AND INFLATION RATES FOR MAY 2022
16,Leading Economic Indicators November 2013
16,CONSUMER PRICE INDICES AND INFLATION RATES FOR OCTOBER 2022
16,CONSUMER PRICE INDICES AND INFLATION RATES FOR FEBRUARY 2022
16,KNBS and Mama Ngina University College sign MoU
16,2026 KENYA CENSUS OF AGRICULTURE (KCA)
16,Human Resource Development
16,Management Consultancy Services (MCS)
16,"The Department is responsible for training and capacity building initiatives in the Public Service including spearheading the development, review and monitoring the implementation of human resource development policies and programmes."
16,Public Service Transformation
16,Leading Economic Indicator January 2017
16,2009 Kenya Population and Housing Census: Volume 1A Population Distribution by Administrative Units
16,NRA Job Vacancies
16,H.E. Governor Mike Mbuvi Sonko Celebrates His two year Achievements in style
16,H.E Governor Tunai Of Narok County Received at City hall
16,Nairobi City County Ag.County Secretary conducts inspection tours on the ongoing County projects
16,Nairobi City County Restores Street Lights After Vandalism
16,Nairobi City County Government online services and payment options
16,Sonko calls on Nairobi MCAs to end wrangles
16,Stay Safe! Go Digital!
16,Public Announcement
16,Advertisement by Nairobi City County Government on Sale of Dogs
16,Happy Madaraka Day from H.E Mike Mbuvi Sonko
16,How to protect food from contamination during distribution and marketing
16,"How to protect food from contamination during distribution and marketing By Dr. Daniel Karugu.

Food safety measures are a continuum from farm to fork. Food contamination may occur at any level in the continuum while food decontamination can be done at certain critical points in the process. This message is targeting handlers and traders at the level of distribution and marketing of food. It intends to achieve reduction of contamination of food during distribution and marketing. Distribution comprises collection, bulking and transportation of food to the market, while marketing includes wholesaling and retailing of food as well as hotels, restaurants and other eateries."
16,Countdown to The Nairobi Festival: A Spectacular Event at Uhuru Park
16,Year
16,"Transforming Nairobi’s Transport: County CEC Mr. Ibrahim Auma and NTSA Partner with Boda Boda SACCOs for Safer, Smarter Solutions"
16,Public Notice On Hawking In Nairobi CBD
16,2ND Health Scientific Conference Nairobi City
16,2ND Health Scientific Conference
16,Delegate Registration Fees
16,Health Scientific Conference Committee Membership
16,Author And Abstract Submission Guidelines
16,"SPEECH BY GOVERNOR OF NAIROBI H.E HON. SAKAJA A. JOHNSON, EGH, AT THE HIGH-LEVEL OPENING OF THE GREEN AND RESILIENT URBANSHIFT AFRICA FORUM ON MONDAY, 17TH FEBRUARY 2025"
16,"Nairobi Expressway’s Haile Selassie Exit finally unveiled, Easing CBD Access and Reducing Travel Time to road users"
16,Nairobi City County Security Sector Initiates Strategic Partnership with International Police Organization to Advance Community Policing Efforts
16,"Nairobi 25th January 2024

Nairobi City County Security and Compliance Sector led by Chief Officer Tony Kimani held a meeting with International Police Organization -Kenya Section in a bid to forge a partnership that will focus on engaging and fostering meaningful collaboration to enhance community policing."
16,Nairobi City County and NACCSC Collaborate for Anti-Corruption Social Audit on Dandora Stadium Project
16,"Nairobi, 31st January 2024

As part of measures put in place to stamp out corruption on County projects Nairobi City County in partnership with National Anti-Corruption Campaign Steering Committee (NACCSC) through the County Anti-Corruption Civilian Oversight Committee (CACCOC), conducted a social audit and Reporting Forum for Dandora Stadium. CACCOC plays an important role in the mobilization of the public to actively participate in the management of county affairs and address local corruption issues through the implementation of awareness campaigns at the grass root level."
16,Nairobi County Holds Internal Consultative Forum on the Proposed Disaster Management Policy and Bill
16,"Nairobi, 4th September 2025

Nairobi City County Disaster Management and Coordination Sub-Sector commenced a two day consultative forum to deliberate on the draft Nairobi County Disaster and Emergency Management Bill and Policy that aim to improve the governance framework for disaster management, Strengthen capacity for managing disasters and Build disaster resilience in the community."
16,Advancing innovative technologies in agriculture for food security
16,"Nairobi 27th November 2024

Nairobi City County Chief Officer responsible for Food, Agriculture and Natural Resources Subsector Ms. Gladwell Cheruiyot affirmed the City County’s commitment in advancing circular technologies in food systems."
16,Nairobi City County Governments Disaster Management and Coordination team currently carrying out joint county wide assessment exercise after yesterday’s heavy downpour……
16,Nairobi City Festival Vendors Application Form
16,"The Nairobi Festival Taskforce, the convener of the Nairobi Festival scheduled to take place from the 12th -17th of December 2022, is requesting interested vendors to apply for consideration to participate and display their wares during the forthcoming Festival.

Submission: The deadline is 6th December 2022 at midnight. Click here to fill in the required form. After that, the vetting of qualified applicants will happen. The task force shall contact successful vendors with further information and instructions. For enquiries, kindly contact Julius on mobile number +254722557281 or Regina Mwangi on mobile number +254721982998. Email commercesector@nairobi.go.ke"
16,Nairobi City Festival Vendor Rates
16,Nairobi City County Champions Global Refugee Commitments at GRF 2023 Review Meeting: A Call for Tangible Actions and Collaborative Partnerships
16,"Nairobi 30th November 2023.

Nairobi City County Executive for Talents, Skills Development and care Ms. Rosemary Kariuki accompanied by the Chief Officer Social Services Mr. George Mutiso attend the Global Refugee Forum (GRF) 2023 at a Nairobi Hotel. The aim of the meeting was to review the GRF pledges made back in 2019 and commitment of the Government in the Shirika plan."
16,COUNTY EXECUTIVE COMMITTEE NAIROBI CITY COUNTY GOVERNMENT DESPATCH FROM CABINET 40TH ORDINARY SESSION OF THE COUNTY EXECUTIVE COMMITTEE MEETING
16,Empowering Startups and SMEs: Digital Economy Boot Camp 2024 in Nairobi City County
16,"Nairobi County, in partnership with IBM Skills Build, trains the first cohort of 1000 youth on emerging tech skills."
16,"Nairobi, 15th March, 2024

Nairobi County, Digital Economy and Startups sub sector in partnership with IBM Skills Build has completed the training of its first cohort of 1,000 youth on Artificial Intelligence, Cybersecurity, Data Science among other skills in a three-day technical webinar program."
16,Leading Economic Indicators October 2014
16,Producer Price Index (PPI) Fourth Quarter 2015
16,Mega cleanup operations in Nairobi’s Central Business District
16,Kenya Data for the Sustainable Development Goals
16,"Welcome to the home of Kenya data for the Sustainable Development Goals (SDGs) – reported by The Kenya National Bureau of Statistics (KNBS), Kenya’s national statistics institute.

The Sustainable Development Goals (SDGs) are a universal call to action to end poverty, protect the planet and improve the lives and prospects of everyone, everywhere. The 17 Goals were adopted by all UN Member States in 2015, as part of the 2030 Agenda for Sustainable Development."
16,2025 National SDG Indicator Framework (NIF)
16,Analytical Report on ICT – Based on 2022 KDHS
16,2025 Economic Survey
16,Leading Economic Indicators – September 2025
16,Leading Economic Indicators – October 2025
16,Leading Economic Indicators – February 2023
16,Census of Industrial Production Report 2010
16,Provision of Outside Catering Services to Kenya Maritime Authority Headquarter Offices under Framework Agreement
16,Supply and Delivery of Rugged Handheld Field Data Collection Equipment
