score,text
63,Kenya tests Ebola outbreak response capacity in KNH simulation exercise
63,Main navigation
63,"Kenya is strengthening its preparedness against Ebola Virus Disease (EVD).

Recently, the Ministry of Health simulated Ebola patient handling and management at Kenyatta National Hospital (KNH). Led by the Kenya National Public Health Institute (KNPHI) in collaboration with partners including STRIDES and the World Health Organization (WHO), the simulation tested the country’s capacity to rapidly detect, isolate, investigate and manage suspected Ebola cases in a real-time emergency setting."
57,Kemri steps up Ebola vigilance as country remains case-free Speaking after inspecting Port Health serv
57,"The Kenya Medical Research Institute (KEMRI) has intensified preparedness measures to support the country’s response to a possible Ebola outbreak, amid heightened surveillance and emergency response efforts by the government following reported cases in neighbouring countries.

Speaking after inspecting Port Health services at the Busia border point and Alupe Sub-County Hospital, KEMRI Chief Executive Officer Prof. Elijah Songok said the institute has enhanced its readiness to support national response teams through strengthened laboratory testing, production of disinfectants and establishment of isolation facilities."
55,Persons With Disability
55,About Tax Agents
55,"Tax Exemption for PWDs The Persons with Disabilities Act 2003 and The Persons with Disabilities (Income Tax Deductions and Exemptions) Order 2010, forms the legal basis for granting of Income Tax Exemption for persons with disability. This exemption applies on the first Ksh.150, 000 per month or Ksh.1.8 M per annum. To qualify for tax exemption under the cited provisions, the applicant must meet the following criteria: Have a filled and stamped disability assessment report that details the nature of disability from a government gazetted hospital. Be registered with the National Council for Persons with Disabilities (NCPWDs) and in possession of a disability membership certificate. Be in receipt on income that is subject of tax under the Income Tax Act. Undergo vetting by the committee comprising of officials from NCPWD, MOH and KRA and obtain recommendation. Application Process Access the application for income tax exemption through the National Council of Persons with Disability (NCPWD) portal on e-Citizen, i.e. https://ncpwd.ecitizen.go.ke/ Attach the documents as instructed, namely; Copy of Disability Assessment Report from a Government gazetted hospital, An expert medical report from a specialist consultant For those in employment; a letter of introduction from your employer where applicable, clearly stating the nature of disability and how it affects the employees activities or for those with business income, a business registration certificate or for those with rental income, a rent schedule or for pensioners, a retirement letter and pension schedule Proof of income, latest payslip/ Rental income/ Bank statement Copy of National Identification Card Copy of National Council of Persons with Disability (NCPWD) Certificate Copy of a valid Tax Compliance Certificate Copy of Kenya Revenue Authority (KRA) PIN Certificate Copy of expired certificate (If it is a renewal) Submit your application through the NCPWD portal on e-Citizen. Attend the physical vetting upon invitation by the NCPWD, which is conducted by a joint panel from MOH, KRA & NCPWD. Upon recommendation of the application by the joint panel, the application is submitted to KRA through the Itax system by NCPWD, on behalf of the applicant. Upon successful upload of the application, a system-generated acknowledgement number is emailed to both the applicant and the Council for fast-tracking purposes The application undergoes further review & processing by KRA within 30 days. If the Commissioner is satisfied with the accuracy and completeness of the application, a tax exemption certificate is issued to the applicant via their iTax registered email. The exemption certificate is valid for a period of five years. Where an application is rejected, both the applicant and the Council are notified via email, citing the reason for the rejection. The applicant has to reapply upon expiry of the five years validity period. The application for renewal is subject to the same process. Kenya Disabled Persons Car Import Tax Exemption Requirements Application letter addressed to the commissioner of customs services Original medical certificate from a registered doctor Original letter of recommendation from the Association for the physically Disabled Of Kenya or The National Council Of Persons With Disabilities Copy of driving license with class H endorsement Bill of lading for the vehicle Invoice/proforma invoice for the vehicle Tax compliance certificate/Tax exemption certificate Cash remittance transfer slips used to pay for the vehicle (i.e. proof that payment for the vehicle was made by the applicant) Bank statement for the last six months Test drive in using the modified vehicle (specially designed to suit the nature of the disability) in the presence of a customs officer Where the applicant has previously been granted exemption on a vehicle under this category, subsequent exemption shall not apply unless such person has used the motor vehicle so imported on exemption for a period of 4 years and tax has been paid for the vehicle upon which exemption had been previously granted"
55,Getting an Exemption Certificate
55,Share This Page
55,PRESS RELEASE
55,"The Kenya National Bureau of Statistics (KNBS) is a State Corporation established by the Statistics Act, 2006, for the collection, compilation, analysis, publication and dissemination of statistical information, and the coordination of the national statistical system. It is the principal agency of the Government for collecting, analysing and disseminating statistical data in Kenya and the custodian of official statistical information

About Us Directorates Board of Directors Partners Top Management Report Corruption"
54,"Download and fill forms 1 and 2.

Log into iTax to apply and attach the verification documents."
54,"Address

Times Tower Building Haile Selassie Avenue P. O. Box 48240 - 00100"
52,Machakos Hosts Ministry of ICT's 6th Town Hall Meeting
52,"The Ministry of Information, Communications and the Digital Economy today held it's 6th Town hall meeting at the Machakos University in Machakos County.The Ministry led by PS ICT and Digital Economy Eng.John Tanui had earlier on launched the 2nd phase of the Digischool Internet Connectivity at the Machakos School for the Deaf in Machakos town.In his keynote address, Eng. John Tanui emphasized the government's focus on enhancing connectivity and digitization to drive the digital economy. He highlighted efforts to support innovation and software development opportunities, ensuring that Kenya remains competitive in the global tech landscape.During the town hall meeting, over 200 students were enlightened through two panel discussions where the Vice Chancellor Prof Joyce.J.Agola; ICTA CEO Stanley Kamanguya and Konza Technopolis Development Authority(KoTDA) CEO John Paul Okwiri were some of the panelists.During the Town hall meeting themed ""Unlocking potential opportunities in the Digital Economy"" the panelists explored various subjects among them digital platforms ; digital skilling for online work; data protection and cyber Security.Other topics explored are on government's contribution in digital opportunities; inclusion in digital opportunities; start up incubations and training and jitume hubs.Other panelists were drawn from the Office of the Data Protection Commissioner; Inua AI; E- mobilis; State Department for Basic Education; Higher Education.and Technical, Vocational Education and Training(TVET).The students were drawn from Machakos University, South Eastern Kenya University (SEKU), Machakos Institute of Technology; Machakos Technical Institute; Uwezo College and SCOTT UniversityThe Ministry has in the past one year held Town Hall meetings in Narok, Uasin Gishu, Kwale, Baringo and Kakamega counties.

Our Contacts"
52,Stakeholders Validation Workshop for the payroll management Policy.
52,"This morning the State Department for Public Service held a Stakeholders Validation Workshop for the payroll management Policy at the Kenya School of Government, Kabete campus.Speaking on behalf of the Principal Secretary Mr Njuguna Kiarie, Senior Deputy Secretary State Department for Public Service said the development of Payroll Management Policy for the Public Service was a participatory exercise that involved consultation with the Interagency Technical Committee drawn from various stakeholders including the National Treasury, Public Service Commission, Teachers Service Commission, The National Police Service Commission, Salaries and Remuneration Commission, The State Law office and Office of Auditor General.The policy has been developed in accordance with the Ministry’s function of Government Payroll Policy and Standards as contained in the Executive Order No. 2 of 2023 on Organization of the Government. The development of this policy also reinforces the Government’s Bottom-up Economic Transformation Agenda (BETA) of promoting accountability and openness in the management of public affairs, institutionalizing open governance in all state organs and agencies. The Policy aims at providing a framework for payroll data processing, storage and protection; streamlining payroll processing through appropriate standards, controls and norms; providing guidelines for capacity building and training of payroll management personnel; and a mechanism for monitoring, evaluation and reporting payroll management activities aimed at enhancing effective and efficient service delivery in the Public Service."
51,Early detection gaps leave livestock farmers exposed to disease outbreaks
51,"Livestock diseases continue to pose a significant threat to farmers’ livelihoods, food security, and public health in Kenya.

Diseases such as Foot-and-Mouth, Peste des Petits Ruminants (PPR), and parasitic infections reduce productivity, restrict market access, and, in some cases, can spread from animals to humans, causing zoonotic outbreaks."
50,EMPOWERING VULNERABLE LIVES THROUGH COORDINATING GOVERNMENT INTERVENTIONS.
50,"Story by SDPS Public Communications Unit

During an official field assignment in Vihiga County, Principal Secretary Dr. Jane Kere Imbunya encountered a vulnerable young girl who is deaf and non-verbal. Owing to communication barriers at the time, the PS undertook to follow up on the case.Upon her return, a detailed assessment revealed that the girl is an orphan, a young mother, and living in a dilapidated house under extremely vulnerable conditions, with limited social support. In response, the PS adopted a structured and sustainable approach focused on empowering the girl through life skills development to enhance her long-term self-reliance.To implement this intervention, the PS engaged Dr. Willis Ombima, Head of the Psychology and Wellness Directorate, who coordinated a comprehensive five-point action plan:1. Disability Assessment and RegistrationThe girl underwent medical assessment at Kapsabet Referral Hospital, which confirmed a profound hearing impairment. While early detection may have improved her condition, she now requires hearing aids. She has since been successfully registered with the United Disabled Persons of Kenya (UDPK) and the Kenya National Association of the Deaf (KNAD), with follow-up underway to facilitate access to assistive hearing devices.2. Education and Skills Gap AssessmentIt was established that the girl dropped out of school in Standard 7 following the loss of her parents, limiting her access to formal employment opportunities and effective communication.3. Strengthening Social Support SystemsAlthough she receives minimal support from a relative, the assessment highlighted the need for structured and sustained intervention to address her socio-economic vulnerabilities.4. Technical Skills DevelopmentShe has since been enrolled at St. Joseph Nyagoma Technical Training Institute, where she is undertaking training in tailoring alongside sign language to enhance her communication abilities. The programme is delivered under the National Industrial Training Authority (NITA) curriculum, which accommodates her academic background and equips her with practical, marketable skills.5. Social Health CoverageThe girl has been registered under the Social Health Authority (SHA), with arrangements underway to facilitate settlement of the required annual contribution.The intervention has been realized through a collaborative effort involving various government institutions and local administration, including the Deputy County Commissioner for Tiriki East. Notably, initial financial support for the girl’s needs was provided personally by the PS, while officers within the Psychology and Wellness Directorate made voluntary contributions towards her tuition, training materials, and personal effects.This initiative reflects a strong commitment to public service values, underscoring the importance of empathy, inclusivity, and collective responsibility in addressing the needs of vulnerable members of society. It also demonstrates the transformative impact of coordinated government action in restoring dignity, enhancing opportunity, and securing a better future for both the young girl and her child."
48,Frequently Asked Questions (FAQs)
48,Implementation Timeline
48,"KRA’s mandate is to collect taxes and ensure compliance with tax laws, while the CA’s role involves regulating communication services. KRA works with other regulatory authorities to ensure compliance of products coming into the country. This initiative combines regulatory oversight from CA with KRA’s tax enforcement to enhance compliance and prevent tax evasion. The Communications Authority (CA) plays a crucial role in regulating telecommunications in Kenya, which includes overseeing the registration and compliance of mobile devices.

No, tourists and short-term visitors will not be affected by this requirement."
48,Can’t find what you are looking for?
48,"Kenya courts Portuguese investors, pushes trade expansion and protection of oceans in high-level talks"
48,"Kenya has intensified efforts to attract foreign investment and expand trade opportunities following high-level bilateral talks with Portugal, with leaders from both countries pledging to unlock economic potential and strengthen cooperation across key sectors.Prime Cabinet Secretary and Foreign Affairs Cabinet Secretary Musalia Mudavadi said the Nairobi meeting with Portugal’s Foreign Minister Paulo Rangel focused heavily on boosting trade volumes, which remain significantly below potential.“Notably, our trade volumes have historically been low; consequently, Kenya and Portugal recognize the imperative to maximise the immense potential that exists between our two economies,” Mudavadi said.To address this gap, the two countries agreed to strengthen collaboration between trade institutions, including ministries and business councils and to promote joint forums and trade missions aimed at facilitating direct engagement between investors and enterprises.Mudavadi said Kenya is positioning itself as a strategic entry point for Portuguese investors seeking access to Africa’s fast-growing markets, highlighting the country’s connectivity and regional integration advantages.“Kenya is strategically positioned as the gateway to East and Central Africa… In this context, we invite Portuguese investors to choose Nairobi as their anchor for investment in the wider African market,” he said.He noted that Kenya offers access to a combined market of more than 300 million people within the East African Community, as well as the broader African Continental Free Trade Area, which encompasses over 1.3 billion consumers.The talks also underscored the importance of leveraging existing frameworks such as the Kenya-European Union Economic Partnership Agreement to accelerate trade and economic growth between the two nations.Beyond trade, Kenya is seeking to deepen sector-specific investments, particularly in the blue economy, which emerged as a priority area during the discussions.The two countries committed to expanding collaboration in sustainable fisheries, marine conservation, maritime transport, and ocean governance.This builds on previous cooperation, including joint involvement in the 2022 United Nations Ocean Conference in Lisbon and sets the stage for further engagement during the upcoming Our Ocean Conference 2026 in Mombasa.""We have to work towards protecting oceans from threats of pollution and climate change. This is part of the progress in advancing sustainable food security."" said Rangel.On labour mobility, the leaders highlighted progress in facilitating travel and workforce exchange, pointing to the recent opening of a Portuguese visa processing centre in Nairobi as a step toward easing movement between the two countries.“Kenya and Portugal agreed to continue exploring mutually beneficial frameworks that facilitate skills mobility and protect the rights and welfare of our citizens abroad,” Mudavadi said.At the multilateral level, Kenya is also leveraging the partnership to push for broader global reforms. The two countries expressed alignment on the need to strengthen international cooperation and reform global institutions to better address emerging challenges.“They have agreed to continue working together to push for reforms of the international financial architecture and the United Nations Security Council to better address crises such as regional conflicts, climate change and debt vulnerabilities,” the statement said.Climate and energy cooperation also featured prominently, with both sides pledging to enhance collaboration in renewable energy development, climate finance and nature-based solutions. Mudavadi highlighted Kenya’s growing leadership role in global climate action under President William Ruto.""The Ocean agenda and climate action and financing are a top priority for us. We want to deepen the dialogue and investment in Africa, building partnerships that will help us have a credible voice ti balance the ongoing geopolitical debate."" said Rangel.Security cooperation remains another pillar of the partnership, with Kenya and Portugal reaffirming their commitment to diplomacy and joint efforts to address instability in regions such as the Horn of Africa and the Great Lakes.""We have made progress that calls for action and follow up. We are calling on the private sector to come on board and support us."" said Rangel.Mudavadi also acknowledged Portugal’s contributions to United Nations peacekeeping missions, particularly in South Sudan, noting that such engagements are critical in promoting regional stability."
48,Related Links
47,KRA Launches Tax Filing Campaign
47,"11th April, 2019

The Kenya Revenue Authority (KRA) is projecting a 40% growth on the rate of tax returns compliance this year with more than 4 million taxpayers expected to submit their returns on the iTax Platform by 30thJune 2019. To raise public awareness on the crucial tax returns programme, KRA has rolled out a public campaign dubbed Tujijenge(Let’s build ourselves) on digital, radio and print media platforms. The campaign seeks to encourage taxpayers to comply with their tax obligations by filing their 2018 income tax returns by 30thJune 2019. KRA further encourages Corporates and Business Owners to pay their 2018 tax dues by 30thApril 2019. KRA’s tax collection pace has remained well above the country’s nominal economic growth rate. Over the years, revenue collection has grown exponentially from Ksh 122 Billionin 1995/1996to Ksh 1,435 Billion in 2017/18. Speaking during the launch of the campaign, KRA Commissioner for Domestic Taxes, Mrs. Elizabeth Meyo said that domestic revenue collections plays a critical role in sustaining economic development. Mrs Meyo said that Domestic revenue generated by local taxpayers in recent years has facilitated the construction of crucial road links, equipped medical facilities and free primary and secondary education among other national development initiatives. “Through our collective tax contributions, the government has been able to successfully ensure development of infrastructure and other projects across the country,” Mrs Meyo said, adding that: “This year the tax filing season is also opened for tax defaulters to pay their 2018 dues by end of April 2019.” KRA has in recent years introduced a number of initiatives to make paying taxes easier and facilitate compliance, namely: implementation of an online platform; iTax, for filing and paying income tax and the standards levy; improved customer service as well as transformation of KRA initiatives by enhancing digitization. Additionally, there have been concerted efforts to combat tax evasion and fraud using intelligence and risk based forward looking enforcement. Through these Revenue Enhancement Initiatives (REI) programmes, KRA revenue collection for the financial year 2017/2018 was KShs. 1.435 trillion in spite of the tough economic environment. The revamped iTax platform saw 6.7 million taxpayers registered on iTax compared to 5.4 million enrolled the previous year. In 2019, KRA targets to have more than 4 million taxpayers file their 2018 income tax returns. In 2018, 3.2 million taxpayers filed their returns on the iTax platform for both resident and non-resident categories. In addition, the Tujijengecampaign will be used as a rallying call to drive compliance to enable KRA attain 2018/2019 revenue target of KShs. 1.8 trillion. KRA calls on all employers to issue out P9 forms to their employees to enable them file their 2018 tax returns by June 30th2019. Kenyans are reminded that the penalty for late submission of an income tax return for an individual is KSh. 2,000 as stipulated in the Tax Procedures Act 2015."
47,Related Stories
47,County launches vaccination drive to contain foot and mouth outbreak
47,"Amass livestock vaccination exercise against foot-andmouth disease has kicked off in Siaya County, with the Department of Livestock and Veterinary Services urging farmers to ensure their cattle are vaccinated.

Speaking during a vaccination exercise at Majengo Primary School grounds in Usigu Sub County, the National Agriculture Value Chain Development Project (NAVCDP), Siaya County Co-ordinator, Vincent Okoth, said the aim of the campaign was to address animal health issues, so as to enable farmers access market."
46,"President Ruto Delivering Speech at UNGA@80, New York"
46,"On 24th September 2025, the President and Head of State and Government of the Republic of Kenya, His Excellency Dr. William Samoei Ruto, delivered a landmark speech at the 80th Session of the United Nations General Assembly (UNGA) in New York.In a powerful address to the global community, President Ruto underscored the urgent need for the United Nations to adapt to the complex challenges of the 21st century, including conflicts, climate change, inequality, and evolving global governance dynamics. Drawing on both historical lessons and Kenya’s own experience in multilateral peacekeeping, the President called for a reinvigorated UN that is fit for purpose, legitimate, and responsive to the realities of today’s world.President Ruto highlighted the plight of Haiti, where Kenya led the Multinational Security Support Mission (MSS) over the past fifteen months. He praised the resilience and dedication of Kenyan forces in restoring security, reopening schools, and ensuring safe operations at key infrastructure, while stressing that coordinated international support remains essential for sustainable peace.Turning to pressing humanitarian issues, the President expressed deep concern over the situations in Gaza and Sudan, urging adherence to international humanitarian law, unconditional release of hostages, and the resumption of political dialogue. He reaffirmed Kenya’s support for a two-state solution in Israel and Palestine and emphasized the importance of Sudan’s sovereignty and unity.On climate change, President Ruto presented Kenya and Africa as proactive drivers of solutions. He highlighted that 93% of Kenya’s electricity comes from renewable sources, with investments expanding into e-mobility, climate-smart agriculture, and green manufacturing. Africa’s collective initiatives, including the Nairobi Declaration on Climate Action and successive Africa Climate Summits, were showcased as models of climate-positive growth, resilience, and job creation.President Ruto also addressed global financial inequities, criticizing the outdated governance of institutions like the IMF and World Bank. He called for reforms to democratize decision-making, provide fair access to resources for developing countries, and strengthen Africa’s financial independence. Kenya’s support for initiatives such as the Alliance of African Multilateral Financial Institutions, the African Central Bank, African Monetary Fund, and African Investment Bank was highlighted as evidence of Africa taking proactive steps toward economic self-determination.Finally, the President emphasized Africa’s long-standing demand for Security Council reform, advocating for two permanent and two non-permanent seats for the continent. He framed this not as a favor, but as a necessity for the UN’s legitimacy and continued relevance in a multipolar world.Concluding his address, President Ruto urged the international community to seize the UN at 80 milestone as an opportunity to reimagine and rebuild the United Nations into a body capable of delivering justice, peace, and development for all nations"
46,"NDMA distributes 1,000 Galla bucks to needy families in Baringo"
46,"The National Drought Management Authority (NDMA) has rolled out the distribution of 1,000 Galla bucks in Baringo North Sub-County in a bid to restore the livelihoods of families affected by insecurity.

Speaking after he launched the exercise at Chebarsiat, NDMA Chief Executive Officer Hared Adan, said NDMA is partnering with the County Government of Baringo under the National Drought Emergency Fund (NDEF) following a request by residents of Saimo Soi Ward, three years ago."
45,Contact information
45,Quick Links
45,Shaping Solutions; African led pathways to climate resilience and justice
45,"On the fringes of the ongoing Africa Climate Summit in Addis Ababa, conversations are abound. During the session on Shaping Solutions; African led pathways to climate resilience and justice, the Ugandan Minister of Finance, Planning and Economic Development, Mr. Matia Kasaija, also serving as Co-chair of the Ministers of Climate Action, in a key note address, underscored the urgent need for African finance ministers to play a more active role in climate adaptation conversations.

He highlighted that Africa remained the most vulnerable continent to climate shocks and it was necessary to identify continent-specific solutions despite historical and structural challenges dating back to the colonial period. The session was informed that disasters such as floods, droughts and other natural calamities contributed to displacement and the resettlement of affected populations resulting in high expenditures, reduced revenues, and an increase in debt burdens as governments worked to protect citizens. The minister noted that these realities required pragmatic financing strategies that addressed the immediate needs while laying the groundwork for long-term resilience."
45,Bridging the Divide: Aligning Climate and Humanitarian Financing for Resilience in Africa
45,"Various conversations continue to be had on the sidelines of the on-going 2nd edition of the Africa Climate Summit. The panel on Bridging the Divide: Aligning Climate and Humanitarian Financing for Resilience in Africa brought together experts including Mr. Tobias Ogweno of the Ministry of Foreign Affairs, Mr. James Muraguri of the Institute of Public Finance, Mr. Tendai Kasinganeti, Climate and Security Advisor at UNOAU, and Ms. Elise Nalnandian of OXFAM, where it was agreed that the world must rethink humanitarian financing in order to build long-term resilience in the face of escalating climate shocks.

The panelists reviewed the history of humanitarian financing in Africa, noting that traditional models—largely centered on food aid such as flour, salt, rice, and oil—continued to create a cycle of dependency and were not sustainable. Instead, communities are calling for dignified, predictable, and sustainable solutions that empower them to adapt. Climate-smart agricultural techniques, such as artificial intelligence, have been recognised as effective for weather forecasting in drought and flood scenarios. Innovations such as anticipatory drought and famine insurance were cited as examples of humanitarian funding approaches that help mitigate vulnerability. It was highlighted that local innovations across communities have resulted in a transition from food aid dependence to food surplus, with Machakos cited as an example of generating enough to feed Nairobi despite previously relying on food aid. Success stories of community-led water pan construction in arid and semi-arid countries for animal watering and irrigation were also highlighted."
44,Clean cooking alternatives transforming lives for Lake Victoria locals
44,"KNA by Robert Ojwang’The widespread use of wood-based charcoal and firewood for cooking among rural communities around the Lake Victoria region poses serious consequences for both the environment and public health.

As floods and drought are becoming more frequent and intense, affecting livelihoods, local communities are being encouraged to transition to clean energy sources as a proactive ensure to combat climate change, airpollution, and health risks. Traditional cooking methods using inefficient stoves emits soot (black carbon) and other harmful pollutants into the atmosphere, contributing significantly to the deterioration of the environment."
44,Graphic health warnings introduced for E-cigarettes and heated tobacco products
44,"The Ministry of Health, through the State Department of Public Health and Professional Standards, has unveiled new graphic health warnings (GHWs) for the novel nicotine and emerging tobacco products.

The move, in line with the Tobacco Control Act of 2007, underscores the Ministry’s dedication to safeguarding public health."
43,"Health agency steps up Ebola response training in Trans Nzoia, Turkana"
43,"The Kenya National Public Health Institute has intensified national Ebola preparedness efforts through a week-long Integrated Rapid Response Team (RRT) training programme conducted in Trans Nzoia County and Turkana County.

The initiative, supported by the U.S. Government-funded Strengthening Infectious Disease Detection Systems (STRIDES) programme, is part of a broader national effort to fortify frontline defenses against Ebola Virus Disease (EVD) and other public health emergencies."
43,Tvet a Key enabler of Government's Vision 2030 Actualization
43,Breadcrumb
43,"TVET a Key Enabler of the Government’s Vision 2030 Actualization By: Justus Anzaya The Education Cabinet Secretary (CS) Julius Migos Ogamba has noted that Technical, Vocational Education and Training (TVET) is a key pillar to the Government’s vision 2030 actualization.The CS who spoke at the Kenya School of TVET during the release of TVET Curriculum Development, Assessment and Certification Council (TVET CDACC) July/August 2024 Competency-Based Education and Training (CBET) assessment results, said that TVET plays a great role in spurring industrialization in Kenya.“As the Government gears up to achieve vision 2030, TVET plays a great role in spurring industrialization in Kenya which is a clear step to achieving vision 2030,” CS Ogamba noted that with successive implementation of Competency-Based Education and Training (CBET) in TVET institutions, the model is on a good trajectory to equip Kenyan youth with hands-on skills in order to partake in the industrialization of Kenya in order to achieve vision 2030. The CS further pointed out that the successful implementation of Recognition of Prior Learning (RPL) spearheaded by the Kenya National Qualifications Authority (KNQA) is a key testament to fruitful implementation of CBET in Kenya. The CS said that this initiative has brought many Kenyans with skills but without certification into the ecosystem of skills qualification turning out to be an excellent tool for inclusivity and opportunity to Kenyans. CS Ogamba at same time added that the Government has implemented several key initiatives designed to strengthen the TVET sector, widen access to TVET as well as to improve the quality of programs in TVET institutions. To ensure that TVET programs remain relevant to the evolving technological changes in the market, the CS said that the Government has continued to partner with various industries in curriculum development, assessment, industrial practice and continuous curriculum reviewing. “These partnerships are instrumental in bridging the gap between education and employment at the same time helping our educational institutions to solve the historical skills mismatch that industries have for along time been complaining of,” He said that the Government through TVET CDACC has developed more over 400 competency- based curricula and all of them have been developed in close consultation with industry experts to ensure that every skill taught in TVET institutions is directly applicable to the real-world job roles. In July/August 2024 CBET assessment results across 252 TVET assessment centers in the country, a total of 59,575 candidates were assessed in 226 qualifications across all levels with 2,929 units of competency. “Going forward, the Government is committed to ensuring that CBET continues to evolve, remain relevant in order to drive the economic transformation of Kenya,” noted the education CS. He said that as CBET gains momentum, the Government has established rigorous quality assurance mechanisms to maintain consistency and high standards in TVET training programs. In line with Kenya’s commitment to sustainable development, the Education Cabinet Secretary echoed that TVET has integrated green skills and environmental awareness into its curricula in order to prepare the youth for future jobs and for a future that requires responsible and sustainable approaches across all industries. The CS lauded international collaboration noting that collaboration with development partners such as; GIZ, International Labour Organization (ILO), CICAN through Mastercard Foundation, World Bank among other partners has strengthened Competency-Based Education and Training (CBET) implementation in Kenya. He said the partnership has given Kenya an opportunity to learn from global best practices thus positioning Kenya as a leader in Competency-Based Education and Training in Africa at the same time expanding opportunities for Kenya’s TVET trainees on the international stage."
43,Add new comment
43,CS Commissining Junior School at St. Charles Lwanga Mombasa
43,"Education Cabinet Secretary Julius Migos Ogamba January 23,02025 commissioned newly constructed Junior School classrooms at St. Charles Lwanga Junior School in Changamwe Sub-County, Mombasa County.

The CS reiterated that the Government is committed to ensure it does everything possible to ascertain that learners have the necessary infrastructure and tools to excel in their studies. More specifically the Government is projected to equip schools with laboratories countrywide. The Ministry of Education partnered with the Ministry of Health in a Social Health Authority (SHA) registration drive in schools in Changamwe, Mombasa County, where he urged parents to register their children to ensure that families are comprehensively covered under the Universal Health Coverage."
43,State Corporation
43,Important Links
43,Kenya to participate at ACS2 in Ethiopia
43,"The Second edition of the Africa Climate Summit is scheduled to take place from 8th- 10th September, 2025 in Addis Ababa, Ethiopia. It is co-hosted by the Government of Federal Republic of Ethiopia and the Africa Union Commission.

The Government of the Republic of Kenya will be attending the Summit themed ‘Accelerating Global Climate Solutions: Financing for Africa’s Resilient and Green Development.’ The summit will also honour Africa's leadership in climate solutions, of which Kenya has made notable progress. Among strides made include, enacting the Climate Change Act (2016) to strengthen institutional coordination; Development of the National Climate Change Action Plan; advocacy for use of clean energy sources particularly geothermal, wind, hydro, and solar power, while expanding of the national grid towards the complete achievement of the Last Mile Connectivity in the country and the promotion of climate smart agriculture which involves and encourages the cultivation of drought resistant crops, increased uptake of irrigation and agro-forestry with a targeted 15 billion trees to be planted; these are all efforts towards contributing to the country’s enhanced food security initiatives."
43,Nairobi City County Government hosts visiting President’s Emergency Plan for AIDS Relief (PEPFAR) Ambassador as it continues to work closely with development partners in the health sector
43,"Nairobi, 25th January, 2023

Nairobi City County Executive Committee Members for Health, Wellness and Nutrition Dr. Anastasia Nyalita hosted visiting President’s Emergency Plan for AIDS Relief (PEPFAR) Ambassador, Dr. John N. Nkengasong at the County’s Mathare North Hospital."
42,Kenya Digital Economy Acceleration Project (KDEAP) Implementation Status
42,"A delegation from the World Bank this morning held talks with Information Communications and the Digital Economy Cabinet Secretary Hon William Kabogo Gitau aimed at accessing the implementation status of the Kenya Digital Economy Acceleration Project (KDEAP).The team which is conducting its 6th Implementation Support Mission for the project was led by Tim Kelly, World Bank lead Digital Development Specialist; Isabel Neto, World Bank Practice Manager Southern and Eastern Africa, and Aneliya Muller Senior Digital Development Specialist.CS Kabogo appreciated the World Bank for the Support and collaboration from the inception of the KDEAP project to the Implementation phase where he pledged of the Ministry's support in ensuring that the project is fully implemented.Earlier on, the delegation had met ICT and Digital Economy Principal Secretary Eng.John Tanui who was accompanied by ICT Authority (ICTA) CEO Stanley Kamanguya among other government officials from the Ministry.Eng. Tanui noted that the government is keen on addressing issues of Fibre connectivity and digitalisation of government services in all sectors in an effort to spur economic growth.The two-phased project which is being implemented by the ICT Authority is financed by the World Bank. While the World Bank approved the project in March 2023, the project became effective on 2nd February, 2024 and is expected to close on 31st October, 2028.The Beneficiaries of the project are Ministries, Department and Agencies in the Ministries of Information, Communication and the Digital Economy (ICTA, Office of the Data Protection Commission; Communications Authority); the Ministry of Public Service, Performance and Delivery Management (Huduma Secretariat)Other beneficiaries comprises the Ministry of Investments, Trade and Industry ; the Cabinet Office; office of the Attorney General; The Kenya Revenue Authority; the Ministry of Health and Judiciary who will benefit in the second phase respectively.

Our Contacts"
41,"Over 138,283 Police and Prison Officers onboarded into SHA Usalama Cover"
41,"The scheme provides a comprehensive benefits package covering the full continuum of care from primary healthcare to specialised treatment alongside advanced services such as overseas referrals where necessary, fertility treatment including IVF, and a Last Expense Benefit to support families.

Duale emphasised that the Government’s zero co-payment policy places responsibility on the system rather than patients, warning that any facility demanding out-of-pocket payments for covered services will face sanctions. He added that enhanced digital infrastructure, led by the Digital Health Agency (DHA), will strengthen efficiency, accountability and fraud prevention through real-time verification and monitoring of claims.Healthcare providers were urged to uphold high standards of integrity as the programme rolls out, supported by strengthened oversight mechanisms to safeguard public funds.Cabinet Secretary for Interior and National Administration Kipchumba Murkomen said the achievement reflects sustained government commitment and coordinated efforts across institutions, including the Ministries of Health and Interior, the National Police Service and the Social Health Authority.A nationwide sensitization campaign will accompany the rollout to ensure officers understand their benefits and can effectively access services under the scheme."
41,Top Researchers and University Dons get Government boost to conduct covid-19 vaccine
41,"Kenya’s top Professors and Researchers who want to come up with a vaccine for covid -19 have received a major boost from the government through the National Research Fund (NRF) after disbursing over 130 million national covid-19 strategic research grant to research institutions and Universities.

The grant was launched by PS University Education and Research Amb. Simon Nabukwesi on Monday 17th January 2022 in Nairobi. Speaking at the launch the PS asked researchers to appreciate the opportunity from the government by offering to advance research driven solutions in addressing the pandemic and assured them of government support in pooling of research efforts and resources to respond to crisis. In September 2021 NRF disbursed a total of shs 74,111,479 to covid-19 research consortia as part of the shs 131,037,479 research funding on covid-19. In April 2020 NRF made a research call on three strategic areas of COVID 19, cancer incidences and desert Locust menace."
41,PS Foreign Affairs Meets IGAD Heads in efforts to Enhance Regional Cooperation and Development
41,"Principal Secretary for Foreign Affairs Dr. Korir Sing’oei has today met Heads of Divisions and Specialized Institutions of the Intergovernmental Authority on Development (IGAD).

The Nairobi meeting brought together senior officials from Djibouti and Addis Ababa representing key IGAD divisions and institutions, including Peace and Security,Conflict Early Warning and Response Mechanism (CEWARN),IGAD Climate Prediction and Applications Centre (ICPAC),IGAD Centre for Pastoral Areas and Livestock Development I(CPALD), and the Red Sea, Gulf of Aden (RESGAS)."
41,Sector Budget Proposal Reports.
41,"In line with the UN-Classification of the Functions of Government (COFOG), the MDAs performing closely related functions have been grouped to form a Sector. In this regard, the functions of the Government for the purpose of MTEF budgeting will remain mapped into ten sectors namely; Agriculture, Rural and Urban Development (ARUD); Energy, Infrastructure and ICT; General Economic and Commercial Affairs (GECA); Health; Education; Governance, Justice, Law & Order (GJLO); Public Administration & International Relations (PAIR); National Security; Social Protection, Culture and Recreation; and Environmental.

Respective SWGs shall be responsible for formulation and prioritization of sector budget proposals with clear terms of reference highlighted in the circular issued in accordance to Section 36 of the Public Finance Management Act, 2012, providing guidelines on the processes and procedures for preparing the MTEF budget."
41,2026-2027
41,"The British High Commissioner H.E. Neil Wigan pays a courtesy call to the National Treasury Cabinet Secretary, Hon. John Mbadi"
41,"The British High Commissioner H.E. Neil Wigan earlier today paid a courtesy call to the National Treasury Cabinet Secretary, Hon. John Mbadi at his office. The discussions centred on the following Strategic Partnership initiatives:1. The Nairobi Railway City Project;2. UK Government support for tax and Public Financial Management to the National Treasury and the Kenya Revenue Authority and he Electronic Government Procurement (e-GP) initiative; and3. Proposed reforms of the International Financial Institutions.The CS affirmed the commitment of the Government to actively implement reforms to strengthen expenditure control, improve efficiency in public spending and enhance transparency and accountability.Kenya values the enduring strategic partnership with the United Kingdom,as it remains a cornerstone of our economic progress and regional stability."
40,40 young agripreneurs gain skills to thrive in modern agribusiness across 47 counties
40,"The agriculture sector in Kenya remains fundamental in generating employment, boosting the economy, and addressing food insecurity.

However, the sector faces twin threats—climate change and an evolving agribusiness environment—which call for the adoption of technology across all value chains."
40,"63RD MADARAKA DAY CELEBRATIONS THEME: Education, Skills and the Future-WAJIR"
40,"GOVERMENT WILL INVEST IN EDUCATION.

A cross section of leaders drawn from the National Government and the County Government of Wajir have called for improvement of Education through concerted interventions. Education Cabinet Secretary Julius Migos Ogamba who was a Chief guest during a week long Educational Exhibition in wajir said the education freedom is the most important investment the current generation can give to their children. In a speech read on his behalf by the Principal Secretary for higher Education,Dr. Beatrice Inyangalla,the Education CS said his Ministry will improve school infrastructures across the country. Ahmed Muhammed Abdi ,Deputy County governor Wajir,who represented the governor requested for the establishment of a university in the region saying it will boost the the education outcome for many local residents. Two principal Secretaries from the the Ministry called upon the residents to fully interact with Education officials for them to benefit in the arrangement. ""This is a rare opportunity, ensure you utilize it for your benefits,"" Ps for higher Education,Dr. Beatrice Inyangalla advice. On her part Dr. Esther Muoria ,Ps for Technical and Vocational Training (TVET),told the participants that there is an opportunity for every learner especially in Tvet institutions where skill acquisition is the main agenda."" We have a total of 76 pathways in our institutions"" she said."
40,Restricted HTML
40,Public Universities
40,Newsletter
39,Implementation of the Unified Payroll Return
39,"The Kenya Revenue Authority (KRA) and National Social Security Fund (NSSF) reminds the public that a unified payroll return has been developed for the joint declaration and payment of Pay As You Earn (PAYE) and NSSF deductions. This is one of the initiatives under the government Ease of Doing Business agenda.

Following a recent public notice that communicated our intention to pilot the return with taxpayers within Large and Medium Taxpayers Offices (LTO and MTO) from May 2020, we regret to inform you that due to restrictions resulting from the COVID-19 pandemic, this engagement has been extended. Therefore the piloting of the unified payroll return on select employers will be conducted in the month of May 2020 following which timelines for the full roll out shall be communicated."
39,Commissioner for Domestic Taxes - KRA Managing Trustee - NSSF
39,Kenya pivots to prevention-led health security as new national frameworks launched
39,"Health Cabinet Secretary Aden Duale has announced a major policy shift placing preparedness, prevention and system resilience at the centre of Kenya’s health security strategy following the launch of the Kenya National Public Health Institute (KNPHI) Strategic Plan (2023–2027) and the National Action Plan for Health Security (2026–2030).

Speaking in Nairobi, the Cabinet Secretary said the new frameworks signal a transition from a reactive, crisis-driven model to one that anticipates, detects and responds to health threats in a timely and coordinated manner."
39,Leading Economic Indicator December 2017
39,Private Ambulance Owners Seek Collaboration with Nairobi County on Emergency Response
39,"Nairobi, 7th October, 2025

The Association of Private Ambulance Owners in Kenya (APAO-K) today paid a courtesy call to the Chief Officer for Disaster Management and Coordination, Mr. Bram Simiyu, to explore potential areas of collaboration aimed at strengthening emergency medical response and disaster preparedness in Nairobi County."
39,"Government issues 3,000 title deeds in Garissa Township, expanding land ownership rights"
39,"Cabinet Secretary for Lands, Public Works, Housing, and Urban Development, Alice Wahome, has reiterated the Ministry’s dedication to efficient delivery of services to Kenyans.

Wahome said that the Government is working on six additional unregistered community lands in Garissa that the County government has submitted for gazettement and urged the beneficiaries to utilize their titles responsibly and avoid selling their land indiscriminately."
38,KRA Allowed to Collect Withholding Taxes From Sportpesa
38,"27/05…The Kenya Revenue Authority (KRA) has received a go ahead to collect more than Kshs 2.7billion worth of monthly taxes on withholding tax on winnings from Sportpesa. This follows a ruling by Milimani Commercial Courts Chief Magistrate, Peter Gesora, allowing KRA to collect withholding taxes on winnings from betting games on the Sportpesa platform among others, that have been failing to withhold tax on winnings. The landmark ruling delivered on Thursday, 23rdMay 2019arose from a 2014 suit filed by a Mr. Benson Irungu against Sportpesa Ltd trading as Pevans East Africa. The suit sought to stop Sportpesa from deducting and remitting taxes arising from Mr Irungu’s and any other person’s winnings. In his ruling last Thursday, Chief Magistrate Gesora while dismissing Mr Irungu’s case noted that the nature of sport betting, winnings are unpredictable and a player cannot be certain of the amount that he will win. “That being the situation, it is not sound to argue that certain amounts should not be collected by withholding tax agents. Revenue collection is well regulated by statute, and by the fact that Sportpesa is a tax agent is a clear indicator that all those using its platform are obligated to pay tax on their winnings,” Gesora ruled. The Chief Magistrate added that the KRA Commissioner of Domestic Taxes is mandated to collect taxes from sport betting firms and remit the same to the Sports, Arts and Social Development Fund as set out in section 35 (1) (i) and (3) (h) of the Income Tax Act. He further advised Mr Irungu to explore provisions for refund if necessary as enshrined in the Tax Procedures Act. In the rollercoaster suit and prior to the ruling on Thursday last week, Mr Irungu had on 22nd May, 2014, obtained Court Orders restraining Sportpesa from making any withholding tax deductions on any person's winnings from a bet or game of chance conducted by the firm. Aggrieved by the order stopping Sportpesa from deducting withholding tax on winnings from betting, KRA which had not been party to the case sought to be enjoined as an interested party while seeking to set aside the earlier orders. On 29th March, 2019, KRA’s Legal counsel successfully obtained an order from Court setting aside orders obtained by Mr Irungu's on 22nd May, 2019 and issued by Senior Resident Magistrate D.M. Kivuti sitting at the Milimani Commercial Courts. The orders had temporarily stopped the operations of crucial Income Tax Act sections (Sections 2, 10, 34 and 35) effectively rendering KRA unable to collect taxes amounting to Kshs 2.7Billion per month; earmarked for national development projects. As per the budget statement read last year by National Treasury Cabinet Secretary, Henry Rotich, taxes drawn from betting activities are earmarked to finance sports, art, cultural developments and the rollout of the Universal Health programmes. Commissioner of Legal Services & Board Coordination.

PRESS RELEASE 27/05/2019"
38,Customs collects over Ksh 50 Billion at JKIA as hospitality sector rebounds
38,"KRA Customs and Border Control (C&BC) Department has registered a revenue collection growth of 10.12% at the Jomo Kenyatta International Airport (JKIA). This is after KRA collected KShs 49.063 Billion against a target of KShs 46.991 Billion. The revenue collection represents a 104% performance rate against the financial year 2022/2023 revenue target.

Being the ideal gateway into and out of East and Central Africa, cargo handled at the JKIA has significantly increased following the reopening of the economy after the Covid-19 pandemic. This enabled KRA to collect KShs 5.388 Billion against a target of KShs 4.806 Billion from air navigation service charge, which is levied on planes landing at the airport. The revenue collection reflects a performance rate of 112%. The collection represents a 31.91% growth in revenue compared to the same period in the financial year 2021/2022."
38,Israeli experts to equip Makueni medics with emergency care skills
38,"Doctors and other health workers in Makueni County are set to acquire new procedures and technologies from Hadassah University Medical Centre in Israel to enable them to learn more about treating children during emergency situations.

The revelations were made by Israel’s Ambassador to Kenya, Gideon Behar, when he launched a Pediatric Emergency Medicine Skills Workshop at the Makueni County Referral Hospital aimed at enhancing healthcare services in the country."
38,Lifting ban on Genetically Modified Organisms (GMOs) will lower the cost of animal feeds
38,"The lifting of the ban on Genetically Modified Organisms (GMOs) and their derived products will reduce the cost of animal feeds in the country and consequently reduce the cost of milk production, the National Biosafety Authority (NBA) has said.

Consequently, Agriculture Cabinet Secretary Dr. Andrew Karanja said there is a need to enhance monitoring and enforcement of the quality feed and raw materials in the market. He said this when he released the Kenya Dairy Board Cost of Milk Production 2024 Report in Nairobi."
38,Kenya pushes for stronger global partnerships to tackle maritime crimes
38,"Kenya has reaffirmed its commitment to deepening collaboration with Indo-Pacific nations to enhance maritime security amid growing threats from piracy, illegal, unreported and unregulated (IUU) fishing, and other organised maritime crimes.

Cabinet Secretary for Interior and National Administration Kipchumba Murkomen said stronger international partnerships are critical to safeguarding global sea routes, protecting vulnerable populations, and supporting international trade and economic growth."
38,Kenya Meteorological Department to undergo transformation to enhance service delivery
38,"The Kenya Meteorological Department’s transformation into a state corporation is set to strengthen its legal and financial powers while enhancing nationwide forecasting, early warning systems, and climate information services.

According to Cabinet Secretary for Environment, Climate Change and Forestry, Dr. Deborah Barasa, the move aims to improve climate services and bolster national resilience."
38,"Nyeri County plants 20,000 indigenous trees to mark World Water Day"
38,"The Department of Water, Environment, and Climate Change, in partnership with stakeholders, led the planting of 20,000 indigenous trees at Mahoya Hill in Tetu, Nyeri County, in commemoration of this year’s World Water Day.

The activity, which began with a procession at Ihururu Trading Center, also served as a rallying call to protect the county’s endangered water catchment areas."
38,"IEBC, Judiciary push for stronger safeguards ahead of elections"
38,"The Judiciary and the Independent Electoral and Boundaries Commission (IEBC) have reaffirmed their joint commitment to safeguarding democratic legitimacy, warning that flawed political processes—not merely voting numbers—can undermine the sovereign will of the people.

Speaking during the official launch of the 2022 Pre-Election Dispute Resolution Committee (DRC) Report and Case Digest in Nairobi, Deputy Chief Justice (DCJ) Philomena Mwilu said democratic resilience depends on strong institutional checks and balances long before polling day. “Democracy is not sustained by simply casting ballots,” Justice Mwilu observed."
38,Twitter
38,Facebook
38,Rehabilitated Arera Borehole eases water shortages in Garissa
38,"The National Drought Management Authority (NDMA), in partnership with the County Government of Garissa, has commissioned the rehabilitated Arera Borehole in Shanta Abaq Sub-County, significantly improving access to safe, reliable and sustainable water for local communities and their livestock.

The project was implemented in response to growing pressure on the existing Arera water source, which had left residents vulnerable to recurrent water shortages, livestock losses and declining livelihoods during prolonged dry spells."
38,Government set to distribute 12.5 million bags of fertilizer
38,"The National Government plans to distribute 12.5 million bags of planting and topdressing fertiliser to enhance crop yields during this financial year.

The aim is to ensure food security and reduced food prices, said the Cabinet Secretary, Ministry of Agriculture and Livestock Development Mutahi Kagwe."
38,New Limuru fire station to boost emergency response
38,"JAMES GUCHU-KNA

Limuru town in Kiambu County will have enhanced safety and emergency response as the newly constructed Limuru Municipality Fire Station becomes operational."
37,Taxpayer Register Data Clean Up Exercise
37,"Kenya Revenue Authority (KRA), would like to notify all registered taxpayers of the ongoing data clean up exercise of taxpayers' Personal Identification Number (PIN) registration details. The exercise is aimed at ensuring the integrity of the taxpayers' register with a view to enhance service delivery to all taxpayers.

As part of the data clean up exercise, KRA has rolled out One Time Password (OTP) for update of taxpayers' contacts in the iTax system. Upon logging into iTax, the system will display the mobile number registered in iTax through which an OTP will be sent for validation of contact details. Where the number is incorrect, taxpayers will be required to capture the correct mobile number through which an OTP will be sent to enable access to the iTax system."
37,The Kenya National Public Health Institute strengthens Ebola preparedness in high-risk counties
37,"By Judy Sheri (PCO)

The Kenya National Public Health Institute (KNPHI) has stepped up national Ebola preparedness with a week-long Integrated Rapid Response Team (RRT) training programme in Trans Nzoia and Turkana counties."
37,13 tonnes of certified seeds distributed to strengthen food security in semi arid Kerio Valley
37,"At least 13 tonnes of certified, climate-resilient seed varieties have been distributed to farmers in Kerio Valley through a targeted intervention by the Elgeyo Marakwet County Government, aimed at boosting agricultural productivity and strengthening adaptive capacity in arid and semi-arid areas.

The distribution comprised 6.5 tonnes of drought tolerant Nyota bean seeds, 4.32 tonnes of fast maturing dry land DH04 maize seeds, and 2.5 tonnes of sorghum seeds, all selected for their high yield potential, early maturity, and resilience to moisture stress."
37,President Dr William Samoei Ruto Emphasizes TVET as a Pathway to Career Progression
37,"His Excellency President Dr. William Samoei Ruto has underscored TVET as a pathway to career progression noting that it is key to spurring industrialization in Kenya. The President who was represented by deputy president Rigathi Gachagua during the Africa Technology Challenge Award Ceremony held on July 31 in a Nairobi hotel, lauded the Ministry of Education on the progress made in equipping and skilling the youths in Kenya. Citing the collaboration of AVIC Corporation Holding with the Ministry of Education, the head of State said that Kenya will continue investing and working with stakeholders and development partners in the education system to improve the quality of the skills offered at TVETs to support delivery of the pillars of the Kenya Kwanza plan of transforming the economy of Kenya. Pointing out at the excellent innovations that were exhibited by the students who participated in the Africa Technology Challenge, the President said that the African continent urgently needs innovations that will address the negative impacts of climate change which must be integrated in into various sectors of development. The President further commended the winners of the Africa Tech Challenge who were recognized and awarded for their exemplary innovations during the competition. Education Cabinet Secretary Hon Ezekiel Machogu whose speech was read by Principal Secretary of State Department For TVET Dr. Esther Thaara Muoria, hailed Africa Tech Challenge and the World Skills Competitions saying that the two competitions are important tools to be used by the Government to convey the outcomes of a good TVET system in Kenya. The CS revealed that in the future the winners of the two competitions will be given an opportunity to demonstrate their ability to sell their products to the world through multimedia-based presentations, short promotional films, and role-playing. These, he said will help to address the unemployment in Kenya and promote the achievement of the Government’s priority areas. PS Dr. Esther Thaara Muoria congratulated TVET institutions and students who were recognized and awarded for their exemplary performance in the Africa Tech Challenge. The Africa Tech Challenge which was held both online and offline at the Technical University of Kenya (TUK) for four weeks attracted a total of 332 participants from 9 countries. A total of 100 students from TVET institutions in Kenya participated in the Africa Tech Challenge and Samuel Irungu of Technical University of Kenya, Rosemary Muthoni of Coast Institute of Technology and Tony Mugira of Nyeri National Polytechnic scooped the first, second and third positions in the competition respectively."
37,Reviewing Kenya’s Foreign Policy
37,Kenya Participates in ASEAN's 57th Anniversary Celebration
37,"The Kenya Foreign Policy published in November 2014, has served as the framework for Kenya's diplomatic interactions over the past decade. This policy was a significant milestone, as it was the first comprehensive framework of its kind since the country’s independence. In the context of a dynamic international landscape characterized by the decline of multilateralism and the emergence of a multipolar world, there has been increasing need for review of the policy to ensure that it remains effective in promoting Kenya's national interests and values, as anchored on the principles of Peace diplomacy, Economic diplomacy, Environment Diplomacy, Diaspora Diplomacy, and Cultural Diplomacy."
37,"CS RUKU CALLS FOR PROFESSIONALISM AND MERITOCRACY AS 1,130 HR PRACTITIONERS CERTIFIED"
37,"Cabinet Secretary for Public Service, Human Capital Development and Special Programmes, Hon. Geoffrey K. Ruku, has reaffirmed the government’s commitment to cultivating meritocracy, professionalism, and excellence across both the public and private sectors.Speaking as the Chief Guest during the 6th Certified Human Resource Professionals (CHRP) Certification Ceremony held at the National Expo Dome, Jamhuri Park, Nairobi, the CS congratulated the newly certified professionals, noting that their accreditation marks a major milestone in strengthening human capital development in Kenya.“Congratulations to all Certified Human Resource Professionals who have been certified and gazetted today. The Government of Kenya, under the leadership of H.E. President William Samoei Ruto, remains committed to promoting professionalism and competence in all sectors as a cornerstone of national transformation,” said Hon. Ruku.The event, organized by the Human Resource Management Professionals Examination Board (HRMPEB), saw 1,130 professionals awarded CHRP certification — a significant step toward enhancing talent management and institutional capacity in Kenya and beyond.The CS commended HRMPEB for its commitment to innovation and inclusivity through the Recognition of Prior Learning (RPL) framework, which enables professionals with practical experience to gain formal recognition.“HRMPEB has demonstrated commendable innovation in integrating Recognition of Prior Learning as part of promoting inclusion and equity in the human resource profession. This aligns with our ministry’s goal of ensuring no talent is left behind in Kenya’s transformation journey,” Hon. Ruku added.Representing the Principal Secretary for Public Service and Human Capital Development, Dr. Jane Kere Imbunya, was Secretary for Human Resource Services, Dr. Jacob Mbijjiwe.Among those certified from the State Department for Public Service were CHRP Stephen Wambua (S/HRD), CHRP Azenath Hamisi (PSR), CHRP Flavian Ayuma (HRMs), and CHRP Mcharo Mwaresi (HRMs)"
37,CS Geoffrey Ruku and PS Jane Kere Imbunya Attend POMSF Tariffs Signing Ceremony and Launch of SHA Biometric Registration Exercise
37,"On 11th July, Cabinet Secretary for Public Service, Human Capital Development and Special Programmes, Geoffrey Ruku, and Principal Secretary for Public Service and Human Capital Development, Dr. Jane Kere Imbunya, joined the Ministry of Health during the signing of the Public Officers Medical Scheme Fund (POMSF) tariffs and the launch of the Social Health Authority (SHA) biometric registration exercise for dependants at the Kenyatta National Hospital Grounds, Upper Hill, Nairobi.

The event, presided over by the Cabinet Secretary for Health, brought together representatives from Ministries, Departments and Agencies (MDAs), healthcare providers, Constitutional Commissions and Independent Offices to mark a significant milestone in the Government’s ongoing healthcare reforms."
37,This survey was implemented by the Kenya National Bureau of Statistics in collaboration with the Ministry of Health and other stakeholders
37,Partners and Donors
37,"The 2022 Kenya Demographic and Health Survey (2022 KDHS) was implemented by the Kenya National Bureau of Statistics (KNBS) in collaboration with the Ministry of Health (MoH) and other stakeholders. Funding for the survey was provided by the Government of Kenya, the United States Agency for International Development (USAID), the Bill & Melinda Gates Foundation, the World Bank, the United Nations Children’s Fund (UNICEF), the United Nations Population Fund (UNFPA), Nutrition International, the World Food Programme (WFP), the United Nations Entity for Gender Equality and the Empowerment of Women (UN Women), the World Health Organization (WHO), the Clinton Health Access Initiative, and the Joint United Nations Programme on HIV/AIDS (UNAIDS). The UN Resident Coordinator office assured the coordination of UN agencies supporting the 2022 KDHS. ICF provided technical assistance through The DHS Program, a USAID-funded project providing support and technical assistance in implementing population and health surveys in countries worldwide.

Additional information about the 2022 KDHS may be obtained from Kenya National Bureau of Statistics (KNBS),"
37,Participants
37,The Kenya National Information Platform for Food and Nutrition (NIPFN)
37,"The Kenya National Bureau of Statistics (KNBS) and Kenya Institute for Public Policy, Research and Analysis (KIPPRA) are executing the National Information Platform for Food and Nutrition (NIPFN) project. The project which is established by the European Union (EU) with the support from United Kingdom Department for International Development (DFiD) and the Melinda Gates Foundation aims at creating capacity within national institutions to operate a platform using existing data and information; strengthening the capacity to track national objectives to prevent malnutrition and monitor nutrition investment and build capacity to analyse and disseminate information for evidence based decision making. The overall objective of the National Information Platform for Nutrition is to inform policies and programmes for improving human nutrition by bringing together and analysing information and data from all sectors that can influence nutrition such as health, agriculture, food security, water, sanitation and social protection. The process of providing evidence to inform policies and programmes will be done through analysing current policies and programmes to identify issues and policy gaps and analyse multi-sectoral data to improve understanding of factors that influence nutrition at national and county level. The project will maximize on the analysis and interpretation of existing information and data on nutrition to improve understanding of the factors that influence it, both nationally and locally. The project will help to monitor national and sub-national progress in preventing malnutrition, strengthening the accountability of governments and donors to meet their commitments to prevent malnutrition, create capacity within national institutions to operate and maintain a National Information Platform for Food and Nutrition, strengthen capacity to track progress in meeting national objectives to prevent undernutrition and monitor nutrition investments and build the capacity of national policy makers and programme planners to make better use of evidence in designing and implementing nutrition-related policies.

The project is instrumental in support of the Government development agenda on nutrition and Food Security as spelt out in the Food and Nutrition Policy (FNSP) 2011, the National Nutrition Action Plan 2017 and BIG Four Agenda. The policy places nutrition and Food Security central to human development in the country, emphasizes the need to ensure the right to nutrition and quality food as a constitutional right, provides relevant policy directions and articulates the multi-sectoral approach to addressing malnutrition in the country."
37,Facts on State of Affairs in Nairobi County
37,"RESPONSE TO A STATEMENT BY A SECTION OF NAIROBI LEADERS ON THE STATE OF AFFAIRS IN NAIROBI COUNTY. My attention has been drawn to a statement issued by a section of elected leaders in Nairobi County over the state of affairs in our beloved city. First and foremost, I want to put it clear that I have no problem or bad working relationship with any of the elected leaders in the county. I welcome positive criticism that is based on facts and as a democrat, I understand the oversight role legislators play in the execution of the devolution agenda in the country. Let me straight away delve into some of the issues the leaders raised to the members of the fourth estate. 1; That the provision of basic needs and services has stalled in Nairobi County because of anarchy and disorder. – Let me make it clear that no provision of basic services has stalled in any of our department at City Hall. All our offices have remained functional and dutifully operational to cater for the needs of Nairobi residents. All our health facilities have remained operational , water provision through the Nairobi Water Company has massively improved through the last two years, garbage collection has doubled in terms of tonnage and all these is available in the Controller of Budget Report 2018/19. 2; That the County has received in excess of 52.52 billion for development from the National Treasury, own source revenue and conditional grants. – It is indeed appalling that we have leaders who are not discerning enough on what budget making process entails. It is indeed true that the above mentioned figure is what was captured in the budgets but the facts is that in the same period, the Controller of Budget only approved Sh43 billion for implementation. – Let us not forget that available monies are always divided into development and recurrent expenditure. The county spent over 70% of its budget on recurrent expenditure and from this, around 59% goes to personal emoluments/salaries while close to 41% goes to operations and maintenance and the breakdown is available in the COB reports for 2017/18 and 2018/19

– Let me narrow down to the 2018/19 FY AS authenticated by the COB in his report that is available to the public. The County’s supplementary budget was Ksh 33.34 billion, comprising of Ksh 7.48 billion ( 22.4%) and Ksh 25billion (77.6 % allocation for development and recurrent expenditure respectively. The County received 15.79 billion as equitable share and collected Sh10.25 billion from own source revenue. The County was to receive Sh744 million as total conditional grants. It is however important to note that conditional grants are not always available the same financial year. For instance, it is only last week that the county received over Sh415 million for road maintenance in conditional grants and this is for the FY2018/19."
37,New borehole to combat drought and insecurity in Wajir
37,"The United Kingdom, in collaboration with the Ministry of Interior and National Administration, has unveiled the Geriley Community Borehole in Wajir County, marking the final intervention under the UK-funded Deris Wanaag regional peace and security programme.

The borehole, identified by local residents, aims to address the effects of climate shocks that have contributed to recurring drought, water shortages, and insecurity in the Kenya–Somalia–Ethiopia borderlands."
36,Commissioner for Domestic Taxes Department
36,Manufacturing and Importation of Excisable Goods
36,"Disclaimer: Taxpayers are notified that KRA will not accept responsibility for payments not received, credited and validated in the relevant Kenya Revenue Authority accounts Contact Centre: +254 (020) 4 999 999, +254 (0711) 099 999, Email: callcentre@kra.go.ke Complaints & Information Center: +254 (0) 20 281 7700 (Hotline),Email: cic@kra.go.ke

PUBLIC NOTICES 17/07/2018"
36,Economic Review
36,Performance Review & Prospects for Financial Year 2017/2018
36,"The prolonged political season that saw a repeat of the Presidential election coupled with delayed release of funds to Government suppliers and County governments had the effect of dampening revenue collection. On its part, the economy grew at 4.4% against the 6% projected in the BPS. Average inflation rate stood at 6.2% but mainly affecting the non-taxable food sector.

The growth achieved for H1 is attributable largely to better compliance enhancement efforts largely underpinned by technology and other reforms implemented in the recent past. The iTax system presently provides a valuable treasure of data collected about business transactions by persons, including businesses doing business with government and the top 6500+ of Kenya?s largest corporate entities. This data is now being mined and used to issue tax assessments against previously non-registered persons or registered taxpayers whose filings materially differ from the declarations they submit to KRA. To date assessments totalling Sh 29.6 billion have been issued and collection efforts are in progress. On the side of Customs, consistent focus on valuation benchmarking and cargo scanning has shored up revenues by Sh 3.1 billion for H1 to push Customs collection to Sh 235.6 billion up from Sh 218.7 billion in FY 2016/17."
36,Consumption Taxes
36,We Need to Establish a Culture of Filing Income Tax Returns Early
36,"The Income Tax Act requires that a taxpayer does a self-assessment of their income, completes the relevant return form and files with the Commissioner on or before the stipulated date. A return is the primary document a taxpayer uses to declare their taxable position to the Authority. The different types of returns are outlined in Part VIII of the Income Tax Act, CAP 470, with their respective timelines clearly stipulated.

KRA has been leveraging on technology to improve client service and promote voluntary compliance, which will ultimately increase revenue collection. Since August 2015, filing of all returns is done electronically through the iTax platform. Online returns filing offers more than the convenience of time. It allows the system to auto-compute the tax due against one?s income which reduces the chances of errors. The online system also offers better information security as one has real time access to their current basic information (which can be amended through a self service option anytime); tax filing; and tax payment records. Such was not the case in the manual era where you had to visit a KRA office to confirm your tax filing status; payment history; and any payment due. The system has greatly minimized taxpayer direct interaction with tax officials, which aims at ensuring increased transparency and equity in handling of tax matters. For employees, it has offered additional benefits for them to check employer remittances of the monthly Pay As You Earn (PAYE) deductions through their individual iTax ledgers."
36,Experts warn of growing mental health emergency among Homa Bay youth
36,"Along the shores of Lake Victoria, a quieter crisis is unfolding—one that rarely makes headlines but is steadily shaping the future of an entire generation.

For many adolescents in Homa Bay, the struggle is not just about school fees or opportunities; it is internal and deeply personal."
36,"Counties tasked to enforce ban on alcohol, tobacco sales near schools"
36,"The Ministry of Health has reaffirmed the ban on alcohol and cigarette businesses operating near learning institutions across the country.

The Principal Secretary for the State Department of Public Health and Professional Standards, Mary Muthoni, directed that no business selling alcohol or cigarettes should operate near learning institutions, in a bid to protect learners from alcohol and drug abuse."
36,About KRA
36,Kenyans Living Abroad
36,"The Kenya Revenue Authority (KRA) was created by an Act of Parliament (Chapter 469 of the laws of Kenya) in July 1995 to collect, administer and account for revenue on behalf of the Government of Kenya (GoK).

The Authority’s 7th corporate plan (2019 – 2021), seeks to support the Government’s Big Four Agenda and the Third Medium Term Plan of Vision 2030. KRA’s main contribution to both initiatives rests primarily on the mobilization of resources to fund the activities envisaged. KRA’s Transformation Agenda seeks to build on foundations laid during the 6th Plan that saw a shift from Enforcement to Taxpayer Facilitation. On a global front we seek to achieve this by our vision which is to be a globally trusted revenue agency facilitating tax and customs compliance, through strategic outcomes aimed at improving the country’s business environment, bettering the ease of doing business score and hence achieving improved compliance through data driven decision making and a growth in revenue collection."
36,Pin Registration
36,We are committed to providing legitimate and ethical opportunities
36,KNBS Disclaimer
36,"The Kenya National Bureau of Statistics (KNBS) is committed to providing legitimate and ethical employment opportunities. We caution all job seekers to exercise extreme vigilance when searching for KNBS job openings and to be wary of potential job scams. KNBS will never request any form of payment for job applications, interviews, or offers of employment. All official KNBS job vacancies are posted on our official website. Any unsolicited communication, purportedly from KNBS, requesting personal information or payment should be considered fraudulent and reported immediately to our official channels. Protect your personal and financial information, and only engage with KNBS through established, trusted platforms to ensure your safety and the integrity of our recruitment process.

The Kenya National Bureau of Statistics (KNBS) is a State Corporation established by the Statistics Act, 2006, for the collection, compilation, analysis, publication and dissemination of statistical information, and the coordination of the national statistical system. It is the principal agency of the Government for collecting, analysing and disseminating statistical data in Kenya and the custodian of official statistical information"
36,Government Commissions two Jitume Digital hubs in Kakamega County
36,"The Ministry of Information, Communications and The Digital Economy (MICDE) today launched two Jitume Digital hubs at the Kakamega National Polytechnic and the Shianda Vocational college, bringing the total number of hubs launched in the region to eight and over 274 nationally.The Kakamega Polytechnic digital hub was officially commissioned by The Prime Cabinet Secretary Hon.Musalia Mudavadi who was accompanied by MICDE Cabinet Secretary Dr.Magaret N Ndung'u and Principal Secretaries Eng.John Tanui(ICT and Digital Economy); Prof.Edward Kisiang'ani (Broadcasting and Telecommunications) and Dr. Beatrice Muganda Inyangala(Higher Education and Research)Speaking during the digital hub launch and a Town Hall Meeting organised by MICDE in partnership with Huawei, Dr.Musalia called on the residents to take advantage of the digital opportunities being offered by the government to improve their livelihoods.Dr. Mudavadi further noted that these hubs will serve as game-changers by fostering inclusivity and innovation as they aim to unlock the full potential of local talent and enterprise.On her part, Dr.Ndung'u noted that the hubs are designed to open doors to endless possibilities for the youth by equipping them with tools and skills to navigate a rapidly evolving world, transforming potential into progress and ambition into achievement. Also in attendance were Kakamega County Governor FCPA Fernandes Barasa; Huawei Kenya Deputy CEO Steven Zhang; Kakamega County Polytechnic Principal Caroline Khamete among other partners and senior national and county government officials.

Our Contacts"
36,Gross Domestic Product First Quarter 2014
36,𝐊𝐞𝐧𝐲𝐚 𝐒𝐭𝐫𝐞𝐧𝐠𝐭𝐡𝐞𝐧𝐬 𝐕𝐚𝐜𝐜𝐢𝐧𝐞 𝐅𝐢𝐧𝐚𝐧𝐜𝐢𝐧𝐠 𝐂𝐨𝐥𝐥𝐚𝐛𝐨𝐫𝐚𝐭𝐢𝐨𝐧 𝐰𝐢𝐭𝐡 𝐆𝐚𝐯𝐢 𝐚𝐧𝐝 𝐍𝐚𝐭𝐢𝐨𝐧𝐚𝐥 𝐓𝐫𝐞𝐚𝐬𝐮𝐫𝐲
36,"The National Treasury PS, Dr. Chris Kiptoo, CBS, and his counterpart from the State Department for Medical Services, Dr. Ouma Oluga,today met with a visiting delegation from Gavi, the Vaccine Alliance, led by Mr. Thabani Maphosa.

Gavi, the Vaccine Alliance, is a global health partnership established in 2000 that brings together public and private sector partners—including WHO, UNICEF, the World Bank, the Bill & Melinda Gates Foundation, donor governments, vaccine manufacturers, and civil society—to improve access to immunization in low- and middle-income countries. To date, it has supported the immunization of over one billion children and is credited with saving millions of lives by preventing diseases such as measles, polio, pneumonia, and cervical cancer."
36,"Sonko gives Health, Water and Sewerage priority in Sh35.2bn budget."
36,"Sonko gives Health, Water and Sewerage priority in Sh35.2bn budget The County Government has given the provision and improvement of health services priority in the 2019/2020 budget highlights delivered to the Country Assembly by the County Finance Minister Mr. Charles Kerich. The sector got Kshs 7.4.billion and 21 per cent. Transport, Water and Sewerage sectors were also given a major boost, bringing into focus Governor’s Sonko’s will to improve the status of the two critical sectors. The county has also set it eyes on infrastructure, improved governance, social community development, security, environment, planning and economic development. The County Finance Executive allocated transport sector Sh3.64 billion with the county expecting to receive Sh800 million from the Roads Maintenance Levy Fund by the end of the 2019/20 financial year. Having already started programs to end the water and sewerage infrastructure crisis in the city, the county has allocated Sh2.7 billion to the environment, water and energy sector. The County is projecting to meet its target of 80 per cent connectivity. From the Sh2.7 billion, Sh362 million will cater for water resources management.

To sustain the improved garbage collection efforts in the city, Sh992 million has been allocated for solid waste management. This is expected to help collect over 2,000 tonnes of garbage generated daily in Nairobi. The beautification project that has seen the city being recognized internationally has received Sh134 million. To enhance citizen participation in key county programs, the county is planning to enhance governance at the sub-county level and consequently, Sh2.3 billion has been allocated for sub county administration."
36,Nairobi County Food Systems Team participates in inception workshop on integrated actions for innovative Food Systems.
36,"Nairobi City County Agriculture sector’s Food System core team today participated in an inception workshop on Integrated Action for Innovative Food Systems Across Rural -Urban communities project. The workshop was held at Trade Mark Hotel,Nairobi. The three year(2019-2021) project costing Ksh.2.1B is sponsored by Italian Agency for Development Cooperation with Food and Agriculture Organisation of United Nations( FAO) being the implementer in partnership with Nairobi and Kisumu as the the pilot counties. The goal of this project is to support responsible authorities and communities to implement innovative actions that will ensure sustainability,inclusivity and resilience in urban food systems by strengthening rural urban linkages. This will contribute to achievement of global and national goals of ensuring food and nutrition security for all. In a speech read by the Nairobi County Director for Food Systems Dr. Daniel Karugu who represented the Agriculture Executive noted that the concept of formal and sustainable food systems is relatively a new approach which has gained impetus following the adoption of United Nation’s Sustainable Development Goals which are food security and sustainable cities. ” I am glad that under this project,we are going to consider grants for innovative actions of five value chains in our city. This support will greatly enhance the outcomes of Agriculture sector in promoting food production and value addition hence benefiting Nairobi city residents more so the disadvantaged residents living in informal settlements who are in dire need of such partnerships. Said the Agriculture boss. “Nairobi County government is in the process of developing Food Systems Strategy which comprises of food production,processing and packaging food,distribution and retailing of food and consumption of food”. Said Dr. Karugu. The aim of the workshop was to create a common understanding and support of the project,its vision,goals objectives and implementation,exchange knowledge and experience on good systems planning in Nairobi and Kisumu Counties. It was also aimed at developing shared vision of the broader opportunities and benefits emerging from the project implementation and outreach. The workshop brought together Nairobi county food systems core team, kisumu county Agriculture sector officials,FAO,Italian Agency for Development Cooperation and several other stakeholders.

General Inquiries"
36,Innovation and Digital Economy
36,Governor Sakaja urges NCCG sports men and women to observe discipline while in Kisumu as he flags off KICOSCA team
36,Government allocates Sh1.7 billion for 37 new sports academies
36,"The Government has earmarked Sh1.7 billion to establish 37 sports academies cross the country in a bid to nurture talent and propel sports to even greater heights.Sports and Youth Affairs Cabinet Secretary (CS) Salim Mvurya said the academies will identify and nurture talent from the grassroots level to meet international sporting standards.Mvurya said the sporting industry remains an important sector in the country and over the years has contributed significantly to economic growth.Speaking in Kwale County, the CS said the academies will be established to scout, identify and develop talents as well as raise fitness consciousness and mass participation in sports and recreational activities by the citizenry.Mvurya affirmed that he is keen to mobilize the youth to embrace their sporting talents, nurture them through sports academies, and provide platforms for talent scouting, ultimately transforming these skills into income-generating opportunities.The CS, who was accompanied by Sports Principal Secretary Elijah Mwangi, Kwale Governor Fatuma Achani, and County Commissioner Stephen Orinde, said his ministry is placing priority on youth development through sports.He officiated the groundbreaking ceremonies of Sh55 million Taru Sports Academy at Taru Secondary School and Sh54 million Matuga sports academy at Matuga Girls Secondary School both in the coastal county of Kwale.He noted that the Taru project will nurture and promote talent development in athletics, basketball, netball, football, and volleyball and other games, and will feature changing rooms to serve both local and regional athletes.

He said developing sports was part of President William Ruto’s agenda to engage the youths, hence setting up the academies."
36,Sh600 million payout for Mwache Dam Project-Affected Persons begins this week
36,"The State Department for Irrigation, through the National Land Commission (NLC), will commence the payout of Sh600 million to the Mwache Multi-Purpose Dam Project-Affected Persons (PAPs), as the multi-billion-shilling project takes shape.

A compensation conundrum had threatened to derail the transformative Sh20-billion project, which aims to sustainably improve water security, build climate resilience, increase bulk water supply, and expand access to water and sanitation in the Coastal region."
36,Civil servants encouraged to apply for statefunded mortgages
36,"Civil servants have been urged to leverage the Civil Servants Housing Scheme Fund (CSHSF), a government initiative providing affordable mortgage and loan facilities to enable home ownership.

During a public participation forum held at the Magharibi Hall in the Western Regional Commissioner’s offices, Deputy Director in the State Department of Housing, Bonface Ngochi, explained that the scheme is open to all civil servants in the national government."
36,Counties to integrate HIV prevention in Health Services amid rising youth infection rates
36,"The Principal Secretary for the State Department of Medical Services, Dr. Ouma Oluga, has called on county governments to urgently integrate HIV prevention programs into their health care services.

He said the action is critical to mitigate the rising HIV infection rate among young people."
35,Public Notice Taxation of Sales Transactions through the Digital Marketplace (Online Trading Platforms)
35,"It has come to the attention of Kenya Revenue Authority that some businesses engaged in trading on digital platforms are not charging VAT on transactions made through their platforms (digital market places).Specifically some of the digital market place owners and the persons trading through such platforms have been found not to honour their tax obligations. KRA wishes to inform such persons and owners that they are obligated under the VAT Act, 2013 to charge and remit VAT on:

KRA emphasizes to the owners of the digital market places (online trading platforms) that they are required to charge and account for the VAT on all sales made on their platform. All noncompliant owners, operators and persons are hereby advised to comply with the provisions of the VAT Act on digital market places in order to avoid being charged penalties and interests on outstanding taxes, which may be determined during compliance checks. Please also note that in cases where fraud is detected, appropriate criminal proceedings shall be brought against the offenders."
35,Commissioner for Domestic Taxes
35,Notice to Register Tenants for Nairobi City County Government Rental Houses on Nairobi Revenue System (NRS) for Payments
35,"Kenya Revenue Authority (KRA) was appointed by the Nairobi City County Government (NCCG) as the principal agent for overall revenue collection vide Gazette Notice No. 1967 dated 6th March, 2020.

Notice is hereby given that the Kenya Revenue Authority in conjunction with the Nairobi City County Government and the Nairobi Metropolitan Services will be undertaking an exercise to register tenants to the Nairobi Revenue System (NRS). This will enable tenants to make online payments for house rent via mobile cash payments, direct bank transfers and other online options without having to make physical visits to any County Offices or other pay points. The exercise commences on 13th September, 2021."
35,THE HOUSEHOLD SOCIO-ECONOMIC IMPACT SURVEY OF CORONA VIRUS (COVID-19)
35,"The Coronavirus (COVID-19) has spread across the globe affecting the social life of citizens, creating shocks in the economies. In Kenya, the potential spread of the disease is likely to affect the well being of citizens, and an increase in the number of poor and vulnerable households is imminent. This calls for a swift and coordinated policy approach by the Government in responding to the crisis to cushion Kenyans from the adverse effects of the pandemic. For the Government to respond appropriately, quality data on the effects of the pandemic is urgently needed.

The Kenya National Bureau of Statistics, a government agency responsible for collecting, analyzing and disseminating statistical data in Kenya, will conduct a survey on the socio – economic impact of Corona Virus (COVID-19) on households and individuals in the country."
35,Publications
35,"Please note that this services mainly are to the Government Ministries, Counties and Parastatals in the Republic of Kenya. The production of legal, secret, confidential and all standard documents to provide printing services to the Kenyan Government promptly and at the most economical costs, to ensure adequate security and supply of all documents needed for the running of ministries, departments, Counties and other entities; such as medicine registers for local clinics e.g. yellow fever certificates, Official Receipts, Land Title Deeds, Green Cards, Certificate of titles, Marriage Certificates, Death Certificates, patient cards for hospitals, travel documents, and standard forms, etc.

Download the latest: Government Press Catalogue"
35,Catalogue of Standard Government Forms and Books - Dec2021
35,Contact Us
35,"Kirinyaga County rolls out digital livestock registration,vaccination"
35,"The Kirinyaga County Government has stepped up efforts to modernize livestock management through a digital registration exercise using muzzle identification, alongside a mass vaccination campaign against foot and mouth disease (FMD) targeting more than 80,000 cattle.

The initiative, led by the Department of Agriculture, Livestock, Veterinary and Fisheries, aims to establish a reliable and tamper-proof livestock database to enhance animal tracking, planning, and delivery of veterinary services."
35,Non-compliant saccos face licence revocation
35,"The Government has issued a stern warning to thousands of Savings and Credit Cooperative Societies (Saccos) that have failed to comply with basic accountability requirements, threatening to revoke their licences in what marks a bold reform drive in the sector’s history.

Cabinet Secretary for Co-operatives and Micro, Small and Medium Enterprises (MSME) D eve l o p m e n t , Wycliffe Oparanya, said that of the 13,000 registered Saccos in Kenya, only 2,700 consistently file annual returns with the Office of the Commissioner for Co-operatives as required by law."
35,"State, stakeholders push for climate -smart seed varieties to improve food security"
35,"KNA by Joseph Ng’ang’a

The Government, together with stakeholders in the agriculture sector, is pushing for the production and adoption of climate-smart seed varieties which are drought resistant in efforts to adapt to climate change and boost food security."
35,State targets livestock sector reforms to curb diseases and boost markets
35,"Principal Secretary for Livestock, Jonathan Mueke, has said the government is committed to strengthening the livestock sector through enh anced disease surveillance and targeted interventions.

Mueke, who was speaking in Nanyuki during this year’s Mt Kenya Branch Agricultural Society of Kenya Show, noted that livestock disease outbreaks, rangeland degradation, and poor market access remain some of the major challenges affecting livestock production in the country."
35,"Ministry steps up fight against teenage pregnancies, HIV among youth"
35,"The Ministry of Health has reiterated its commitment to addressing the rising cases of teenage pregnancies and HIV infections among young people by strengthening investment in comprehensive sexuality education and reviving community-based prevention programmes that have been weakened by cuts in donor funding.

Speaking in Mombasa during the opening of the 9th RHNK Pan-African Adolescent and Youth SRHR Scientific Conference, the Ministry of Health Head of Family Health Department, Dr Bishar Issak, said healthcare workers will be trained to provide adolescent-friendly services and ensure young people have access to medicines, commodities and essential health tools at nearby health facilities."
35,Overview
35,Call for Public Comments on the Draft Kenya Artificial Intelligence and Other Emerging Technologies Policy
35,"The Ministry of Information, Communications and the Digital Economy, through the State Department for ICT and the Digital Economy, invites members of the public, Government institutions, private-sector organisations, academia, civil society, professional bodies, innovators, development partners and all interested stakeholders to review and submit comments on the Draft Kenya Artificial Intelligence and Other Emerging Technologies Policy.

The Draft Policy provides a national framework for the responsible governance, development, deployment and use of Artificial Intelligence and other emerging technologies in Kenya. It seeks to promote innovation, strengthen digital infrastructure and human capital, support sustainable development, enhance public trust, and safeguard Kenya's economic resilience and strategic autonomy."
35,Alternative submission channels
35,"Korea Donates 10,000 Face-masks to Benefit Kenyan Schools"
35,"The government of Korea has donated 10,000 facemasks to the Kenyan government to aid in combating the Covid-19 pandemic in schools.

Speaking while handing over the donation to the Principal Secretary, State Department for Implementation of Curriculum Reforms, Ministry of Education Prof. Fatuma Chege at Jogoo House today, the Korean Ambassador to Kenya Amb. Yeonghan Choi said that the donations were made in celebration of Korea national day which cannot be celebrated physically due to Covid-19."
35,Examinations Integrity
35,"Examinations Integrity Thursday, March 23rd 2022 University Education and Research Principal Secretary Amb. Simon Nabukwesi has applauded school Heads in Nyeri County for keeping vigilant during the ongoing KCSE examinations and ensuring that there were no cases of examinations malpractice reported in the region.

PS Amb. Simon Nabukwesi oversees opening of examination papers in Nyeri Central Amb. Nabukwesi at the same time asked invigilators to ensure frisking of the candidates was thoroughly done to avoid incidents of students being caught with unauthorized materials in the examination rooms."
35,Background Information
35,"Background Information

The Fourth Schedule of the Constitution of Kenya Articles 185(2), 186(1) and 187(2) distributes functions between the national and county governments. The National Government undertakes; education policy, standards, curriculum, examinations, granting of university charters, universities, tertiary educational institutions, institutions of research, higher learning, primary schools, special education, secondary schools, special education institutions and promotion of sports and sports education. While the County Government in relation to education are: pre-primary education, village polytechnics, home-craft centres, farmers training centres and childcare facilities."
35,About Us
35,PCS Mudavadi Appoints New Foreign Service Academy Board
35,"A Seven-member Council comprising representatives of key institutions, including the Ministry of Foreign and Diaspora Affairs, the National Treasury, the Public Service Commission, the Kenya School of Government, academia, and other critical sectors has been inaugurated to offer strategic policy guidance to the Academy and capacity build diplomats to navigate an increasingly complex and fast-evolving global environment.

The Council inaugurated in October 2024 will contribute to ensuring that Kenya remains at the forefront of diplomatic training and preparedness, reinforcing its leadership in regional and global diplomacy. The Academy continues to document Kenya's diplomatic history, train Foreign Service Cadets and other Public Servants, induct new Ambassadors, High Commissioners, and Consuls-General, and train diplomats and Ambassadors of friendly countries upon request."
35,Review and Launch of Kenya's Foreign Policy 2024
35,"Kenya's Foreign Policy 2024 was officially launched on December 2, 2024, marking a significant shift in the country's international relations. The revised policy, focuses on eight thematic areas, reflecting Kenya's strategic responses to global imperatives at both bilateral and multilateral levels. The policy, which was developed through a ""Whole of Government and Society"" approach, aims to attract investments, boost trade opportunities, and empower marginalized groups. The policy aligns with the Bottom-Up Economic Transformation Agenda (BETA) and emphasizes the pivotal role of small and medium enterprises.

Kenya's reputation as a peace and security leader remains a key focus, with the country actively involved in peace-building efforts and mediating regional conflicts. Climate diplomacy is another priority, with President Ruto spearheading the Africa Climate Summit and advocating for green industrialization and sustainable investment. Kenya's commitment to multilateralism and regional integration is reaffirmed through initiatives like advancing the African Continental Free Trade Area (AfCFTA) and advocating for reforms in global financial systems."
35,Ministry Breaks Ground for the Construction of the Country's First Center-of- Excellence Digital Innovation Hub
35,"The Ministry of Information, Communications and The Digital Economy through the auspices of the Konza Technopolis Development Authority (KOtDA) is setting up Kenya's first-ever Center of Excellence Digital Innovation Hub in Dagorreti South.The Principal Secretary for the State Department of ICT and Digital Economy Eng.John Tanui was the chief guest during the site handover and groundbreaking ceremony that was hosted by Hon. John Kiarie, Member of Parliament for Dagoreti South Constituency at Riruta Public Complex, Dagoreti South Constituency.This initiative is part of a broader national plan to establish 100 Centers of Excellence across Kenya, aimed at positioning the country as a leader in the Business Process Outsourcing (BPO) Sector.""By equipping Kenyans with cutting-edge digital skills, these hubs will create thousands of job opportunities, drive economic growth, and foster a culture of innovation and digital empowerment nationwide, "" Said Eng.John Tanui.In attendance were KoTDA CEO John Paul Okwiri; Hon. Musa Sirma, MP for Eldama Ravine and Chairman of the National Assembly Select Committee on National Government Constituency Development Fund (NG-CDF,) ; area Deputy County Commissioner Jared Raremo among other government officials.

Our Contacts"
35,Close of the ToT Programme for the Payroll Module of Kenya’s Human Resource Information System (HRIS-Ke)
35,"Principal Secretary for Public Service Mr Amos Gathecha, has this afternoon officially closed the Trainers of Trainers Programme for the Payroll Module of Kenya’s Human Resource Information System (HRIS-Ke). This marks a pivotal moment in the digital transformation of payroll management across Ministries, Departments, County Governments, and Agencies (MDCAs) ahead of the end-user training set for later this month.Designed to streamline what has long been a fragmented and error-prone process, the HRIS-Ke Payroll Module is a game-changer. The web-based system assigns each public servant a unique Unified Payroll Number (UPN), ensuring accurate, transparent payroll management while eliminating irregularities and duplicate payments. With the ability to monitor the wage bill in real-time, this platform stands as a bold commitment to financial integrity and accountability.The PS emphasized that the initiative enjoys strong backing of His Excellency the President, whose vision for a technologically-driven, transparent public service is fully aligned with HRIS-Ke’s objectives. By harnessing technology, the public service is poised to achieve unparalleled levels of efficiency, and this system is a testament to that commitment. the trainers are architects of this transformation since their expertise will build the foundation for a seamless transition as they train end-users across the public service. Their contribution will not only streamline payroll management but also consolidate human resource data for better decision-making and strategic planning.The PS in his remarks encouraged the trainers to embrace a spirit of continuous improvement, recognizing that this system, while groundbreaking, will evolve to meet the ever-changing demands of the public service. In this moment, they are not only trainers but also champions of a brighter, more transparent future for the public service."
35,"CS Ruku orders thorough probe into alleged NYS embezzlement stain, seeks reforms and policy review"
35,"Cabinet Secretary for Public Service, Human Capital Development and Special Programmes, Geoffrey Ruku has outlined a raft of measures aimed at addressing systemic procurement irregularities within the National Youth Service (NYS).

The Cabinet Secretary spoke at his Harambee House office following a high-level consultative meeting with officials from the Ministry, Public Procurement Regulatory Authority (PPRA) and NYS. This comes in response to allegations of the embezzlement of KSh 2 billion at the NYS College in Gilgil, as detailed in a report released by the Ethics and Anti-Corruption Commission (EACC) on May 7, 2025."
35,Strategic Plan 2013-2017
35,"The Constitution of Kenya, 2010 defi nes statistics as a shared function between the National Government and County Governments. Accordingly, the Fourth Schedule identifi es national statistics and data on population, the economy and society, as a primary function of National Government. Subsequently, the County Governments are mandated to carry out county planning and development including statistics in their respective counties. This constitutional provision provides Kenya National Bureau of Statistics (KNBS) an extensive opportunity to develop statistics, coordinate, oversee and set standards for offi cial statistics at both national and county levels. As the principal agency of offi cial statistics, KNBS is therefore mandated to collect, compile, analyze, publish and disseminate statistical information. In addition, the Bureau is mandated to coordinate, monitor and supervise the National Statistical System (NSS).

This plan is aligned to the national development agenda as stipulated in the Vision 2030 and medium term plan MTP II 2013-2017. It is also developed cognizant of priorities of the Jubilee Government of economic development as outlined in its manifesto and harmonized with other existing manifestos and plans. The plan is emphatic on the need for adequate statistics for measuring living standards, education, health care, job creation and youth employment, agriculture, rural income, food security, manufacturing and diversified exports among many other indicators that form priorities of the Government development agenda. KNBS is therefore expected to play a critical role in enabling the Government to achieve its medium and long term development plans through provision of statistical information for evidence-based policy decision making, assessment of development investments through measurable results and to guide resource allocation to the devolved units under the current constitutional dispensation."
35,"The first quarter of 2014 experienced a relatively stable macroeconomic environment despite interest rates remaining comparatively high. Inflation rose moderately but was nevertheless contained at an average of 6.78 per cent during the first quarter of 2014 compared to 4.08 per cent in the same quarter of 2013. Over the same period, the Kenya Shilling registered slight fluctuations against the US dollar, the Euro and the Tanzania Shilling and appreciated strongly against the Japanese Yen and the South Africa Rand while it depreciated significantly against the Sterling Pound.

Against this background, Kenya’s Gross Domestic Product (GDP) is estimated to have expanded by 4.1 per cent in the first quarter of 2014 compared to 5.2 per cent during the same quarter of 2013. The growth can be attributed to accelerated expansion in activities of transport and communication, manufacturing, wholesale and retail trade, mining and quarrying and electricity industries. Agriculture and forestry, and fishing recorded slowed growths while activities of the hotels and restaurants contracted during the review period. The deceleration in growth of the hotel industry was largely due to insecurity concerns coupled with negative travel advisories by some key tourist source countries. Another factor that constrained economic growth during the quarter was the erratic weather pattern that resulted in depressed agricultural output. Quantities of exports of cut flowers and vegetables declined, while that of fruits rose significantly. Activities of other key crops, in particular cereals were negatively affected by the erratic rains during the quarter. Download full report…"
35,Africa Public Service Day 2025 Celebrations: A Commitment to Resilient and Citizen-Centric Governance
35,"The Africa Public Service Day (APSD) 2025 celebrations commenced today, June 10, at the Kenyatta International Convention Centre (KICC) and will run through June 12, 2025. These celebrations highlight Kenya’s dedication to an evolving, resilient, and citizen-focused public service that is responsive, inclusive, and future-oriented.Aligned with this year’s theme, “Enhancing the Agility and Resilience of Public Institutions to Achieve Equitable Governance and Rapidly Address Historical Gaps”, APSD 2025 serves as a timely reminder of Kenya’s commitment to a dynamic, accountable, and people-driven public service. It emphasizes not only performance and service delivery but also the moral obligation of public institutions to redress legacies of exclusion and unequal access. Resilience is defined as the ability to withstand and adapt to shocks; agility as the capacity to respond swiftly and effectively to emerging needs; equitable governance as inclusive decision-making and representation; and historical gaps as long-standing disparities in service delivery based on geography, gender, disability, and socioeconomic status.During the official opening ceremony, the Cabinet Secretary for the Ministry of Public Service, Hon. Geoffrey Ruku Kiringa, praised Kenya’s public service as a beacon of resilience and innovation. He emphasized the duty of public servants to honor taxpayers through timely, transparent, and efficient service. Noting that modern challenges demand a shift in both mindset and method, he called on public institutions to embrace digital transformation and emerging technologies—including Artificial Intelligence (AI)—to improve efficiency and accountability. He also announced the upcoming launch of the Public Service Delivery Innovation Policy, which will institutionalize a culture of continuous improvement and adaptive governance.Meanwhile, the Principal Secretary for the State Department for Public Service and Human Capital Development, Dr. Jane Kere Imbunya, hailed public servants as “unsung heroes” and called for a renewed commitment to resilience, agility, and innovation at all levels of the civil service. She emphasized that innovation does not begin with policy alone but with individual creativity and initiative at the frontline of service.The State Department for Foreign Affairs (SDFA) is actively participating in the celebrations through its Reviewed Foreign Policy (2024) and Strategic Plan 2023–2027, which place the citizen at the heart of its mandate. The Department has set up a booth showcasing a range of services to the public, including the authentication of key documents for use abroad—such as marriage and academic certificates, as well as trade-related documents—and the administration of privileges and immunities for diplomatic missions and international organizations operating in Kenya.This direct engagement with citizens demonstrates the vital role of foreign service in both Kenya’s domestic development and international engagement, reaffirming that diplomacy, like all other public functions, must serve the people with integrity, innovation, and humility.The booth not only highlights operational services but also provides citizens with access to information on Kenya’s bilateral and multilateral engagements, including instruments such as Memoranda of Understanding (MoUs) and treaties that benefit both the public and the country. It also serves as a crucial platform for receiving public feedback to refine and improve service delivery.Amb. Michael Kiboino, Secretary for Foreign Service Administration, visited the SDFA booth and expressed pride in the Department’s progress in digital transformation. He encouraged members of the public to continue engaging with ongoing initiatives through accessible platforms.He also reaffirmed the Department’s commitment to modernization, highlighting reforms such as the digitization of document authentication services, the online portal for the administration of diplomatic privileges, and upcoming plans to automate other core functions. These efforts form part of a broader agenda to build a responsive, efficient, and transparent foreign service aligned with global best practices. Amb. Kiboino further acknowledged the essential role of feedback from citizens and diplomatic partners in refining services, underscoring the Department’s openness to participatory governance and continuous learning.As the APSD 2025 celebrations progress, Kenya reaffirms its unwavering commitment to building a future-ready public service that serves with integrity, innovation, and a deep sense of public duty."
35,Sessional Paper No. 1 of 2025 to Anchor Kenya’s Foreign Policy
35,"Dr. Musalia Mudavadi, Prime Cabinet Secretary and Cabinet Secretary for Foreign and Diaspora Affairs has told the Senate Standing Committee on National Security, Defence, and Foreign Relations that Sessional Paper No. 1 of 2025 will anchor Kenya’s foreign policy in law, making it more citizen-centred and transparent. This he argued would be a change away from conventional, opaque international relations to a more transparent, accountable strategy that prioritised Kenyan interests. He stated that the revised policy reflected pragmatism and a long-term vision in the face of global change.

Sessional Paper No. 1 of 2025 on Kenya's Foreign Policy seeks to ensure inclusivity in policy formulation by recognizing the critical role of various actors in shaping and advancing the country's foreign policy; and to broaden the scope of Kenya Foreign Policy 2014 from the five pillars of peace diplomacy, economic diplomacy, environmental diplomacy, diaspora diplomacy, and cultural diplomacy to include areas such as health and technology diplomacy. The Sessional Paper also aims to boost Diaspora and Economic diplomacy, with County governments and Kenyans living abroad playing an important role in advancing the country's foreign policy goals."
35,"Director, Production Statistics"
35,Dr. Jane Weru
35,"Mr. Robert Nderitu is a statistician by profession and holds a Master of Science Degree (Statistics) from Kenyatta University. He has more than twenty (20) years’ experience in the field of Statistics and through appropriate training and experience both locally and internationally, has been undertaking duties related to production and management of Statistics. This includes; preparing concept papers and proposals; providing economic planning, analytical, statistical, demographic and other related services; designing and maintaining business register and sampling frames; designing data collection instruments; designing surveys and censuses; collecting and analyzing statistics on various thematic areas; monitoring living conditions by collecting, compiling and disseminating data on Consumer Price Indices (CPI) as well as income and expenditure levels; and compiling other development Indexes including Human Development Indexes.

He is currently in-charge of Production Statistics Directorate whose mandate involves collection, analysis, generation and dissemination of statistics in the areas of Labour, Prices, Industrial, Agriculture and Livestock, Environment and Nutrition statistics. The National Information Platform for Food and Nutrition (NIPFN) Project which aims at promoting stakeholders dialogue and strengthen national capacity to manage and analyse existing information and data from all sectors that influence food security and nutrition to better inform decision making & improve nutrition and food security is also implemented from the directorate. He also coordinates the monitoring of the Sustainable Development Goals (SDGs) at KNBS."
35,"Mr. Robert King’ori Nderitu, OGW"
35,"Quarterly Gross Domestic Product Report – Second Quarter, 2020"
35,"Economic activity was markedly subdued in the second quarter of 2020 compared to the corresponding quarter in 2019. Real GDP contracted by 5.7 per cent in the review period compared to an expansion of 5.3 per cent in the second quarter of 2019. Although Kenya was somehow spared the severe effects of the COVID-19 pandemic in the first quarter of 2020, the economy was significantly affected by the disease in the second quarter of 2020. During this period, the country instituted measures aimed at containing the spread of the virus, that included restriction of movement in and out of some counties, closure of learning institutions, closure of some businesses especially those dealing in Accommodation and Food services, near cessation of international travel among others. As a result, the performance of most sectors of the economy were to a large extent negatively affected by these measures with output considerably constrained and in some cases came to a complete halt. The poor performance in the quarter was characterized by substantial contractions in Accommodation and Food Services, Education, Taxes on products, and Transportation and Storage, which consequently occasioned the significant downturn.

The overall performance during the review quarter was cushioned from a deeper slump by growths in Agriculture, Forestry and Fishing activities (6.4%); Financial and Insurance activities (4.2%); Construction (3.9%); Health Services (10.3%); Public Administration (5.7%); Real Estate Activities (2.2%) and Mining and Quarrying activities (10.0%)."
35,Government unveils Masalani water project
35,"The National Drought Management Authority (NDMA) has unveiled a 20.3million water project in Masalani Town. The project, implemented by the NDMA from the National Drought Emergency Fund NDEF is set to benefit at least 2,300 households in Masalani.

The initiative aims at ending the acute scarcity of the precious commodity in the area. This includes constructing a 4.4-kilometre pipeline, installing a 120,000-litre elevated steel water tank, and establishing a water kiosk."
35,Government to boost the National Strategic Food Reserve with maize
35,"The Government has announced plans to restock the National Strategic Food Reserve by purchasing food stocks directly from farmers as the country prepares to harvest 70 million bags of maize this year.

Cabinet Secretary for Agriculture and Livestock Development Mutahi Kagwe says that the move would not only guarantee food security for the country, but also provide farmers with a ready and reliable market for their produce."
35,Police watchdog seeks more budgetary allocation by Parliament
35,"The Independent Police Oversight Authority (IPOA) is seeking an increase of the budgetary allocation by Parliament through the Committee on Administration of Justice and National Security to fully implement their mandate.

Speaking during a stakeholders’ forum in Meru County, the Authority’s Board Chairman Issak Hassan said the underfunding at the Constitutional Office was greatly affecting provision of civilian oversight over the police work in the country as their key mandate."
35,"KRA unveils new patrol boat to bolster maritime security, combat illicit trade"
35,"The Kenya Revenue Authority (KRA) has launched a patrol boat for the authority’s marine unit in a bid to safeguard the borders from illicit trade and to enhance maritime security.

The marine unit fleet, KRA 009, is a vital asset in the fight against illicit trade and the boost of maritime border security as it symbolizes not just a physical asset, but a renewed commitment to protecting the borders and securing the economy, said KRA Commissioner General (CG) Humphrey Wattanga."
34,"With COVID-19, Revenue Even More Precious."
34,"Tax is a compulsory financial charge or some other type of levy imposed upon a taxpayer (worker’s income, business profits etc) by governments to fund various public expenditures. Taxes consist of direct or indirect taxes and are paid in money or as its labour equivalent. The first known taxation took place in Ancient Egypt around 3000–2800 BC. From this history, taxation qualifies to be one of the oldest disciplines in the history of humankind. This shows that it has been an inseparable aspect in the life of humankind.

In Kenya, taxation has played a major role in defining the national development leading to a more stable economic development. For effective tax administration, there must be an agency that is exclusively dedicated to that course. In our country, the mandate rests with the Kenya Revenue Authority (KRA)."
34,Leveraging on the Regional Electronic Cargo Tracking System for Fair Trade Facilitation
34,"Regional Electronic Cargo Tracking System or RECTS as it is commonly referred to, is an initiative of the Kenya Revenue Authority in partnership with the revenue administrations of the partner states of Uganda and Rwanda and seeks in the mid-term, to rope in all EAC states and outlying countries in the region. The system enables real time tracking of transit cargo from the port of Mombasa to its final destination through an online digital platform. Kenya Revenue Authority's decision to implement a cargo tracking and security system was a response to the government's interest in improving tax collection, enhancing enforcement of cargo handling regulations and maintaining Kenya as a preferred trade route for cargo in East Africa. These initiatives were critical to support national initiatives aimed at promoting trade within the region. Its precursor, the Electronic Cargo Tracking System (ECTS) which was managed by private sector vendors did not achieve the desired outcome and was therefore faced out.

RECTS comprises satellites, a monitoring centre and special electronic seals fitted on cargo containers and trucks which give precise location of goods at any time. RECTS covers trade routes that extend from the port of Mombasa to the Free Zones within Kenya, and from the port via the country's main transportation trade routes to the neighboring landlocked countries including Uganda and Rwanda. The introduction of RECTS is timely and is in the backdrop of rampant illegal dumping. Dumping occurs when goods consigned to a destination in another customs jurisdiction are unprocedurally offloaded while in transit. Not only does such action result in unfair trade practice, but also in major duty and tax losses."
34,By Jato L.N. Syong'oh
34,KRA Reforms Aimed at Enhanced Trade Facilitation
34,"Whenever one hears or comes across the name Kenya Revenue Authority (KRA), what comes to mind immediately is tax. This is further advanced by the media, which invariably refers to KRA as the ?taxman?. However, KRA is not only a tax collection agency, but also a facilitator of global trade. Trade plays an important role in accelerating economic growth and poverty eradication.

Recently, the public had an opportunity to interact with KRA at its booth set up at KICC, Nairobi, during the Kenya Trade Week. Cabinet Secretaries Henry Rotich (National Treasury) and Adan Mohamed (Industry, Trade and Cooperatives) accompanied by Trade Principal Secretary Dr Chris Kiptoo were among the dignitaries who visited the KRA booth. The government officials commended KRA for a job well done in facilitating trade through the various mechanisms put in place such as automation of processes to enhance efficiency."
34,Sports initiative to boost police–community relations
34,"The Ministry of Interior and Internal Administration, in collaboration with the Security Research and Information Centre (SRIC), has launched a peace and relationship-building initiative in Busia County aimed at strengthening ties between the public and security agencies through sports to enhance information sharing and curb insecurity.

The initiative, unveiled at St. Mary’s Mundika High School, featured a football and volleyball match between police officers and members of the public, creating a platform for interaction and trust-building outside formal settings."
34,"No more debt writeoffs for defaulting societies, says Kagwe"
34,"Agriculture and Livestock Cabinet Secretary Mutahi Kagwe has cautioned farmer co-operative societies against taking loans without clear repayment plans, warning that the government will no longer continue writing off debts that fail to meaningfully benefit farmers.

Kagwe says that the government has put in place stricter accountability measures that will be enforced across all agriculture value chains, with the hope of bringing an end to the era of repeated bails outs by the government."
34,"Kenya Model United Nations Marks 25th Anniversary with Focus on Governance, Technology, and Youth Leadership"
34,"The Kenya Model United Nations (KMUN) launched its 25th anniversary conference at the Kenya School of Government, marking a major milestone in promoting youth diplomacy and leadership. The three-day event brings together students from across the country to participate in simulations of key UN bodies, including the United Nations General Assembly, United Nations Security Council, International Court of Justice, and International Law Commission, providing hands-on experience in global governance and diplomacy.

Simon Muriithi Kimuhu, Secretary-General of KMUN Kenya, described the platform as a nationally recognized, student-led movement that empowers young people to actively engage with and shape the world. With over 30 university chapters, KMUN has grown from dialogue-focused initiatives to impactful engagement on national and global policy issues."
34,PROMOTING FAIR COMPETITION AND CONSUMER PROTECTION THROUGH ACCESSIBLE JUSTICE
34,"WHAT MEMBERS OF THE PUBLIC SHOULD EXPECT FROM THE COMPETITION TRIBUNAL OF KENYA AT THE 2026 ASK SHOWSThe Competition Tribunal of Kenya invites members of the public, businesses, consumers, investors, legal practitioners, and other stakeholders to visit its exhibition stand during the 2026 Agricultural Society of Kenya (ASK) Shows in Kisumu, Mombasa, Nairobi, and Kitale.Visitors will have an opportunity to learn about the Tribunal's mandate as an independent appellate body established under the Competition Act to hear and determine appeals and review applications arising from decisions of the Competition Authority of Kenya (CAK).The public will be sensitized on the Tribunal's role in promoting fair competition, protecting consumers, and ensuring efficient market operations. Information will be provided on how the Tribunal handles appeals and reviews relating to:• Restrictive trade practices;• Restrictive trade practices involving trade associations;• Abuse of dominant market positions;• Exemptions from certain restrictive trade practices;• Abuse of buyer power;• Mergers and acquisitions;• Control of unwarranted concentration of economic power; and• Consumer protection matters, including unconscionable business conduct and product safety standards.Members of the public will also receive guidance on the procedures for filing appeals and review applications before the Tribunal, timelines involved, and the rights and obligations of parties appearing before it.Through interactive engagements, educational materials, and one-on-one consultations, visitors will gain a better understanding of how the Tribunal contributes to a fair, competitive, and consumer-friendly marketplace.The Tribunal remains committed to its vision of becoming the leading appellate tribunal in adjudicating competition and regulatory matters within the region and its mission of delivering timely and specialized adjudication that promotes fair competition and enhanced market operations.The public can also expect to learn about the Tribunal's strategic focus on timely delivery of justice, increased access to competition appeals, strengthened institutional capacity, and continuous improvement of the legal and regulatory framework governing competition matters.The Tribunal's engagement at the ASK Shows will be guided by its core values of Timely Justice, Impartiality, Independence, and Customer Focus, ensuring that all visitors receive accurate information and quality service."
34,Kenya pushes farm mechanization to improve harvests
34,"Kenya is intensifying efforts to modernize agriculture through mechanization and digital innovation, with Agriculture and Livestock Development Cabinet Secretary Mutahi Kagwe urging farmers, financiers, and investors to embrace technology as the key to productivity and food security.

Speaking at the opening of the 12th Agritec Africa Exhibition at the Kenyatta International Convention Centre (KICC) in Nairobi, Kagwe described mechanization as the game changer that will transform farming into a profitable, youth-driven enterprise."
34,PS Isaboke Urges Joint Action to Improve ICT Services as Operators Commit to Better Connectivity
34,"Principal Secretary for Broadcasting and Telecommunications Steve Isaboke has reaffirmed the government's commitment to working with mobile network operators to improve the quality of ICT services, saying reliable connectivity is essential for economic growth and access to public services.Speaking during a stakeholders' meeting convened by the Communications Authority of Kenya (CA), Isaboke said the government and telecommunications companies had held a consultative session to review the quality of service across the country and address emerging challenges as demand for digital services continues to rise.

He noted that discussions focused on network readiness in the era of artificial intelligence and 5G technology, expanding coverage to underserved areas and ensuring robust connectivity ahead of the 2027 Africa Cup of Nations (AFCON), which Kenya will co-host.“We will do everything to ensure that Kenyans receive the services they deserve. Where there are gaps, especially as technology evolves, we will work together to address them,” said Isaboke.The PS said quality communication services are critical for citizens accessing government services, voter registration and future elections, adding that every Kenyan should have reliable network coverage regardless of location. He further said the government would collaborate with the Ministry of Sports and other stakeholders to integrate reliable connectivity into stadiums, airports, hotels and other facilities supporting AFCON.Safaricom Chief Executive Officer Peter Ndegwa said mobile operators remain committed to providing quality services, not only to comply with licensing requirements but also to meet customer expectations.“We discussed the issues the industry is facing, including rapid urbanisation, expansion of high-rise buildings, extending coverage to remote areas and continued investment in fibre, 4G and 5G infrastructure,” said Ndegwa.He added that reliable electricity remains critical for uninterrupted communication services and that operators continue investing in backup power systems while encouraging customers to migrate from 2G to 4G-enabled devices.Ndegwa acknowledged that some localised service challenges persist due to changing urban landscapes and difficult terrain but said operators respond to customer feedback and are working closely with the Communications Authority through initiatives such as the Universal Service Fund to improve connectivity in underserved areas.The meeting brought together Communications Authority Director General David Mugonyi and the chief executives of Safaricom, Airtel Kenya and Telkom Kenya to discuss measures aimed at enhancing consumer experience and strengthening Kenya's digital infrastructure."
34,PS Gathecha opens Validation Workshop on HIV and Syndemic Diseases in Machakos County
34,"Principal Secretary Ministry of Public Service and Human Capital Development Mr Amos Gathecha today opened a validation workshop for the draft Public Service Workplace Policy on HIV, AIDS, and Related Diseases. The workshop which is ongoing at the Machakos University has been organized by the Counselling and Wellness Directorate in the Ministry of Public Service in collaboration with the National Syndemic Disease Control Council, aims to validate and align the draft policy with public service human resource objectives and national standards.

While addressing the stakeholders, PS acknowledged the government’s commitment to health through frameworks such as the Constitution of Kenya and Vision 2030, which recognize health as a fundamental right. With approximately 3.7% of public servants living with HIV, the revised policy seeks to address the impact of HIV/AIDS on workplace productivity, promote access to healthcare without discrimination, and foster a safe and inclusive work environment."
34,PRESIDENT RUTO ARRIVES IN NEW YORK FOR UN SUMMIT
34,"The Head of State , William Ruto arrived in New York aboard a Kenya Airways flight today, to lead Kenya’s delegation at the 80th United Nations General Assembly (UNGA). He was accompanied by First Lady Rachael Ruto.The Presidents itinerary for the week is packed with strategic engagements designed to advance Kenya’s national interests and its leadership role on the global stage. Key thematic focus areas for the delegation include:1. Peace and Security: As a cornerstone of its foreign policy, Kenya will engage in high-level meetings to address regional instability, focusing on sustainability efforts in Sudan, South Sudan, the Democratic Republic of Congo, Somalia, and Haiti.2. Championing Affordable Housing: In his role as a global champion for adequate housing, President Ruto will host a High-level breakfast meeting with over 30 invited Heads of State and Government to marshal diplomatic support for this key agenda.3. Climate Action: The President is scheduled to chair a meeting of the Committee of African Heads of State and Government on Climate Change (CAHOSCC) to solidify Africa’s common position ahead of the COP 30 conference in Brazil later this year. He will also participate in a Special High-Level Event on Climate Action co-chaired by President Lula da Silva of Brazil and UN Secretary-General António Guterres.4. Reforming Global Finance: Following the recent International Conference on Financing for Development in Spain, Kenya will participate in crucial meetings to ensure developing countries can better access development finance and reform the international financial architecture.5. Campaign for the ICJ: President Ruto and Principal Cabinet Secretary Musalia Mudavadi will campaign to secure support for the candidature of Prof. Phoebe Okowa for a seat at the International Court of Justice (ICJ), a bid already endorsed by the African Union.The President’s schedule also includes a meeting with UN Secretary-General António Guterres to reaffirm Kenya’s role as a key partner on peace, climate action, and hosting of major UN offices in Nairobi."
34,Secretary ICT Infrastructure
34,"Mr. Okoth, Washington Oduor is the Secretary ICT Infrastructure at the State Department of ICT and Digital Economy in the Ministry of Information, Communications and The Digital Economy. In this capacity, he oversees critical infrastructure projects and plays a pivotal role in shaping ICT policies and strategies to advance Kenya’s digital agenda in areas like ICT connectivity, Data Centre and Cloud services. Partnerships and Liaison services. His leadership is instrumental in fostering innovation, improving connectivity, and leveraging technology for socio-economic development.

Before joining the Ministry in March 2024, he held significant positions including General Manager – Corporate Services at Kenya National Entrepreneur Savings Trust (KNEST), Director ICT at the National Health Insurance Fund (NHIF) for over 6 years, Head of ICT at the East Africa Community – Lake Victoria Basin Commission (EAC – LVBC) for over 3 years, Director ICT at the County Government of Kisumu, Manager ICT and Head of Networks & Infrastructure at Kenya Bureau of Standards (KEBS) which he served for over 18 years. His tenure in these roles has been marked by successes attributed to his strategic leadership in enhancing ICT capabilities, implementing robust systems, and driving digital transformation initiatives."
34,"Secretary ICT, ICT Security Directorate"
34,"Emmanuel Kata Kimeu is a holder of Master of Computer Applications (MCA) degree from Shivaji University India. He also holds a Bachelor of Arts (BA) degree in Economics, Sociology and Community Development from Agra University, India. He is a Certified Information Systems Auditor (CISA) and has attended several short-term courses on Information Technology (IT) and finance.

He started his career at Professional Technologies Ltd (ProTec) – a Cyber 1 Company in 1999 as an IT support engineer and rose through the ranks to become the technical director and finally the managing director. He left in 2012 after a 13 year stint at the company which specializes in providing Information Communication and related Technology (ICT) security solutions and services. After leaving ProTec he joined McAfee Inc. the same year as the Territory Sales/Channel Account Manager (East Africa) where he worked till the end of year 2014. McAfee is the leading ICT security solutions provider in the world. He joined ADS-SAS (Now Mindware FZ LLC) a leading ICT solutions distributor in Middle East and Africa in the beginning of 2015 as the Regional Head Sales – Rest of Africa (ROA) – English Speaking where he worked till January 2018. He joined his previous employer ProTec as the Technical Services Director from August to November 2018 after which he joined Machakos County Government as the Chief Officer – ICT until October 2022. He is now a Secretary, ICT – Security and Audit Control at the State Department of ICT and Digital Economy in Ministry of Information, Communications and The Digital Economy from 01st March 2024."
34,Economic Survey 2018 Launched
34,Nairobi County Disaster Risk Reduction Officers Build Skills in early Action planning
34,"Nairobi, 25th June 2026

Nairobi City County Disaster Risk Reduction Officers participated in a two-day Training of Trainers (ToT) on Forecast Based Early Action Planning under the Developing Risk Awareness through Joint Action (DARAJA) Programme aimed at outlining a structured approach to risk management by integrating locally relevant early warning systems, engaging communities in disaster preparedness activities, improving coordination between various actors, and leveraging technology to ensure timely information dissemination."
34,Kirinyaga launches AIpowered digital X-Ray to boost TB diagnosis
34,"The Kirinyaga County Government has unveiled an AI-powered digital X-ray system aimed at improving early diagnosis and treatment of tuberculosis (TB).

The unveiling of the new equipment during the county’s World TB Day 2025 celebrations marks a significant milestone in the fight against TB, a disease that remains a serious public health concern."
34,Germany finances cutting-edge counter-IED complex
34,"The Cabinet Secretary for Defence Soipan Tuya has unveiled the ultra-modern Counter Improvised Explosives Devices (Counter-IED) complex at the Humanitarian Peace Support School (HPSS) in Kahawa Garisson, Nairobi County.HPSS is an institute of the International Peace Support Training Centre (IPSTC) which is a centre of excellence in Peace Support Operations (PSO) training, education and research. It is headed by Brigadier Joyce Sitienei of the Kenya Defence Forces (KDF).The construction of the expansive complex consisting of lecture halls, a 200-people capacity auditorium, library, in-patient health centre and an IED museum occupying twelve office blocks was financed by the German Government.Speaking at the inauguration, also attended by Germany's Parliamentary State Secretary for Defence Thomas Hitschler, CS Tuya said the facility would enhance Kenya's defence and peace building capabilities.""By supporting the construction of this complex, Germany has demonstrated its commitment to supporting Kenya's determined pursuit for regional and global peace and stability by enhancing our country's defence and peace building capabilities,"" the CS said.She noted that IEDs had become a weapon of choice for terrorist groups and expressed optimism that the new facility would help Kenya to fully address the persistent security challenge.""The increasing deployment of Improvised Explosive Devices (IEDs) as a weapon of choice by terrorists is a major concern. We believe the new counter-IED complex will help us to address this challenge,"" CS Tuya said.Most importantly, the Cabinet Secretary said the new facility would cement IPSTC's positioning as the United Nations centre of excellence in the training of personnel for peace keeping missions worldwide.At the same time, CS Tuya thanked the German government for financing the construction of the facility saying the kind gesture cements the longstanding Kenya-Germany bilateral ties that date back to 1963.

""From the onset, let me express the Government of Kenya’s gratitude to the Republic of Germany for funding the construction of this critical facility."
34,Government remains committed to Taifa Care System
34,"The Government has made great strides in health care, with even a greater resolve to achieve Universal Health Coverage (UHC) for all Kenyans and address global health threats.

Speaking during a press conference at the Ministry of Health Headquarters in Nairobi, Public Health and Professional Standards PS Mary Muriuki documented the progress made so far, following the recent implementation of the country’s Social Health Authority (SHA) program, while emphasizing the importance of digitization and community participation."
34,Mining Department and NCTC partner in training on commercial explosives
34,"The State Department for Mining is partnering with the National Counter-Terrorism Centre (NCTC) to capacity-building stakeholders on safe and responsible use of commercial explosives in Kenya to enhance national security.

Key actors within the mining landscape including artisanal miners, quarry owners, licensed blasters, transporters and officials within the security sector will undergo intensive and comprehensive training on safety standards and the implications of accessing, handling and utilizing explosives during mining."
34,First Quarter 2015 : Quarterly Gross Domestic Product and Balance of Payments
33,"KRA intercepts Maijuana worth Kshs 680,000 at Suam Border"
33,"The Kenya Revenue Authority (KRA) has intercepted 17 kilograms of marijuana with a street value of ksh680,000 at the Suam Border.Security agents arrested the suspect who was ferrying the substance on a motorcycle and he will be arraigned in court once investigations are complete. Preliminary investigations revealed that the substance which is believed to have been sourced from the neighboring country, Uganda, was destined for Nakuru through a brief stopover at Kitale.The suspect had been intercepted by a Customs officer on routine patrol at the border.The suspect sped off when the officer inquired about the package he was ferrying on his motorcycle.After giving a chase for a distance of over three kilometers, the officer caught up with the suspect and handed him over to the police.Investigations are still going on in pursuit of more suspects behind the sale and distribution of the prohibited substance.KRA remains committed not only in securing the country?s borders but also in stamping out entry and sale of prohibited substances.KRA has in the recent past recruited more K9 handlers and procured additional K9s to boost the fight against drugs, explosives and small arms smuggling.KRA is part of the multiagency team working on securing Kenya points of entry.

Commissioner-Customs &Border Control"
33,KRA recognizes Ministry of Interior for being tax compliant
33,"Kenya Revenue Authority (KRA) Commissioner General Mr Githii Mburu has today handed over a taxpayer’s award to the Ministry of Interior & Coordination of National Government that was received by Cabinet Secretary, Dr Fred Matiangi.

The award was in recognition of the Ministry as a top Public Sector Agency in 2020, having demonstrated the highest levels of tax compliance through consistent filing of PAYE and also paying taxes both on time, and in advance before due date."
33,"Deputy Commissioner, Marketing & Communication"
33,Renewal & Application for 2022 Reserved Parking & Loading Zones
33,"Kenya Revenue Authority (KRA) in conjunction with the Nairobi Metropolitan Services and Nairobi City County Government hereby notifies all persons and businesses who have been allocated reserved parking and or loading zones within Nairobi City County that the same shall expire on 31st December 2021.

Customers intending to renew or apply for reserved parking or loading zones for the year 2022 are advised to register and submit their applications using the following link https://nairobiservices.go.ke or download the Nairobi e-Services mobile app on Google Play store."
33,Compliance by Non-Resident Digital Service Providers
33,"Kenya Revenue Authority (KRA) wishes to remind all non-resident providers and suppliers of digital services of their obligations with respect to VAT on Electronic, Internet and Digital Marketplace Supply and Digital Service Tax as provided under the VAT Act, 2013 and the Income Tax Act, respectively.

Any non-resident providers and suppliers of digital services who have not complied with the aforementioned laws are required to do so within 30 days from the date of this notice, by registering through KRA’s iTax system, failure to which the Commissioner will commence enforcement measures against them as provided in law, including seeking the intervention of other relevant government authorities and appointing tax agents for purposes of collection and remittance of the tax to the Commissioner."
33,East African Revenue Authorities Seek a United Front on Taxing Digital Economy
33,"Tax Authorities in the East African Community (EAC) are seeking a united front on how tax the digital economy. The initiative is part of the directives adopted at the 48th East African Revenue Authorities Commissioners General (EARACG’s) meeting held virtually on 11th November, 2020. The regional heads of Revenue Administrations from Burundi, Kenya, Rwanda, South Sudan, Tanzania and Uganda deliberated on some strategies to enhance revenue performance and trade facilitation in the EAC.

It is worth noting that all the East African Revenue Authorities (EARA) reported declining revenue performance from d March to September 2020 due to the COVID-19 pandemic with the greatest decline being registered in month of May 2020. Between July to September 2020, the revenue growth in the region ranged from -44.9% to 2.1%. This was unprecedented bearing in mind that the revenue in the region has on average been growing at double digits."
33,Union Calls Off Strike as Government and Public Sector Unions Sign MoU Over new Health Insurance Concerns
33,"In a decisive response to concerns raised over the Social Health Insurance, (transition from NHIF to SHA), Cabinet Secretaries Hon. J.B. Muturi (Public Service and Human Capital Development), Dr. Alfred Mutua (Labour), and Dr. Deborah Barasa (Health) signed a Memorandum of Understanding with public sector unions today. The agreement followed an industrial action notice issued on October 8, 2024, regarding the absence of enhanced benefits in the health insurance schemes.

Labour Cabinet Secretary Dr. Alfred Mutua urged unions to avoid strikes as a first response to disputes. He encouraged unions to declare disputes and pursue amicable resolutions before resorting to industrial action. Mutua emphasized his role as an intermediary between employers and employees, assuring unions that their concerns would be heard and addressed."
33,TENDER NOTICE
33,"The Kenya National Bureau of Statistics (KNBS) is a Semi-Autonomous Government Agency established under the Statistics Act, 2006 to collect, compile, analyze, and disseminate socio-economic statistics needed for planning and policy formulation in Kenya. KNBS invites sealed tenders from eligible candidates for the under listed tenders.

Eligible Tenderers may obtain further information and download the Tender Document free of charge from the Integrated Financial Management Information System (IFMIS) supplier portal (https://supplier.treasury.go.ke) and /or Kenya National Bureau of Statistics (KNBS) website; www.knbs.or.ke under “Tenders” portal. Hard copies of the same can be purchased at the KNBS – upon payment of a non-refundable fee of Kshs.1,000.00. Payment should be made to the Cashier at the Accounts Department at Kenya National Bureau of Statistics. Those who download the document must immediately forward their particulars (i.e. Name & Contacts of Applicant) on email to procurement@knbs.or.ke for purposes of registration and sending any other clarifications and/or addendums."
33,Government raises alarm over spike in violence against women and children
33,"The Government has raised concern over the rising cases of gender-based violence (GBV), femicide, and child abuse in the country, warning that the trend has reached crisis levels and requires urgent, coordinated intervention.

Cabinet Secretary for Gender, Culture and Children’s Services, Hannah Cheptumo, said recent incidents of violence against women and children underscore the urgent need to strengthen protection systems and foster collective action across all sectors of society."
33,Kirinyaga courts investors for Sagana Industrial Park
33,"The County Government of Kirinyaga has begun the process of onboarding investors who have expressed interest in establishing industries at the Sagana Industrial Park.

Representatives from 13 companies seeking to set up factories, accompanied by officials from the Export Processing Zones Authority (EPZA), visited the facility to assess progress as the county moves to operationalise the park."
33,Objectives
33,"he overall objective of Internal Audit is to provide assurance to management of the entity regarding the management of key risks and to provide independent and objective advice and counsel to management to assist them in discharging their duties and responsibilities. In line with the mission statement of the department, the general objectives of the Office of the Internal Auditor-General are:"
33,Contact
33,Youth in Institutions Higher Learning urged to observe peace and cohesion during the electioneering period
33,"Youth in Institutions Higher Learning urged to observe peace and cohesion during the electioneering period

Principal Secretary State Department University Education and Research Amb.Simon Nabukwesi has called on the youth and stakeholders in institutions of higher learning to chat out ways of fostering peace and cohesion during the electioneering period. In a speech read on his behalf by the Director University Education Mr. Dairus Ogutu Mogaka today, the PS said that peace is the most fundamental element in our institutions because it enhances smooth learning and appealed to everyone to preach peace and cohesion, especially among our youth. “In the recent past, we have witnessed lack of peace and cohesion during electioneering period."
33,Partnership that enhance Kenya Education System in line with Global Standards Remains Priority
33,"On Monday, the Principal Secretary for the State Department of Higher Education, Dr. Beatrice Muganda Inyangala, received a courtesy call from Dr. Betty Ogange, Education Specialist in Teacher Education at the Commonwealth of Learning (COL), Vancouver, Canada.

During the meeting, they discussed the National Qualifications Framework for Micro-Credentials, which aims to expand access to skills recognition respond to evolving labor market demands, and offer learners flexible, modular, and industry-relevant learning pathways. Also present were senior officers from the State Department and Dr. Alice Kandie, CEO of the Kenya National Qualifications Authority (KNQA)."
33,National Talent Programme
33,National Online Employment Training Programme
33,"The goal of this programme is to create a culture of creativity, innovation, curiosity and productive entrepreneurship among out of school youth in Kenya. The aspirations of this programme is to apply Science, Technology and Innovation to enable the youth become innovators and job creators. Under this programme, the youth are provided with opportunities and services to help them acquire scientific, technological and innovative skills using their existing knowledge and experiences. In FY 2019/2020, the State Department for Post Training and Skills Development undertook a pilot programme, in collaboration with the Centre for Mathematics, Science and Technology Education in Africa (CEMASTEA), to create Small and Medium-Sized Enterprises (SMEs) through the application of science, technology and innovation. Under this Pilot, 80 youth from 8 Counties were trained."
33,National Industry Traineeship Programme
33,Budget Policy Statement
33,"As per the PFMA Section 25 (1 to 4) and the attendant regulation, the department plays a key role in preparation and submission of the Budget Policy Statement to Parliament by the 15th February in each year. The BPS sets out the broad strategic priorities and policy goals that will guide the national government and county governments in preparing their budgets both for the following financial year and over the medium term. The BPS includes (a) an assessment of the current state of the economy and the financial outlook over the medium term, including macro-economic forecasts; (b) the financial outlook with respect to Government revenues, expenditures and borrowing for the next financial year and over the medium term;(c) the proposed expenditure limits for the national government, including those of Parliament and the Judiciary and indicative transfers to county governments; (d) the fiscal responsibility principles and financial objectives over the medium term including limits on total annual debt; (e) fiscal risk statement.

Get more information on specific Budget Policy Statements below."
33,2026 Budget Policy Statement
33,General Tax Compliance : What you Need to Know
33,"Overview

Overview Tax compliance is the fulfilment of tax obligations by businesses and individuals. The four main categories of taxpayer obligations prescribed in tax laws are: Registration in the tax system Timely filing of declarations Payment of tax liabilities on time Complete and accurate reporting of information in tax declarations The Kenya Revenue Authority (KRA) has introduced several initiatives to reduce taxpayer compliance costs, such as pre-filled tax declarations and easy access to tax systems and information through the KRA website. Core taxes administered by KRA include: VAT Customs Duty Excise Duty Income Tax PAYE Tax Compliance Obligations Tax compliance encompasses four key obligations that every eligible taxpayer must adhere to: Tax registration: This is the process through which taxpayers (individuals, businesses, or entities) formally register themselves with KRA, providing necessary details. Tax filing: This involves submitting required tax returns to KRA, detailing income, expenses, and other relevant financial information. Tax payment: This involves remitting the correct amount of taxes based on filed returns on a periodic basis, depending on the type of tax. Tax accounting: This involves maintaining accurate records of all transactions, including invoices, receipts, and bank statements."
33,"Tax compliance is the fulfilment of tax obligations by businesses and individuals. The four main categories of taxpayer obligations prescribed in tax laws are:

The Kenya Revenue Authority (KRA) has introduced several initiatives to reduce taxpayer compliance costs, such as pre-filled tax declarations and easy access to tax systems and information through the KRA website."
33,Tax Compliance Obligations
33,"CS Hon. William Kabogo launches the Eldoret Regional Office of the Office of the Data Protection Commissioner, during the Annual Data Privacy Conference, commemorating Data Privacy Day 2025"
33,"The Government is fully committed to safeguarding citizens’ privacy, advancing digital infrastructure, and promoting innovation.Speaking as the Chief Guest during the Annual Data Privacy Conference, commemorating Data Privacy Day 2025, Cabinet Secretary, Information, Communications and the Digital Economy, Hon. William Kabogo Gitau reiterated that protecting personal data is not merely a regulatory requirement but a catalyst for digital transformation and economic growth.He noted that this year’s theme, “Safeguarding Personal Data to Spur Digital Transformation & Economic Development”, underscores the need for a comprehensive approach to data protection across organizations, communities, and society.In attendance were Uasin Gishu County HE Hon Dr. Jonathan Bii Chelilim, German Embassy Deputy Ambassador Alexander Fierly, ODPC Data Commissioner Immaculate Kassait, Senior Government officials and partners.Earlier today, the CS launched the Eldoret Regional Office of the Office of the Data Protection Commissioner and paid a courtesy call to Governor Hon. Dr. Bii.

Our Contacts"
33,Foreign Investment Survey 2016 Report
33,FLLoCA Disclosures
33,"Financing Locally-Led Climate Action (FLLoCA) is a five-year initiative by the Government of Kenya, supported in collaboration with the World Bank and other donors, implemented by the National Treasury through the Program Implementation Unit (NTPIU) and the County Governments through the County Climate Change Units (CCCUs).The aim of the program is delivering locally-led climate resilience actions and strengthening county and national governments' capacity to manage climate risk.

The National Treasury upholds the provisions in the Constitution of Kenya guaranteeing that every citizen has the right of access to information held by the State or its agents either in the civil or public service; and information held by another person required for the exercise or protection of any right or fundamental freedom."
33,Government lowers fees in public universities
33,"The Ministry of Education has reduced the fees payable by students across all academic programmes in public universities. Education Cabinet Secretary Julius Ogamba made the announcement during the 29th graduation ceremony of Moi Teachers Training College in Baringo.

He said the decision followed extensive consultations involving the ministry, the public, students, and stakeholders in higher education."
33,"Gov’t scales up drought relief, development projects in Baringo"
33,"The Ministry of Public Service, Human Capital Development and Special Programmes has intensified drought relief and development initiatives in Baringo County as part of broader efforts to cushion vulnerable families and enhance resilience in arid and semi-arid regions.

During a visit to Kolowa and Chemolingot in Tiaty Constituency, Cabinet Secretary for Public Service, Geoffrey Ruku, led a government delegation in distributing food and non-food items to households affected by prolonged drought."
33,"Youth, Uwezo Funds to support travel bills for migrant workers"
33,"The Government plans to utilize the Youth and Uwezo Funds to facilitate travel expenses for youth who have secured job opportunities abroad.

Cabinet Secretary for Labour and Social Protection, Alfred Mutua said the move aims to address the financial barriers faced by Kenyan youth seeking employment abroad by providing financial assistance to offset pre-travel expenses such as airfare, visa, training, and agent fees."
33,"10,000 farmers set to reap benefits of revived Nguruman irrigation"
33,"At least 10,000 farmers in Kajiado West Sub-County are set to boost their agricultural productivity following the rehabilitation of the Nguruman irrigation scheme.

The project, aimed at strengthening climate resilience and enhancing food security, began in 2024 after devastating floods destroyed canals and water intake systems, forcing many farmers to abandon the scheme."
33,Agencies push for inclusion of vulnerable infants in social protection fund
33,"The State Department for Social Protection and Senior Citizen Affairs, in partnership with Save the Children Kenya and Madagascar Country Office, has launched the Fiscal Space Analysis Report on the Universal Child Benefit (UCB) Programme.

The Fiscal Space Analysis Report looked into budgeting, accounting, managerial-financial reporting and related activities such as internal auditing and management analysis on the pilot UCB Programme which was launched in December, 2021 to December 2022."
33,Government Calls for Partnerships and Innovation to Achieve Universal Water Access by 2063
33,"Nairobi, June 22, 2026 – The Government has reaffirmed its commitment to strengthening public institutions, fostering partnerships, and embracing innovation to achieve universal access to safe water and sanitation across Africa by 2063.

Speaking during the Africa Public Service Day (APSD) 2026 celebrations, the Cabinet Secretary said achieving reliable, affordable, climate-resilient, and inclusive water services requires stronger collaboration among governments, development partners, the private sector, civil society, and local communities. He also called for increased investment in water security, environmental conservation, sustainable infrastructure, and regional cooperation."
33,Economic Survey 2015
33,Dedicated police unit to assist in administrative security operations
33,"Interior and National Administration Cabinet Secretary (CS) Kipchumba Murkomen has launched the National Government Administration Police Unit (NGAPU) to support government agencies in the execution of administrative functions.

The establishment of the unit was informed by the Maraga Taskforce Report, which recommended the creation of structures to ensure that the National Police Service supports the National Government Administration in performing its security functions through the deployment of general duty officers with clear command and reporting structures."
33,"NTSA rolls out 1,000 smart cameras across major roads"
33,"The National Transport and Safety Authority (NTSA) is shifting Kenya’s road safety enforcement into the digital age with the rollout of 1,000 smart cameras designed to detect and fine traffic offenders instantly.

The NTSA, in partnership with the National Police Service and under the directive of the Ministry of Transport, has launched the initiative to curb rising road fatalities and eliminate the “human element” that often leads to bribery and delays in justice."
32,Kenya Receives ‘Largely Compliant’ Rating On The Tax Transparency And Exchange Of Information (EOI) Standard
32,"Kenya has been rated ‘Largely Compliant (LC)’ on implementation of the international standard for transparency and exchange of information on request (EOIR) for tax purposes. This significant milestone for Kenya was announced during the 46th Peer Review Group (PRG) meeting at the OECD Conference Centre in Paris, France. The EOIR Peer Review report and LC rating for Kenya was subsequently approved and adopted by the Global Forum Plenary consisting of 171 member jurisdictions. This rating underscores Kenya's favorable legal and administrative framework in tax transparency.

Mr. Humphrey Wattanga, Commissioner General, Kenya Revenue Authority (KRA), led the Kenyan delegation consisting of representatives from KRA, the Financial Reporting Centre and the Central Bank of Kenya during the PRG meeting. The representatives were part of the Kenya EOIR Peer Review Committee which consisted of technical representatives from the National Treasury, Business Registration Service, Central Bank, Financial Reporting Centre, Attorney General’s Office, Ministry of Lands, Law Society of Kenya, Institute of Certified Public Accountants of Kenya, Capital Markets Authority, Kenya Bankers Association and KRA."
32,Commissioner of Domestic Taxes
32,2. Residents' Personal Relief
32,"Disclaimer: Taxpayers are notified that KRA will not accept responsibility for payments not received, credited and validated in the relevant Kenya Revenue Authority accounts Contact Centre: +254 (020) 4 999 999, +254 (0711) 099 999, Email: callcentre@kra.go.ke Complaints & Information Center: +254 (0) 20 281 7700 (Hotline), Email: cic@kra.go.ke

PUBLIC NOTICES 09/01/2018"
32,Implementation of the Unified Payroll Return (PAYE/NSSF)
32,"The Kenya Revenue Authority (KRA) and the National Social Security Fund (NSSF) informs the public that a unified payroll return has been developed for joint declaration and payment of Pay As You Earn (PAYE) and NSSF deductions. This is one of the initiatives under the Government of Kenya Ease of Doing Business agenda.

The PAYE/NSSF unified payroll return is ready for implementation and will be piloted on select employers prior to full roll out. There is progress to further incorporate joint declaration of National Hospital Insurance Fund (NHIF) and payment of the National Industrial Training Authority (NITA) levy through the KRA iTax system. These collaborations are aimed at reducing employers’ compliance efforts and costs."
32,Commissioner for Domestic Taxes - KRA Managing Trustee
32,Public Forums on the Finance Act 2018
32,"Disclaimer: Taxpayers are notified that KRA will not accept responsibility for payments not received, credited and validated in the relevant Kenya Revenue Authority accounts Contact Centre: +254 (020) 4 999 999, +254 (0711) 099 999, Email: callcentre@kra.go.ke; Complaints & Information Centre: +254 (0) 20 281 7700 (Hotline), Email: cic@kra.go.ke

PUBLIC NOTICES 24/09/2018"
32,Deemed Interest Rate
32,"Disclaimer: Taxpayers are notified that KRA will not accept responsibility for payments not received, credited and validated in the relevant Kenya Revenue Authority accounts Contact Centre: +254 (020) 4 999 999, +254 (0711) 099 999, Email: callcentre@kra.go.ke Complaints & Information Center: +254 (0) 20 281 7700 (Hotline),Email: cic@kra.go.ke

PUBLIC NOTICES 15/10/2018"
32,Appointment of KRA as the Nairobi City County Government Principal Tax Agent
32,"Pursuant to the Gazette Notice No.1609 of 25.2.2020 of 2020, and Gazette Notice 1967 of 6th March, 2020, appointing Kenya Revenue Authority (KRA) as the principal agent for overall collection of all County revenue, the public is hereby informed that KRA will take over the collection of the revenue with effect from 16th March, 2020.

For clarification please call the Contact Centre on Tel.No: 020 4 999 999; 0711 099 999 or Email: callcentre@kra.go.ke."
32,Tax Procedures Act (Common Reporting Standards) Regulations 2021
32,"The National Treasury and Planning and Kenya Revenue Authority would like to inform Financial Institutions and members of the public that the Cabinet Secretary for the National Treasury and Planning has drafted The Tax Procedures Act (Common Reporting Standards) Regulations, 2021 for carrying out of the provisions of Section 6A and B of the Tax Procedures Act, 2015 (As amended in the Finance Act 2021).

In compliance with the Statutory Instruments Act, The National Treasury and Planning and Kenya Revenue Authority hereby invite interested members of the public and stakeholders to submit their views on the draft Common Reporting Standards Regulations. The submissions should be addressed to the Commissioner General, Kenya Revenue Authority, P.O Box 48240- 00100, Nairobi or emailed to stakeholder.engagement@kra.go.ke to be received on or before Tuesday, 4th January, 2022."
32,Commissioner for Intelligence & Strategic Operations
32,"PUBLIC NOTICES 14/12/2021

Address"
32,Government committed to collaborating in facilitating AEOs
32,"Kenya Revenue Authority in collaboration with Kenya Railways Corporation, Kenya Ports Authority, and Kenya Bureau of Standards in the month of February held a high-level inter-agency meeting to deliberate on how best Government Agencies can collaborate to support the Authorized Economic Operators(AEOs) to facilitate faster cargo clearance at the Inland Container Depot, Embakasi.

The Authorized Economic Operator (AEO) Programme is a World Customs Organization (WCO) tool to secure and facilitate legitimate trade. The programme allows Customs Administrations to enter into strategic agreements with operators who meet certain supply chain security standards and best practices, including compliance to Customs laws and regulations. In return, Customs offer the companies tangible trade facilitation benefits."
32,"CSOs, faith-based groups trained to promote peace ahead of 2027 elections"
32,Coastal counties launch Sh156bn Blue Economy plan to create jobs
32,News Update
32,New facility to double certified rice seed supply
32,BUILDING A MODERN AND EFFICIENT PUBLIC SERVICE FOR NATIONAL PROSPERITY
32,"CS Muturi, joined by PS Gatheca, chaired a high-level meeting with senior ministry officials today, to strategize on the implementation of the Public Service Human Resource Management and Development Bill, 2024, which was approved by Cabinet last Tuesday. The Bill sets a foundation for uniform norms and standards in human resource management across national and county governments, ensuring a more professional, transparent, and efficient public service.

The CS emphasized that the Bill introduces structured career progression, a centralized Human Resource Information System, and the Public Finance Management (Training Revolving Fund) Regulations, 2024, to provide affordable training opportunities for public servants. CS Muturi reiterated the government's commitment to fostering ethics, integrity, and performance management, ensuring that public officers remain accountable while improving service delivery for all Kenyans."
32,Financial procedure manual to strengthen healthcare spending in counties
32,"The Council of Governors has launched a financial procedure manual for county health spending units to enhance fiscal prudence and accountability within the health sector.

Speaking in Nairobi during the launch, Principal Secretary (PS) Public Health and Professional Standards, Ms. Mary Muthoni, said Kenyans have a fundamental right to attain the highest standard of health, including access to reproductive healthcare services and emergency medical treatment."
32,"IEBC clarifies voter registration rules, urges Kenyans to beat deadline"
32,"The Independent Electoral and Boundaries Commission (IEBC) has clarified that Kenyans can register as voters in any part of the country, regardless of their physical location, as it intensifies efforts to boost turnout ahead of the April 28 deadline for the first phase of mass voter registration.

Speaking during a voter education forum in Kiambu Town, Senior Elections Officer Beatrice Saki Muli said prospective voters are not restricted to registering in the areas where they present themselves."
32,State rolls out feed subsidy to cushion farmers from drought
32,"Over the past three months, the Government has rolled out livestock feed subsidy programmes aimed at shielding farmers from soaring costs and the effects of prolonged drought.

Through the Food Systems Resilience Program (FSRP), authorities are supplying subsidized fodder, supporting feed production, and promoting climate-resilient farming practices in drought-affected regions."
32,KNBS Holds Microdata Workshop
32,Authority now urged to adopt AI for improved beneficiary identification and fund management
32,"JOSEPH NG’ANG’A-KNA

National Treasury Cabinet Secretary (CS) John Mbadi has called on the Unclaimed Financial Assets Authority (UFAA) to leverage technology to boost compliance in fund management and reunification of assets with beneficiaries."
32,Tea Board of Kenya Directed to Audit KTDA Farmers Call for Separation of Factories
32,"KNA by Dominic Cheres and Kibe Mburu

The Principal Secretary, State Department of Agriculture Dr Paul Rono has directed the Tea Board of Kenya (TBK) to carry out auditing of all Kenya Tea Development Agency (KTDA) financial commitments, operations and all its assets."
32,AfDB supports National Treasury’s push for additional funding to complete Thwake Dam
32,"The African Development Bank (AfDB) the National Treasury’s move to seek additional funds for the completion of the Thwake Multipurpose Dam whose first phase is 94 per cent complete.

Speaking during an implementation support mission exit meeting, Thwake Multipurpose Water Development Program Task Manager at AfDB Nancy Ogal further urged the Ministry of Water, Sanitation and Irrigation top officials to urgently hold a high-level strategy meeting with the contractor- the China Gezhouba Group Corporation, and the supervising consultant, to fast-track all pending issues which are affecting the completion of the Vision 2030 project."
32,National Young Innovators Entrepreneurship Programme
32,National Apprenticeship Programme
32,"The goal of this programme is to empower young talented people with the skills required to develop and transform their inventions and innovations into entrepreneurial products and thereafter linked to partners in the industry ecosystem. The programme is based on the STEP (Students Training on Entrepreneurial Program) model which is a research–based and hands–on training program. The STEP model was developed by the Leuphana University of Leunerburg, Germany, in collaboration with Makerere University School of Business in 2006, and has so far adopted in Kenya. It is an initiative that aims at promoting entrepreneurial/business knowledge, attitude and skills to students and academic staff as an effort towards job creation and poverty eradication. The STEP model comprises of a twelve modular training that has a practical component on developing real enterprises.

The modules include: Opportunity identification, development plan, product description, customer analysis, competitor analysis, industry analysis, company description, business strategy, operations plans, finding starting capital, investment plan, starting capital plan, management of cash, financial plan, book keeping, marketing plan, critical risks and risk management and business plan writing. In addition, ICT will be included in the program. In FY2021/22, the Department trained 400 youth under this programme."
32,National Volunteer Programme
32,Tana River cooperatives get solar milk coolers to boost dairy production
32,"The Principal Secretary of the State Department for Cabinet Affairs, Dr. Idris Dokota, has commissioned two solar-powered milk coolers, each with a capacity of 1,000 litres, for Tana River cooperative societies to boost dairy farming.

Dr. Dokota said the solar-powered milk cooling systems target small-scale producers and seek to combat post-harvest losses and off-grid power challenges."
32,"President Ruto during a side event on social participation in health equity and resilient societies, co-hosted by Slovenia and the WHO at the 80th UNGA in New York"
32,"Sustainable financing for health systems remains a challenge, worsened by the withdrawal of external funds. The lesson is clear: ownership matters, and when communities set priorities and monitor resources, resilience grows.Kenya is advancing Universal Health Coverage to guarantee access for all: enacting four new laws on social health insurance, empowering over 100,000 community health promoters with medicines, tools, and stipends, strengthening participatory budgeting through digital platforms, and reinforcing primary health care networks. These reforms ensure no one is left behind.We call on the global community to invest not only in medicines and infrastructure, but in the democratic right of citizens to shape their health and future.Addressed a side event on social participation in health equity and resilient societies, co-hosted by Slovenia and the WHO at the 80th UNGA in New York."
32,31.5 million Kenyans now registered under SHA
32,"At least 31.5 million Kenyans are now registered under the Social Health Authority (SHA) as the government accelerates reforms aimed at expanding access to affordable healthcare across the country.

Speaking during a boda boda empowerment forum at the Kericho Teachers Training College grounds, Health Cabinet Secretary Aden Duale said the uptake reflects growing public confidence in the new health financing model."
32,"Kenya, African Union Urge Stronger Regional Cooperation to Advance Peace in the Great Lakes Region"
32,"Kenya, African Union Urge Stronger Regional Cooperation to Advance Peace in the Great Lakes Region

Kenya and the African Union on Monday called for renewed regional cooperation and greater inclusion of women and young people in peacebuilding efforts, warning that increasingly complex security and humanitarian challenges across Africa's Great Lakes Region require coordinated political action rather than fragmented national responses."
32,TVET training programs updated to match job market demands
32,"The Principal Secretary of the State Department for Technical and Vocational Education and Training (TVET), Dr. Esther Thaara Muoria, has emphasized the need for stronger industry alignment and practical integration in training programs, based on contemporary labor market demands.

Speaking during the opening session of a curriculum review workshop at Nyeri National Polytechnic, Dr. Muoria stressed that the success of Competency-Based Education and Training depends on its ability to produce graduates who are not only knowledgeable but also practically competent and adaptable to evolving industry needs."
32,Kenya attends Fourth International Conference on Financing for Development (FfD4)
32,"The Government of Spain has convened the Fourth International Conference on Financing for Development (FfD4) from 30th June to 3rd July 2025 in Seville, Spain in alignment to the United Nations General Assembly resolution 78/231 of 22 December 2023. Resolution 78/231 called for the convening in 2025 of a Fourth International Conference on Financing for Development whose objective would be to assess the progress made in the implementation of the Monterrey Consensus, the Doha Declaration and the Addis Ababa Action Agenda, identify obstacles and constraints encountered in the achievement of the goals and to address new and emerging issues, including in the context of the urgent need to accelerate the implementation of the 2030 Agenda and the achievement of the Sustainable Development Goals and to support reform of the international financial architecture.

Kenya’s Delegation at the FfD4 in Seville, Spain is led by H.E. the President who is expected to participate in various events including the FfD4 Opening Segment and first Plenary meeting to beheld on 30th June 2025. Kenya will also participate in the General Debate where the President will deliver the country’s National Statement. The President will share his reflections on how to implement the ‘Compromiso de Sevilla’ to advance financing for development."
32,The Government appreciates the significant role of radio as a powerful medium of informing masses on the effects of climate change.
32,"Speaking as the Chief Guest during the World Radio Day 2025 celebrations convened by the Media Council of Kenya (MCK), the Principal Secretary, Broadcasting and Telecommunications, Prof. Edward Kisiang’ani appreciated this year’s theme; ‘Radio and Climate Change,’ noting that it is anchored on the Bottom-Up Economic Transformation Agenda (BETA) sixth Pillar of Environment and Climate Change.“We want radio to play a major role and become a partner in environmental advocacy and educating listeners,” the PS stated while reiterating that the media has a key role of engaging experts in environmental matters in their radio shows to enlighten listeners on changing weather patterns and how to adjust accordingly.PS Kisiang’ani urged MCK to conduct special programmes to train journalists on highlighting climate change matters in a factual and wholesome way.The PS appreciated the rich legacy left by renowned journalist, the late Leonard Mambo Mbotela and urged journalists to emulate his example.On his part, MCK CEO Mr. David Omwoyo acknowledged the dedication of veteran broadcasters and called for mentorship programmes to pass on the baton to upcoming journalists.“We need to plough back the veterans and the seniors in the media sector to mentor upcoming journalists. Hold the hands of those joining the media to ensure consistent cross-pollination of ideas,” he added.Mr. Omwoyo noted the importance of radio as a unique medium that reaches out to listeners at the grassroots level and enables listeners to multitask while still listening to radio programmes.

Our Contacts"
32,"PS Mbunya Hails NYS Role in Food Security, Skills Development and Climate Action"
32,"The government has lauded the National Youth Service (NYS) for advancing three key pillars of national development food security, economic empowerment, and environmental sustainabilitythrough its skills training and programs that align with Kenya’s Vision 2030 and the Bottom-Up Economic Transformation Agenda (BETA).

Speaking during the commissioning of a state-of-the-art bakery at the NYS Paramilitary Academy in Gilgil, Public Service Principal Secretary Dr. Jane Imbunya emphasized that NYS is at the heart of equipping the youth with transformative skills.The bakery, which has a production capacity of 4,752 loaves of 400 grams daily, will not only enhance food security within NYS institutions but also provide practical training to recruits in food production and entrepreneurship."
32,Leading Economic Indicators December 2013
32,"State cracks down on drugs, illicit brews amid youth addiction crisis"
32,"The government has intensified war on drugs, contraband cigarettes and illicit brews, with Public Health Principal Secretary Mary Muthoni warning that rising substance abuse among young people was fast becoming a national crisis.

Muthoni said the State will combine tougher enforcement with expanded rehabilitation services to curb the spread of harmful substances in estates, villages and learning institutions."
32,Board Member
32,"Mr. Francis M. Nkako, OGW, ‘ndc’ (K)"
32,"Molu Tepo is a community development specialist with practical experience of working with pastoralists, agro-pastoralists and grassroots communities.

He has professional interest in strengthening the capacities of the community institutions to cushion themselves against hazards facing them from time to time; drought, floods, Resource Based Conflicts, Human and Livestock Diseases, Desert Locust. The disasters resulting from the hazards have become frequent partly due to the negative impact of Climate Change. He has worked as a facilitator, community development practitioner, and project/programme manager for non-profit organizations in Kenya."
32,Mr. Molu Koropu Tepo
32,CS Kagwe calls for greater private sector role in agriculture growth
32,"Agriculture and Livestock Development Cabinet Secretary Mutahi Kagwe has called on both the national and county governments to embrace private sector participation as a key driver of agricultural growth and enterprise development in Kenya.

Speaking while delivering the keynote address at the Jumuiya ya Kaunti za Pwani Agricultural Revitalisation Summit in Malindi, Kagwe said that relying solely on funds from the exchequer to run enterprises had yielded little success."
31,KRA optimizes iTax ahead of June 30 annual returns filing deadline
31,"The Kenya Revenue Authority (KRA) has enhanced the iTax system in readiness for high traffic ahead of the 2020 annual income tax return deadline, set for June 30th.

The Authority is promoting the use of digital channels including the KRA M-Service App in light of the prevailing Covid-19 pandemic, which has occasioned minimal visits to public places as a safety measure. KRA has also put in place the necessary measures to support taxpayers who may need assistance during the filing season virtually."
31,Deputy Commissioner Marketing and Communication
31,Clarification of information provided by Keroche Breweries Limited.
31,"The Kenya Revenue Authority (KRA) wishes to thank the millions of Kenyans who continue to diligently pay their taxes as and when the taxes fall due. This demonstrates patriotism and the deepest sense of citizenship as we seek to achieve our shared prosperity as a Nation. During the year 2020/21 Kenyans in their millions payed Kenya shillings 1.669 trillion in taxes exceeding the target by Kenya shillings 16.8 Billion. In the current financial year the nation is on cause to realize the projected Kenya shillings 1.882 Trillion. We must all be proud of this achievement. The achievement of these targets is largely attributed to economic recovery and diligent enforcement of compliance measures to ensure interdict tax evasion. We continue to use technology and intelligence driven tax compliance strategies that largely rely on information obtained from third party databases and working closely with other law enforcement agencies.

The development of our country is a shared responsibility where citizens pay taxes in accordance with laws enacted by Parliament and administered by the Kenya Revenue Authority on behalf of the Kenyan people. The Tax period, the Taxable persons, the determination of taxes and amounts payable, and the due dates for payment of taxes are all provided for in tax laws which are meant to be complied with by all taxpayers without exception. KRA is only an administrator of the laws that are enacted by the Kenyan people through their elected representatives in Parliament. The legal framework for recovery of taxes that remain unpaid is also well articulated in the tax laws which also provide elaborate mechanisms of resolving disputes where taxpayers do not agree with the decisions taken by the KRA."
31,"KRA rallies partner government agencies to facilitate safe, secure and legitimate trade"
31,"Kenya is set to expedite cargo clearance processes through a collaboration among key partner government agencies involved in international movement of goods, that will be implemented under the Authorized Economic Operator (AEO) programme. This move comes following a one-day forum organized by the Kenya Revenue Authority (KRA) with support from the German Government, which saw the Chief Executives of Partner Government Agencies (PGAs) convene to agree on a harmonized framework for implementation of the AEO programme. This framework is expected to have a positive impact on businesses in Kenya by providing them with a more efficient and effective customs clearance process.

Speaking during the forum, the Director General for Accounting Services at the National Treasury Mr. Benard Ndungu observed that Programmes such as the AEO have enabled the Government to secure and facilitate legitimate trade. “The AEO programme has allowed Customs administrations to enter into strategic agreements with operators who meet certain supply chain security standards and best practices, including compliance to Customs laws and regulations. The simplified procedures for AEOs has had tremendous effect with regard to reducing the cost associated with the movement and clearance of goods,” he said."
31,"KRA EXCEEDS REVISED TARGET, RECORDS HIGHEST REVENUE GROWTH IN HISTORY"
31,"Nairobi, 7th July, 2022…For the first time in Kenya’s history, the annual revenue collection has hit and surpassed the Two Trillion mark, defying the difficult economic environment brought about by Covid-19. This is after Kenya Revenue Authority (KRA) recorded a monumental revenue collection of KShs. 2.031 Trillion for the Financial Year 2021/2022 (July 2021 – June 2022) compared to KShs. 1.669 Trillion collected in the last financial year (FY 2020/2021).

The Authority registered an above–target stellar revenue performance after exceeding the fiscal year target as stated in the Budget Policy Statement. KRA surpassed the original target of KShs. 1.882 Trillion and two other upward revenue target revisions of KShs. 1.911 Trillion, which was later revised to KShs. 1.976 Trillion. This is the first time The Authority has surpassed its original target in 14 years (since FY 2007/08), after the previous target revisions were adjusted downwards."
31,Deregistration/Cancellation of Tax Obligations
31,"Kenya Revenue Authority (KRA) would like to notify the public that taxpayers who are registered under a tax law are required to file their returns and account for taxes due under the respective tax laws.

KRA has noted that there are persons who though registered for tax, have perennially failed to file their tax returns or account for taxes. Where such persons are no longer required to be registered for tax, they should notify the Commissioner of the same for purposes of deregistration in line with the provisions of Sections 10 and 14 of the Tax Procedures Act, 2015. Failure to notify the Commissioner, within thirty (30) days from the date of this notice, the Commissioner shall proceed with the deregistration process and notify the persons accordingly."
31,Commissioner General
31,Notice on Updating Of Tenant Records for Nairobi City County Government Rental Market Stalls
31,"PUBLIC NOTICES 05/07/2021

Address"
31,Cessation of Supply of Non-Compliant Electronic Tax Registers
31,"Kenya Revenue Authority (KRA) wishes to remind suppliers of Electronic Tax Registers (ETRs) and VAT registered taxpayers that the supply of ETRs that are not complaint with the Value Added Tax (Electronic Tax Invoice) Regulations, 2020 was discontinued effective 15th January 2022 as per the Public Notice of 23rd November 2021 on the “Requirements for Uptake of Electronic Tax Invoice”.

Any supplier of ETRs found supplying non-compliant ETRs shall be liable to penalties as prescribed in the law. KRA takes this opportunity to thank all VAT registered taxpayers who are complying with the requirement to generate and transmit electronic tax invoices to KRA in line with the Value Added Tax (Electronic Tax Invoice) Regulations, 2020. For further information please call our Contact Centre on Tel: (0) 20 4 999 999, 0711 099 999 or Email: callcentre@kra.go.ke or read the requirements for Electronic Tax Invoice on the website."
31,On Boarding of Non-VAT Taxpayers on eTIMS
31,"Kenya Revenue Authority (KRA) wishes to notify the public that pursuant to the provisions of the Finance Act 2023, effective 1st September, 2023, All persons carrying on business, including those not registered for VAT, are required to electronically generate and transmit their invoices to KRA via the electronic Tax Invoice Management System (eTIMS).

Please note that any business expenditure not supported by an eTIMS generated tax invoice shall not be deductible for tax purposes with effect from 1st January, 2024."
31,Harnessing collective action for effective anti-corruption efforts in tax administration.
31,"Globally, governments require a certain amount of revenue to function. The United Nations Commission on Trade and Development (UNCTAD) estimates that $5.4 trillion to $6.4 trillion is required annually from 2023 to 2030 for achievement of the Sustainable Development Goals (SDGs). This poses immense pressure on revenue administrations in implementing effective strategies in revenue mobilization to drive development. Corruption undermines the achievement of these goals particularly for revenue mobilization. This is no different for Kenya Revenue Authority.

Efficient revenue collection comes with its fair share of challenges ranging from tax avoidance to administrative inefficiencies that pave way to corrupt practices. In addressing these challenges, the Authority has put in place various measures to curb corruption including risk assessments and mitigation plans, awareness creation and corruption reporting. While these strategies have worked in curbing corruption, there is still more to be done."
31,Kenya reaffirms climate leadership on international stage
31,Streetlights transform Kirinyaga into 24-hour economy
31,Young Kenyans turn to chess for new livelihood opportunities
31,"Health experts call for timely treatment, vaccination to control cervical cancer"
31,"Cervical cancer remains a major health challenge and a leading cause of cancer-related deaths among women in Kenya.

According to the Ministry of Health, it claims the lives of 10 Kenyan women every single day, with over three-quarter cases diagnosed at advanced stages."
31,"Public Servants given deadline to update pension, beneficiary details"
31,"The Government has directed all public servants to update their records with the Public Service Superannuation Fund (PSSF) by August 14, 2026, in the latest step towards modernising pension administration and improving service delivery across the public sector.

The directive, contained in a circular signed by Principal Secretary for Public Service and Human Capital Development Dr Jane Kere Imbunya, was addressed to Ministries, State Departments, Constitutional Commissions, Independent Offices, County Public Service Boards and County Governments."
31,Government keen to enhance its relations with the media
31,"The Government is working on a raft of measures to address matters affecting the Media industry and fully enhance the Government-Media relations.In her address at a roundtable with leaders and key stakeholders from the Media sector, the Cabinet Secretary, Ministry of Information, Communications and the Digital Economy (MICDE), Dr. Margaret Nyambura Ndung’u stated that the Ministry is in the process of reviewing the Media Council Act to bring more stability in the regulation of the Media sector in general and ensure the appointment of the Media Council of Kenya (MCK) Board members.The CS urged Media stakeholders to make all necessary proposals so that any anticipated amendments to the Media Council Act strengthens the Institution to deliver on its Mandate and serve Kenyans while ensuring a healthy relationship between the Media and Government.She assured of the Government’s support to ensure that Kenya will host the 2026 Africa Media Convention thus opening endless opportunities for the sector. Further, the CS informed that the Government is committed to uphold the safety and protection of journalists and hold to account anybody harassing journalists.In his remarks, The Principal Secretary, Broadcasting and Telecommunications, Prof. Edward Kisiang’ani called upon the Media to relay timely information on the services delivered by the Government.The PS noted that Government is open to listen and engage with the Media and accept fair criticism, “as we try to criticize the Government we also request that we deal with each other realistically.”He highlighted the importance of a healthy Government-Media relationship emphasizing that it will create a good democracy. The PS said that this will ensure balanced developments across the country as the Media will feature areas that the Government needs to improve on.

Our Contacts"
31,Schools to get increased funding in next budget
31,"Schools will receive increased capitation in the next budget in a bid to ease the financial strain facing institutions, Basic Education Principal Secretary Prof. Julius Bitok has said.

Prof. Bitok said the ministry’s budget had already been enhanced and submitted to Parliament ahead of the next financial allocations."
31,KVDA launches 3.5 million seedlings campaign to fight climate change
31,"The Kerio Valley Development Authority (KVDA) has launched an environmental rehabilitation programme along the degraded hanging valleys of Kerio Valley region.

Speaking during an inspecting of Kimwarer Tree Nursery, KVDA Ag. Managing Director Moses Kipchumba, who was accompanied by board Chairperson Mark Chesergon, said the Authority targets to raise over 3.5 million assorted fruit and tree seedlings this financial year in its 16 nurseries across the seven counties to distribute to farmers along in Kerio Valley for planting especially during this long rain season."
31,Government calls on Makueni residents to register with SHA
31,"PATRICK NYAKUNDI -KNA

The Deputy Government Spokesperson Mwanaisha Chidzuga has urged Makueni residents to register with the Social Health Authority (SHA) to benefit from affordable medical and healthcare services."
31,How To Make Your Stay Safer
31,Farmers to benefit as state revives cashew nut sector
31,"The Government has intensified efforts to revive the cashew nut sub-sector, with a focus on increasing production, enhancing value addition, and improving farmers’ incomes in key growing regions.

Principal Secretary for Agriculture Dr Paul Ronoh speaking during a national cashew conference in Kwale, emphasized that food security remains central to the government’s agenda and is critical to both economic stability and national security."
31,"Kirinyaga County is witnessing bustling nighttime economic activity following the installation of streetlights and floodlights across major markets and trading centres, a development that is steadily transforming the county into a vibrant 24-hour economy.

The lighting programme, which is being rolled out across key towns and growth centres, has significantly improved security, extended business hours, and created a more enabling environment for trade."
31,Kenyans urged to register for SHIF as October 1 deadline approaches
31,"By Purity Mugo (KNA)

Health Cabinet Secretary Dr. Deborah Barasa has called upon all Kenyans to register for the Social Health Insurance Fund (SHIF) which replaces the existing National Health Insurance Fund (NHIF) starting October 1, 2024."
31,"State issues Grade 9 textbooks to realise one-learner, one-book ratio in schools"
31,"Patience Mabonga- KNAMinistry of education kick starts distribution of grade 9 text booksThe Ministry of Education is currently distributing Grade 9 textbooks and those for rationalized learning areas for Grades 1 to 6 to all public schools in an effort to maintain the policy of one learner, one textbook ratio.Education Cabinet Secretary (CS) Julius Ogamba said the curriculum support materials are an essential component in any learning environment as they comprise of the core tools used to assist learners acquire the intended knowledge, skills and attitudes necessary to develop the required competences. “The distribution exercise of textbooks to schools has been an annual event since the inception of the Competency Based Curriculum (CBC). The Ministry of Education has diligently over the years distributed the CBC textbooks for learners in Grades one to eight to ensure that the policy of one-to-one book for every learner is met,” Ogamba said.Speaking during the unveiling of the Kenya Institute of Curriculum Development (KICD) Strategic Plan, Ogamba assured of the government’s commitment to ensure that all learners have adequate teaching and learning materials.The CS explained that upon the review of the curriculum for the third grades early this year, the Ministry of Education embarked on the revision of books to ensure they are all well aligned to the curriculum designs. “It is therefore the responsibility of the Ministry to ensure and to oversee the distribution of the revised books to learners in the entire country. This practice will be carried out annually and extended to all grades, including the senior school level,” he said.The CS went on to give an insight into how the Kenyan Government is committed to providing accessible, quality and relevant educational training to all its citizens and this is in line with the various policies on education and training noting it is through this spirit that the country embarked on a journey to reform the curriculum.

“The curriculum reforms are being undertaken within the national legislation informed by Article 53 of the Constitution, which recognizes free and compulsory basic education as a right of every child,” Ogamba said."
31,"New roadside rest stops aim to curb driver fatigue, boost road safety in Kenya"
31,"The Ministry of Transport and the Kenya National Highways Authority (KeNHA) have approved a new network of nationwide roadside rest stations.

The project aims to enhance road safety and promote motorists’ well-being by providing designated areas where drivers can manage fatigue. The announcement was made during the first-ever Regional Highway Safety Investors Conference in Mombasa."
31,"Safety and collaboration key to Kenya’s tourism growth,CS Miano"
31,"The Cabinet Secretary for Tourism Rebecca Miano has called for collaboration to enhance safety and security in the tourism sector in a bid to increase tourist numbers in the country.

The CS, during the 22nd Edition of the Lamu Cultural Festival, said without safety and security, the tourism sector will no doubt stagnate, if not slump altogether."
31,PS Belio Bids Basic Education Heads Farewell
31,"His Excellency President Dr. William Ruto recently instituted changes to the re-organization of government as per Executive Order No. 1 of 2025. The Principal Secretary Basic Education Dr. Belio Kipsang was re-assigned duties to the State Department for Immigration & Citizen Services. Over 22 senior officials from the State Department for Basic Education drawn from both the technical and support services convened to bid farewell to their outgoing Principal Secretary Dr. Belio Kipsang whom they described as a tower of hope. ''You are a true African Father, who punishes with the left hand and embraces with his right hand'' the group representative said PS Dr. Belio assured the officers that all will be well since he laid a firm foundation guaranteeing that the incoming PS Ambassador Professor Julius Kibet Bitok will deliver the expected transition to Senior School come January 2026. ''I know him, he is able to deliver the remaining section of Curriculum Based Education (CBE)"" SAID PS Belio, praising the new Basic Education PS Prof. Julius Bitok. The two Principal Secretaries swapped their dockets in the President’s reshuffle. Dr. Belio who has been in Education sector for a total of 29 years in various portfolios will take over Immigration and Citizens Services from Prof. Bitok ‘’You can come to Nyayo House for your ID cards and other travel documents ‘' Dr. Belio extended invitation welcoming the officers to his new work station. He said he is happy to have served his ten years as a PS in the Ministry of Education. On CBE Belio said the system has started well, progressed well and it is now in the landing section equating it to a plane journey. Dr Belio observed that the Competency Based Education has been airborne and is expected to land safely with expected maintenance during transition of Junior learners to Senior school next year. Emotions ran high on saying goodbye were Dr. William Sugut Head Directorate of Secondary Education courageously calmed them saying it is un-African to out-do the hero in celebrations saying if the PS was happy the staff being left behind should equally be happy."
31,Advancing Kenya Israel Relations
31,"The Prime Cabinet Secretary and Cabinet Secretary for Foreign and Diaspora Affairs, Dr. Musalia Mudavadi yesterday received the State of Israel’s Ambassador to Kenya, H.E. Gideon Behar, who paid a courtesy call at his office.

The meeting underscored the long-standing and cordial relations between Kenya and Israel, founded on mutual respect and shared values. Discussions explored opportunities to further strengthen strategic cooperation in key sectors, including agriculture, food security, defence, renewable energy, health diplomacy, and technology."
31,"PS Korir Co-chairs Preparatory Meeting for the State Visit by Their Majesties, the King and Queen of the Netherlands."
31,Kenya unveils digital livestock tracking system to unlock global markets
31,"Kenya is seeking to position its livestock farmers to access lucrative global markets through the rollout of the Animal Identification and Traceability System (ANITRAC), a digital platform and mobile application developed by the government to register and track livestock using electronic RFID ear tags.

The system transforms livestock into easily verifiable and bankable assets, enabling farmers to access loans and other financial services."
31,Wetang’ula calls for value addition to livestock products in ASAL regions
31,"National Assembly Speaker Moses Wetang’ula has urged the Pastoralist Leadership Summit (PLS) to focus on transformative issues critical to unlocking the region’s economic potential.

Speaking during the official opening of the Summit in Wajir, Wetang’ula emphasized the need to prioritize livestock production, insecurity, trade, land management, and infrastructure in the region’s development agenda."
31,PCS Musalia Mudavadi attends Forum on China–Africa Cooperation (FOCAC) Ministerial Meeting in China
31,"The Prime Cabinet Secretary and Cabinet Secretary for Foreign and Diaspora Affairs, H.E. Dr. Musalia Mudavadi, is in China, attending the Ministerial Meeting of Coordinators on the Implementation of Follow-Up Actions of the Forum on China–Africa Cooperation (FOCAC).The high-level engagement is convened to evaluate the progress achieved since the 2024 FOCAC Summit of Heads of State and Government, held in Beijing, and to define priority areas ahead of the next summit. The meeting is attended by China’s Foreign Minister Wang Yi and representatives from all 54 African member states of FOCAC.As part of his official itinerary, H.E. Mudavadi visited the Hunan Hybrid Rice Research Center at the Hunan Academy of Agricultural Sciences (HUNAAS) in Mapoling, Changsha. Founded in 1984 by globally renowned Academician Yuan Longping—celebrated as the “Father of Hybrid Rice”—the center has made significant advancements in rice production through innovative research and technology. The hybrid varieties developed at HUNAAS can yield over 18 tonnes per hectare, marking a transformational leap in food production.The visit presents an opportunity for Kenya to explore enhanced collaboration in agricultural innovation, aimed at strengthening national food security and sustainable agricultural development.Dr. Mudavadi also toured the Malanshan Video Cultural and Creative Industrial Park, a thriving hub of creative innovation where over 60,000 young talents are engaged in transforming cultural ideas into commercially viable digital content. The park showcases how China is revolutionizing its film and content production industry through the seamless integration of culture and technology.The CS noted that Kenya, blessed with a dynamic and creative youth population, possesses similar potential. He emphasized the importance of fostering innovation and investing in the creative economy to generate employment and build sustainable livelihoods, particularly for the country’s young digital creators, artists, and storytellers.H.E. Mudavadi’s engagements reflect Kenya’s commitment to strengthening strategic cooperation with China in priority areas such as agriculture, innovation, trade, and creative industries."
31,"The Ministry of Information, Communications and the Digital Economy (MICDE) has formulated Communication Policies that embed emergency response as part of climate adaptation measures."
31,Our Contacts
31,Ethics-Education Positions Kenya as World Leader
31,"Kenya will attain development status by embracing values and ethics which provide a solid foundation on which to build a better future and a great nation. Director General for education Dr Elyas Abdi made these remarks in his speech while officially opening the Ethics Education (EE) workshop in Thika, Kiambu County Thursday.

DG Dr. Abdi observed there’s evident erosion of values in the society with reports of child molestation, murders, child trafficking, corruption and general loss of respect for one another. On a global scale the DG worried of wars, radicalization, xenophobia as threat to the core of humanity with technology, health, climate change all coming with their own challenges."
31,Economic Survey 2013 Launch
31,Health CS assures continuity of services amid US aid withdrawal
31,"Health Cabinet Secretary (CS), Dr Deborah Barasa, has said the Ministry of Health (MoH) is taking all the necessary measures to curb any impact of the withdrawal of aid by the United States of America (USA).

Speaking at a press brief in Nairobi, Dr. Barasa emphasized that it is critical, as a nation, to think of sustainable solutions for domestic health financing, by enhancing the Social Health Authority (SHA) which will be having funding from members' contributions, the National Treasury and other alternative sources of funding."
31,Over 8 Million Kenyans access free care under Primary Healthcare Fund
31,"More than eight million Kenyans have received free healthcare services at dispensaries and health centres under the Primary Health Care (PHC) Fund, the Government has announced, marking a major milestone in efforts to eliminate financial barriers to essential health services.

Speaking in Nairobi while opening the 2nd Primary Health Care Congress on behalf of Health Cabinet Secretary Aden Duale, Principal Secretary for Public Health and Professional Standards Mary Muthoni said the initiative, implemented through the Social Health Authority (SHA), is expanding access to care at community and primary facility levels."
31,State cautions against multiple bids without capacity to deliver
31,"The Government has issued a stern warning to contractors who overextend themselves by taking on more public projects than they can effectively deliver.

Mr. Eliud Owalo, the Deputy Chief of Staff in charge of Delivery and Government Efficiency cited inefficiency and the risk of stalling critical development programs and cautioned contractors against bidding multiple government projects without the technical capacity to execute them.“We are witnessing a worrying trend where some contractors are biting off more than they can chew. They aggressively pursue numerous tenders, quote unrealistically low prices to win bids, and ultimately struggle to deliver,” Mr. Owalo said.He emphasized that such practices compromise service delivery and delay government-funded initiatives."
31,NCPWD introduces career guidance for disabled students
31,"The National Council for Persons with Disabilities (NCPWD) has rolled out the Tunza Mentorship and Career Guidance Programme to foster personal and professional development among physically challenged learners.

The government-funded programme aims to promote self-confidence, academic excellence and social integration among people living with disabilities."
31,Government launches Digischool Internet project in Machakos
31,"The Ministry of Information, Communications and the Digital Economy, in partnership with Huawei and UNESCO, has launched phase two Digischool Internet projects at the Machakos School for the Deaf to expand on internet connectivity and inclusion in schools.

Principal Secretary for ICT, Engineer John Tanui, who presided over the event on behalf of ICT Cabinet Secretary William Kabogo, said the launch was part of the government’s plan of integrating technology into education and ensuring all students, especially those with special needs, are equipped in digital learning through reliable internet."
31,"Egerton launches high-yielding, drought-resistant legume seeds"
31,"Egerton University, with the support from the United Nations, has unveiled new drought resistant, fast maturing, high-yielding and nutritious legume seed varieties and technologies aimed at addressing food insecurity in the region.

The University’s Agro-Science Park Seeds Unit unveiled the improved legume seed varieties including groundnuts, beans, groundnuts, Pigeon peas, and chickpeas."
31,"Oil blocks T6 and T7 expected to generate billions, says Treasury"
31,"The Cabinet Secretary for the National Treasury and Economic Planning, John Mbadi, has defended the fiscal and macroeconomic foundations of the proposed Field Development Plan (FDP) for Blocks T6 and T7, assuring Parliament that the project will not create any explicit or implicit public debt obligations for Kenya.

Appearing before the National Assembly Departmental Committee on Energy and the Senate Standing Committee on Energy, Mbadi outlined the fiscal projections, tax implications, cost recovery framework, and risk mitigation measures tied to the oil development plan spearheaded by the Ministry of Energy and Petroleum."
31,Trust in police requires reform and public engagement-IPOA
31,"The Independent Policing Oversight Authority (IPOA) chair Issack Hassan has said it is time for Kenya to have an honest, nationwide conversation about policing.

He said while security remains a cornerstone of national stability, the relationship between police and the public has grown increasingly strained."
31,2.9 million taxpayers benefit from KRA’s Waiver of Sh158 billion under Tax Amnesty
31,"The Kenya Revenue Authority (KRA) has waived Sh158 billion in penalties, fines, and interest under the ongoing Tax Amnesty Programme.

KRA Commissioner, Large and Medium Taxpayers Mrs. Rispah Simiyu, in a statement indicated that this has provided relief to over 2.9 million taxpayers who qualified for amnesty."
31,Kagwe warns cartels undermining food safety reforms through illegal pesticides
31,"Powerful pesticide cartels are actively sabotaging government efforts to eliminate harmful agrochemicals and enforce food safety standards.

Agriculture and Livestock Development Cabinet Secretary, Mutahi Kagwe, warned of efforts by the cartels to undermine public health reforms."
30,"Commissioner General, Kenya Revenue Authority"
30,New revenue collection system for Nairobi City County operationalized
30,"PRESS RELEASE 19/06/2021

Did you find this content useful?"
30,"Commissioner, Investigations & Enforcement"
30,Three charged with smuggling ethanol worth KShs.10 million tax
30,"PRESS RELEASE 17/03/2022

Did you find this content useful?"
30,Clarification on VAT refund claims by Oil and Gas Subcontractors
30,"PUBLIC NOTICES 03/12/2019

Address"
30,Appointment of KRA as the principal revenue collector for Nairobi City County
30,"Pursuant to Article 5.5 of the Deed of Transfer of functions from the Nairobi City County Government to the National Government vide gazette notice No. 1609 of 25th February, 2020 appointing Kenya Revenue Authority as the principal agent for overall revenue collection; Article 5.6 further provides for the relevant human resources for the implementation of the agreement shall be seconded from the County Government to the National Government.

In line with the above, Nairobi City County Government staff directly engaged in revenue collection activities are hereby notified to report to KRA offices in Times Tower; banking hall wing, ground floor on Wednesday, 18th March 2020 starting at 8:00am for further directions."
30,"Commissioner General, Principal Secretary,"
30,Country by Country Reporting Regulations
30,"The National Treasury and Planning and Kenya Revenue Authority would like to inform Multinational Enterprises and members of the public that the Cabinet Secretary for the National Treasury and Planning has drafted The Income Tax Act (Country by Country Reporting) Regulations, 2021 for the better of carrying out the provisions of Section 18B of the Income Tax.

In compliance with the Statutory Instruments, Act, The National Treasury and Planning and Kenya Revenue Authority hereby invite interested members of the public and stakeholders to submit their views on the draft Country by Country Reporting Regulations. The submissions should be addressed to the Commissioner General, Kenya Revenue Authority, P.O Box 48240-00100, Nairobi or emailed to stakeholder.engagement@kra.go.ke to be received on or before Friday, 10th December, 2021."
30,ENFORCEMENT OF THE ELECTRONIC TAX INVOICE
30,"Kenya Revenue Authority (KRA) is currently rolling out eTIMS. This is the software approach to ensure that all VAT registered taxpayers generate electronic tax invoices that are transmitted to KRA on real time or near real time basis.

The Commissioner General wishes to notify the public that effective 1st June 2023, all VAT registered taxpayers are required to only accept electronic tax invoices from registered taxpayers in compliance with the VAT (Electronic Tax Invoice) Regulations 2020 for purposes of claiming input tax and processing of refunds."
30,Taxpayer Register Data Clean-up
30,"Kenya Revenue Authority would like to notify all registered taxpayers of the on-going data clean up exercise of taxpayers’ Personal Identification Number (PIN) registration details. The exercise is aimed at ensuring the integrity of the taxpayers’ register with a view to enhance service delivery to all taxpayers.

All registered taxpayers are urged to update/correct their registration details as appropriate, on iTax, including their name, phone number, physical address, email address, physical location of businesses, residency status, directorships or partnerships held e.t.c."
30,Mitigating Measures against Covid-19 at the Borders
30,"Kenya Revenue Authority (KRA) has instituted measures to support the Government initiatives to manage the spread of COVID-19 at all ports of entry, as well as all the transit corridors throughout the country.

KRA has partnered with the Ministry of East African Community and Regional Development; Ministry of Health; Ministry of Industrialisation, Trade and Enterprise Development; Ministry of Foreign Affairs; National Police Service; Directorate of Immigration and Citizen Services, to facilitate safe cargo movement at all the Country’s Ports of Entry."
30,4th Annual Tax Summit Highlights: How Tax Base Expansion is Key to the Big 4 Agenda
30,"Kenya Revenue Authority held its 4th Annual Tax Summit from the 15th to 17th October, 2018 at the Kenya School Kenya School of Monetary Studies in Ruaraka.

The Tax Summit brought together over 1000 delegates from various organisations and countries to discuss the acceleration of socio-economic growth through expansion of the tax base in line with the government's BIG 4 Agenda (affordable housing, universal healthcare, manufacturing and food security)."
30,KRA officers at Lunga Lunga adopt sports to build trust with residents
30,"The venue is Lunga Lunga Secondary School. A horde of people stream into the football field. If you are a visitor at this border town, you will not tell the social status of the people gathering here. Save for the children, nothing betrays their status. This crowd comprises of civil servants working in the area, among them KRA staff, police officers, health officials, officials from other government agencies and members of the public.

You would be forgiven for thinking that Customs officials have intercepted an illegal consignment and members of the multi-agency team are here to enforce the law. Yet still, there is no baraza or a political rally going on. However, on a keener look, you would easily isolate a group from the crowd. There are some individuals in sports uniform. These are members of the Veterans Football Club. This is not your ordinary football club, as it comprises of civil servants and members of the public. Today a training session is underway."
30,Driving Digital Infrastructure for Healthcare Sector
30,"The Principal Secretary for ICT and Digital Economy Eng.John Tanui yesterday held a strategic discussion with H.E. Irungu Kangata, Governor of Murang’a County at the Ministry's Headquarters Nairobi. Their meeting centered on accelerating broadband expansion, highlighting its essential role in delivering efficient, reliable, and transformative healthcare services.

The dialogue called for collaboration among government entities and other stakeholders. They reviewed Murang’a County’s digital health achievements and challenges and aligned on joint strategies to address barriers and scale successful best practices nationwide. The meeting brought together key partners, including Safaricom PLC led by David Kago; Eng. Antony Lenaiyara Acting CEO of the Digital Health Agency Kenya; Zipher Owiti, Acting CEO of the ICT Authority; representatives from the Council of Governors; and officials from Konza Technopolis"
30,Interior Ministry links infrastructure push to security gains
30,"The Ministry of Internal Security and National Administration has said that the ongoing infrastructure projects across Western and Nyanza regions are not only about development but also about strengthening national security.

Principal Secretary for Internal Security and National Administration Dr. Raymond Omollo noted that the review of the Wildlife Conservation and Management Act 2013 and the commissioning of new roads, markets, and public facilities are part of a deliberate strategy to close spaces where insecurity thrives."
30,KIRDI partners with FAO to tackle food loss and waste in Kenya
30,"The Kenya Industrial Research and Development Institute (KIRDI) has partnered with the Food and Agriculture Organization (FAO) to combat food loss and waste in the country.

This partnership follows concerns over high post-harvest losses and food wastage at the household level, which threaten the country’s food security and economic development."
30,WRA releases Sh49.9 million to boost Mwache watershed conservation efforts
30,"Community conservation efforts in the Mwache watershed have received a boost after the Water Resources Authority (WRA) disbursed Ksh 49.9 million to the Water Resource Users Associations in Kwale, Kilifi and Taita Taveta counties.

WRA CEO Mohamed Shurie said the funding is part of the Coastal Region Water Security and Climate Resilience Project, which supports the broader Mwache Multi-Purpose Dam Development Project under Kenya Vision 2030."
30,"Mwadime flags workplace safety concerns as accidents hit 2,500"
30,"The Principal Secretary of the State Department for Labour and Skills Development, Shadrack Mwadime, has urged employers and workers to ensure that all workplace injuries are reported immediately to facilitate timely redress.

Speaking during the 2026 World Day for Safety and Health at Work in Eldoret, Uasin Gishu County, the PS expressed concern over workplace safety, noting that Kenya recorded more than 2,500 workplace accidents in the first quarter of the year."
30,Japan funds construction of eight class in Limuru constituency
30,"By Grace Naishoo (KNA)

Students of Kabuku Comprehensive School in Limuru constituency have benefited from a donation of Eight newly constructed classrooms, funded by the Government of Japan through the Grant Assistance for Grassroots Human Security Projects (GGP)."
30,Kenya calls for global action on hazardous agrochemicals
30,"The Government has called for urgent global action to eliminate hazardous agricultural chemicals and end what it described as a double standard that exposes farmers in developing countries to substances banned elsewhere due to health and environmental risks.

Speaking in Nairobi during the opening ceremony of the 2026 World Farmers’ Organisation (WFO) General Assembly, Agriculture Cabinet Secretary Mutahi Kagwe urged governments, regulators, manufacturers and international organizations to harmonize global standards on agricultural chemicals and place farmers’ welfare at the centre of agricultural policy and investment."
30,New anti-corruption drive targets County Aggregation and Industrial Parks
30,"The State Department for Industry has partnered with the Ethics and Anti-Corruption Commission (EACC) to conduct a nationwide compliance monitoring exercise on the implementation of the County Aggregation and Industrial Parks (CAIPs) Programme.

Industry Principal Secretary Dr. Juma Mukhwana noted that the exercise aims to strengthen transparency, accountability, and adherence to regulatory frameworks in managing the programme, which is being implemented jointly by the national and county governments."
30,Ministry to conduct land audit in bid to secure school properties
30,"The Ministry of Education has directed all regional and county directors of education to liaise with the Ministry of Lands to undertake an audit of all land belonging to educational institutions and ensure they have title deeds.

Speaking when he commissioned 12 classrooms of Junior Secondary Schools at Kakamega Primary School, Dr. Ogamba said, “I direct all directors of education to undertake an audit of all land belonging to education institutions and ensure the land is protected, as well as get land title deeds for the same,” he said."
30,Opening of African Research Initiative for Scientific excellence
30,"The Cabinet Secretary for Education, Julius Migos Ogamba, had the honour and privilege of delivering His Excellency President William Ruto’s keynote speech at the opening ceremony of the African Research Initiative for Scientific Excellence (ARISE) Conference. The conference brings together key stakeholders and players in science, research and innovation, including Heads of State and Government, ministers, policy makers, the private sector and regional actors, to chart the path forward for African science and innovation. The Cabinet Secretary conveyed His Excellency President Ruto’s call for the strengthening of continental cooperation for our collective progress, noting that we must now reignite the continental ambition and treat research funding as a Pan-African priority and not as a luxury. The opening ceremony was also addressed by the President of the Republic of Ghana, His Excellency John Mahama, and the former President of the Federal Republic of Nigeria, His Excellency Olusegun Obasanjo. The Cabinet Secretary was accompanied by Prof. Shaukat Abdulrazak, the Principal Secretary, State Department for Science, Research and Innovation."
30,Local Contractors Set To Benefit From Classroom Construction
30,"Local contractors in Machakos County have been urged to take advantage of the Government’s Competence Based Curriculum Infrastructure (CBC) programme and apply for contracts for the construction of classrooms through the coordinating Multi Agency Team.

Speaking during a meeting with parents in Machakos Boys High School, Education Cabinet Secretary, Prof George Magoha, said that the government has mapped all schools across the country, which have classroom deficit."
30,PS University Education and Research Amb. Simon Nabukwesi closes teachers training workshop at the University of Nairobi.
30,"A three-day workshop on training of trainers for teacher education and management in Kenya (TOTEMK) was officially closed by the Principal Secretary State Department for University education and Research Amb. Simon Nabukwesi at the University of Nairobi (UoN).

The virtual training which began on Monday 8th November, 2021 was attended by over 60 participants drawn from more than 60 universities of which 25 participants were physically present. The objective of the training which is a collaboration between the University of Nairobi, Strathmore and Pwani Universities aims to support the implementation of competency based curriculum and to equip learners with modem technology in teaching and learning using digital tools."
30,Kenya China Relations
30,"Kenya, China sign landmark deals as relations enter a comprehensive strategic eraKenya and China have formally elevated their bilateral relationship to a Comprehensive Strategic Partnership in the New Era following President William Ruto’s week-long State Visit to China from April 18 to 26, 2025, at the invitation of President Xi Jinping. The high-level visit marked a pivotal moment for both nations, with more than 20 agreements signed across trade, digital innovation, health, education, agriculture, and infrastructure.

At a time when Kenya is seeking to diversify its international alliances, especially after the imposition of a 10% U.S. tariff on key exports, China remains a vital partner. The visit, characterized by strong diplomatic symbolism and strategic economic cooperation, is part of Kenya’s broader foreign policy recalibration."
30,PSC warns senior officials over sexual exploitation of interns in government offices
30,"The Public Service Commission has warned senior government officials against sexual harassment and abuse of interns deployed across ministries, departments, and agencies.

The Commission said it has received disturbing reports of rising cases of sexual exploitation and psychological abuse targeting interns, with some incidents reportedly ending in suicide."
30,Kenya-Burundi Joint Permanent Commission for Cooperation
30,"Dr. Musalia Mudavadi, Prime Cabinet Secretary and Cabinet Secretary for Foreign and Diaspora Affairs of the Republic of Kenya, alongside his counterpart, Amb. Albert Shingiro, Minister of Foreign Affairs and Development Cooperation of the Republic of Burundi, on Wednesday officiated the successful conclusion of the 3rd Session of the Joint Permanent Commission for Cooperation (JPCC) between the two nations in Nairobi, Kenya.

The Joint Permanent Commission for Cooperation (JPCC) is a formal bilateral mechanism that has been established between two countries to manage and strengthen their diplomatic, economic, and technical relations through regular dialogue and cooperation. It entails the regular convening of consultations between representatives from both governments, typically at the ministerial or senior official level, to evaluate progress, resolve issues, and develop joint initiatives."
30,"Quarterly Gross Domestic Product Report First Quarter, 2018"
30,2022 KDHS Reports
30,Funding for the survey
30,Kenya Demographic and Health Survey 2022
30,Gov’t to launch national livestock vaccination drive next month
30,"The government will roll out a national livestock vaccination exercise starting January 2025, Agriculture and Livestock Development Cabinet Secretary Andrew Karanja has said.

The country-wide vaccination of livestock, which is an initiative of President William Ruto, targets to vaccinate 22 million cattle against Foot and Mouth Disease (FMD) and 50 million sheep and goats against Peste des petits ruminants (PPR)across the country."
30,Budget Manuals
30,"The PBB Manual (2011) aims at shifting budgeting towards results-based approaches, linking funds to specific outcomes. The National Government Budget Manual (2023) provides a comprehensive guide for national budget formulation while the County Government Budget Manual (2024) offers similar guidance specifically for devolved Governments, ensuring consistency and accountability.

PROGRAMME-BASED BUDGETING (PBB) MANUAL (2011)"
30,"First 10,000 prisoners join Social Health Authority"
30,"A total of 10,000 prisoners have been registered with the Social Health Authority (SHA) and now can access affordable and quality healthcare.

Principal Secretary of the State Department for Correctional Services, Dr Salome Muhia has said the government targets to register 60,000 inmates across the country with SHA."
30,Kenya’s ICT Authority Bill 2024 to strengthen digital governance and cybersecurity
30,"The anticipated ICT Authority Bill 2024 will reshape how digital services are deliv ered, enhance security, and position Kenya as a leader in digital governance.

The Ministry of Information, Communications and the Digital Economy, through a Multi-Stake holder Committee developed the Draft ICT Authority Bill 2024 to establish a legal framework for the creation, powers and functions of the ICT Authority."
30,Drought threatens five counties as rainfall expectations fall short
30,"At least five counties are at an alarming stage of drought, with expectation of low or below average rainfall in the March – May long rain season.

According to the National Drought Management Authority (NDMA), these counties are Wajir, Mandera, parts of Marsabit, Parts of Kilifi and Parts of Garissa County."
30,HELB pushes for teachers’ support to reach needy students nationwide
30,"The Higher Education Loans Board (HELB) has urged teachers across the country to support efforts to identify genuinely needy students and ensure equitable access to tertiary education funding.

Speaking during the 48th Kenya Secondary Schools Heads Association (KESSHA) Annual National Conference in Mombasa, HELB Chief Executive Officer Geoffrey Monari said the board remains committed to financing Kenya’s human capital to be competitive in the global workforce."
30,"Gov’t injects Sh5 billion In numbers into dairy, meat sectors"
30,"The Government has set aside Sh5 billion to strengthen the livestock value chain—from dairy and meat to leather— in a bid to boost profitability, create jobs, and contribute to the country’s socio-economic growth.

Principal Secretary for Investment Promotion, Abubakar Hassan, urged livestock farmers to apply for the funds, which will support ongoing vaccination and livestock breeding programmes across the country."
30,Water service providers record improvement in performance
30,"Water Service Providers lose up to Sh11.9 billion in non-revenue water, money which can be used to boost sanitation and sewerage services in counties.

Despite having improved, the Cabinet Secretary for the Ministry of Water, Sanitation and Irrigation, Eng. Eric Murithi, during the launch of the Water Services Regulatory Board (WASREB) 17th Edition of the Impact Report, said if the loss can be prevented, the level of sanitation in the country would be higher."
30,PS commends Treasury teams for timely mid-term report submission
30,"The Principal Secretary (PS) for Public Investments and Asset Management, Cyrell Odede Wagunda, has reaffirmed the National Treasury’s commitment to sustaining and enhancing high performance standards under the current Performance Contract cycle.

During a high-level consultative meeting on the 2nd Performance Contract Cycle Mid-Year Review for the Financial Year 2025/2026 for the National Treasury and Economic Planning, held at the Kenyatta International Convention Centre (KICC) in Nairobi, the PS commended departments and units within the National Treasury for the timely preparation and submission of the FY 2025/26 Ministerial Performance Contract mid-term report."
30,"3,000 residents of Busia vaccinated against Monkey Pox (M-POX)"
30,"More than 3,000 Busia residents received M-pox vaccinations during a 10-day campaign.

Busia Sub County Health Promotion Officer Kennedy Oloo said the initiative targeted truck drivers, sex workers, and those who interact with them, following a stakeholder sensitization forum at the County Commissioner’s office."
30,Unclogging of Drainage System
30,"As the County continue with the unclogging of its drainage systems across Nairobi City, the administration will take stern action against those who continue to pollute our rivers and the drainage systems. Governor Sonko has directed his officers to fully implement the Nairobi City County Solid Waste Management Act to avert cases of perennial pollution of our environment.

The unclogging of the drainage systems within Nairobi City estates and major highways is still ongoing in expectation of the long rains. The governor has requested those who fill that their areas’ drainage systems have not been unblocked to share with county the locations that needs to be visited and unclog the drainage to avert dangers of flooding."
30,PS puts supermarkets and security firms on notice over wage violations
30,"The Labour Principal Secretary Shadrack Mwadime has warned employers, particularly those in the supermarket industry, and various other sectors, concerning the underpayment of employees.

He stressed that the government is ready to initiate legal proceedings against those who do not adhere to wage regulations.Mwadime's statements came after a meeting with the Director of Public Prosecutions (DPP) Renson Igonga, where the focus was on the enforcement of labour legislation."
30,CS calls for full digitalization of Government operations to enhance service delivery
30,"Ministry of Information, Communications and The Digital Economy is committed to realise full digitalization of government manual records, a move which will lead to efficient service delivery and boost economic growth.

The Ministry's Cabinet Secretary William Kabogo said that there is need for a whole of government approach for the full realization of the digitalization agenda as he pledged that the ministry will play a leading role seeing that ICT is an enabler for all ministries and agencies."
30,"Coastal region water security project to provide 186,000 cubic meters of water daily"
30,"Kwale and Mombasa Counties will benefit from a sustainable and reliable water supply by 2027 upon the completion of the construction of Mwache Dam and its other six sub-components under the Coastal Region Water Security and Climate Resilience Project.

Speaking during an inspection tour, Water Resources Authority (WRA) Board Chairman Donald Murgor noted that the multi-purpose water reservoir, a Vision 2030 flagship project, is co-funded by the World Bank and the Government of Kenya."
30,Kenya marks World Wetlands Day with call for stronger conservation efforts
30,"Environment, Climate Change and Forestry Cabinet Secretary, Aden Duale, has underscored the importance of preserving wetlands and natural ecosystems for future generations.

In a speech read on his behalf by the Principal Secretary, State Department for Climate Change, Dr. Festus Ngeno, the Cabinet Secretary highlighted the importance of wetlands in water provision, tourism, and recreational activities."
30,"Community, School in West Pokot benefit from KVDA water project"
30,"In an effort to enhance water security in arid regions of West Pokot County, with an emphasize on community development, education, sustainable resource management, Kerio Valley Development Authority (KVDA) has officiated the groundbreaking of borehole projects aimed at improving water access in the region.

Speaking during the groundbreaking of a borehole water project in Chepukat Primary and Junior Secondary School in Kipkomo Sub-County, KVDA Managing Director Sammy Naporos disclosed that KVDA has eleven water projects at various stages of implementation across the Kerio Valley region, with Chepukat bore hall being the first among them."
30,County gets Sh15-million AI-powered X-ray machine
30,"Narok County Government has received a major boost after the US President’s Emergency Plan for AIDS Relief (PEPFAR) donated an Artificial Intelligence (AI) enabled digital X-ray machine to boost health services.

The Sh15 million digital equipment was donated through the Henry Jackson Foundation for Medical Research International (HJFMRI), South Rift programme, and is expected to diagnose chest related illness."
30,Scientists working on vaccines for control of diseases in animal
30,"The National Biosafety Authority has approved field trials for genetically modified vaccines for the control of Rift Valley Fever (RVF) disease in cattle, goats, sheep and camels.

RVF, which is a zoonotic viral disease primarily affecting animals and is transmitted by mosquitoes and other insects and is endemic in Africa and the Middle East."
29,KRA Services During Covid-19 Pandemic
29,"To support the Government’s initiatives aimed at managing the spread of COVID-19 in the country and to safeguard the wellbeing of both Kenya Revenue Authority (KRA) staff and customers, taxpayers are requested to minimize physical visits to KRA offices.

Taxpayers are consequently encouraged to visit KRA online platforms to file and pay their taxes and access various tax services. Additionally, for income tax returns for the year 2020, nil return filers may use KRA’s Mservice App to file their returns."
29,"Deputy Commissioner, Marketing and Communication"
29,JANUARY 2021 REVENUE PERFORMANCE A REFLECTION OF KENYA’S ECONOMIC RESURGENCE
29,"The Kenya Revenue Authority (KRA) has commenced the calendar year 2021 on a high after recording an improved performance rate of 102.6% to surpass its January revenue collection target by Ksh 3.53 billion.

Despite the challenging economic environment, KRA collected Ksh. 142 billion against a target of Ksh. 138 billion representing 6.7% growth over the same period last year. This was the second month running that KRA posted an improved and above target performance since the outbreak of Covid-19."
29,December Revenue Performance a Reflection of Kenya's Economic Recovery Prospects
29,"The Kenya Revenue Authority (KRA) closed the calendar year 2020 on a high after managing to surpass its December collection target and setting the stage for an improved performance this year.

Notwithstanding the challenging economic environment that persisted to the tail end of the year, KRA posted improved revenue performance rate of 101.3% for December 2020. This was the first positive and above target collection rate since the outbreak of Covid-19 pandemic. The improved performance is attributed to the economic recovery following the relaxation of the stringent Covid-19 containment measures and enhanced compliance efforts by KRA in the month of December. The Kenya Revenue Authority collected Ksh. 166 billion against a target of Ksh. 164 billion representing 3.5% growth over the same period last year."
29,Mr Githii Mburu
29,Clarification on Implementation of Revised Current Retail Selling Price (CRSP) List for Used Motor Vehicles
29,"Kenya Revenue Authority (KRA) is set to implement a revised Current Retail Selling Price (CRSP) list for new motor vehicles, marking the first update since 2019. The CRSP, which is typically reviewed and updated periodically, plays a key role in determining the applicable taxes on imported vehicles. This year’s revision reflects notable market developments, including the introduction of new vehicle models, prevailing economic conditions, and changes in key variables such as exchange rates, import duty, and excise duty.

In response to public inquiries and recent media reports regarding the implementation of the revised CRSP, KRA wishes to clarify the following:"
29,Common Reporting Standards: Publication of the List of Reportable Jurisdictions
29,"The Kenya Revenue Authority (KRA) wishes to inform Reporting Financial Institutions that, pursuant to the provisions of Regulation 2 of the Tax Procedures (Common Reporting Standards) Regulations, 2023 and in accordance with the powers conferred upon the Commissioner under the Tax Procedures Act, Cap 469B, the list of Jurisdictions that will apply for the purposes of the Common Reporting Standard (CRS) has been published.

The reportable jurisdictions are as follows:"
29,Postponement of go-live date for EGMS on bottled Water and Juice
29,"The Kenya Revenue Authority (KRA) would like to inform manufacturers and importers of water and juice that it has deferred the implementation of Excisable Goods Management System (EGMS) on bottled water and juice that was to commence on 1stAugust 2018 to a date to be announced later. The decision to postpone the go-live of EGMS on these products has been reached following extensive consultations with various stakeholders including Water Bottlers Association on Kenya (WBAK). KRA will communicate the new implementation date after concluding the activities jointly agreed with the stakeholders. Commissioner, Chairman-Water Bottlers Domestic Taxes Department Association of Kenya

PUBLIC NOTICES 01/08/2018"
29,PIN Not on iTAX
29,"Kenya Revenue Authority (KRA) notifies all taxpayers whose PIN’s are not updated on iTax to do so, and file all pending annual income tax returns by 30th JUNE 2019 to avoid accruing penalties. Taxpayers are advised to confirm if their PIN is on iTax through the PIN Checker on itax.kra.go.ke and follow the process.

For support please call our Contact Centre on; Tel: (0) 20 4 999 999; 0711 099 999 or Email: callcentre@kra.go.ke"
29,OFFSET/ REFUND OF EXCESS VAT CREDITS ARISING OUT OF WITHHOLDING VAT
29,"Kenya Revenue Authority wishes to inform persons registered for VAT that the Statute Law (Miscellaneous Amendments) Act, 2019 amended the Value Added Tax Act to provide for offset or refund of excess VAT credits arising from tax withheld by Withholding VAT agents. The affected registered persons are required to apply to the Commissioner for offset or refund.

Excess credits arising from Withholding VAT will be processed as follows:"
29,COMMISSIONER FOR DOMESTIC TAXES
29,KRA Support for Return Filing
29,"Kenya Revenue Authority informs taxpayers that all support centres countrywide have adjusted their working hours for the period 15th June 2020 - 30th June 2020 as follows:

We encourage you to minimize physical visits, and utilize our online platforms. If your service requires a mandatory visit we request you to follow the floor management measures and Government advisories on COVID-19 such as use of hand sanitizers and maintaining social distancing."
29,Update on Simplification of the VAT Return Filing
29,"The Kenya Revenue Authority (KRA) wishes to update all VAT registered Taxpayers that further to our Public Notice on “Simplification of the VAT Return Filing” the VAT return will now be pre-filled with tax information available to KRA with effect from the February 2024 tax period and not the January 2024 tax period as earlier communicated.

This adjustment is intended to prevail upon VAT registered Taxpayers to ensure that ALL their input VAT claims are supported by valid TIMS/eTIMS generated tax invoices since any input VAT claim that is not validated through TIMS/eTIMS or against existing customs import declarations for import VAT claims will not be allowed. In this regard, we remind all Taxpayers of their obligation to issue electronic tax invoices and transmit the invoice details to KRA."
29,What is Stamp Duty?
29,Changes to Stamp Duty Payment to enhance Ease of Doing Business
29,"Stamp Duty is a tax levied on legal instruments such as cheques, receipts, military commissions, marriage licenses, property and land transactions. It is a payable in different rates depending on the nature of the instrument.

For transactional instruments that are prepared locally the tax should be paid within 30 days. However, for documents executed abroad and sent for registration locally, Stamp Duty must be paid within 30 days of receiving the documents."
29,Capital Gains Tax and Stamp Duty
29,Importance of Coordinated Border Management
29,Border Points in Kenya
29,"The Kenya Revenue Authority plays an important role in Coordinated Border Management (CBM) and is hosted within the Customs and Border Control Department. The Department carries out a variety of roles to ensure efficient coordination between border agencies which include facilitating international trade by providing expedited clearance of goods through simplified and harmonized Customs procedures such as the Integrated Customs Management System ICMS), Baggage and Cargo Scanners, K9 dogs among others.

Protection of Society has been enabled by ensuring that contraband and prohibited goods which can compromise the health and safety of the society as well as domestic industries do not get into the country’s market. For restricted goods, proper documentation has to be presented to Customs officers for them to gain access into the country’s borders"
29,Win-Win for Devolution
29,"The advent of devolution is considered a major milestone in the development of all regions in the Country. Take a trip round the country, and it will be obvious to you that the dividend of devolution is being realized; from infrastructure, to agriculture to expansion of health facilities as well as street lighting, just to name but a few. This emboldens the case for sustainability of the momentum already gained. It is without a doubt that more could have been achieved if more funding was availed to the County governments. Question is how will more funding be generated for County governments?

Whereas the County governments are largely financed from the exchequer, the scope of growth for this source of funding is limited due to other national priorities as well as international commitments that the Country undertakes. It is therefore imperative for County governments to generate additional financial resources from their own base. Evidence of great potential has been cited in many forums including the County Revenue Baseline study conducted by the Commission on Revenue Allocation, which concluded that in the FY 2014/15, County governments collectively raised Kshs. 33.8B against the potential of Kshs. 40.8B. This points to revenue mobilization challenge at the County level, requiring urgent attention."
29,"The Information, Communications and the Digital Economy Cabinet Secretary Hon. William Kabogo Gitau has officially opened the NG-CDF Mvita Jitume Digital Hub in Mombasa County,"
29,It's All Systems Go For The 2nd Edition Of The Connected Africa Summit (CAS) 2025
29,NEMA ordered to inspect polluting firms discharging waste into rivers
29,"Employers, universities to benefit from KNEC’s real-time certificate verification"
29,"CS Ruku puts North Eastern HR officers on notice over absenteeism, late reporting"
29,"Public Service, Human Capital Development and Special Programmes Cabinet Secretary Geoffrey Ruku has warned human resource officers against absenteeism and late reporting following a surprise inspection of government offices in Garissa.

During the visit to the Garissa Regional Offices and Huduma Centre, the Cabinet Secretary expressed concern over the absence of officers from their work stations during official reporting hours, noting that the situation was affecting service delivery."
29,LAUNCH OF THE REPORT OF THE SURVEY ON SOCIO-ECONOMIC IMPACT OF COVID-19 ON HOUSEHOLDS
29,"The World is battling to contain the Corona Virus disease (COVID-19) which has been ravaging the global economies. The first case of COVID-19 in Kenya was confirmed on 13th March 2020 and as of Monday, 18th May 2020 the confirmed cases stood at 912.

The disease which is highly contagious has led to many countries taking drastic measures in order to curb its spread. In Kenya, the Government has introduced a raft of measures including banning of all passenger flights, temporary closure bars, suspension of learning in all education institutions, dusk to dawn curfew, cessation of movement in and out of some high-risk areas among others."
29,"SHA disburses Sh5.05 billion to healthcare providers, including faith-based facitilies"
29,"The Social Health Authority (SHA) has disbursed Sh5.05 billion to various health providers, including Sh938 million to faith-based health facilities.

Health Cabinet Secretary (CS) Dr. Deborah Barasa stated that the Ministry of Health acknowledges the outstanding debts owed by the defunct National Health Insurance Fund (NHIF) to healthcare providers for services rendered to Kenyans."
29,Health-centred infrastructure key to safer communities
29,"Architects, engineers, planners, and quantity surveyors have been urged to place health, dignity, inclusion, and resilience at the heart of infrastructure development, as the built environment plays a critical role in shaping public health outcomes and community wellbeing.

Speaking during the opening of the Board of Registration of Architects and Quantity Surveyors Continuous Professional Development Seminar in Nairobi, the Principal Secretary for Public Health and Professional Standards emphasized that the design of buildings, roads, hospitals, schools, and public spaces directly influences the health, safety, productivity, and quality of life of communities."
29,"9,300 farmers to access cheap loans as Kirinyaga disburses Sh20m to saccos"
29,"More than 9,300 farmers in Kirinyaga County are set to benefit from enhanced access to affordable credit after the county government disbursed Sh20 million to 20 ward-based Savings and Credit Cooperative Societies (Saccos) as part of a wider economic empowerment programme targeting farmers, youth, women and vulnerable groups.

Speaking during the distribution exercise in Kabare, Kirinyaga County Governor Anne Waiguru said each of the county’s 20 wards received Sh1 million to strengthen farmer-owned Saccos and expand financial services that will enable members to invest in agriculture and other income-generating activities."
29,Government scales up bamboo planting to address flooding in Budalang’i
29,"Government has stepped up efforts to restore riparian areas along River Nzoia in Bunyala Sub- County, Busia County, as part of a broader strategy to curb persistent flooding and reduce human-wildlife conflict.

Speaking during the launch of a bamboo planting campaign in Budalang’i, Wildlife Conservation Secretary John Chumo said the initiative is aimed at rehabilitating degraded riverbanks and protecting communities living in flood-prone areas."
29,State unveils Sh4.6 billion initiative to enhance safety on Lake Victoria
29,"SITNA OMAR- KNA

The National Government has stepped-up efforts to enhance safety, transport, and economic opportunities along Lake Victoria through a Sh4.6 billion major infrastructure and training programme spearheaded by the Kenya Maritime Authority (KMA)."
29,Ministry and county governments commit to transform Kenya’s agricultural sector
29,"CHARI SUCHE- KNA

Agriculture and Livestock Development Cabinet Secretary Andrew Karanja and the Council of Governors, (COG) have resolved to enhance collaboration between the two levels of government to advance the transformation of the agricultural sector."
29,"Fire Department, Red Cross to train students on fire fighting procedures"
29,"BY MUTAI KIPNGETICH, KNA

The Kirinyaga County Fire Department and Kenya Red Cross will embark on a training program targeting students and the community on handling fire emergencies."
29,Kenya Maritime Authority set to boost maritime safety and security
29,"By Michelle Wanga (PCO)

The Kenya Maritime Authority (KMA) has received five state-of-the-art search and rescue (SAR) boats from the European Union (EU)."
29,Research on endangered indigenous fish species underway to improve food security
29,"Bertila Nyanchama and Jane Naitore- KNA

Kenya Marine and Fisheries Research Institute is carrying out a study on two endangered indigenous fish species in a bid to boost their population and improve food security."
29,Global polio cases fall to historic low as Rotary International pushes for final eradication drive
29,"Global polio cases have fallen dramatically from approximately 1,000 children infected each day to just 35 reported cases annually, thanks to coordinated international efforts led by governments, health agencies, and humanitarian organisations.

According to Rotary International, which has played a leading role in the fight against polio for decades, only two countries—Pakistan and Afghanistan—have reported endemic cases of the disease in recent years."
29,Homa Bay fast-tracks school land titles to guard against encroachment
29,"The Government has intensified efforts to secure land ownership for public schools in Homa Bay County through an accelerated land titling program aimed at protecting educational institutions from encroachment and boundary disputes.

Speaking during a sensitization meeting of school heads on title deeds acquisition held at Ogande Girls High School, Homa Bay County Commissioner Ronald Mwiwawi said the initiative seeks to accelerate the titling of public school land and simplify access to land services."
29,Leaders urged to nurture learners beyond academics
29,"Head of Public Service Felix Koskei has called on stakeholders in the education sector to work together in nurturing learners academically, morally and spiritually to achieve better educational outcomes in the country.

Koskei, who was the chief guest at an interdenominational prayer service for senior schools in Chemase Zone, said education remains a critical pillar of national development."
29,FIS 2020 Report
29,"Kenya accelerates security reforms across police, NYS, prisons"
29,"Over half of Kenya’s ambitious security sector reforms have been implemented, the National Steering Committee chaired by Principal Secretary Dr. Raymond Omollo has reported.

The changes, affecting the National Police Service, Kenya Prisons Service, and the National Youth Service, are already 55 percent complete."
29,Internal Audit Department
29,"Internal Auditing in Government was in operation prior to independence, but was discontinued following the Economic Commission Report of 1962. The system was re-introduced in 1984 when it became apparent that its absence had contributed to laxity in the management of public resources, compliance with the relevant laws, regulations & procedures, and a general lack of effective internal control systems. In 1995, the Internal Audit Department was re-organized and renamed Audit Inspectorate. Internal auditors were clustered in units from where they conducted audit inspections. In 1997, the department was restructured and decentralised and placed under the ambit of the National Treasury, where it remains to date. The Internal Auditor General Department (IAGD) of the National Treasury supports Accounting Ofﬁcers and AIE Holders in the Ministries, Departments, and Agencies in the effective discharge of their responsibilities by evaluating and reporting on the effectiveness of the internal controls systems implemented by Accounting Ofﬁcers and AIE Holders"
29,FIRST EVER CENSUS FOR TVET INSTITIONS iN KENYA.
29,Korean Ambassador to Kenya Pays University Education and Research PS Amb. Nabukwesi Courtesy Call
29,"rincipal Secretary State Department for University Education and research Amb. Simon Nabukwesi today met with Korean Ambassador to Kenya H.E. Amb. Yeonghan Choi during a farewell meeting in his Jogoo house office.

The PS hailed the cordial relations that have existed between Kenya and Korea and the efforts by individual entrepreneurs from Korea to invest in Kenya. The PS observed that currently Korea is in the process of constructing the Kenya Advanced Institute of Technology at Konza (KAIST) a postgraduate only Public university which is modelled from the Korean KAIST. The University ones established will offer research opportunities for postgraduate students established especially in STEM related courses. “The establishment of the university is aimed at meeting the shortage of highly skilled engineers, needed in the country and the region, to drive Kenya into an industrialized nation by 2030”said the PS."
29,"Holistic education that is rooted in values, academic excellence,"
29,"The private sector and faith-based organisations have been instrumental in complementing the Government’s efforts in promoting access to education at all levels. They have established and invested in institutions from the basic to tertiary education levels.

This morning, at the Commission for University of Education in Gigiri, Nairobi, the Cabinet Secretary for Education, Julius Migos Ogamba, awarded a Letter of Interim Authority to Consolata International University, which is sponsored by the Consolata Missionaries."
29,PS Lauds Dual Training saying that Tremendous Steps have Been made to roll it out Across all TVET institutions
29,"Principal Secretary State Department For Technical, Vocational Education and Training (SD-TVET) Dr. Esther Thaara Muoria has said that tremendous steps have been made in linking TVET institutions with industries in Kenya in order to effect dual training.

The PS who spoke during the monitoring and evaluation reporting on TVET key priority areas exercise held at Siaya Institute of Technology in Siaya County said that SD-TVET in partnership with GIZ has so far linked numerous TVET institutions with industries and that the institutions are currently training for and with the industries."
29,Government Committed to Safeguarding Personal Data Privacy and Security
29,"The Ministry of Information Communications and the Digital Economy through the Office of the Data Protection Commissioner (ODPC) is committed to safeguarding personal data privacy and security, pursuant to the Data Protection Act of 2019.

ICT and Digital Economy Principal Secretary Eng. John Tanui pledged of the Ministry's continued support in ensuring that ODPC fully executes its mandate of safeguarding data privacy."
29,Strengthening Support for Peace Processes in the Great Lakes Region
29,"Dr. Ed Barnett MBE, Deputy High Commissioner, British High Commission in Nairobi and Permanent Representative to UNEP and UN-Habitat, has today paid a courtesy call on Hon. Charles Keter, the President's Special Envoy for the Great Lakes Region.

During the meeting, the two leaders cognisant of the strong Kenya–UK relations and partnership across various sectors, including trade, peace and security, exchanged updates on ongoing peace initiatives within the Great Lakes Region. The UK has pledged to strengthen support for peace processes in the region, with a particular focus on Sudan, South Sudan, and the Democratic Republic of Congo."
29,Communicate Comprehensively about the Government's Agenda and it's Achievements
29,"The Principal Secretary, Broadcasting and Telecommunications, Prof. Edward Kisiang’ani has urged Government officials and the Media fraternity to inform Kenyans about the Government’s Agenda and its achievements to ensure they are well versed in the developments taking place countrywide.In his address at a Media briefing event, the PS highlighted various achievements by the Government aimed at empowering Kenyans and improving the quality of their lives. Notably, he remarked of the low inflation rate.PS Kisiang’ani emphasized on the importance of understanding the Government’s Agenda in order to communicate objectively and truthfully to avoid misconceptions of the projects that are being rolled out.“We must speak the same voice the President is speaking. But to speak the same voice with the President, you must understand what he is talking about and what he wants us to do,” he stated.The PS appreciated the significant influence of the media and Government officials who interact with the public up to the grassroots level and called upon them to speak positively of the progress made so far by the Government.

Our Contacts"
29,Statistical Abstract 2018
29,Kenya STEPwise Survey for Non Communicable Diseases Risk Factors 2015 Report
29,The launch of the FY 2026/27 and Medium-Term Budget Preparation Process
29,"The launch of the FY 2026/27 and Medium-Term Budget Preparation ProcessThe National Treasury Cabinet Secretary Hon. John Mbadi was joined by the National Treasury Principal Secretary Dr. Chris Kiptoo , Principal Secretary for Economic Planning Department, Dr. Boniface Makokha, Hon. Samuel Atandi the Chairman of the Budget and Appropriation Committee, Principal Secretaries/Accounting Officers across government, Senior Officials, Development Partners and Kenyans for the launch of the FY 2026/27 and Medium-Term Budget Preparation Process at the Kenyatta International Convention Centre, Nairobi, Kenya.

Kenya's annual budget-making process is a continuous cycle of formulation, approval, implementation, and audit, guided by the Constitution and the Public Finance Management (PFM) Act.This process begins in August with the National Treasury issuing guidelines and culminates with the Parliament approving the Appropriation Bill and the government raising revenue through the Finance Bill. Public participation being a mandatory and integral part of the entire process at both national and county levels, we thank all Kenyans who came to KICC or followed the event live for their commitment to a transparent, efficient and inclusive budget process."
29,Kenya Showcases Climate-Security Model at Africa Climate Summit
29,"Kenya has positioned itself at the forefront of linking climate change to national security, unveiling an innovative model that embeds climate resilience at the grassroots level during the Second African Climate Summit (ACS-2) taking place in Addis Ababa, Ethiopia.

Dr. Raymond Omollo, the Principal Secretary in the State Department for Internal Security, spoke on the sidelines of the Africa Climate Summit where he highlighted the Kenya's National Climate Change Security Resilience Programme (NCCSRP) as a groundbreaking program that combines environmental protection with governance and peacebuilding."
29,"Bilateral meeting with Birgit Pickel, Director-General for Africa at Germany's Federal Ministry for Economic Cooperation and Development."
29,"This evening, on the sidelines of the Spring Meetings , PS Dr. Chris Kiptoo engaged in a bilateral meeting with Birgit Pickel, Director-General for Africa at Germany's Federal Ministry for Economic Cooperation and Development (BMZ).

The meeting reinforced the strong and enduring partnership between Kenya and Germany, which has been cultivated since 1964.Germany has played a key role in Kenya's development, providing over EUR 2.5 billion in financial and technical assistance through KfW (Germany Development Bank) and GIZ (Technical Cooperation Agency). This collaboration spans vital sectors, including climate and energy, agriculture, health, water and sanitation, and youth employment."
29,Background
29,E-Citizen
29,"The Government Digital Payments Unit is a Unit under the Directorate of Accounting Services and Quality Assurance of the National Treasury. As per the Gazette No. 400 of 12th January 2018, the Unit reports to a Steering Committee which is chaired by the PS/National Treasury. The Unit mandate is to digitize all payments into Government with an aim to increase revenue collection, minimize the cost of collection and enhance service delivery. Since its inception in 2014, over 17 Million applications have been processed and over Kshs 95 Billion have been collected through the online portal, www.ecitizen.go.ke which is managed by the GDP Unit.

The benefits available to government from digitization of payments in terms of economic growth, increased government revenues and efficiency savings, serve as a call to action by the Government of Kenya to drive development of electronic payment systems. Globally, digitization is known to help agencies progress faster towards their policy goals free from the maze of bureaucracy. It is on this strength that the Government of Kenya is embarking on a number of reforms to increase its operational efficiency, grow revenues and transform service delivery within the public sector. Government Digital Payments Programme is one such reform being implemented by the Kenyan Government."
29,About
29,Kenya Commended on School Meals Milestones
29,Profile & History
29,"History and Evolution of The National Treasury

The origins of the National Treasury date back to pre-independence Kenya. The Oliver Lyttleton Constitution of 1954 established the Ministry of Finance and Development, marking the start of a structured financial administration in the country. Since then, the Ministry has experienced various changes, though its core functions have stayed consistent. Notably, the Treasury and the State Department of Economic Planning—now combined within the Ministry—have historically operated either together under one institution or separately, depending on the administrative framework in place."
29,Former Cabinet Secretaries/ Ministers of Finance
29,KRA RENOVATES PAEDATRIC WARDS TO IMPROVE KENYA’S CHILD HEALTHCARE
29,"The United Nations replaced the Millennium Development Goals (MDGs) with the Sustainable Development Goals in 2012 as a bold commitment to finish the good work started by the MDGs. The 17 Sustainable Development Goals (SDGs) are a global strategy to end poverty, protect the earth and ensure that everyone enjoys peace and prosperity. They are a call to action to shift the world onto a more sustainable path. One of the goals is good health. The goal focuses on ensuring healthy lives and promoting well-being for all people of all ages. This includes reducing premature deaths due to non-communicable diseases by a third in the year 2030.

In Kenya, the government has made tremendous efforts in addressing persistent health priorities such as maternal and child health, as well as communicable diseases like malaria, HIV/AIDS, and tuberculosis."
29,Government unveils Sh3bn plan to revamp Nairobi’s aging water infrastructure
29,"Over 300,000 residents in Nairobi’s western corridor are set to benefit from improved access to clean, safe and reliable water supply, as well as enhanced sanitation services, following the signing of the Western Nairobi Water and Sewerage Project contract at the Athi Water Works Development Agency (AWWDA).

Funded in partnership with the French Development Agency (AFD) to the tune of Sh3 billion, the project seeks to address long-standing infrastructure gaps in some of the city’s fastest-growing areas while strengthening Nairobi’s urban water security."
29,Treasury outlines strategies for growth amid high debt and climate change risk
29,"The National Treasury and Economic Planning has conducted a public-sector hearing for the Financial Year 2025/2026 and the medium-term budget.

The National Treasury and Economic Planning CS John Mbadi noted that the country still faces challenges such as high debt levels and the impact of climate change, which poses significant risks to the region’s agriculture, tourism and other sectors."
29,Inter-Governmental Fiscal Relations﻿
29,"The interface between the two levels of government which includes aspects of oversight or coordination of matters relating to Public finance management, funds disbursement to county governments, revenue sharing, among others are some of the functions of the Intergovernmental Fiscal Relations Department (IGFRD) of the National Treasury.

It is the focal point within the National Treasury in fulfilling the National Government’s constitutional mandate in the coordination and oversight of intergovernmental fiscal relations and ensure harmony in the public financial management of the National and County Governments as required by Article 1 of the Constitution of Kenya."
29,Nairobi County Conducts First Fire Safety Drill in 15 Years at City Hall
29,"Nairobi, 26th August 2025

Nairobi City County Government today conducted its first fire safety drill in more than 15 years at City Hall and City Hall Annex, reaffirming its commitment to disaster preparedness and workplace safety."
29,MAKUENI-COUNTY-STATISTICAL-ABSTRACT
29,"Health Ministry steps up nationwide ‘Epuka Uchafu, Afya Nyumbani’ disease-prevention campaign"
29,"JUDY SHERI -PCO

The Ministry of Health has stepped up its nationwide disease-prevention campaign with the activation of the Epuka Uchafu, Afya Nyumbani initiative in Kiambu County, underscoring its commitment to community-centred, preventive public health interventions."
29,State expands Social Health Insurance Fund to cover drug rehab costs
29,"The Cabinet Secretary for Health Deborah Barasa has called on Kenyans to enroll into Taifa care cover aimed at ensuring addicts seeking rehabilitation can be treated as the fight against alcohol and narcotics use in the country intensifies.

The CS was speaking in Nanyuki where she launched a three-day sensitization, public awareness and capacity building on drugs and substance abuse workshop."
29,Kenya Red Cross and County strike deal to manage climate change disaster response
29,"The Kenya Red Cross and the County Government of Nandi have identified water and environment as key areas of partnership in mitigating the effects of climate change that negatively has impacted locals and the neighbouring counties.

High level KRCS team led by its Secretary General Dr. Idris Ahmed and Nandi Governor Stephen Sang agreed that a well-managed environment and water was key in Nandi as its position determines rain distribution in the region."
29,Gov't commissions key animal feed facility to strengthen dairy industry
29,"Kenya has commissioned an animal feed manufacturing facility in a move seen as a key step toward doubling national milk production, strengthening feed standards, and positioning the country as a regional livestock powerhouse.

The Sh3 billion De Heus Animal Nutrition factory in Athi River was officially commissioned by Cabinet Secretary for Agriculture and Livestock Development Mutahi Kagwe, who described the investment as part of a broader structural reform in Kenya’s livestock economy."
29,Farmers urged to seek loans from government institutions
29,"Cooperatives and Micro, Small and Medium-Sized Enterprises cabinet secretary Wycliffe Oparanya has called on cooperative societies to seek loans from government institutions to undertake value addition for their products.

Oparanya cited the Kenya Industrial Estates (KIE) which has Sh3 billion in their accounts, saying the organization gives loans of between Sh100,000 - Sh20 million to organized groups."
29,"15,000 farmers get hands-on training for high-yield beans"
29,"The Kenya Agricultural and Livestock Research Organisation (KALRO) is partnering with the International Center for Tropical Agriculture (CIAT) to train over 15,000 farmers in proper agronomic practices for the ‘Nyota’ bean variety.

The initiative aims to boost productivity, promote climate-smart farming, and help farmers cope with the impacts of climate change."
29,Government unveils digital hubs at Kakamega polytechnics
29,"The Government has unveiled two digital hubs at the Kakamega County Polytechnic and Shianda Polytechnic in a bid to enhance access to digital technology and enable the youth to learn, connect and monetize through digital space.

The Prime Cabinet Secretary and Cabinet Secretary for Foreign and Diaspora Affairs, Musalia Mudavadi, who led the launch, said the development of high end Jitume ICT digital hubs is a groundbreaking initiative being implemented by the Konza Technopolis Development Authority, under the Ministry of Information Communications and the Digital Economy in all technical and vocational training institutes."
29,Cleaning Nairobi City
29,"As the population of Nairobi grows, so does the amount of solid waste. Currently, the population of the city stands at approximately 5 million, with each individual generating about 0.62 kgs of garbage per day.

By the year 2030, we will be producing 3,990 tons every day. Past regimes at City Hall largely focused on collection and disposal. Involvement of the public was limited. The Constitution of Kenya emphasizes on public participation and the need to empower the citizens in formulation and implementation of decisions and policies that affect them. It is because of this that today we want to remind you that provision of quality services in Kenya is in your hands. It is you, the residents, visitors, industries, traders and all others who generate waste. Indeed the ‘Environmental Management and Co-ordination Act’ entitles an individual to a clean and healthy environment, but also says that the same individual is responsible to care for the environment. My government will prioritize solid waste management services. We will strive to secure greater financial support from the National government. We will also empower Community Based Organizations, youth groups, resident associations and corporate bodies to play a bigger role in management of our environment. To promote good environmental practices, all recovered illegal dumpsites are being converted into either recreational grounds or beautification islands across the City. The former Kangemi Cemetery grounds and Komarock Canal are good examples. These areas used to be illegal dumpsites for many years before my administration reclaimed and converted them to parks. Our children are now enjoying recreation facilities within their neighborhood. Other areas undergoing similar reclamation include Kamukunji grounds, Eastleigh First Avenue and Spine Road in Kayole. My administration is indeed fully committed and determined to bring services closer to the people. Our beautification programme has won worldwide recognition and, for that, I thank all of you gathered here today. Let us continue to work and not be discouraged. But we shall not be afraid to say when we feel we have been attacked unfairly. It is therefore, my humble request that, as we continue this noble activity of monthly clean-ups, we shall build personal values and responsibility for our environment. I seek your support and co-operation in ensuring that we regain and restore the status of Nairobi as ‘The Green City in the Sun’. I encourage you to keep on participating in the monthly clean-ups which are undertaken every first Saturday of the month in all electoral Wards. Always remember “My Waste My Responsibility”."
29,Ministry reviews Public Service Policy on HIV/AIDS to support affected workers
29,"The Ministry of Public Service and Human Capital Development is reviewing the draft Public Service Workplace Policy on HIV/AIDS and related diseases to align it with current health issues affecting public servants.

The policy aims to ad dress the challenges faced by public servants infected with HIV/AIDS and related diseases in the country, providing a clear framework for HIV/AIDS response."
29,Counties push for a bigger share of the Tourism Promotion Fund
29,"County governments are currently lobbying to have the Sh5.9-billion Tourism Development Fund released equitably to the devolved units to support the improvement of tourism product in the counties.

Nyeri County Executive Committee Member in charge of Trade Tourism, Culture and Cooperatives Daina Kendi says that since tourism products are mostly domiciled in counties, it would make more sense if the Ministry of Tourism and Wildlife adopts a model similar to the one used by the Exchequer to allocate equitable share to counties, to channel more money to county departments of tourism to support the development of cultural and tourism sites within the counties."
29,Nairobi City County and CCGD Forge Partnership to Establish Childcare Facilities in Local Markets
29,"Nairobi, Friday 25th 2024:

Nairobi City County Government has held engagements with the Collaboration Centre for Gender and Development (CCDD) towards establishing a partnership for the benefit of the business community in the County’s Markets. Under the proposed partnership, the CCGD will provide funding in supporting the County Government establish Childcare Facilities in selected markets across the County. The center will also provide funding for running the centers including nutritional support, caregivers and ancillary utilities. The engagement forum convened by Director Donor coordinator and Stakeholder Engagement brought diverse departments including Markets, Children Services, Gender Based Violence, Public Health, and Medical services, Environment, Legal and Sub county Administration among others. An instrument of partnership is being developed to facilitate the proposed collaboration."
28,KRA implement measures in fight against COVID-19 at the Borders
28,"Kenya Revenue Authority (KRA) has instituted measures to support the Government initiatives aimed at managing the spread of COVID-19 at ports of entry and transit corridors countrywide.

The Authority, which is the Lead Agency at the Land Borders, has put in place the following measures to ensure safety and trade facilitation:"
28,Commissioner Customs and Border Control
28,Kenya and India Strengthen Customs Cooperation to Accelerate Trade and Enhance Border Security
28,"The Kenya Revenue Authority (KRA), through its Customs & Border Control Department, has entered into a landmark Memorandum of Understanding (MoU) with the Central Board of Indirect Taxes and Customs (CBIC) of the Republic of India to enhance cooperation in the exchange of Pre-Arrival Information (PAI) on goods traded between the two countries.

The agreement, signed on behalf of KRA by the Acting Commissioner General Dr. Lilian Nyawanda and on behalf of India by H.E. Mr. Yogendra Garg, Member (Customs), CBIC, marks a significant milestone in Kenya–India trade relations and reinforces both countries’ commitment to modern, technology-driven customs administration. For KRA, this development represents a transformative step towards smarter, data-enabled customs operations, allowing for expedited clearance of compliant consignments while strengthening the detection and prevention of illicit trade."
28,Suspects charged with forgery of KRA VIP parking stickers
28,"PRESS RELEASE 25/03/2022

Did you find this content useful?"
28,"PRESS RELEASE 22/03/2022

Did you find this content useful?"
28,KRA to support Counties on revenue collection
28,"Kenya Revenue Authority (KRA) will collaborate with the County Government of Embu, in a move to enhance own-source revenue collection and capacity building.

During a courtesy visit to the Governor, Embu County Mrs. Cecily Mbarire, KRA’s leadership team led by Board Director Mr. Darshan Shah and the Ag. Commissioner General (CG) FCCA, CS Rispah Simiyu (Mrs) Advocate EBS, informed the Governor that KRA was moving towards converting the informal sector towards compliance."
28,Public Notice on iTax Unavailability
28,"Kenya Revenue Authority will carry out a routine maintenance on the iTax System. We therefore would like to notify taxpayers? and users of iTax that the system will be unavailable from Friday 12th October 2018 at 7.00pm to Saturday 13th October 2018, at 4.00pm.

We regret the inconvenience caused."
28,Stakeholder Sensitisation on Presumptive Tax
28,"Kenya Revenue Authority would like to notify the Public of the introduction of the Presumptive Tax which comes into effect on 1st January, 2019.

The tax is payable by persons who are issued or liable to be issued with a business permit or trade license by County Governments and whose turnover from business does not exceed five million shillings during a year of income. KRA invites members of the Public and interested stakeholders to attend sensitisation forums as follows:"
28,Tax Compliance Certificate Simplified Process
28,"PUBLIC NOTICES 15/01/2020

Address"
28,Taxation Made Simpler - Turnover Tax and Presumptive Tax
28,"PUBLIC NOTICES 07/02/2020

Address"
28,Filing of 2019 Income Tax Returns
28,"PUBLIC NOTICES 27/01/2020

Address"
28,"Exemption of Non-Resident Suppliers of Digital Services from the VAT (Electronic Tax Invoice) Regulations, 2020"
28,"PUBLIC NOTICES 19/08/2022

Address"
28,Electronic Tax Invoicing for Non-VAT Registered Persons
28,"Kenya Revenue Authority (KRA) wishes to remind the public that all persons carrying on business including those who are not registered for VAT are required to electronically generate and transmit their invoices to KRA via the electronic Tax Invoice Management System (eTIMS) from 1st September, 2023. With effect from 1st January, 2024, any business expenditure not supported by a valid electronic tax invoice shall not be deductible for income tax purposes.

To facilitate business continuity and allow for sufficient time for taxpayers to make adjustments in their systems and business operations, KRA wishes to notify non-VAT registered taxpayers that onboarding to the eTIMS platform will be available up to 31st March, 2024. During the onboarding period, penalties provided in law for failure to issue electronic tax invoices will not be imposed on the non-VAT registered taxpayers."
28,Guidance on Tax Exemption on Payment of Gratuity
28,"Kenya Revenue Authority informs the public that the Finance Act, 2025 amended the Income Tax Act to exempt payment of gratuity from income tax. This exemption applies to gratuity earned after 1st July, 2025. The following guidance seeks to provide further clarification on the tax treatment of gratuity earned prior to 1st July, 2025 in light of the exemption -

1. Gratuity earned or relating to periods prior to 1st July, 2025, even where payment is made after this date, is chargeable to tax. The gratuity is taxed as part of employment income and is taxable in the year it was earned. This means that where gratuity is paid to an employee, it should be spread to the period to which it relates, up to four (4) years back, and any remaining amounts relating to periods beyond four (4) years shall be deemed income of the fifth year. The gratuity will then be taxed at the applicable tax rates in the respective years."
28,Impact of COVID-19 on the Future of Work
28,"In the last few months, the coronavirus pandemic has upended the daily lives of people around the world. Companies and organizations have had to play a key role in protecting employees' health and safety. The economic impact of the virus has led to new categorizations of essential workers, a large-scale move to remote work, and skyrocketing unemployment that is expected to continue increasing.

Amid stay-at-home orders across the country, non-essential office workers have ditched their daily commutes to work from dining room tables, couches, and beds in their own homes. Many may find themselves in this situation for the long haul, as companies struggle to find a path forward while restrictions slowly lift."
28,Checks & balances | official and safe products only
28,Crop protection application accuracy : equipment calibration
28,"All the reports mentioned earlier are stored both digitally as well as physically. Next to that PSA also keep records of the purchase orders, invoices and delivery notes of all the materials used. All materials are only purchased from official distributors of crop protection & crop nutrition means. This means PSA is certain it is supplied with the official safe and accredited input materials and it has no risk of using counterfeit, illegal and / or toxic products. Off-takers and their customers are ensured the potatoes are produced according to the highest food safety standards. Frequent inventory checks are performed by PSA’s financial department. This ‘checks and balances’ system is to make sure what we report in our production unit is also confirmed by our financial department.

Naturally PSA also has all the importation documents of the basic seed from the Netherlands and all KEPHIS seed certificates. In other words: a complete paper trail is available from imported basic seed, used crop nutrition, crop protection, various reports etc. for each produced Kenyan potato. Upon request the reports can be shared with its customers, for instance in case it is required by modern retailers (for instance for audit purposes)."
28,Ready to supply high demanding modern retailers
28,"VAT

VAT recorded growth of 7.5% mainly driven by the expansion of withholding VAT framework which now encompasses almost 7,000 agents. Sectors that exhibited robust growth include telecommunications, transport and energy, while depressed growth was recorded in agriculture, manufacturing, construction and mining sectors. VAT has consistently performed strongly since 2013 with annual growth averaging 21.5 %."
28,Income Taxes
28,Ministry of Defence marks KDF Day with family support initiatives
28,Government rebranding KIMC as a premier hub for media and communication training
28,"The Government is formulating the Kenya Institute of Mass Communication (KIMC) Draft Bill, 2024 that proposes the rebranding of the Institution as the Kenya School of Communication to expand its mandate in media and communication training.

Speaking as the chief guest during the KIMC graduation ceremony in Nairobi, the Cabinet Secretary, Ministry of Information, Communications and the Digital Economy, Dr. Margaret Nyambura Ndung’u revealed that once enacted, the Bill will transform the Institution comprehensively, allowing it to better prepare the next generation of media professionals."
28,Health experts alarmed by rise in eye and throat infections in Central
28,"Health experts have raised concern over the increasing number of eye and throat-related illnesses in Central Kenya, warning that delayed diagnosis of eye conditions could lead to serious complications, including blindness.

Doctors say cases of eye diseases, particularly cataracts, are on the rise, a trend they partly attribute to the region’s proximity to the equator and increased exposure to harmful ultraviolet (UV) radiation."
28,NPSC probes rising mental health concerns among police in Nyanza
28,"The National Police Service Commission (NPSC) is conducting a fact-finding mission in the Nyanza region following growing concerns over rising mental health challenges among officers.

The delegation, led by NPSC chairman Amani Yuda Komora, paid a courtesy call at the office of the Nyanza Regional Commissioner Flora Mworoa before embarking on their mission."
28,Kenya Boosts Climate-Resilient Healthcare with Pioneering Training for Experts
28,"By Elizabeth Ochanda (PCO)

The Ministry of Health, in collaboration with the World Health Organization (WHO), has successfully conducted a training of trainers (ToT) on climate change and health."
28,The 2nd Edition of the Digital Transformation Public Sector (DTPS) Forum and Awards Kicks Off in Mombasa
28,"The second edition of the Digital Transformation Public Sector (DTPS) Forum and Awards has kicked off in Mombasa bringing together over 2OO delegates.DTPS is an initiative by the Ministry of Information, Communications and The Digital Economy in partnership with Greydale Africa that brings together Principal Secretaries, Chairpersons, CEOs and Heads of ICT in Ministries, Departments and Agencies (MDAs) to promote the government’s digital transformation journey.The two day Forum was officially launched by ICT and Digital Economy Principal Secretary Eng.John Tanui and His Correctional Services Counterpart Dr. Salome Wairimu Muhia.In his keynote address, PS Tanui reiterated the government's commitment to fostering digital transformation through enhancing fibre optic connectivity, the connection of free public WiFi and installation of digital hubs noting the the government has installed over 7 under sea fibre optic cables.The PS further lauded the crucial role played by the private sector in driving the country's digital journey noting that the private sector has committed to installing 42, 00O kilometres of fibre in the country.DTPS aims to provide a platform for knowledge sharing and collaboration amongst public sector entities.This year's theme is ""Driving Efficiency through cross government Digital Collaboration""The awards recognize public sector organizations that have consistently leveraged technology to improve their effectiveness, efficiency, transparency, and service delivery to citizens.In attendance were Greydale Africa Managing Director Lavinia Muthoni; Office of the Data Protection Commissioner Immaculate Kassait; Secretary of Administration Esther Maina; ICT E-government and Digital Economy Secretary Mary Kerema.Also in attendance were Computer Revolution Africa Group CEO Simon Kinuthia; East Africa Intel Corporation Country Manager Susan Mbogo; among other representatives from the public and private sector.The Forum and Awards have been sponsored by the Amazon Web Services, CRA Group, Intel Company, Dell Technologies, Cloudplexo and Mitsuimi Distribution company.

Our Contacts"
28,Health advocates warn of tobacco industry tactics amid push for new law
28,"Public health advocates and government officials have intensified calls for the urgent enactment of the Tobacco Control Amendment Bill, 2024.

They have also raised concern over aggressive tactics by the tobacco industry aimed at derailing the proposed law."
28,Government to pay youth stipends for safeguarding tree seedlings
28,"The National Government, through the Ministry of Infor mation, Communications, and the Digital Economy, has promised to pay stipends to youths who will protect tree seedlings in the counties of Nandi and Kisii.

Hezron Nyamberi, Senior Deputy Secretary in the Ministry, revealed that funds will be set aside to pay a select group of youth scouts who will be involved in weeding and offering protection in tree-growing areas."
28,Mwala water project to end Ukambani water shortage
28,"The Government has confirmed its dedication to completing the Mwala Cluster Water Project in Machakos County, with construction now 93 percent complete and on track for commissioning within the next two months.

Speaking during an inspection tour, Water, Sanitation and Irrigation Cabinet Secretary Eng Eric Muriithi Mugaa said water scarcity remains one of the biggest challenges facing the Ukambani region, underscoring the urgent need for sustainable interventions."
28,"New bill seeks to boost livestock quality, safety"
28,"A new bill aims to strengthen Kenya’s livestock sector by opening up premium markets for livestock products.

If passed, the Animal Identification and Traceability (ANITRAC) Bill, 2026, will provide farmers with a modern, data-driven system for animal identification, registration, and traceability, while also facilitating disease surveillance to help eradicate livestock diseases."
28,300 Agripreneurs unveiled as part of BETA in Migori
28,"GEOFFREY MAKOKHA-KNA

The Chief of Staff and Head of Public Service, Felix Koskei, has said that the recruitment of Agripreneurs is in line with Kenya’s Bottom-Up Economic Transformation Agenda (BETA), which aims to prioritize agriculture, to ensure 100 per cent food and nutrition security for all Kenyans."
28,Kericho records major SHA uptake as residents register
28,"Kericho County has enrolled 586,568 residents under the Social Health Authority (SHA) programme, accounting for about 65 per cent of its target population of 901,777, officials have said.

Senior Registration and Complaints Officer, Leonard Rono said the County still needs to enroll an additional 35 per cent of its population to achieve universal coverage, urging stakeholders to intensify mobilization and public sensitization efforts."
28,Teacher coaching initiative launched to boost sports talent development in Kenya
28,"The Government is developing sports as a professional career path for young Kenyans after launching a training programme for teachers in Murang’a County.

The initiative, spearheaded by the Ministry of Sports in partnership with the Kenya Academy of Sports (KAS), seeks to train basic education teachers as coaches in various sporting disciplines so that they can identify, nurture and mentor talented learners from an early age."
28,Government moves to curb banditry as police college opens
28,"The State has established a National Government Administration Police (NGAP) tactical training college in Igembe North Constituency in a bid to end persistent banditry in the northern grazing zone.

Constructed at Rikithathia-Mutuati, the facility, which has already received its first batch of trainees, is expected to serve as a permanent security buffer zone in a region long plagued by cattle rustling and insecurity."
28,KRA launches solar energy unit to cut power costs at Malaba border
28,"The Kenya Revenue Authority (KRA), in partnership with TradeMark Africa (TMA) and the Swedish government has launched a major solar power unit at the Malaba one-stop border post reducing overreliance on electricity.

Malaba border post has been experiencing up to eight hours of electricity power outages, leading to delays in cargo clearance, increased smuggling of goods, and heightened insecurity for cross-border traders."
28,Poker Games At Australia Casino
28,Tourism Ministry partners with all 47 Counties to promote local tourism
28,"The Ministry of Tourism and Wildlife has partnered with all 47 county governments to identify and promote new tourism attractions and products to boost local tourism.

Tourism and Wildlife Cabinet Secretary (CS) Rebecca Miano said the collaboration seeks to encourage Kenyans to explore and appreciate the country's diverse beauty."
28,"State unveils plan to expand irrigation, boost farm output"
28,"The State Department for Irrigation has launched the National Irrigation Sector Investment Plan (NISIP), a transformative roadmap aimed at accelerating Kenya’s food security agenda, boosting agricultural productivity, and enhancing climate resilience through expanded irrigation development.

The plan targets an increase in the area under irrigation from 664,000 acres in FY 2021/2022 to 1,289,142 acres by FY 2027/2028."
28,State hands over Sh45m irrigation project to Wundanyi farmers
28,"Farmers in Wundanyi Sub-county, Taita-Taveta County, are set to benefit significantly after the Government officially handed over the Sh45 million Laghale Irrigation Project, a major step towards enhancing food security and boosting local agribusiness.

The Chief Engineer and Director of Irrigation and Drainage at the State Department for Irrigation, Eng. Bernard Onyango, led the final inspection and handover ceremony in Mbale, Mogho, and Sungululu sub-locations."
28,PS pushes for faster completion of CDA projects in Kilif
28,"Principal Secretary for the State Department for ASALs and Regional Development, Dr. Caroline Karugu Kiragu, has stepped up efforts to accelerate the completion of Coast Development Authority (CDA) projects in Kilifi County, as the government pushes to fast-track key infrastructure under the Malindi Integrated Social and Health Development Programme Phase II (MISHDP II).

The PS said major health and road infrastructure works under the Malindi Integrated Social and Health Development Programme Phase II (MISHDP II), including the Mjanaheri–Ngomeni Road launched by President William Ruto in May this year, remain a government priority."
28,Government boosts drought support in Northern Kenya
28,"The Government plans to expand its Drought Resilience Programme in Northern Kenya (DRPNK) after proposing a supplemental loan agreement with KfW Development Bank, aiming to enhance climate adaptation measures and strengthen livelihood support across the country’s arid and semi-arid regions.

The additional financing of nine (9) million EUR will raise the programme’s total funding from the current eight (8) million EUR secured in 2018 to 17 million (EUR) to support interventions aimed at enhancing community resilience, climate shocks and strengthening sustainable livelihood opportunities in drought-prone areas."
28,Statistical Abstract 2017
28,"This Abstract has been prepared by the Kenya National Bureau of Statistics. The tables have been compiled partly from statistics collected directly by the Bureau through Surveys and Censuses and also from statistics compiled by other Departments of Government and other organizations. The source of the statistical data is shown under each table. The Kenya National Bureau of Statistics is also responsible for the preparation of the Economic Survey and Leading Economic Indicators in which emphasis is placed on current statistics for which monthly and quarterly series are available.

In addition, reports are published on the various regular and ad hoc statistical surveys undertaken by the Bureau. Whereas these publications aim at providing statistical coverage of the important fields of economic, financial and social activity in Kenya, the published material may not meet detailed requirements of all users. Additional information, whenever available, will be supplied by the Bureau on request, although in certain circumstances, depending on the amount of work involved in extracting the required particulars, it may be necessary to make a charge. [wpdm_package id=4660 template=”link-template-calltoaction3.php”]"
28,LAUNCH OF THE 2015/16 KENYA INTEGRATED HOUSEHOLD BUDGET SURVEY (KIHBS) REPORTS
28,"The Kenya Integrated Household Budget Survey (KIHBS) was designed to collect key information for computation of updated poverty and inequality indicators, to update the labour force indicators, derive the consumer price index, and revise the national accounts information.

The survey was also aimed at providing data on key socio-economic aspects of the Kenyan population which include: education, health, energy, housing, water and sanitation. This data is critical to the national and county governments and private sector for the purpose of guiding investment and national development policy decisions. The basic report provides a reflection of the socio-economic status of the Kenyan population."
28,Government To Invest In Biotechnology To Enhance Agricultural Productivity
28,"The government is investing more in development of homegrown biotechnology innovations that will enhance agricultural productivity and promote food security in the country.

Ministry of Education Cabinet Secretary, Prof. George Magoha has said integration of science and technology plays a critical role in enhancing agricultural productivity and economic growth in the country, leading to the realization of the Big Four Agenda."
28,consultative Meeting with Higher Education Stakeholders
28,"Principal Secretary for Higher Education Dr. Beatrice Inyangala today held a consultative meeting with stakeholders from the Higher Education sector, which was attended by Vice Chancellors, the Commission of University Education (CUE) led by Professor Mike Kuria, and the Kenya University Colleges Central Placement Service (KUCCPS) CEO Dr. Agnes Wahome. The meeting was on the capacities of programmes in universities where matters on how to ensure that the institutions continued providing quality and sustainable education were discussed. Dr Inyangala emphasised on the need for the universities and the CUE and KUCCPs to work together to ensure that all students who qualified to join the university were registered and placed in their respective courses on time. CUE and KUCCPs are still in the process of ensuring that the placement of students is done before the deadline and the two SAGAs were optimistic that the exercise would be successfully completed with cooperation from the universities in the capacities of the programmes that they are offering."
28,NEW TVET STRATEGY AIMS TO EQUIP KENYAN YOUTH WITH SKILLS TO CURB CRIME
28,"The State Department for Technical, Vocational Education and Training (TVET) has introduced a master plan aimed at equipping youth in conflict-prone areas of Kenya with technical skills. This master plan, dubbed ""Skilling for Peace,"" will be implemented in all conflict-prone regions of the country.

Welcoming the strategy, Principal Secretary Dr. Esther Muoria noted that ""Skilling for Peace"" is an initiative whose time has come. She emphasized the need for perfect implementation to ensure that youth in conflict hotspots gain skills to avoid engaging in criminal activities such as cattle rustling and other vices."
28,Table 1: Number of Office of Career Services in Tertiary Educational Institutions
28,"This is a new programme that was developed in response to the COVID-19 pandemic, which unfolded a nationwide shock effect on the labour market. Technologies such as online collaboration tools merged to enable remote working in various jobs that once required person-to-person interactions. New occupations arose due to innovative workarounds for social-distancing restrictions. It thus created a paradigm shift in how work is undertaken. It is in this context, that the Department has developed a training programme to empower the youth with knowledge and skills on accessing and undertaking online employment effectively"
28,Kenya Pushes for Binding Climate Action at ICJ Conference
28,"Kenya Pushes for Binding Climate Action at ICJ Conference

Kenya has called for urgent, legally binding global action on climate change as government officials, legal experts, and international partners convene in Nairobi to examine a landmark advisory opinion by the International Court of Justice."
28,Mining reforms to target booming artisanal sector
28,"The State Department for Mining has launched a nationwide public participation exercise on proposed bills, policies and regulations aimed at transforming Kenya’s mining sector by attracting investment, strengthening occupational safety and environmental protection, and improving the welfare of miners and communities living near mining operations.

The proposed legislative reforms include the Draft Explosives Bill, 2026, the Minerals, Mining and Beneficiation Policy, the Explosives (Fees) Regulations, and the Mine Health, Safety and Environment Regulations."
28,The Quarterly Economic and Budgetary Review Report
28,"The Quarterly Economic and Budgetary Review Report (QEBR) is published in accordance with Section 83 of the Public Finance Management Act, 2012. The Act requires the National Treasury to submit the Report to the National Assembly and a copy of the report to the Controller of Budget, Auditor General and the Commission on Revenue Allocation, not later than forty-five days after the end of each quarter. The QEBR contains information on the financial and non-financial performance for the said quarter."
28,QEBR 2025-2026
28,KDF renovates schools in Laikipia to boost peace efforts
28,"The Kenya Defence Force (KDF) has embarked on the renovation and construction of classrooms in ten primary schools in insecurity-prone areas of Laikipia County as part of efforts to restore lasting peace in the affected regions.

Defence Principal Secretary Patrick Mariru, while commissioning the projects, said the classrooms would be completed and ready for use within two months."
28,Courtesy call by Korean International Cooperation Agency (KOICA).
28,"This morning, PS State Department for Public Service Mr Amos Gathecha received a delegation from the Korean International Cooperation Agency (KOICA), led by Director Mr. Janghee Im, for a consultative briefing aimed at deepening the collaboration between Kenya and Korea in technical assistance, training, and capacity development within the public service. Mr. Janghee expressed appreciation for the State Department's efficient and impartial management of scholarship programs, underscoring the importance of such partnerships.The Principal Secretary commended the Korean Government for its steadfast technical support in advancing human capital development within Kenya’s key priority sectors. He emphasized the need for further collaboration, particularly in areas such as water technology, agriculture, productivity, and mindset transformation, to drive the nation's growth and innovation. In attendance, were the Secretary HRD, Mr. David Njoroge, and Director HRD, Mr. Stephen Wambua, underscoring the shared commitment to fostering these vital partnerships."
28,Hon. Justin Muturi Presides Over FY 2024/2025 Performance Contract Signing for Principal Secretaries and State Corporations
28,"The Cabinet Secretary, Ministry of Public Service and Human Capital Development, Hon. Justin B.N. Muturi today morning presided over signing of the FY 2024/2025 performance contracts with the Principal Secretary Mr. Amos Gathecha and the Heads of Agencies marking the 21st cycle of public sector performance contracting. The ceremony took place at Harambe House where the CS emphasized the importance of performance contracts as tools for enhancing public service delivery. Highlighting the Government's commitment to efficient management and quality service provision, he underscored that performance contracts align Ministry’s operations with the Bottom-Up Economic Transformation Agenda (BETA), which focuses on economic turnaround and inclusive growth.

The CS reiterated the need for cascading performance targets from the Ministry level down to individual officers, ensuring alignment with key government priorities such as reducing the cost of living, eradicating hunger, creating jobs, and promoting digital and creative economies. He called for prudent resource utilization, fiscal discipline, and adherence to constitutional values such as accountability, transparency, and professional ethics."
28,PS Amos Gathecha launches KISM services in Huduma Centres
28,"Public Service & Human Capital Development PS Amos Gathecha, has today officially launched Kenya Institute of Supplies Management (KISM) services in select Huduma Centres, with the inaugural event taking place at the Machakos Huduma Centre. This milestone initiative brings essential KISM services closer to professionals in the supply chain sector and the general public, enhancing convenience and accessibility. Through integration into the Huduma Centre, individuals and organizations can now seamlessly access a range of KISM services, including: - Membership registration and renewal - Certification and licensing services - Information on Continuous Professional Development (CPD) programs - General inquiries and support During the launch, PS Gathecha called on Ministries, Departments, and Agencies (MDAs) that have not yet deployed their services in the 58 Huduma Centres countrywide to leverage the expertise of Huduma Kenya’s Universal Agents. These trained personnel are equipped to offer multiple services on behalf of MDAs, ensuring efficiency in service delivery. He also announced the rollout of Sub-County and Constituency Huduma Centres across the country, aligning with the Bottom-Up Economic Transformation Agenda (BETA) and Kenya Vision 2030. This expansion aims to extend government services closer to citizens at the grassroots level. The event was attended by KISM Council Member, the CEO of Huduma Kenya, Machakos Deputy County Commissioner, as well as staff from Huduma Kenya and KISM."
28,The 6th cohort of Essential Counselling Skills Program.
28,"The 6th cohort of Essential Counselling Skills Program for Human Resource Management and Development Officers and line managers from MDA’s & Counties officially kicked off today at the Kenya School of Government ( KSG) Embu Campus.Speaking on behalf of the Principal Secretary during the official opening, the Secretary Administration, State Department for Public Service Mr. Munyembo Mwachala said that the current mental health trends in the country pose a great concern with the rising number of suicidal cases.The public service being no exception is facing rising incidences of psychological disorders, depression and substance use disorder (SUD) which has led to the increasing frequencies of suicide, homicide and femicide cases among the public servants which in turn impacts negatively on work productivity.He said the government of Kenya introduced guidance and counselling services in the public service in 2006 to provide professional support to officers in resolving their emotional and workplace issues.Therefore, the Programme is specifically tailored for the human resource management and development officers and line managers who interact with public servants in their respective departments on a daily basis and therefore are at a vantage point to identify employees experiencing psychological challenges and offer Psychological First Aid (PFA) or refer appropriately. State Department for Public Service has trained 701 mental health champions in all Ministries Departments and Agencies who are doing a commendable job of providing psycho-social support to public servants in their respective workplaces. He reiterated that the programme is timely and aims to equip champions with basic counselling skills that are key in preventing and managing mental health and wellbeing issues of public servants at the workplace. In attendance was Ag. Secretary/Department of Counseling & Wellness Services Madam Grace Wanjiku and Deputy Director Embu Campus Dr. Fredrick Mukabi."
28,Economy
28,Governance
28,"Kenya embarked on a comprehensive programme of economic reforms designed to deregulate the economy and put it on the path of rapid employment generating growth. Sustained effort by the government to tighten fiscal and monetary policies since mid-1993 has been effective in stabilizing the economy and contributing to the revival of economic growth. Annual inflation has been contained to a single digit. Tight control on the budget has been accompanied by tax reforms aimed at reducing the tax rates and broadening the tax base.

On structural reforms, the government has since mid-1993 made significant strides. It has eliminated exchange controls including restrictions on inward portfolio investments and removed all trade restrictions, except for a short list of a few products controlled for health, security and environmental reasons."
28,Tourism
28,Insights into Kenya -UK Relations/ Strategic Partnership
28,"On 21st January 2020, H.E. President Uhuru Kenyatta and Prime Minister Boris Johnson agreed to elevate the Kenya UK relationship to a Strategic Partnership focusing on five strategic pillars: Mutual Prosperity; Security and Stability; Sustainable Development; Climate Change; and People to People where a five-year framework document was signed.

Over the last five years, the two countries have realised tangible achievements under the Strategic Partnership (2020-2025). Key among them include: setting up the Africa Green Industrialisation Initiative (AGII) worth £17 billion to drive green industrial economic growth in Kenya; the launch of the first G7+ country secretariat to establish Nairobi Railway City; and the launch of Dhamana Guarantee company to enhance access to climate financing for key Medium Term Plan IV sectors aligned to Kenya’s vision 2030 such as transport, water, renewable energy, and waste management to stimulate private institutional infrastructure investment."
28,Use of Geographic Information System and Geo-Spatial Technology in Managing and Mapping for the 2019 Kenya Population and Housing Census
28,"Provisional estimates of Gross Domestic Product (GDP) indicate that the economy expanded by 5.7 per cent during the first quarter of 2018 compared to 4.8 per cent in a similar quarter of 2017. The significant acceleration in growth was mainly attributable to improved weather conditions and a boost in business and consumer confidence after the conclusion of general elections in 2017.

From the supply side, growth was mainly driven by a recovery in activities of Agriculture as well as improved output in Wholesale and Retail Trade, Manufacturing, and Real Estate sectors. On the other hand, Financial and Insurance; Transportation and Storage; Construction; Electricity Supply; and Mining and Quarrying recorded marked slowdown in the growth. Growth of activities in the Information and Communication was robust while Accommodation and Restaurants slowed significantly but remained relatively strong.[wpdm_package id=4910 template=”link-template-calltoaction3.php”]"
28,"Acting Secretary ICT, Digital Governance and Data Governance Directorate"
28,"Bernard Kipngeno Rotich is an ICT executive with over 20 years of experience in driving digital transformation within Kenya’s public sector. Currently serving as the Acting Secretary for the ICT, Digital Governance, and Data Governance Directorate, he previously held the position of Director of Systems Audit and Control at the Ministry of ICT and Digital Economy. He is instrumental in developing and implementing ICT governance policies, risk management frameworks, and secure IT systems that align with national development goals. Bernard’s expertise spans systems audit, compliance, and project management, complemented by a robust academic background that includes an MBA in Management Information Systems from Unicaf University and an MSc in Information Sciences from Moi University. He has successfully spearheaded impactful projects such as the Kenya Education Cloud and the National Education Management Information System (NEMIS), which have revolutionized education and governance processes.

An accomplished leader and innovator, Bernard is dedicated to leveraging technology to enhance efficiency, transparency, and service delivery in government. His technical expertise, certifications like ITIL and Prince2 Agile Practitioner, and leadership acumen have enabled him to mentor teams and collaborate effectively across departments. Passionate about innovation, Bernard has a proven track record of delivering citizen-centric e-Government solutions while ensuring system resilience and security. Outside work, he enjoys traveling, mentorship, networking, and community service, reflecting his commitment to personal growth and societal development."
28,"The Leading Economic Indicators highlights trends in Consumer Price Indices (CPI) and inflation, interest rates, exchange rates, international trade, agriculture, energy, manufacturing, building and construction, tour-ism and transport. The total number of visitors arriving through Jomo Kenyatta (JKIA) and Moi International Airports (MIA) in-creased to 105,862 in December 2017 from 72,573 in November 2017. The number of passengers who landed at Jomo Kenyatta International Airport (JKIA) increased from 179,477 in October 2017 to 179,549 in November 2017, while passengers who embarked decreased from 108,770 persons to 108,757 persons in the same period. The total number of vehicles registered increased to 23,264 in December 2017 from 22,954 in November 2017. 14,013 motorcycles and 5,800 station wagons were registered during the month of December 2017.[wpdm_package id=4695 template=”link-template-calltoaction3.php”]"
28,Southern Eastern Africa Higher Education Centers of Excellence (Ace II) projects.
28,"Pan African University Institute of Basic Sciences, Technology and Innovation (PAUSTI) Project under DUE"
28,"The ACE II project is resident in the Directorate of the University Education(DUE) and is jointly funded by the Government of Kenya and the World Bank through a credit facility. Three centers have been established in Kenya namely; Egerton University and Jaramogi Oginga Odinga University of Science and Technology which are implementing projects dealing with food security while the third center is Moi University which deals with renewable energy. The project was declared effective from 4th February, 2017 and will close in June 2022.

The three Centers, Egerton University, Jaramogi Oginga Odinga University of Science and Technology and Moi University already received funds and have commenced the project. The main objective of the project is to strengthen the Centers of Excellence by delivering quality post-graduate education and collaborative research in collaboration with industries. The three Centers have altogether enrolled 238 Masters and 104 PhD Students from Kenya and the region."
28,Project background
28,Quarterly Gross Domestic Product Report Third Quarter 2017
28,"Kenya’s economic growth is estimated to have decelerated to 4.4 per cent in the third quarter of 2017 compared to 5.6 per cent in a similar period of 2016. During the quarter, the macroeconomic fundamentals remained largely stable and supportive of growth. However, uncertainty associated with political environment coupled with effects of adverse weather conditions slowed down the performance of the economy. As a result, most sectors of the economy posted slower growths during the quarter under review compared to the same quarter of 2016.

The period under review registered the slowest growth since the fourth quarter of 2013 mainly due to suppressed performance in key sectors of the economy. Financial and insurance activities recorded the largest deceleration from 7.1 per cent in third quarter 2016 to 2.4 per cent in the period under review. Other industries that recorded notable slowdown include; manufacturing; health; accommodation and food services; mining and quarrying and education. On the other hand, accelerated growths were recorded in; professional, administration and support services; public administration; and real estate activities."
28,How is the National Budget prepared?
28,Which are the services provided by The National Treasury?
28,"The formulation and preparation of the Budget involves development and submission of key documents for approval by Cabinet and Parliament. The process is guided by the budget calendar which stipulates timelines for a number of key activities to be undertaken in order to finalize the Budget and submit it for approval by 30th April of each financial Year. The budget calendar is usually contained in the Treasury circular issued in accordance to Section 36 of the Public Finance Management Act, 2012."
28,How is Pension administered for Civil Servants in Kenya?
28,"Quarterly Balance of Payments First Quarter, 2018"
28,Nairobi City County Explores Strategic Partnership with Shandong Police College for Security Excellence and Tech-Based Training Initiatives
28,"Nairobi Monday, January 23, 2024

The Department of Donor Coordination and Stakeholder Engagement today engaged the leadership of the Shandong Police College of the People’s Republic of China on possible areas of cooperation with NCCG in upscaling the County’s Inspectorate School into the proposed Centre of Excellence for Safety and Security Studies. The session was attended by senior officers of the County’s Security and Compliance. The Shandong College Vice President Ms. Sui Congong expressed the College’s commitment to Tech based security training that meets global standards in supporting safety, security and socio economic development. We are excited to consider the possibility of training programmes targeting the unique needs of Nairobi City in the near future”."
28,Relief for farmers as State moves to clear Sh6.8 billion coffee debt
28,"The Government has moved to clear Sh6.8 billion in verified coffee debts as part of a broader reform agenda to stabilize the sector and boost national production.

Cabinet Secretary for Cooperatives and MSMEs, Wycliffe Oparanya, announced that only audited and legitimate claims will be honoured, warning that fictitious loans will not be covered and could trigger prosecution."
28,Education experts call for changes to improve basic learning in schools
28,"Kenya’s education stakeholders have renewed calls for urgent reforms to strengthen foundational learning, as the country convened its inaugural National Foundational Learning Conference in Mombasa, under the theme “Launch, Learn, Lead: Strengthening Foundational Learning in Kenya.”

The forum brought together policymakers, educators, county leaders, and development partners, all united by a shared goal: ensuring every child acquires basic literacy, numeracy, and socio-emotional skills."
28,Health Ministry pushes for Sh2bn to support maternal health programme
28,"The Ministry of Health is seeking Sh2 billion from the National Treasury to finance the nationwide rollout of an enhanced maternity package targeting low-income mothers.

Speaking in Naivasha during an engagement with Senators, the Cabinet Secretary for Health, Aden Duale, said that while Kenya has made notable progress in reducing maternal mortality, significant disparities persist, particularly in underserved communities and Arid and SemiArid Lands (ASAL) counties."
28,Government releases Sh4.6b for Inua Jamii cash stipends
28,"The Ministry of Labour and Social Protection has released Sh4.6 billion to beneficiaries of the Inua Jamii Cash Transfer Programme.

The funds, channeled through the State Department for Social Protection and Senior Citizen Affairs, cover arrears for June and July 2025 and target more than 1.1 million vulnerable Kenyans, including senior citizens aged 70 and above, orphans, vulnerable children, and persons living with severe disabilities."
28,Nakuru county roots for 'sponge cities' to combat climate-fueled floods
28,"KNA by Esther Mwangi

Nakuru County is embracing the ""sponge city"" concept to combat the adverse effects of climate-change and help promote sustainable social, economic, and water climate resilience to accelerate climate change adaptation."
28,"Government unveils five-year plan to revitalize agricultural irrigation, ensure food security"
28,"The Government is developing a five-year strategic plan to revamp the agricultural irrigation sector and ensure food security in the country.

State Department for Irrigation Principal Secretary (PS) Ephantus Kimotho said the National Irrigation Sector Investment Plan (NISIP) is currently undertaking nationwide public participation, while outlining the roadmap towards the realization of the agricultural potential in the country particularly in ASAL areas."
28,New solar dryers in Nyeri County cut coffee drying time and costs
28,"Nyeri County is tapping solar energy as one way of tackling the adverse effects of climate change.

Through the initiative, spearheaded by the Department of Climate Change and part of the Financing Locally Led Climate Action (FLLoCA) two solar dryers have been constructed at the Chorongi and Thageini Coffee Factories to help reduce the drying time of cherry beans by half and at the same reduce labour cost."
28,How a Machakos police officer is fighting crime and climate change
28,"Many people see the role of the police as solely maintaining law and order and protecting lives and property. However, for Julius Mwenda, a police officer based in Machakos County, his commitment extends beyond traditional law enforcement.

Driven by a deep passion for the environment, Mwenda has taken an active role in conservation and climate change initiatives, earning him both local and international recognition."
28,Fish farmers call for more support in aquaculture
28,"Farmers under the Namalenge Irrigation Project in Matayos Sub-County have urged both the county and national governments to increase investment in fish farming.

Speaking after harvesting four tonnes of fish, the project’s chairman, Melitus Odongo, said the success of the initiative demonstrates the need for greater government support, particularly in the provision of fingerlings, fish feed, and the construction of additional ponds."
28,Farmers in drought hit Laikipia shift from maize to more lucrative coffee growing
28,"Laikipia County which is a dry land has been traditionally known for livestock rearin, however the norm is changing as farmers venture into highly priced coffee farming.

Amid the scorching sun, there are blossoming coffee bushes at the farm of Peter Kimani, a budding farmer in Tandare village in Kinamba ward."
28,Outgoing NPS Commission enumerates achievements
28,"The 2nd Police Service Commission, whose term came to an end last week, has enumerated its achievements in the last six years of its term.

Presenting a report to President William Ruto at Statehouse, Nairobi, the chairperson Eliud Kinuthia said in the period, the Commission recruited 10,932 new police officers to bring the police to population ratio to1:509."
28,Utalii College to establish affiliate campus in Kitui
28,"Kenya Utalii College, in collaboration with the Kitui County Government, is set to establish a new affiliate campus in Kitui County to offer tourism and hospitality courses closer to local students.

The College Principal Mark Rachuonyo, confirmed the plan during a courtesy call to Kitui County Governor Julius Malombe at the county headquarters in Kitui Town."
28,Long-awaited Muruny –Siyoi dam to ease W.Pokot’s water woes
28,"The Muruny–Siyoi Dam Kapenguria Water Supply Project is nearing completion and is expected to significantly improve access to clean and reliable water for residents of West Pokot County and neighboring areas, according to Principal Secretary for Water and Sanitation Julius Korir.

During a site visit, Korir said the multi-billion-shilling dam, implemented by the National Water Harvesting and Storage Authority (NWHSA), is currently 85 per cent complete, with the dam wall expected to be finished by July this year."
28,Lenacapavir rollout to curb new HIV infections
28,"Kenya has taken a historic step in the fight against HIV with the official launch of Lenacapavir, a groundbreaking long-acting injectable designed to prevent new infections.

The launch, presided over by Health Cabinet Secretary Aden Duale at Riruta Health Centre in Nairobi, marks a milestone in the country’s ongoing efforts to strengthen its HIV response and protect vulnerable populations."
28,Ms Rose Towett
28,Prof. Kennedy O. Ogollah
28,"Francis M. Nkako is a graduate of the National Defence College Kenya, and a holder of MSc (EIA) from the University of Wales-UK and BSc from University of Nairobi, Kenya.

He has attended several short courses, including corporate governance, security and natural resource management. He is registered as a Lead Expert in EIA for purposes of carrying out environmental assessments and audits in Kenya by the National Environment Management Authority (NEMA)."
28,Uasin Gishu exports first batch of Ayrshire heifers to Nigeria
28,"Uasin Gishu County’s livestock industry has received endorsement following the airlifting of 50 in-calf Ayrshire heifers to Nigeria, marking a significant step in the county’s mission to economically empower local farmers while positioning itself as a leader in quality livestock breeding.

The heifers, sourced by Kinanie Agrovet Suppliers from farmers across the county, were flown out of the Eldoret International Airport, marking the county's first-ever export of quality livestock breeds to West Africa."
28,"11,000 Nyando learners to benefit from free school feeding scheme"
28,"More than 11,000 learners in 24 public day schools across Nyando Constituency, Kisumu County, are set to benefit from a new government programme providing free school meals and emergency education support.

The initiative was launched by Cabinet Secretary for Gender, Culture, and Children Services, Hanna Cheptumo, at Lela Mixed Secondary School."
28,Agriculture graduates head to China for specialized training
28,"A cohort of six university graduates in agriculture will travel to China this September to pursue a specialized Master’s degree in Resource Utilization and Plant Protection.

Peter Mwangi, the Country Focal Person for the Forum for Agricultural Advisory Services – Kenya (KeFAAS), said the young professionals had been selected to join the Sino-Africa Science and Technology Backyard (STB) programme (Cohort 2) at the China Agricultural University (CAU)."
28,COMESA states push to eliminate trade barriers affecting horticulture
28,"The Common Market for Eastern and Southern Africa (COMESA) member states have called for the identification and harmonisation of non-tariff barriers (NTBs) to boost intra-Africa trade.

State Department for Trade Principal Secretary (PS) Ms. Regina Ombam said these NTB’s are, especially, affecting the horticultural value chain which plays a critical role in driving regional trade, agricultural productivity, and economic prosperity."
28,CS rallies stakeholders to tackle Gender-Based Violence in Baringo
28,"The Cabinet Secretary (CS) for Gender, Culture, and Children Services, Hanna Cheptumo, has called for concerted efforts from all stakeholders to address the alarming rate of Gender-Based Violence (GBV) in Baringo County.

Cheptumo made the appeal while presiding over the commissioning of a GBV recovery centre at Baringo County Referral Hospital in Kabarnet."
28,State targets unregistered churches to curb religious radicalisation
28,"Nyanza Regional Commissioner Florence Mworoa has said that the government will not spare any unregistered churches to curb religious radicalisation.

Mworoa, who spoke during a tour of the Melkio, St Joseph’s Missions of Messiah in Opapo-Rongo, which was recently raided by police officers, said that a looming crackdown on unregistered churches will not spare anyone."
28,Schools’ LPG adoption project earns praise
28,"Some 20 schools have pioneered and benefitted from the Liquefied Petroleum Gas Adoption Project which aims to increase LPG usage in Kenya by promoting it as a clean and affordable cooking fuel in public schools and institutions.

The Principal Secretary for the State Department for Petroleum, Mr. Mohammed Liban, who led a high-level assessment visit to Bahari Girls and Shimo La Tewa National Schools in Mombasa County Liban expressed satisfaction with the implementation of the project and commended the schools for embracing the new cooking technology."
28,Nairobi City County Government receives health equipments from Malteser International
28,"Nairobi, 5th February, 2023

Nairobi County’s Health, Wellness and Nutrition, County Executive, Dr. Anastasia Nyalita and other executive sector officials received a total of 30 Lowenstein ventilators, 100 pulse oximeters,15 normal vent set trolleys,15 vent lock accessories among other Health equipment from Malteser International, who are the implementing organization of the Sovereign Order of Malta, at an event held at Lady the Northey Health Centre-Emergency Operation Centre (EOC). The equipment was presentation by Clemens Graf Von Mirbach-Harff, Head of delegation who was accompanied by Martin Schomburg, the Country coordinator and H.E Dr. Wilhelm von Trott zu Solz, the Ambassador of the Sovereign Order of Malta to Kenya among other members from the Organization."
28,KNBS officials visit Statistics Sweden (SCB)
28,"Nearly 6, 000 trained Chiefs billed to strengthen grassroots governance"
28,"The Government has noted that 5,892 chiefs and assistant chiefs who graduated from the National Police College, Embakasi ‘A’ Campus will significantly boost grassroots governance and community security across the country.

The officers, who serve as National Government Administration Officers (NGAOs), underwent a three-week intensive programme covering induction, paralegal practice, and security management."
28,New solar fridges to protect lifesaving vaccines in Nakuru
28,"The County Government of Nakuru is adopting the use of solar-powered refrigerators to strengthen vaccine storage and delivery, particularly in remote areas with limited or no electricity, in a bid to reduce vaccine wastage.

According to the devolved unit, this transformative investment means Nakuru’s health facilities can keep lifesaving vaccines and essential medicines fresh even in areas with inconsistent power supply, directly improving service delivery and health outcomes for residents."
27,Ministry of Education
27,Homepage
27,"The Ministry of Education (MOE) formulates and implements education and training policies, standards, curricula, examinations and the granting of university charters. It is also responsible for the management of universities, tertiary educational institutions and other institutions of research and higher learning and primary schools, special education, secondary schools and special education institutions.

The Ministry derives its mandate from the Constitution of Kenya, the Statutes on education, and the Executive Order No. 1 of 2020 (Revised) on the Organization of the Government of the Republic of Kenya....."
27,The Latest News
27,Keroche ordered to pay half a billion to lift agency notice by KRA
27,"The High Court has ordered Keroche Breweries Limited to pay Kenya Revenue Authority (KRA) KShs500Million for the Authority to lift the agency notice issued to the company’s banks. This is contrary to Media reports that KRA had been barred from recovering KShs.9.1 billion in taxes from the company.

On 13th March, 2020, Keroche Breweries Limited had gone to court under a certificate of urgency seeking orders to lift the agency notice served to its banks by KRA. The notice was to enable KRA recover Kshs 9.1 Billion following the orders given by the Tax Appeal Tribunal (TAT) on 9th March, 2020."
27,"Commissioner, Legal Services & Board Co-ordination – Paul Matuku"
27,KRA begins to pay Ksh.10 billion VAT refunds to businesses entities
27,"The Kenya Revenue Authority (KRA) has begun paying out Ksh.10 billion in VAT refunds following a presidential directive and release of funds by National Treasury.

“We have begun paying various businesses entities VAT refunds from special funds allocated by the government and released to KRA and expect to finalise the payments process in one Week”, said the Commissioner for Domestic Taxes Ms. Elizabeth Meyo."
27,Commissioner for Domestic Taxes-Elizabeth Meyo
27,"Commissioner, Legal Services & Board Coordination-Mr Paul Matuku"
27,KRA to collect Kshs. 79 Million from Standard Chartered Insurance Agency
27,"PRESS RELEASE 06/05/2021

Did you find this content useful?"
27,Trader charged as products with counterfeit stamps are seized in Kiambu Town
27,"Kenya Revenue Authority wishes to inform manufactures and importers of excisable goods listed in the first schedule to the Excise Duty Act that they are required to obtain an excise license from the Commissioner of Domestic Taxes. Manufacturers and importers of excisable goods are encouraged to apply for the license through iTax web portal. The requirements for licensing are available on our website www.kra.go.ke. Kindly note that persons found manufacturing or importing excisable goods without a license shall be prosecuted and shall on conviction be liable to a penalty equal to double the excise duty that would be payable if the person was licensed or five million shillings whichever is higher and any plant, excisable goods or any materials in relation to the offence shall be liable to forfeiture and shall be destroyed at the offenders cost. Further, retailers and distributers found distributing or selling goods manufactured or imported by unlicensed persons shall also be prosecuted and shall on conviction be liable to a fine not exceeding five million shillings or to imprisonment for a term not exceeding three years and any plant, excisable goods or any materials in relation to the offence shall be liable to forfeiture and shall be destroyed at the offenders cost.

The list of licensed and registered importers is also available on our website www.kra.go.ke"
27,Application for Refund of Excess Credits Arising from Witholding VAT
27,"Kenya Revenue Authority informs the public that following amendments to section 17(5) of VAT Act 2013 that reintroduced refunds of VAT arising from excess credits out of VAT withheld by appointed tax withholding agents, the authority has automated the applicable refund process and rolled out a module in iTax system to process the refunds.

In line with the amendment, a registered person who accumulated excess Withholding VAT credit within 36 months prior to 23rd July 2019, may apply for offset or refund of the excess tax within twelve months from 23rd July 2019."
27,Commissioner for Customs and Border Control
27,Elimination of Processes carried out by Verification Officer and Head Verification Officer for Direct Tea Exports
27,"PUBLIC NOTICES 02/05/2021

Address"
27,"The Kenya Revenue Authority (KRA) was appointed by the Nairobi City County Government (NCCG) as the principal agent for overall revenue collection for all county revenue vide Gazette Notice No. 1967 dated 6th March 2020.

Notice is hereby given that the Kenya Revenue Authority in conjunction with the Nairobi City County Government and the Nairobi Metropolitan Services will be undertaking an exercise to update records of the tenants of all Nairobi City County rental market stalls for rent payment purposes. The exercise will be conducted from 7th July 2021 to 7th August 2021."
27,Collection of Affordable Housing Levy by Kenya Revenue Authority
27,"Kenya Revenue Authority (KRA) would like to inform members of the Public that the Cabinet Secretary, Ministry of Lands, Public Works, Housing and Urban Development through a Public Notice dated 3rd August, 2023, has appointed Kenya Revenue Authority as the collecting Agent of the Affordable Housing Levy (AHL).

With effect from 1st July, 2023, all Employers are required to deduct the AHL from the employee’s gross salary and remit together with the employer’s contribution as follows:"
27,Regulations Under The Income Tax Act (Cap 470) And The Tax Procedures Act (Cap 469B)
27,"In compliance with the Statutory Instruments Act 2013, the Commissioner General on behalf of the Cabinet Secretary for the National Treasury and Economic Planning, has reviewed the regulations/rules under the above legislations and developed the following draft regulations:

In compliance with the same Act, and on behalf of the Cabinet Secretary for the National Treasury and Economic Planning, the Commissioner General invites interested members of the public and stakeholders to submit their inputs and comments for consideration in finalizing of the above regulations. These draft regulations have been posted on the KRA website, www.kra.go.ke. You may download the same for your reference."
27,Income Tax Exemption for Persons with Disability
27,"The Income Tax Act, Cap 470 provides that an employer paying emoluments to an employee shall deduct and account for tax (Pay As You Earn) on the payment.

The Persons with Disabilities (Income Tax Deductions and Exemptions) Order, 2010, (Legal Notice No. 36 of 2010), provides that a Person with Disability (PWD) who is registered with the National Council for Persons with Disabilities (the Council), may apply to the Commissioner through the Council for exemption from income tax on the first one hundred and fifty thousand shillings (Kshs. 150,000) of their total income per month or one million eight hundred thousand shillings (Kshs. 1,800,000) per year."
27,Extension of the Deadline For Filing of the Common Reporting Standard (CRS)/Automatic Exchange of Information (AEOI) Returns
27,"Kenya Revenue Authority (KRA) wishes to remind the public that pursuant to Section 6B of the Tax Procedures Act and the Tax Procedures (Common Reporting Standards) Regulations, 2023, all Reporting Financial Institutions (RFIs) were required to file Common Reporting Standard (CRS)/Automatic Exchange of Information (AEOI) returns with KRA through the Exchange of Information System (EOIS) by 31st May, 2024.

To facilitate business continuity and allow for sufficient time for RFIs to make adjustments in their systems and business operations, KRA wishes to notify RFIs of the extension of the filing deadline to 31st August, 2024. Prior to this date, the Commissioner shall not impose penalties for failure to file the CRS/AEOI returns on the RFIs."
27,KRA scales efforts to gain counties support ahead of Presumptive Tax implementation
27,"KRA has engaged with several governors to seek collaboration and support in implementation of the presumptive tax. The Finance Act, 2018 amended Section 12C of the Income Tax Act (Cap. 470) to impose presumptive tax, which provides for an effective and simplified basis of taxing the informal sector. The tax shall apply to persons issued or liable to be issued with a business permit or trade licenses by a county government and shall take effect from 1st January, 2019.

Accordingly, presumptive tax shall be payable by a resident person whose turnover from business does not exceed Kshs5 million during a year of income. Taxation of the informal sector has had challenges, majorly around mode of operations of informal businesses, including lack of defined structure and a fixed location. It is estimated that revenue lost from the informal sector is between 35-55% of the total tax revenue in some countries. In Kenya, the informal sector includes boda bodas, jua kali artisans, SMEs, matatu drivers/ conductors and hawkers among others. The tax will be charged at a low rate of 15% on the business permit or trade license fees."
27,By Sheila Aduvagah and Victor Mwasi
27,Kiambu records first telemedicine-assisted surgery milestone
27,"PUBLIC NOTICE: A CALL FOR PUBLIC INPUT INTO THE FORMULATION OF THE CIVIC EDUCATION, CITIZEN ENGAGEMENT & PUBLIC PARTICIPATION POLICY 2026."
27,"Kindly click here for a tool to assist you in giving your input

General Inquiries"
27,All hospitals to continue providing critical services under SHIF-CS
27,Kenya Railways undertakes rehabilitation of Nairobi Commuter Rail to decongest roads
27,Opening ceremony of Public Service Counsellors’ workshop.
27,"State Department for Public Service Principal Secretary Mr. Amos Gathecha today presided over the opening ceremony of Public Service Counsellors’ workshop which is being held at Lake Naivasha Resort, Nakuru County.The workshop aims at providing all counsellors in the service with a platform to share their professional experiences, emerging legal, policy and professional issues in counselling field including evidence-based and innovative techniques and practices.In his keynote address, the Principal Secretary said that the State Department for Public Service has invested in provision of continuous training and supervision of counsellors as a means to ensure that their practice is informed by current trends and approaches in the mental health field.“This workshop will help in restoring counsellors emotionally and equipping them technically to avoid burnout and enhance team building for effective mental health services provision in the service” said Mr. Gathecha.The Principal Secretary also revealed that plans are underway to recruit more counsellors into the service so as to reach more public servants who require counselling services as a result of various reasons.He also added that Mental health challenges significantly affect productivity within the public service. According to the Kenya Mental Health Investment Case (2021), the country lost KShs. 62.2 billion due to mental health conditions, which is equivalent to 0.6% of our GDP in 2020. Absenteeism and presenteeism accounted for the largest share of this annual cost at 49% and 30% respectively, while total health care expenditure represented only 9% of all mental health-related costs.On her part, Director ,Psychological Counselling Services Madam Grace Wanjiku reiterated that high quality of mental health services in the public service is dependent on availability of competent and motivated counsellors for efficient and effective service provision."
27,Kenya strengthens HIV fight through Universal Health Coverage integration
27,"Kenya is bolstering Primary Health Care (PHC) as the backbone of its health system, integrating HIV prevention and treatment into a comprehensive care package as the country grapples with the world’s seventh-largest HIV epidemic.

Cabinet Secretary for Health Aden Duale said the holistic approach will enable the ministry to address comorbidities such as non-communicable diseases and mental health within the same care setting, improving efficiency and patient outcomes."
27,"CDA investment transforms learning, health services in Kilif"
27,"Five educational institutions and two health facilities in Kilifi County have benefited from major infrastructure development projects implemented by the Coast Development Authority (CDA) over the past four years.

The Mombasa-based state agency has constructed and furnished 24 new classrooms, three integrated science laboratories, boarding facilities, toilets and other amenities in the five beneficiary schools, according to the Acting Managing Director Dr. Mwanasiti Bendera."
27,Over 100 health promoters trained to enhance healthcare delivery and registration in Laikipia
27,"MUTURI MWANGI- KNA

The Ministry of Health, in partner ship with the Kenya Red Cross Society, has kicked off the training of more than 100 community health promoters (CHPs) in Laikipia to enhance efficient health service delivery at the grassroots level."
27,Health ministry begins transition to new SHA digital health system
27,"The Ministry of Health has commenced the transition from the Social Health Authority (SHA) Provider Portal to the new SHA Health Management Information System (SHA HMIS), marking a significant milestone in Kenya’s efforts to strengthen digital healthcare under the Taifa Care programme.

Health Cabinet Secretary Aden Duale chaired a high-level consultative forum that brought together healthcare provider associations, the Social Health Authority (SHA), the Digital Health Agency (DHA), and other sector stakeholders to discuss the transition strategy."
27,PSC Commissioners trained on media
27,"Information and Broadcasting Secretary Mr Temesi Mukani today represented Broadcasting and Telecommunications Principal Secretary Mr Steve Isaboke EBS at the closing session of a media and communication training for Public Service Commission (PSC) Commissioners and Senior Management in Naivasha. The two-day executive training, organised by the Media Council of Kenya (MCK), sought to enhance the capacity of PSC to leverage all forms of media as a key partner in the delivery of the commission's mandate.It his remarks, Mr Mukani highlighted interventions being implemented by the State Department to enhance the effectiveness of Government communication.""We have finalised the National Communication Strategy, and are fast tracking the completion of the National Communication Policy, he noted.""Additionally, we are working on a comprehensive retooling programme for PCO and IO cadres to make them fit for the dynamic communication environment,"" Mr Mukani said.The PSC Commissioners and Secretariat were led by Vice Chairperson Mrs. Mary Kimonye and Chief Executive Officer Mr. Paul Famba respectively.

Our Contacts"
27,Koskei calls for public sector reforms to boost productivity
27,"Senior government leaders and policymakers have called for sweeping structural and cultural reforms across the public sector, warning that Kenya’s long-term fiscal sustainability and service delivery ambitions hinge on a significant improvement in productivity.

Speaking at the opening of the National Performance and Productivity Conference in Nairobi, Chief of Staff and Head of Public Service Felix Koskei urged public servants to break away from outdated practices that continue to hamper efficiency and innovation across government institutions."
27,CS Kabogo attends the launch of Airtel AI Spam Alert Services
27,PS Isaboke hosts a delegation from the Public Relations Society of Kenya (PRSK) led by its President
27,"Principal Secretary for Broadcasting and Telecommunications, Mr. Stephen Isaboke, EBS, today hosted a delegation from the Public Relations Society of Kenya (PRSK) led by its President, Mr Arik Karani, during a courtesy call at his office.The delegation briefed the PS on preparations for the PRSK Annual Conference 2025, themed “Beyond Words: Authentic Communication that Shapes Tomorrow.” The conference will bring together communication professionals from across the country to deliberate on emerging trends, professional standards and the role of authentic communication in shaping public trust and driving national development.PS Isaboke acknowledged the important role PRSK continues to play in advancing professionalism within the communication industry, noting that many Government Public Communication and Information Officers are active members of the Society. He emphasised that strengthening communication capacity within the public sector is essential to improving how Government engages citizens, communicates policies and drives uptake of programmes under the Bottom-Up Economic Transformation Agenda (BETA).He welcomed deeper collaboration between the Ministry and PRSK in building a communication ecosystem anchored on accuracy, accountability and public interest, adding that effective communication remains central to good governance and national cohesion.The courtesy call concluded with a shared commitment to continue working together to promote credible, impactful and citizen-focused Government communication.Also present in the meeting was Secretary, Public Communication, Ms Patricia Ondeng.

Our Contacts"
27,Kenya calls for stronger labour migration partnerships to protect migrant workers
27,"Labour and Skills Development Principal Secretary Shadrack Mwadime has called for the adoption of good practices in labour migration partnerships to ensure the protection of migrant workers from all forms of exploitation and abuse.

According to the PS, labour migration partnerships need to guarantee decent work for migrant workers to maximize their socio-economic contribution in both their countries of origin and destinations."
27,"TSC confirms 46,000 JSS teachers on permanent and pensionable terms"
27,"The Teachers Service Commission has confirmed 46,000 Junior Secondary School teachers on a permanent and pensionable basis.

Speaking at the official opening of Grade 9 classrooms at Ober Boys Boarding Comprehensive School in Rachuonyo Sub-County, Homa Bay County, Education Cabinet Secretary (CS) Migos Ogamba stated that the confirmation is one of the promises he made to the Kenya National Union of Teachers (KNUT)."
27,Women farmers benefit from Egerton’s mechanized farming tips
27,"ESTHER MWANGI-KNA

Egerton University is equipping women farmers from nine counties with practical mechanized farming skills to improve food production and enhance food security in the country."
27,Police and Prison Officers onboarded into SHA Usalama Cover
27,"The Government has onboarded 138,283 officers and their dependents from the National Police Service (NPS) and Kenya Prisons Service (KPS) into the Social Health Authority (SHA), expanding access to comprehensive healthcare under the newly launched Usalama Cover.

The milestone was announced during the launch of the Usalama Cover under the Public Officers Medical Scheme Fund (POMSF), where Health Cabinet Secretary Aden Duale described the move as a major step in advancing Universal Health Coverage (UHC) and strengthening ongoing health sector reforms."
27,263 JSS teachers in Kitui trained to boost STEM instruction
27,"A total of 263 Junior Secondary School teachers in Kitui County have undergone training in Science, Technology, Engineering, and Mathematics (STEM) to enhance their capacity to effectively handle Junior Secondary learners.

The 263 JSS tutors, who are also departmental heads (HODs) of STEM subjects in their respective schools, are drawn from both government and private institutions across the county."
27,Kiambu seals deal with Israel to boost socio-economic growth
27,"Kiambu Governor Kimani Wamatangi has welcomed a partnership between the county government and the Government of Israel in key sectors aimed at driving socio-economic transformation across the region.

Wamatangi said that Kiambu County is ready to secure international collaboration and resource-sharing, particularly in the fields of agriculture, health, transport, and trade."
27,Hundreds of learners to benefit as Kiambu County unveils new ECDE classrooms
27,"Joy and excitement marked the commissioning of newly constructed Early Childhood Development Education (ECDE) classrooms in Kiambogo and Mbathi villages in Kijabe Ward, as the Kiambu County Government intensified efforts to improve access to quality early learning.

The modern classrooms, developed through a county government initiative, are expected to provide hundreds of young learners with a safer, more conducive, and child-friendly learning environment."
27,Project roots for climate-smart agriculture to boost potato production in Kenya
27,"KNA by Anne Mwale

Egerton University, the National Potato Council of Kenya (NPCK) and Kenya Agricultural and Livestock Research Organization (KARLO) have intensified a campaign to help potato farmers reduce production costs and boost their incomes."
27,State banks on youth agripreneurs to boost food production
27,"JOSEPH NG’ANG’A-KNA

The Ministry of Agriculture, in liaison with the county governments, has initiated an agri-preneur model where the youth, using digital technology, have been onboarded to provide extension services to farmers at the ward level."
27,Kenya seeks relief for flower exporters at IFTEX 2026 forum
27,"The Government has reaffirmed its commitment to revitalising the floriculture sector by addressing persistent challenges such as high air freight costs, delayed VAT refunds, and regulatory hurdles.

Speaking during the opening of the 13th International Flower Trade Exhibition (IFTEX) 2026 in Nairobi, Trade and Investments Cabinet Secretary Lee Kinyanjui said the floriculture industry remains a strategic sector under the government’s economic transformation agenda."
27,"Ministry of Education deploys 2,000 new trainers to TVETs institutions"
27,"By Erastus Gichohi(KNA)

The Ministry of Education has posted 2,000 newly employed trainers to Technical, Vocational Education Training Institutions (TVETs) who will help address the trainer- student ratio and ensure quality training that meet market demands."
27,Kenya showcases geothermal potential at global energy event
27,"The Energy and Petroleum Regulatory Authority (EPRA) has rallied participants at the World Geothermal Congress to invest in Kenya’s geothermal sector.

The call was made at the World Geothermal Congress in Calgary, Canada, where EPRA Acting Director General Dr. Eng. Joseph Oketch noted that Kenya remains richly endowed with geothermal resources."
27,State moves to broaden 4K Clubs programme through partnerships
27,"The Ministry of Agriculture and Livestock Development has emphasized the need for stronger partnerships to expand the 4K Clubs programme and encourage more young people to pursue agriculture.

Speaking at a youth agricultural learning event and field day organized by AAK Grow (formerly the Agrochemicals Association of Kenya), Charles Lusweti, Head of the Youth in Agriculture Unit, noted that the 4K programme is helping to address the challenges posed by an aging farming population by introducing learners to agriculture at an early age."
27,Boost to Yatta cotton farmers as state distributes pesticides
27,"More than 1,000 cotton farmers in Ndalani and neighbouring areas of Yatta Sub-county, Machakos County, have received pesticides and modern spraying machines in a government-backed initiative aimed at increasing production of resilient crops in the semi-arid region.

The support, rolled out through the Agriculture and Food Authority (AFA), targeted farmers from Ndalani, Kisiiki, Kiwanzani, Nthungululu, Mbembani, Kivingoni and Kakongo clusters."
27,Chief Manager – Performance Management
27,Helping you findtax information & services
27,"Kenya Revenue Authority seeks a self-driven and performance oriented individual to fill the position of Chief Manager – Performance Management within the Corporate Support Services Department. Reporting to the Deputy Commissioner – Performance Management.

The job holder will be responsible for Overseeing and managing all activities in their business cluster as per the performance management cycle."
27,Treaties and International Policy
27,"Kenya’s investment climate continued to improve supported by the Government’s economic programs aimed at strengthening the country’s position as a regional industrial and financial hub. The Government through its Industrial Transformation initiative sought to increase connectivity through affordable rail and road networks and ports, reengineer processes and reduce costs through a broad range of business-related measures. In partnership with the private sector, the Government’s multi-institutional Business Environment Delivery Unit and the Department of Business Reforms and Transformation coordinated implementation of the reforms required to make Kenya competitive locally and internationally. Read More"
27,Launch of The Socio-Economic Atlas of Kenya On 10th November 2014
27,Government now pushes contractors to fast-track Galana Kulalu infrastructure
27,"The Government has directed contractors working on multi-billion-shilling critical infrastructure components of the Galana Kulalu Food Security Project to fast-track their work to ensure the successful rollout of the country’s food security initiative.

Officials from the Government Delivery Unit (GDU) and the Coast Regional National Government Development Implementation, Communication and Monitoring Committee (NGD-RICMC) noted that several projects were lagging behind schedule and urged contractors to accelerate their completion."
27,Authority partners with educators to integrate biosafety in new curriculum
27,"The National Biosafety Authority (NBA) has announced plans to partner with curriculum developers in the country to capture aspects of biosafety when coming up with learning areas for students.

NBA acting Chief Executive Officer Nehemiah Ng’etich said the move is to ensure that learners appreciate the issues around biotechnology and biosafety at an early stage for those who wish to pursue their careers in biotechnology."
27,Appointment of kra Commissioner General
27,"Mr. Humphrey Wattanga Mulongo Appointed Commissioner General for KRA. The Cabinet Secretary for the National Treasury and Economic Planning Prof. Njuguna Ndung’u has appointed Mr. Humphrey Wattanga Mulongo as the Commissioner General for Kenya Revenue Authority (KRA).

In a gazette notice issued today 22 nd August 2023, Mr. Humphrey has been appointed to serve for a period of three (3) years, following the completion of a competitive recruitment process by the KRA Board of Directors."
27,National Tree Planting Day
27,"Education Cabinet Secretary Dr. Ezekiel Machogu led a tree planting exercise in Kitale township forest block 4 during the National tree planting campaign on Friday, 10th May 2024. The CS challenged the public to engage in continuous tree planting in an effort to help mitigate the adverse effects of climate change brought about by human activities such as deforestation and poor farming activities.

Speaking in Kitale Trans Nzoia County where he took the government’s ‘15 billion trees growing agenda’ during the national tree planting day, Machogu encouraged the residents to help in restoring the Country’s forest cover noting that activities such as deforestation has affected many forests in the country citing Kitale Forest where several acres were lacking trees."
27,MMUST 22 GRADUATION
27,"Principal Secretary for the State Department of Higher Education, Dr. Beatrice Inyangala, on Friday served as the Chief Guest at the 22nd Graduation Ceremony of Masinde Muliro University of Science and Technology in Kakamega County. During the event, 4,997 graduands were awarded Masters, Degrees, and Diplomas, prepared to contribute to Kenya’s development under the BETA initiative.In her address, the PS encouraged universities and institutions to continue strengthening industry-focused skills and to remain committed to building a skilled and ethical workforce for the nation.She also reaffirmed the progress made through the new funding model, which has successfully lowered university fees."
27,ADVISORY ON TWO YEAR CAP ON INTERNATIONAL STUDENT ADMISSIONS IN CANADA
27,"The Ministry is in receipt of communication from the Kenya High Commission in Ottawa, Canada informing that the Ministry of Immigration, Refugees and Citizenship (IRCC) announced that the Government of Canada would set an intake cap on international student admissions for a period of two years.

The implementation of the cap was immediate and expected to result in approximately 360,000 approved study permits, a decrease of 35% from 2023. In the spirit of fairness, individual provincial and territorial caps have been established, weighted by population, which will result in much more significant decreases in provinces where the international student population has seen the most unsustainable growth. Study permit renewals will not be impacted. Those pursuing master’s and doctoral degrees, and elementary and secondary education are not included in the cap. Current study permit holders will not be affected."
27,Government Set To Recognize Informal Skills-TVET PS Dr. Esther Thaara Muoria
27,"The Principal Secretary State Department For Technical, Vocational Education and Training (SD-TVET) Dr. Esther Thaara Muoria has said that the Government is set to start recognizing informal skills.

The PS who spoke during Nkabune Technical Training Institute graduation ceremony in Meru County, said that the Government is set to start recognizing informal skills through the implementation of Recognition of Prior Learning (RPL)"
27,Commitment to Tackle Challenges in Grade 10
27,"The Principal secretary state department for Basic Education,John Ololtuaa has promised to work with Education stallholders especially heads of institutions in an effort to address issues affecting learning in schools.

According to the PS while addressing KESSHA conference in Mombasa, the government has recruited many teachers in the country to improve learning and smoothen the CBE transition."
27,KRA revenue hits record Sh2.84 trillion as economy strengthens
27,"The Kenya Revenue Authority (KRA) collected a record Sh2.844 trillion in taxes and agency revenues during the 2025/2026 financial year, marking its strongest revenue growth in recent years as key sectors of the economy drove higher government earnings.

In a statement issued to the media, KRA said the collections represented an increase of Sh272.95 billion from the Sh2.572 trillion realised in the previous financial year."
27,PCS Meets with UNICEF Deputy Executive Director
27,"Prime Cabinet Secretary and Cabinet Secretary for Foreign and Diaspora Affairs, H.E. Musalia Mudavadi, met with Mr. Omar Abdi, Deputy Executive Director for Programmes at the United Nations Children’s Fund (UNICEF), who is in Kenya on an official visit.

The meeting focused on strengthening collaboration in promoting and protecting children’s rights, as well as addressing humanitarian challenges, particularly in arid and semi-arid regions of the country."
27,New sunflower farming project targets smallholders in Kisumu
27,"The Lake Basin Development Authority (LBDA) has stepped up efforts to encourage farmers in Muhoroni Sub-County, Kisumu County to adopt sunflower farming in a bid to diversify crops and increase farmer’s income.

The initiative, implemented in collaboration with GreenTec Hub, will see more than 200 acres placed under sunflower cultivation as part of an effort to link smallholder farmers to livestock feed and edible oil markets."
27,Ngong Road flyover brings relief to long-suffering city motorists
27,"President William Ruto has commissioned the Sh3.8 billion Ngong Road–Naivasha Road Flyover, marking a significant milestone in Nairobi’s transport modernization.

The 820-metre flyover, implemented by the Kenya Urban Roads Authority (KURA), is designed to eliminate one of the city’s most notorious traffic bottlenecks, improving the movement of people and goods along one of Nairobi’s busiest transport corridors."
27,Leveraging Government data and emerging technologies for evidence-based decision and policy making #DTPS2025
27,"""Cloud computing is a critical technology for breaking down siloed approaches, promoting collaboration and enhancing efficiency across government."" - PS Tanui Speaking during a panel discussion held during the second day of the Digital Transformation Public Sector (DTPS) Forum and Awards being held in Mombasa, ICT and Digital Economy Principal Secretary Eng .John Tanui noted that data sharing and emerging technologies were key to improved service delivery.The session titled ""Breaking Down Silos towards a Whole of Government Approach"" focused on fostering inter-ministerial collaboration. Key topics the panelists dived into comprise Data Sharing; Emerging Technologies for Service Delivery and strategies to enhance cooperation.PS Tanui was joined by his counterparts James Muhati (Economic Planning); Susan A. Mangeni (Micro, Small and Medium Enterprises); Dr. Salome Wairimu Muhia ( Correctional Services); Idris Dakota (Cabinet Affairs) and Evelyn Cheluget (Director General, State Department for Immigration and Citizen Services).

Our Contacts"
27,Huge Potential of Digital Hubs as Centers of Innovation and Inclusion
27,"Information, Communications and the Digital Economy Cabinet Secretary Dr. Margaret Nyambura Ndung’u has pinpointed the immense potential of Digital Hubs as centers of innovation and inclusion.The CS had accompanied H.E. Dr. Musalia Mudavadi, Prime Cabinet Secretary and the Governor of the County of Kakamega H.E. FCPA Fernandes Barasa during the launch of Jitume Digital Hubs in Kakamega County.She expressed her vision of the Hubs which goes beyond providing computers; “I envision a diverse range of equipment, including tools for the creative economy, such as podcasting and videography gear, enabling our youth to produce and monetize audio and video content.”The CS highlighted the importance of the Hubs in providing access to essential devices, equipping individuals with valuable digital skills, offering high-speed internet, ensuring that no one is left behind on the journey towards a digitally empowered society.She reiterated that the Hubs also benefit the Community since the free Wi-Fi enables community members to leverage on e-commerce and utilize government services virtually. Notably, the Digital Hub has brought clear educational benefits, including increased enrolment in TVET institutions.Also present in the function was PS ICT and Digital Economy Eng. John Tanui, PS Broadcasting and Telecommunications Prof. Edward Kisiang’ani, Deputy CEO Huawei Kenya Steven Zhang, Western Regional Commissioner, Samson Irungu Macharia, County leaders of Kakamega, senior national government officers and various partners in the digital economy.

Our Contacts"
27,iTax
27,"Overview of iTax

Overview To enhance efficacy in tax administration, the Kenya Revenue Authority (KRA) introduced the iTax system in 2014. iTax is a web-based platform specifically developed for managing Domestic Taxes in Kenya. It enables users to perform various tax-related processes, such as PIN registration, filing tax returns, facilitating payment of taxes, and applying for tax compliance certificates. Designed for individuals and businesses, the platform streamlines tax processes by automating services and has been a key component of KRA’s digital transformation journey."
27,"To enhance efficacy in tax administration, the Kenya Revenue Authority (KRA) introduced the iTax system in 2014. iTax is a web-based platform specifically developed for managing Domestic Taxes in Kenya. It enables users to perform various tax-related processes, such as PIN registration, filing tax returns, facilitating payment of taxes, and applying for tax compliance certificates. Designed for individuals and businesses, the platform streamlines tax processes by automating services and has been a key component of KRA’s digital transformation journey.

Key facts & figures"
27,Key Facts & Figures
27,Key Features of the Mobile Device Declaration System
27,Why is KRA Implementing the Mobile Device Declaration System?
27,"Stakeholders & Implementation Timeline

Key Stakeholders Importers and Clearing Agents Local Device Assemblers Travellers, tourists, and other visitors Residents of Kenya Returning Residents of Kenya Requirements Importers of Mobile Devices: Individual and bulk importers and clearing agents will be required to submit IMEI numbers of mobile devices being imported into the iCMS and DIR system for validation, tax compliance, and whitelisting. Local Device Assemblers: Local device assemblers will submit IMEI numbers of assembled devices for the local market in the DIR system for validation and whitelisting. Phone Retail Distributors: Those with device inventory will be required to update their phone IMEI status before 1st January 2025 to be deemed compliant. Residents of Kenya: Kenyan residents will be required to check the status of the IMEIs before purchasing a device to ensure that they are not blocked from the network. Travelers, Tourists, and Other Visitors: Devices on roaming (foreign) numbers do not need to go through any declaration process. Visitors buying local SIM cards will have a support process to facilitate their device compliance to access the network. Returning Residents of Kenya: Returning residents will be required to declare mobile devices with their IMEI numbers on the F88 passenger declaration form upon entry, with tax payable where applicable. Implementation Timeline The Mobile Device Declaration System will be implemented effective 1st January 2025, with specific system guidelines to be shared prior to this date."
27,Key Stakeholders
27,Ruto orders fast-tracking of Thwake Dam after Sh10 billion funding boost
27,"The Government has secured Sh10.6 billion in additional financing to complete the first phase of the Thwake Multipurpose Dam, giving fresh momentum to one of the country’s most ambitious infrastructure projects.

President William Ruto announced the funding breakthrough during a tour of Kitui County, describing Thwake as “the biggest dam project in the country” and directing the Ministry of Water, Sanitation and Irrigation, together with the contractor, to fast-track its commissioning by April next year."
27,Public Notice – Nairobi County Grants One-Month Waiver on Repair Levies and Approvals After Flood Damage
27,General Inquiries
27,Launch of the 53rd Huduma centre at Makutano town.
27,"Laikipia East residents and those from the neighbouring constituencies have a reason to smile after the launch of the 53rd Huduma centre at Makutano town earlier today.The centre whose establishment and operationalization was made possible through a collaboration between the National Government Constituency Development Fund (NG-CDF) and Huduma Kenya Secretariat will enable residents from Laikipia East and its environs access Government services closer home inline with the Governments Bottom Up Economic Agenda (BETA).Laikipia East, Makutano Huduma centre is a model in the 290 expansion plan to the sub-county level.The launch will see wananchi access service i.e, Birth certificates, Death certificates, Duplicate ID cards, Higher Educations Loans Board services, Affirmative Action Funds, NSSF, NHIF among other many services offered at Huduma centres.Today's launch was presided over by Deputy President Hon. Rigathi Gachagua who was accompanied by area MP Hon. Mwangi Kiunjuri, State Department for Public Service Principal Secretary Mr. Amos Gathecha and Huduma Kenya Ag. CEO Mr. Mugambi Njeru among other officials.Huduma Kenya#53rdhudumacentre"
27,"This Abstract has been prepared by the Kenya National Bureau of Statistics. The tables have been compiled partly from statistics collected directly by the Bureau through Surveys and Censuses and also from statistics compiled by other Ministries, Departments and Agencies (MDAs) including county Governments. The source of the statistical data is shown under each table. The Kenya National Bureau of Statistics is also responsible for the preparation of the Economic Survey and Leading Economic Indicators in which emphasis is placed on current statistics for which monthly and quarterly series are available. In addition, reports are published on the various regular and ad hoc statistical surveys undertaken by the Bureau. Whereas these publications aim at providing statistical coverage of the important fields of economic, financial and social activity in Kenya, the published material may not meet detailed requirements of all users. Additional information, whenever available, will be supplied by the Bureau on request, although in certain circumstances, depending on the amount of work involved in extracting the required particulars, it may be necessary to make a charge. Statistical Abstract 2018"
27,Italy backs Kenya’s push to revitalise coffee industry
27,"Kenya has partnered with Italy to construct a coffee training centre at the Coffee Research Institute, a move aimed at revitalising the sector and enhancing productivity, quality, and climate resilience through improved farming practices.

Speaking during the groundbreaking ceremony, Cabinet Secretary for Agriculture and Livestock Development, Mutahi Kagwe, announced that the government is targeting to double coffee production from the current 49,000 MT."
27,President Ruto Rallies Africa for Climate Action as Kenya Hosts Landmark AMCEN Session
27,"President William Ruto has called for a united African front in the fight against climate change, urging bold leadership, practical solutions, and enhanced climate financing to address what he termed as an “existential threat to humanity and all life on earth.”

The President delivered his remarks during a visit to the United Nations Office at Nairobi (UNON), where he inspected ongoing renovations and new office block construction. His visit underscored Kenya’s commitment to supporting UN operations in the Global South."
27,Kenya Azerbaijan Relations
27,"The Prime Cabinet Secretary and Cabinet Secretary for Foreign and Diaspora Affairs, Dr. Musalia Mudavadi, hosts H.E. Jeyhun Bayramov, Minister for Foreign Affairs of Azerbaijan, for bilateral talks aimed at enhancing cooperation between the two countries.

During the discussions, Dr. Mudavadi expressed Kenya's aspiration to host the Secretariat of the Global Plastics Treaty at the UNEP headquarters in Gigiri. The two leaders also discussed their shared priorities, amongst these, agriculture, environmental stewardship, global governance, and peace and security. Earlier Minister Bayramov met with President William Ruto at State House where he extended an invitation for a State Visit to Baku."
27,"The history of census undertaking in Kenya dates back to 1948 when the first population census was carried out. The subsequent censuses were undertaken in 1962, 1969, 1979, 1989, 1999 and 2009. From 1969 to date, the censuses have been conducted after every ten years. The last of these decennial censuses was held in 2009. The collection of social economic statistics in Kenya and conducting of national censuses is carried out under the Statistics Act, 2006 of the country’s laws. Kenya National Bureau of Statistics (KNBS) is mandated to be the official custodian of all the statistical information in the country and is therefore the organization charged with the responsibility of carrying out censuses and sample surveys. The importance of the census cannot be overemphasized, especially in the new devolved governance system that has two levels of governments. As per the Constitution of Kenya, 2010, there are 47 counties whose size and boundaries are based on the former 47 legally recognized districts of Kenya. One of the census preparatory activities is cartographic mapping, which is the delineation of the country into counting units, also known as Enumeration Areas, for use during census enumeration. Specifically, this helps in determining the personnel, materials and logistical requirements (budgeting). In the 2020 round of Population and Housing Censuses, the UN recommends that countries conducting census make use of new technology in getting up to date databases of geographic boundaries. This is achieved by use of mobile devices, remote sensing products such as satellite imageries and aerial photographs and use of Geographical Information System (GIS) in data collection and map production. A census map is prepared for each sub-location and it contains all the Enumeration Areas (EAs) within the sub-location. Maps have proved to be indispensable products in conducting population censuses since they will ensure completeness of the coverage throughout the country and eliminate the possibility of double coverage of the population. Maps will also: a) Facilitate in assigning areas of counting to enumerators during the census b) Enable the enumerators to plan their movement within the EA and identify households earmarked for call-backs especially in the urban areas c) Enable effective supervision e) Help in presenting the results of a census. Having drawn from the experiences of the 2009 census, there is great optimism that the current cartographic mapping for 2019 census will be fully achieved using the GIS and the output products will be of much higher quality. Towards this end, the Kenyan government with the support of the development partners has continued to provide resources to support the project and make it a success. Status of census cartographic mapping The Government of Kenya has recognized the fact that census cartographic mapping is a key activity, which if properly implemented ensures the success of census enumeration. Measures have therefore been put in place to enable a successful completion of the exercise. Cartographic mapping started in 2016 and is still on going with thirty- nine (39) counties fully mapped, mapping on-going in four (4) counties and four (4) pending as indicated on the map below.

A pilot census was conducted in August 2018, in selected sub-locations in the following 12 counties; Kwale, Kilifi, Makueni, Nairobi, Nyeri, Tharaka Nithi, Mandera, Kericho, Busia, Kisumu, Kisii and West Pokot. This was used to test the preparedness of the Bureau in undertaking the census and to test the use of the new technology and the applicability of the maps. We therefore call on Kenyans to cooperate with the teams undertaking the ongoing preparatory activities for the census to enable us to collect the information that will improve your livelihood and make the national and county governments more responsive to your needs. As you are aware, accurate data is necessary for making evidence-based decisions."
27,Get ready to be counted
27,Commemorating the International Education Day 2025
27,"Education Cabinet Secretary Hon Julius Migos EBS, Friday commissioned eight newly constructed Junior School classrooms at Mghambonyi Comprehensive School and a tuition block at Mbauro Comprehensive School in Wundanyi Sub-County, Taita Taveta County.

While commemorating the International Education Day 2025 the CS urged students to take advantage of the the July examination series , a significant innovation in the education calendar that aims to enhance opportunities for candidates to improve their academic qualifications and address challenges in learner progression."
27,Gross Domestic Product Third Quarter 2013
27,"Kenya has continued to improve its investment climate, with a goal of making the country a regional industrial and financial hub. This initiative has made Kenya attractive for both domestic and international firms seeking to do business in Kenya and in the region. The country has recorded an increase in the number of foreign companies setting up shop in the country and using Kenya as a hub in penetrating the Sub-Saharan markets. In order to establish the economic benefits from foreign investments; and to assess the impact of risks and vulnerabilities that may arise from these investments, collection of reliable and timely data on foreign assets and liabilities is significant for monitoring external transactions for purposes of planning and policy formulation. The foreign investment surveys are intended to provide information required for compilation of the Balance of Payments (BOP) and International Investment Position (IIP) statistics. In addition, the survey results inform investor decisions to choose Kenya as the preferred investment destination. The Foreign Investment Survey (FIS) 2016 is the fourth in the series since the launch of the surveys in 2010. It captured data on foreign private capital flows and stocks for the period 2014 and 2015. A total of 780 enterprises were targeted out of which 474 enterprises indicated that they had Foreign Assets and Liabilities (FAL). [wpdm_package id=4625 template=”link-template-calltoaction3.php”]"
27,"Turkana leaders call for oil, gas skills development among youth"
27,"Turkana Deputy Governor Dr. John Erus is pushing for urgent skills development initiatives to prepare local youth for jobs expected from the revival of oil and gas exploration in the South Lokichar Basin.

Speaking while hosting a delegation from Swisscontact, Dr. Erus said the county must begin addressing the workforce requirements of the sector to ensure that local communities benefit from the emerging oil economy."
27,Tinderet women groups receive coffee seedlings
27,"Women groups in Tinderet Sub-County have received thousands of coffee seedlings as part of a major empowerment drive led by Nandi Woman Representative Cynthia Muge under the third phase of the “Mama na Kahawa” initiative.

The distribution exercise, held at Seiyot Cooperative Society, brought together dozens of women groups from across the sub-county, marking another milestone in the programme that seeks to economically empower women while reviving coffee farming in the region."
27,"NOTICE FOR PUBLIC PARTICIPATION FOR THE PROPOSED NAIROBI COUNTY DISASTER AND EMERGENCY MANAGEMENT POLICY AND BILL (2025) SCHEDULED FOR 23RD SEPTEMBER 2025 AT CHARTER HALL, CITYHALL BUILDING BETWEEN 8.30AM TO 3.00PM"
27,Kibra and Dagoretti North Sub-Counties benefit from upgraded roads under Ward Development Programme
27,Nairobi County Staff Informational Webinar -2nd Nairobi Health Scientific Conference
27,"Kindly click this ⇒ link to access Disaster & Emergency Management Bill 2025 Draft

⇒ Link to access Nairobi City County Disaster And Emergency Management Policy, 2025 – Summary"
27,Disaster Management Sector
27,"Welcome to the Nairobi Disaster Management Sector, the heartbeat of resilience for Nairobi County. In our lively and bustling city, our sector is organized into three key pillars, each focused on strengthening our community’s safety and preparedness

Together, these three pillars support a resilient Nairobi, ensuring our city is prepared for emergencies and thriving in safety and unity. Fire and Rescue Services: Committed to safeguarding life, property, and the environment from the ravages of fire and emergencies, our dedicated team, equipped with state-of-the-art technology, stands ready to confront challenges head-on. We ensure the safety and well-being of our community 24/7, handling a range of scenarios from urban fires to industrial accidents with precision and dedication."
27,Health facilities set to receive Sh5.3 billion in unpaid NHIF claims
27,"Health Cabinet Secretary Adan Duale has announced that the government will clear all pending bills amounting to Sh5.3 billion owed to health facilities under the defunct National Health Insurance Fund (NHIF) within the next two months.

Speaking in Kakamega County, Duale said the payments would be made once the National Treasury introduces a supplementary budget to allocate funds for the exercise."
27,Nakuru unveils Sh2.55b nutrition programs to improve public health
27,"The County Government of Nakuru is implementing the Sh2.55 billion County Nutrition Action Plan (CNAP) by reviewing its nutrition programs and policies to improve the health and well-being of the population.

County Nutrition Coordinator Wangui Kihara stated that the County has introduced commu nity-based management, supplementary feeding programs for pregnant women, and capacity building for healthcare workers to provide nutrition services in all health facilities as a means of ad dressing undernutrition within the devolved unit."
27,"Public universities on path to recovery with new funding model, says CS"
27,"Education CS Julius Migos Ogamba has reiterated that the new university funding model is progressing well, easing the financial challenges that higher institutions are experiencing.

Ogamba noted that so far, over Sh41 billion has been disbursed to benefit about 240,000 students through loans and scholarships since the introduction of the model in 2023."
27,Sh60m grant set to transform farming in Weiwei Scheme
27,"Farmers under the Weiwei Irrigation Scheme have received a significant financial boost following the disbursement of Sh60 million by the state, aimed at transforming agricultural production and improving livelihoods in arid and semi-arid regions.

The Principal Secretary for the State Department for ASALs and Regional Development, Kello Harsama handed over the cheque to the farmers."
27,State nurtures tree-growing culture in schools to conserve environment
27,"The Ministry of Environment, Climate Change and Forestry is rolling out tree-growing and plant ing initiatives in schools across the country. This is being done through establishing nurseries to raise both tree and fruit-tree seedlings.

The initiative aims at inculcating a culture of tree growing among school children to con serve the environment, support livelihoods through income from the sale of seedlings and improve nutritional components from fruit tree seedlings."
27,State to review capitation disbursement glitch to schools
27,"The Government is working closely with schools that received low capitation to rectify the matter following a glitch in the disbursement of the funds.

The Education Cabinet Secretary, Julius Ogamba, during the inaugural graduation ceremony at Riragia Technical and Vocational College (TVC) in Marani Sub County, noted that there could have been an error in the schools that received Sh86 or Sh 84 and the Ministry is in touch with the affected schools to resolve the issue."
27,SHA hits 24.8 million registrations as TAIFA Care gains momentum
27,"At least 24.8 million Kenyans have enrolled in the Social Health Authority (SHA), a milestone that has been attributed to the aggressive county-by-county registration campaigns.

Health Cabinet Secretary Aden Duale has lauded the progress of SHA reforms since the rollout of TAIFA Care on October 1, 2024."
27,State doubles university funding to Sh82 billion
27,"The Government has in the last two years doubled funding to local universities to over Sh82 billion budgeted through the new funding model.

Education Cabinet Secretary (CS) Julius Migos Ogamba has said the differentiated unit cost (DUC) prioritizes a student-centred funding mechanism and is meant to ensure that no needy student misses out on higher education."
27,Kenya aligns training programs with global standards to boost labor exports
27,"Kenya’s labor index is in good standing globally, leading many countries to seek Kenyan workers for their skills and competencies. As a result, Kenya is becoming a labor-exporting country, according to Shipping and Maritime Affairs Principal Secretary (PS) Geoffrey Kaituko.

“We have many young people, some of whom are eager to secure jobs in global labor markets. As a country, we aim to position ourselves strategically,” Kaituko said."
27,Government to establish specialized college for correctional officers
27,"The Government will establish a premier institution, the Kenya Correctional Service College, to provide training on correctional service matters. The college, which will operate under the State Department for Correctional Services, will offer teaching, training, and innovative research in correctional education and development.

According to the technical committee vice chairperson, Senior Assistant Commissioner General of Prisons and Commandant at the Prisons Staff Training College, Angus Masoro, the college is part of the recommendations in the Correctional Service Bill, 2025, which is currently undergoing public validation."
27,ICT Ministry to set up new headquarters at Konza Technopolis
27,"Plans are underway to construct modern headquarters for the Ministry of Information, Communications and the Digital Economy at Konza Technopolis in Makueni County.

The headquarters will host the State Department for Broadcasting and Telecommunications, state agencies that include the Directorates of Information and Public Communication, the State Department of ICT and the Digital Economy, as well as the ICT Authority."
27,Relief for Narok wheat farmers as state steps in to resolve their market woes
27,"Narok wheat farmers are relieved after the county government in collaboration with the State Department of Agriculture developed a strategy to ensure wheat lying in silos is sold at premium price.

Farmers had complained that at least 200,000, 90-kilogramme bags were lying in the silos unsold."
27,Radio stations urged to use radio as tool for climate change reporting
27,"KNA By Anita Omwenga

Radio remains one of the most powerful and accessible platforms for informing, educating and mobilising communities, playing a critical role in addressing global challenges like climate change."
27,Financial decisions makers meet in Nairobi during the seamless East Africa 2025 event
27,"BERNADETTE KHADULI-KNA

The Government is rolling out new cybersecurity policies and regulations to combat cybercrimes and emerging digital threats."
27,Government steps up security for Sh200 billion Rironi–Mau Summit road project
27,"Security has been stepped up along the Rironi–Mau Summit Road corridor as the Government moves to protect ongoing works and ensure timely completion of the Sh 200 billion project by June next year.

The plan includes boosting security personnel along key routes along the expressway to ease traffic flow within the road diversion routes that will be provided."
27,Government disburses Sh 1.67bn in conditional grants to counties
27,"The State Department for Devolution has disbursed KSh 1.67 billion in conditional grants to all 47 counties, marking a major milestone in strengthening institutional capacity and service delivery under the Second Kenya Devolution Support Programme (KDSP II).

KDSP II is a four-year initiative funded by the Government of Kenya, with support from the World Bank. The programme is coordinated by the State Department for Devolution and implemented jointly by 18 Ministries, Departments, and Agencies (MDAs), together with the 47 county governments."
27,Farmers’ cooperatives to serve as fertilizer depots this rainy season
27,"The Government has announced that farmers’ cooperative societies will serve as depots where farmers can access subsidized fertilizers for this planting sea son.

The announcement was made by Dr. Paul Ronoh, the Principal Secretary for the State Department of Agriculture, who stated that this move will provide easy access to fertilizers for farmers who have been relying on the few National Cereal and Produce Boards (NCPBs) across the country."
27,"Ms Rose Towett, a demographer with over 15 years’ experience in monitoring, evaluation and research has a passion for data-driven insights and evidence-based decision-making. She currently works as an independent M&E consultant. Before transitioning into consultancy, Rose worked for over 5 years with mothers2mothers Kenya, where she was responsible for the design and implementation of an integrated planning, monitoring, evaluation and learning system for projects with the aim of facilitating decision-making, promoting accountability, and strengthening results-oriented management.

She has also worked for other donor-funded and development organisations including Population Services International/Kenya and African Population & Health Research Centre. Rose holds a first class honors in Bachelor of Education (Mathematics) and a Master’s of Science (Population Studies) both from the University of Nairobi. She has also undertaken M&E professional course: Leadership and Managing for Impact: Participatory Planning, Monitoring and Evaluation from Wageningen University, The Netherlands."
27,University plant breeders develop drought-tolerant potato varieties
27,"CHRISTINE CHERYL-MYGOV

University of Eldoret plant breeders have developed improved drought resistant and climate-smart potato varieties (pictured) to cushion farmers from the erratic rain patters."
27,"Biosafety Authority, MMUST partners to train modern biotechnology courses"
27,"National Biosafety Authority (NBA) and Masinde Muliro University of Science and Technology (MMUST) has embarked on an exercise to come up with collaborative and partnership agreement in training of students undertaking modern biotechnology related courses.

In a meeting held in Nairobi, NBA team led by Ag. Chief Executive Officer Mr.Nehemiah Ng’etich and Masinde Muliro University of Science and Technology acting Deputy Vice -Chancellor for Planning, Research and Innovation, Prof. Danston Lilechi, agreed to come up a memorandum of understanding (MoU) by end of March underscoring the critical role the two institutions play in the development of modern biotechnologies."
27,Asset management digitized to curb resource misuse
27,"The Government has rolled out the Integrated Financial Management Information System (IFMIS) asset and inventory module to counties as part of a nationwide push to digitize public assets and strengthen accountability in resource management.

Public Investments and Assets Management Principal Secretary (PS) Cyrell Odede said the move is aimed at ensuring accurate asset registers, uniform reporting standards, and improved safeguarding of public resources."
27,Government to purchase one million bags of maize to replenish the Strategic Food Reserve
27,"The Ministry of Agriculture and Live stock Development projects that farmers in the country will produce an estimated 75.9 mil lion 50-kilogram bags of maize during the long rains season, based on the achieved acreage of 1.64 million hectares and an estimated average yield of 42 bags per acre.

Former Agriculture and Livestock Development Cabinet Secretary (CS) Dr. Andrew Karanja said the ministry anticipates that, cumulatively, annual production will reach 94.4 million bags, based on the projected total annual acreage of 2.71 million hectares."
27,Bomet proposes Chepalungu Forest to be a wildlife sanctuary
27,"The Bomet County Government has officially submitted a request to the national government to consider designating Chepalungu Forest as a wildlife sanctuary, a move aimed at restoring the ecosystem, promoting tourism and wildlife conservation in the area.

Speaking at Chepalungu, the Wildlife Conservation Secretary in the State Department of Wildlife, Dr. John Chumo, said the county government had sought approval from the State Department of Wildlife to introduce friendly wild animals into the forest."
27,Kenya Malaria Indicator Survey 2015
27,"World Health Organization (WHO) estimates that 3.2 billion people are at risk of malaria worldwide. Sub-Saharan Africa is disproportionally affected; in 2015, the region had 88 percent of malaria cases and 90 percent of malaria deaths (WHO 2016). In Kenya, malaria remains a major cause of morbidity and mortality with more than 70 percent of the population at risk of the disease (MOH 2014). The malaria burden in Kenya is not homogenous. The areas around Lake Victoria and on the coast present the highest risk, and children under age 5 and pregnant women are the most vulnerable to infection.

In Kenya and around the world, major efforts have been made to reduce and eliminate malaria. The objectives of combatting the disease are intrinsically linked to most of the United Nations’ Sustainable Development Goals, as they were to nearly all of the Millennium Development Goals, and are in line with Kenya’s Vision 2030. The Ministry of Health, through the National Malaria Control Programme (NMCP), has implemented sound policies and evidence-based strategies in the fight against malaria. Key interventions include the provision of long-lasting insecticidal nets, intermittent preventive treatment for pregnant women, and prompt diagnosis and effective treatment of all malaria cases. Interventions also include improving the capacity of health providers and strengthening the supply chain to deliver diagnostic tests and quality-assured medicines at all levels of the health system. These interventions are supported by a robust advocacy and communication platform focused on enhancing demand and uptake by communities."
27,New measures to enhance Macadamia production and market standards
27,"The Agriculture and Food Authority (AFA) is working to streamline the macadamia value chain in efforts to enhance the production of quality nuts fit for local and international markets.

The Authority said that in collaboration with county governments, other government agencies and law enforcement agencies, they will intensify surveillance and enforcement across macadamia-growing and trading regions, aggregation stores, processing facilities and exit points."
27,CS Kabogo urges Senate to shield ICT Ministry from budget cuts
27,"The Ministry of Information, Communications, and the Digital Economy (MICDE) has been allocated less than half of its financial requirement for the 2025/2026 financial year, a shortfall that will negatively impact the implementation of key projects.

Speaking before the Standing Committee on Information, Communication, and Technology, MICDE Cabinet Secretary William Kabogo Gitau stated that without adequate funding, the implementation of crucial government projects could be delayed."
27,"Quarterly Gross Domestic Product Report Second Quarter, 2019"
27,162 Kenyan youths depart for the UK under seasonal workers program
27,"The Ministry of Agriculture has flagged off 162 Kenyan youths from the Kenya School of Agriculture (KSA) to the United Kingdom under the Government of Kenya–United Kingdom Seasonal Workers Scheme (SWS).

The Principal Secretary (PS) of the State Department for Agricul ture, Dr. Kipronoh Ronoh, explained that the Seasonal Workers Scheme is one of the many youth employment and labour mobility initiatives that the Government of Kenya has been pursuing since 2022."
27,Department for Labour and Skills Development launches trade tests exams in 483 vocational training centre
27,"A total of 21,582 students in the country's 483 technical vocational training centres are sitting for the 2025 Trade Test Exams this April.

According to the National Industrial Training Authority (NITA), this is one of the government's measures to help young people find employment through the skills they gain in technical vocational training centres."
27,Drunk drivers to lose licenses as NTSA reintroduces Alcoblow on major roads
27,"The National Transport and Safety Authority (NTSA), in collaboration with the police, will begin deploying breathalyzers on major roads across the country.

Transport Cabinet Secretary, Davis Chirchir, declared that any driver found operating a vehicle with alcohol levels exceeding the legal limit will face penalties of up to Sh100,000 or a prison sentence not exceeding two years, or both."
27,"No fake bills, CS Duale warns hospitals over SHA payments"
27,"Health Cabinet Secretary Aden Duale has warned that the Social Health Authority (SHA) will not pay for fictitious claims for services that Kenyans did not receive.

Speaking in Garissa town during the graduation ceremony of Madarasa Munawar, where he was the chief guest, Duale dismissed claims that the government was delaying hospital bill settlements."
26,"Cabinet Secretary Julius Migos Ogamba commissions new classrooms at Uthiru Comprehensive School and Rukubi Comprehensive School in Kabete Sub-County, Kiambu County.

Education CS Julius Ogamba flanked by (left to right) Dr. Esther Mworia, PS Technical and Vocational Education Training (TVET), Dr. Beatrice Inyangala, PS Higher Education and Prof. (Amb.) Julius Bitok, PS Basic Education."
26,"Commissioner, Investigation and Enforcement Department-David Yego"
26,Motorcycle dealers charged with Kshs. 698 million tax evasion fraud
26,"PRESS RELEASE 01/11/2019

Did you find this content useful?"
26,Taxpayers encouraged to access KRA services online
26,"Kenya Revenue Authority (KRA) has put in place measures to facilitate tax services to the public in light of the Coronavirus Disease (COVID-19) pandemic.

To minimize congestion at KRA Tax Service Offices, taxpayers are encouraged to access KRA services through the online platforms."
26,KRA warns taxpayers against VAT fraud
26,"Traders who fail to make full and accurate disclosure of all taxable transactions including Value Added Tax (VAT) shall liable for prosecution, Commissioner for Domestic Taxes Ms. Elizabeth Meyo has warned.

The Commissioner said that Kenya Revenue Authority (KRA) had recently noted an emerging trend where VAT registered taxpayers are reducing their tax liability through falsified input VAT claims in contravention of the VAT Act, 2013 and the Tax Procedures Act. The Commissioner said that this is a tax crime."
26,KRA goes digital on Alternative Dispute Resolution
26,"To safeguard taxpayers during the COVID-19 pandemic, Kenya Revenue Authority (KRA) has continued establishing measures to support taxpayer access to all essential services online. To this end, KRA has introduced online Alternative Dispute Resolution (ADR) sessions.

The ADR sessions can now be held, uninterrupted through virtual facilities. The facilities bring together the taxpayer, the assessing Commissioner and a facilitator who chairs the session as would happen in a face to face ADR session."
26,ANNUAL REVENUE PERFORMANCE FY 2020/2021
26,"In spite of the challenging operating economic environment brought about by the COVID-19 pandemic, Kenya Revenue Authority (KRA) has defied all odds to surpass its revenue target after eight (8) years, since the FY 2013/14. This is after revenue collection in the FY 2020/21 (July 2020 - June 2021) reached a new record of Kshs. 1.669 Trillion compared to Kshs. 1.607 Trillion collected in FY 2019/20.

In the FY 2020/2021 revenue target as reflected in the 2021 Budget Policy Statement was Kshs. 1.652 Trillion which KRA surpassed with a surplus of Kshs. 16.808 Billion. This represents a performance rate of 101% and revenue growth of 3.9% compared to last Financial Year. This performance is consistent with the prevailing economic indicators, especially the projected GDP growth of 0.6% in 2020."
26,KRA acquires KShs. 40 million surveillance equipment to enhance border security
26,"The Kenya Revenue Authority (KRA) has today received surveillance equipment worth more than USD 378,000 (KShs.40 million) to support its trade facilitation initiatives and enhance security at key border points.

The equipment, comprising of an X-ray baggage scanner, a patrol boat, patrol vehicles, Raman spectrometers, and field test kits were procured by the United Nations Office for Project Services (UNOPS) from the Government of Japan in partnership with the Japan International Cooperation Agency (JICA) and World Customs Organization (WCO) as part of customs capacity building initiatives in Kenya."
26,PS National Treasury Calls on the Business Community to Proactively Pay Taxes and Collaborate to Champion Compliance Initiatives
26,"The Principal Secretary (PS) for the National Treasury and Economic Planning Dr. Chris Kiptoo, CBS, has called on the business community to proactively pay theircorrect share of taxes and champion compliance initiatives to enable the government provide critical services and development programs.

The PS was speaking during a stakeholder engagement event bringing together the Kenya Revenue Authority (KRA) and the Eldoret Business Association , where hereiterated the Government’s commitment to revenue driven fiscal allocation. “I want to encourage everyone to be patriotic and pay their correct share of taxes; this will create a fair and competitive business environment, grow our economy and enable us to be self-reliant” he said."
26,Simplified eTIMS Solutions for Informal Sector and Small Businesses
26,"Kenya Revenue Authority (KRA) would like to remind the public that all persons carrying on business including those in the Informal Sector and Small Businesses are required to electronically generate and transmit their invoices to KRA via the electronic Tax Invoice Management System (eTIMS).

KRA remains committed to continue supporting and facilitating all taxpayers to comply with the requirements of the law by adopting a facilitative and collaborative approach to tax compliance. To this end, we have availed eTIMS simplified solutions dubbed “eTIMS Lite” for non-VAT registered taxpayers. These solutions are accessible through the eCitizen platforms via *222# for the USSD invoicing solution and ecitizen.kra.go.ke for the web based invoicing solution."
26,GUIDELINES TO TAXPAYERS ON RE-ACTIVATION OF DEREGISTERED/CANCELLED VAT OBLIGATIONS
26,"Kenya Revenue Authority will deregister/cancel the VAT obligations of 66,269 taxpayers who were perennial non-filers and nil-filers effective 10th June 2021.

The cancellation will be done pursuant to our Public Notice of 5th May 2021 on “Deregistration/Cancellation of Tax Obligations” and in accordance with Section 36(5) of the VAT Act, 2013 and Section 10(5) of the Tax Procedures Act, 2015."
26,Income Tax Exemption Process for Persons with Disabilities
26,"The Persons with Disabilities (Income Tax Deductions and Exemptions) Order, 2010 (Legal Notice No. 36 of 2010) provides that a Person with Disability (PWD) may apply to the Commissioner through the National Council for Persons with Disabilities (the Council) for exemption from income tax of the first one hundred and fifty thousand shillings of their total income per month.

Kenya Revenue Authority has noted that many taxpayers are not aware of the application procedure for this tax exemption leading to delays in processing exemption certificates for qualifying applicants. We therefore wish to inform members of the public that the application process for income tax exemption for persons living with disability is as follows: -"
26,Automation of Application for Income Tax Exemption Certificates under Paragraph 10 of the First Schedule to the Income Tax Act
26,"Kenya Revenue Authority (KRA) informs the public that the process of application for Income Tax Exemption Certificates for nonindividual taxpayers is now automated.

From the date of this notice, non-individual taxpayers who wish to apply for income tax exemption pursuant to Paragraph 10 of the First Schedule to the Income Tax Act are advised to submit their applications through the taxpayer portal on the iTax platform by going to the “Registration Menu”, selecting “Other Registration” and then “Income Tax Exemption”."
26,"IMPLEMENTATION OF VALUE ADDED TAX (ELECTRONIC TAX INVOICE) REGULATIONS, 2020"
26,"Further to the Public Notice dated 13th July 2021 on Extension of Time to Comply with the Value Added Tax (Electronic Tax Invoice) Regulations, 2020 and in order to facilitate VAT registered taxpayers to comply, Kenya Revenue Authority has published the list of approved Electronic Tax Register (ETR) Suppliers and Manufacturers as well as Guidelines for VAT registered taxpayers on compliance with the Value Added Tax (Electronic Tax Invoice) Regulations, 2020 on the KRA website.

KRA invites VAT registered taxpayers to contact us via timsupport@kra.go.ke for further guidance."
26,"Extension of the Deadline for Submission of Comments on the Draft Excise Duty (Amendment) Regulations, 2023"
26,"In compliance with the Statutory Instruments Act, 2013, the Commissioner General on behalf of the Cabinet Secretary, National Treasury and Economic Planning, has reviewed the Excise Duty Regulations 2017 and made the draft Excise Duty (Amendment) Regulations, 2023.

In compliance with the same Act, and on behalf of the Cabinet Secretary, the National Treasury and Economic Planning, the Commissioner General hereby extends the deadline for submission of stakeholders comments and input on the draft Excise Duty (Amendment) Regulations, 2023. These will be considered in finalizing the draft regulations. The submissions should reach The Kenya Revenue Authority on or before 21st February, 2023. The draft regulations have been posted on the KRA website, www.kra.go.ke. You may download the same for your reference."
26,KRA’s resilience in the midst of the COVID-19 Pandemic
26,"The Kenyan government had put in place measures to relieve its citizens of the economic challenges posed by the COVID-19 pandemic. Likewise, Kenya Revenue Authority (KRA) took a front row in ensuring taxpayers are optimally supported to access required services, as the organisation concurrently sought to raise the much-needed revenue amidst the harsh economic conditions.

KRA remodelled a number of tax processes and procedures as guided by various Acts of Parliament such as reducing the VAT rate from 16% to 14%, revising PAYE tax bands such that the highest band was 25%, as well as increasing the monthly personal relief from KShs. 1,408 to KShs. 2,400. Of significance nonetheless, are the measures put in place to improve service delivery so as to foster voluntary compliance by taxpayers and ensure business continuity."
26,Cynthiah Oigara
26,What the Reduced rate of VAT means for your pocket
26,"Many European countries enacted Value Added Tax (VAT) in the 1960s and 1970s. Other countries followed in the 1980s and thereafter. In some countries, it is known as goods and services tax (GST). VAT is an indirect tax; this means that the tax is paid to the revenue authority by the seller of the goods but it is actually paid by the buyer to the seller as part of the price. Contrary to income tax, which taxes more on high earners, VAT applies equally to every purchase. It is paid by the person who consumes taxable goods and taxable services.

To mitigate the effects of COVID-19, the President proposed various measures. Key among these measures was that the rate of VAT be reduced from 16% to 14%. The cabinet Secretary (CS) for National Treasury is by law given the powers to vary the VAT rate either upwards or downwards by rate not exceeding 25%. The effective date was published as 1st April, 2020."
26,"Teachers win big as promotion slots doubled to 50,000 in new budget cycle"
26,Public Notices
26,"PS, Public Service appears before NA to Present State Department's Budget Implementation statu for FY 2023/24 and 1st Qter 2024/25"
26,"The Principal Secretary, Ministry of Public Service and Human Capital Development, Mr. Amos Gathecha, appeared before the National Assembly Departmental Committee on Labour, chaired by Hon. Erick Muchangi, MP for Runyenjes. During the session, Mr. Gathecha presented a comprehensive report on the Budget Implementation Status for the State Department for Public Service, covering the fiscal year 2023/24 and the first quarter of 2024/25.

Accompanying the PS were the County Commissioner of Kisumu Mr. Benson Leparmorijo, Parliamentary Liaison Officer Mr. Isaac Ngige and senior officials from the Ministry."
26,PS IMBUNYA CALLS FOR EXCELLENCE AND INNOVATION IN PUBLIC SERVICE TRAINING
26,"Principal Secretary for the State Department for Public Service and Human Capital Development, Dr. Jane Kere Imbunya, has emphasised the critical role of continuous learning, innovation, and collaboration in building a responsive, high-performing public service.

Speaking at the official opening of the Second Annual Faculty Convention of the Kenya School of Government (KSG) at the Mombasa Campus, Dr. Imbunya praised the institution for convening the forum under the theme “Reinforcing Excellence, Collaboration, and Innovation in Public Service Capacity Development.”"
26,Kenya Hosts Global Maternal and Newborn Health Conference as Calls Grow for Urgent Action
26,"Kenya hosts the International Maternal, Newborn and Child Health Conference (IMNHC 2026) this week, placing the country at the centre of global efforts to accelerate action on reducing preventable maternal and newborn deaths.

The high-level gathering runs from 23 to 26 March 2026 at the Edge Convention Centre in Nairobi, drawing more than 1,800 participants from over 100 countries."
26,LREB governors call for review of public-private partnership framework
26,"County Governors from the Lake Region Economic Bloc (LREB) have urged the Senate, National Assembly, and the Council of Governors to review the public-private partnership framework to make it user-friendly in the counties.

LREB Chairperson who is also Kisumu Governor Prof. Anyang Nyong'o in his address during the 12th LREB summit at Alupe University in Busia County, said there was a need to remove the unfair legal procedures that are currently required for the use of public private and partnership in counties."
26,Kericho residents urged to register for SHA to access all-inclusive health services
26,"Dominic Cheres and Kibe Mburu-KNA

Kericho County residents have been urged to continue registering for the Social Health Authority (SHA) to ensure they access a comprehensive range of quality health service."
26,Data Commissioner urges public to report personal data breaches.
26,"KNA by Sitna Omar

The Data Commissioner Immaculate Kassait has urged members of the public to safeguard their personal data from misuse by filing complaints to her office in the event of breach of data."
26,CS urges Kakamega farmers to grow coffee for better livelihoods
26,"Cooperatives and Micro, Small, and Medium Enterprises Development Cabinet Secretary Wycliffe Oparanya has urged farmers in Kakamega County to embrace coffee farming to transform their livelihoods.

Oparanya made the rallying call when he led several lawmakers from the county in a coffee farming and agronomy sensitization forum at Kongoni in Likuyani Constituency."
26,State set to address feed challenges with feasibility study in ASAL areas
26,"The State Department of Livestock is validating a feasibility study report on the pasture and fodder value chain, aimed at improving the availability of animal feed in the 21 Arid and Semi-Arid Lands (ASAL) counties.

The study is expected to guide livestock owners and stakeholders in addressing existing challenges, as pasture and fodder production has the potential to significantly boost livestock productivity."
26,"300,000 youths acquire digital skills through Google, new report shows"
26,"The ICT Authority, Google, and other stakeholders have unveiled the findings of The Digital Opportunity of Kenya, an independent report conducted by Public First.

The report explores the transformative impact of digital technology on Kenya’s economy, revealing that Google’s products and services contributed an estimated $900 million in economic activity for businesses, nonprofits, publishers, creators, and developers in Kenya in 2023."
26,Beekeeping project launched in Homa Bay under LBDA–Hive Limited partnership
26,"The Lake Basin Development Authority (LBDA) has part nered with The Hive Limited to implement a beekeeping project targeting more than 600 farmers in Homa Bay County.

The deal, signed at LBDA headquarters in Kisumu, seeks to support beekeepers operating within Wire Forest under the Wire Forest Management Association (WIFOMA), with a focus on boosting production, improving incomes and enhancing environ mental conservation."
26,Narok steps up TB detection with advanced diagnostic equipment
26,"The fight against tuberculosis (TB) at Narok County Referral Hospital has received a significant boost following the acquisition of advanced diagnostic tools to facilitate easier and faster diagnosis.

According to the County TB and Leprosy Coordinator (CTLC) for Narok County, Mr. Micah Cheburet, although the burden of TB, TB/HIV, and drug-resistant TB (DR-TB) remains high, it is not all doom and gloom."
26,National Biosafety Authority assures Kenyans of robust GMO regulation framework
26,"JOSEPH NG’ANG’A- KNA

The National Biosafety Authority (NBA) has assured Kenyans that there is a well-established regulatory framework in place for those dealing with Genetically Modified Organisms (GMOs) and their derived products in the country."
26,TouristTap app to transform payments in Kenya’s tourism sector
26,"The Government has unveiled TouristTap, a digital payment platform, aimed at easing transactions for visitors and boosting revenue collection across Kenya’s tourism ecosystem.

Speaking during the launch in Nairobi, Cabinet Secretary for Tourism and Wildlife Rebecca Miano described the innovation as a timely solution that will enhance convenience, transparency, and efficiency in the sector."
26,Youth Enterprise Fund to disburse Sh300 million for overseas job opportunities
26,"BY MYGOV REPORTER

The Youth Enterprise Development Fund (YEDF) will disburse at least Sh300 million to support youth seeking employment opportunities abroad in the 2024/2025 financial year."
26,Thirty County governments receive GIS equipment to strengthen food security efforts
26,"CATHERINE MUINDI -PCO

At least 30 county governments have received state-of the-art Geographic In formation Systems (GIS) equipment in a bid to transform agricultural planning and resource management to bolster efforts to address the country’s food security needs."
26,State speeds up land valuation to clear way for Wajir road project
26,"Land valuation for the Horn of Africa Gateway Development Project (HOAGDP) in Wajir County is advancing steadily as the government prepares to compensate affected property owners ahead of the commencement of road construction works.

The exercise, being conducted by the National Land Commission in collaboration with the Kenya National Highways Authority, targets properties located along the proposed road corridor."
26,"Government, partners push for stronger investment in Kenya’s beekeeping sector"
26,"Apiculture is emerging as a key pillar in Kenya’s agricultural transformation, with stakeholders calling for increased investment and stronger policy support to unlock its full potential.

This follows an Apiculture Stakeholders’ meeting convened by the State Department for Livestock Development through the Directorate of Livestock Production, ahead of this year’s World Bee Day."
26,Police officers return from high-risk Haiti deployment to hero’s welcome
26,"Kenya has accorded a heroic welcome to National Police Service officers who returned home after completing a high-risk international peace support mission in Haiti under the Multinational Security Support (MSS) framework.

The officers, led by Mission Commander Godfrey Otunge, were received by senior government officials, diplomats, and family members in a ceremony marked by prayers, tributes, and recognition of their service in one of the world’s most volatile security environments."
26,Nakuru County to establish air data management system
26,"By Esther Mwangi (KNA)

The County Government of Nakuru will install air quality monitoring gadgets that will offer timely data to tackle rising air pollution and help the city adapt to the impact of climate change."
26,Ministry’s new campaign encourages tourists to help grow 15b trees by 2032
26,"Robert Ojwang'- KNA

The Ministry of Tourism and Wildlife has unveiled a new tree planting campaign requiring every tourist visiting Kenya to plant at least one tree to position the country as a sustainable tourism destination."
26,Sugarcane factories call for state action against poaching threatening small millers
26,"MOSES WEKESA-KNA

Sugarcane factories are urging the government to intervene and stop poaching, which threatens the survival of small millers. They expressed concern that their investments are being undermined by larger millers who entice and deceive farmers with promises they have not fulfilled."
26,Government’s commitment to food security
26,"Kenya’s push for food security cannot succeed without sustained investment in water infrastructure and irrigation systems, Water Cabinet Secretary Eng. Eric Mugaa has said.

Speaking during the opening of the two-day conference dubbed Getting Wise: Measuring Human Experiences with Water to Support the African Union’s Water Vision 2063 at the United Nations Headquarters in Gigiri, Nairobi, Eng. Mugaa underscored the central role of water access in transforming livelihoods and driving economic growth."
26,"The Government has unveiled a state-of-the-art certified rice seed processing facility in Mwea, Kirinyaga County, as part of efforts to reduce reliance on imports and strengthen the country’s food security.

The facility, located at Kirogo Farm, is expected to transform rice farming by supplying affordable, high-quality certified seeds to thousands of farmers across the country."
26,Who does Public Sector Advertising (PSA) policy apply to?
26,What is the process of seeking placement of advertisement for MyGov?
26,"All government advertising including that by Ministries, State Corporations, Universities and SAGAs under the National Government."
26,Does GAA have a help desk?
26,About Report
26,2025 Statistical Abstract Tables
26,"KEMRI, county partner to promote traditional medicine for chronic illnesses"
26,"KEMRI and Elgeyo-Marakwet County are working together to turn traditional herbal remedies into scientifically backed treatment options within Kenya’s healthcare system.

This is aimed at expanding treatment options for chronic diseases, including cancer. The collaboration was formalized during a meeting between Governor Wisley Rotich and KEMRI Acting Director General Prof. Elijah Songok."
26,"KPC to expand storage facilities to ensure seamless oil supply, says CS"
26,"The Cabinet Secretary in the Ministry of Energy and Petroleum Opiyo Wandayi has affirmed the Ministry’s commitment to strengthen Kenya Pipeline Company (KPC) infrastructure and systems across all the depots in the country to ensure efficiency in services to meet the increased demand both locally and internationally.

Speaking during his familiarization tour to Eldoret Depot, Eldoret, Uasin Gishu County, to identify the challenges and the coming up with the way forward to boost operations in terms of efficiency, the Energy and Petroleum CS reiterated the need to work collaboratively with partners, KRA and others including NGAOs, the Kenya and others to achieve the KPC mandate."
26,New Taifa Pension Fund to provide retirement solutions for uncovered workers
26,"MICHAEL OMONDI-KNA

Central Provident Fund (CPF) Financial Services, in partnership with Standard Investment Bank, has announced the launch of the Taifa Pension Fund, a scheme specifically designed to cater to the needs of Kenyan workers who do not currently have access to a pension plan."
26,"Public Notice on the Public Finance Management(Amendment) National/ County Government Regulations, 2026"
26,"Draft PFM(Amendment) Bill, 2026"
26,"29th Graduation Ceremony of the Moi Teachers Training College, Baringo."
26,"To adequately prepare for the requirements of the roll-out of Competency-Based Education, the Government is committed to ensuring that teacher training is aligned with the new education system.

Earlier today, the Cabinet Secretary for Education, Julius Migos Ogamba, has presided over the 29th Graduation Ceremony of the Moi Teachers Training College, Baringo. The graduates have now added to the growing number of teaching professionals, well- prepared to support the implementation of Competency-Based Education."
26,"SUPPLY, DELIVERY, INSTALLATION AND COMMISSIONING OF ICT EQUIPMENT IN PUBLIC TEACHERS TRAINING COLLEGES"
26,"ADMISSION OF FOREIGN STUDENTS IN GOVERNMENT, MEDICAL AND DENTAL COLLEGES FOR THE ACADEMIC 2022/2023, BANGLADESH"
26,"TENDER DOCUMENT- SUPPLY, DELIVERY, INSTALLATION AND COMMISSIONING OF ICT EQUIPMENT IN PUBLIC TEACHERS TRAINING COLLEGES"
26,"Funding of Science, Research and Innovation programmes."
26,"PS Science, Research and Innovation Prof.Shaukat Abdulrazak today held discussions with officials from the Africa Development Bank (AfDB) on opportunities for funding of Science, Research and Innovation programmes. The PS noted that through support from the AfDB, this will enable the country move closer towards achieving the goal of mainstreaming science, research and innovation in different scientific clusters. Prof. Shaukat emphasized on capacity building especially for women and youth in STEM for socioeconomic transformation under BETA initiative. The PS also called for Public Private Partnerships noting that this was required to support faster development in the field of science especially through the funding of STI related activities. He further noted that there was need for a National Data Repository for the convergence of knowledge adding that it was also necessary to have a National observatory, emphasising that cooperation with development partners such as the AfDB is key towards achieving this. The PS added that the department was in the process of having a Science Technology and Innovation week as a way of promoting STI in the country and commercializing innovation as a means of driving economic growth and inclusive development through a value chain approach. Present in the meeting was CEO of National Research Fund."
26,ELIMU SCHOLARSHIP 2026
26,"ELIMU SCHOLARSHIP 2026 VIDEO

SCHOOL FEES and EXTRA LEVIES. A call for Senior schools Principals to desist from putting additional amounts on top of the stipulated school fees today grew louder after a team of officers from the State Department for Basic Education went out to oversee selection of Elimu scholarship beneficiaries."
26,"The National Volunteers Program is a national initiative that is designed to provide volunteership opportunities to university graduates. Through this initiative, the university graduates will be recruited as Volunteer Graduate Assistants (VGA) to work in education and training institutions with the aim of improving access to quality career guidance and counselling services. The Program seeks to provide 3-month volunteership opportunities for university graduates. These university graduates will be recruited as Volunteer Graduate Assistants (VGAs) to assist in improving access to quality career guidance and counselling services in public primary, secondary and VTT institutions. The VGAs will assist in establishing and operationalizing Office of Career Services (OCS) and ensuring that they meet quality standards.

The project addresses itself to the objectives of Vision 2030, the Big Four Agenda, the Medium Term Plan (MTP) III and the National Education Sector Plan (NESP) 2018-2022 which aim at providing adequate and relevantly skilled labour force. This is vital in sustaining Kenya as a newly industrialized middle-income country"
26,Office of Career Services Programme
26,State moots amendments to cybercrime law to confront emerging AI threats
26,"The Government has mooted amendments to the Computer Misuse and Cybercrimes Act to close gaps exposed by Artificial Intelligence-driven threats and confront new forms of fraud, identity manipulation and misinformation.

Principal Secretary for Internal Security and National Administration, Dr Raymond Omollo, said cases of cyber-attacks targeting government institutions had risen in recent years, with the state estimating losses running into billions of shillings annually."
26,"PS Isaboke Calls for Effective Communication of Government Agenda, Progress and Opportunities"
26,"As the Financial Year draws to a close on June 30, 2025, the State Department of Broadcasting and Telecommunications, under the leadership of Principal Secretary Stephen Isaboke, EBS, convened its weekly Heads of Departments meeting to review the ministry’s attainment of the Performance Contract.

This critical exercise evaluated the State Department’s mandate, celebrating achievements, acknowledging areas for improvement and charting a path forward for the upcoming Financial Year. PS Isaboke emphasised the importance of effective, evidence-based communication to engage the public, ensuring Kenyans are informed about the Government’s progress and opportunities."
26,Kenya and Angola Explore Economic Partnerships
26,"The Ambassador of the Republic of Angola to Kenya, H.E. Mário de Azevedo Constantino, today paid a courtesy call on Mr. Evans Maturu, Head of the Economic and Commercial Diplomacy Directorate at the State Department for Foreign Affairs. The meeting reaffirmed the cordial bilateral relations between the Republic of Kenya and the Republic of Angola and explored opportunities to strengthen cooperation in economic and commercial diplomacy.

Discussions focused on boosting trade and investment through existing institutional frameworks and increased private sector engagement in both countries. The two sides also reviewed preparations for the upcoming Kenya–Angola Business Forum, scheduled for February 2026 in Kenya, to be jointly organized by the Angola Agency for Private Investment and Export Promotion (AIPEX) and Invest Kenya (IK)."
26,Closure of Induction Course for Newly Appointed Diplomats
26,"The Foreign Service Academy (FSA) recently has completed an induction course for newly appointed Kenyan Ambassadors, Consul Generals, and senior diplomats preparing for their assignments at diplomatic missions abroad.

The induction sought to prepare Kenyan representatives for global roles and was officiated by the Deputy National Security Advisor, Mr. Joseph Boinnet who congratulated the participants and commended the FSA for ensuring diplomats remained adequately prepared for their assignments abroad. Present was Ag. Director General Amb. Paul Ndung'u."
26,Ministry Deploys 40 New ICT Officers
26,"The State Department for ICT and The Digital Economy has Deployed 4O new ICT recruits in order to fill the digital skill gaps and align to the Ministry's mandate of Digital Transformation.

The ICT officers were deployed to the Directorates of ICT Infrastructure; E-government and Digital Economy and Cyber Security and Audit Control."
26,Kenya Launches Kenya Cyber Resilience Project to Secure the Digital Economy
26,"The Government of Kenya has launched the Kenya Cyber Resilience (KCR) Project, a major national initiative aimed at strengthening the security, resilience and trustworthiness of Kenya’s rapidly expanding digital ecosystem. The €3 million project will be implemented over 36 months and marks a significant milestone in safeguarding the country’s digital transformation agenda.

Speaking at the launch, Principal Secretary for Broadcasting and Telecommunications, Mr Stephen Isaboke, EBS, who was the Chief Guest, underscored Kenya’s global leadership in digital innovation, citing landmark achievements such as mobile money innovation, the digitisation of over 20,000 government services and the growth of the Silicon Savannah at Konza. He noted, however, that the scale and speed of digital transformation have also increased Kenya’s exposure to increasingly sophisticated cyber threats, making cyber resilience a national priority."
26,Foreign Affairs Officials Tours ICRC’s Nairobi Logistics Center
26,"A delegation from the State Department for Foreign Affairs, led by Deputy Director General for the Multilateral Affairs Directorate, Ambassador Njambi Kinyungu, visited the International Committee of the Red Cross (ICRC) Logistics Support Center in Nairobi for consultations on humanitarian coordination, logistics, and regional cooperation.

The engagement brought together representatives from the ICRC, regional transport and clearance management offices. Discussions underscored the value of professional expertise, institutional collaboration, and knowledge-sharing in strengthening humanitarian response systems across the region."
26,Summit for HRM Directors and Deputy Directors
26,"Today morning, at Sarova Whitesands in Mombasa County, Mr. Amos Gathecha , the Principal Secretary State Department for Public Service presided over a summit for HRM Directors and Deputy Directors organized by the Institute of Human Resource Management. The summit brings together HR professionals who are critical in the management of human resource practices in Public Service. The PS underscored the forum's role in unifying HR Professionals to manage the public service's most valuable asset—its employees. He highlighted the crucial role of HRM Directors in enhancing service delivery through effective performance management. Emphasizing the need for a public service that is agile, adaptive, resilient, and efficient, he called for a strong focus on mental health. This approach, the PS affirmed it was vital for fostering a productive workforce which is key on advancing the Government's Bottom-Up Economic Transformation Agenda."
26,The official opening of the Heads and Deputies of Human Resource Management and Development Units
26,"Human Resource Directors and their Deputies in Ministries/Departments have been called upon to work together to ensure seamless implementation of Government policies for effective service delivery.In his keynote address during the official opening of the Heads and Deputies of Human Resource Management and Development Units workshop at the Rift valley Institute of Science and Technology in Nakuru County, Public Service Principal Secretary, Mr. Amos Gathecha said that HR plays a critical role in enhancing service delivery to the citizenry and therefore officers charged with the mandate of leading HR directorates should work harmoniously to ensure effective service delivery.“Your coming together for this workshop is critical as it will harness your collective input on identifying challenges and policy gaps in Human Resource Management and Development and have common understanding on policy interpretation and implementation. There is need to foster a sense of family as HR Practitioners in Government” Said PS Gathecha.The PS, further reiterated that similar workshops will be held on quarterly basis for networking, bonding and common understanding as they implement HR policies and procedures as released to the Service from time to time.In her remarks, Mrs. Mary Maungu, Secretary HRM, State Department for Public Service underscored the need for continuous engagement with HR practitioners to discuss existing gaps in policy formulation and implementation for effective delivery of services to the citizenry.The objective of the workshop is to discuss key Human Resource matters affecting public service performance and productivity namely; Training and scholarships for MDAs, Unified Human Resource System and Payroll Management, Labour Relations; Mind Education Training Programme; Mental Health and Wellness and Public Service Transformation among other issues."
26,Economic Survey – 2012
26,Kenya targets 5m visitors annually by 2027 in ambitious tourism plan
26,"The Ministry of Tourism and Wildlife is targeting five million visitors annually by 2027 in its strategic plan—an ambitious goal aimed at positioning Kenya as a premier global tourism destination while safeguarding its natural heritage.

Cabinet Secretary for Tourism and Wildlife, Rebecca Miano, stated that the strategic plan serves as a blueprint for collective success, guiding the effective delivery of pledges and securing the future of Kenya’s tourism and wildlife sectors."
26,4) How can one enlist as a Participating Financial Institution (PFI) for wholesale lending MSMEs?
26,3) What Qualifies an MSME for the SAFER Credit?
26,The SAFER approved apex institution (Kenya Development Corporation) regularly calls out for applications with the following requirements. safer-portal - Kenya Development Corporation (kdc.go.ke)
26,5) What is the SAFER Grievance Mechanism (GM)?
26,Cyprus opens High Commission in Nairobi
26,"Cyprus has formally opened its High Commission in Nairobi, which coincided with the signing of a memorandum of understanding on political and diplomatic consultations.

Prime Cabinet Secretary and Cabinet Secretary for Foreign and Diaspora Affairs Dr. Musalia Mudavadi who attended the inauguration at the invitation of the visiting Cyprus minister for Foreign Affairs Constantinos Kombos said this reaffirmed the commitment to strengthen bilateral relations between the two countries."
26,Kenya Dominican Relations
26,"Prime Cabinet Secretary and Cabinet Secretary for Foreign and Diaspora Affairs is currently in the Dominican Republic where he has met senior Dominican government officials in a bid to strengthening security collaboration in support of the Multinational Security Support Mission (MSSM) in Haiti.

Dr. Mudavadi met with his Dominican counterpart H. E Roberto Alvarez, together with donor nations and UN Security Council Permanent Representatives to assess the Security Mission in Haiti. The discussions focused on accelerating progress in restoring peace and livelihoods for the Haitian people. Minister Álvarez underscored the fundamental right of Haitians to shape their own future, a sentiment echoed throughout the meeting."
26,MONITORING AND EVALUATION
26,KEY SUCCESS FACTORS
26,"The Strategy and actual deliverables will be periodically monitored to provide constant feedback for the improvement of the strategy. This will be inbuilt in the communication activities and reports will be provided on a monthly basis to assess the progress.

Our Contacts"
26,SECONDARY EDUCATION QUALITY IMPROVEMENT PROJECT(SEQIP)
26,"The Government of Kenya (GoK) with the support from the World Bank (WB) is implementing the ‘Kenya Secondary Education Quality Improvement Project’ (SEQIP).The Project is designed to complement other projects and activities financed by the Government under the National Education Strategic Plan (NESP), the Global Partnership for Education (GPE) grant, and other programs supported by various Development Partners (DPs) in the sector. The Constitution of Kenya (2010) has the Bill of Rights at its core, while the country’s Vision 2030 acknowledges the need to reform the education and training system so that it aligns well with the aspirations of the youth, and those of the country on becoming an upper-middle income industrialized nation.

The SEQIP will contribute to the twin goals of the World Bank’s global strategy: ending extreme poverty and boosting shared prosperity in a sustainable manner. In particular, the project focuses on the most educationally and economically disadvantaged areas, as well as the poorest and most vulnerable children. The SEQIP will also contribute to a priority in the World Bank’s Africa Development Strategy to accelerate the demographic transition and harness the demographic dividend. The project also responds to a key domain in the Kenya Country Partnership Strategy (2014-18) that aims at building human capital through education and training."
26,SEQIP Program Documents
26,Self Registration on EGMS
26,Excisable Goods Management System (EGMS)
26,"This is a new feature on the EGMS web application to allow taxpayers to be able to self register their company and system users into the KRA EGMS system once they obtain Excise License or Import Certificate. Upon registration, their details will be reviewed by a KRA officer and credentials automatically sent via the email provided by the taxpayer during registration. This feature is also integrated with iTax, where some primary details of the taxpayer are extracted from. You step by step process is available for download.

Manufacturers with excise licences and Importers with import certificates are required to follow a step by step guide for EGMS processes. They can create users in the EGMS system by completing the EGMS external user creation form. They are then required to stamp, scan and submit via email to KRA on egmshelp@kra.go.ke"
26,Ever Heard of the Soma Label App?
26,Amb. Monica Juma Calls on Diplomats to Safeguard Kenya’s National Interests
26,"Amb. Monica Juma Calls on Diplomats to Safeguard Kenya’s National Interests

Outgoing National Security Advisor Amb. Monica Juma has called on newly posted Foreign serveice officers to remain vigilant and committed to safeguarding Kenya’s national interests as they take up assignments abroad."
26,Kenya Demographic and Health Survey 2022 Summary
26,"Funding for the survey was provided by the Government of Kenya, the United States Agency for International Development (USAID), the Bill & Melinda Gates Foundation, the World Bank, the United Nations Children’s Fund (UNICEF), the United Nations Population Fund (UNFPA), Nutrition International, the World Food Programme (WFP), the United Nations Entity for Gender Equality and the Empowerment of Women (UN Women), the World Health Organization (WHO), the Clinton Health Access Initiative, and the Joint United Nations Programme on HIV/AIDS (UNAIDS)."
26,Childhood Illnesses
26,Vaccination Coverage: National Schedule
26,"Two percent of children under age 5 had symptoms of acute respiratory infection (ARI) in the 2 weeks before the survey, and among them, advice or treatment was sought for 82%.

In Kenya, fever is a key symptom of malaria and other acute infections in children under age 5. In the 2 weeks before the survey, mothers reported that 17% of children under age 5 had fever. Advice or treatment was sought for 70% of children with fever."
26,Children’s Status
26,Happy Womens Day
26,"As we celebrate the International Women’s Day, find herein Important dates for women in Kenya since 1950s 1952 First African women’s organization formed (MYWO) 1955 First group of women admitted to University of Nairobi 1958 First African woman joins the Legislative Council 1959 First African woman becomes president of the giant MYWO 1960 First African woman ventures into broadcasting 1961 First African woman attends the Lancaster constitutional talks in London 1963 Women given the right to vote 1964 First group of African women joins the trade union movement 1964 Equality opportunity act established 1964 Maternity leave granted for women 1964 Basic pension adopted for women 1967 First woman magistrate appointed 1968 First woman appointed mayor 1969 First woman becomes Member of parliament 1969 First woman appointed District Officer 1971 First woman in East and Central Africa earns PHD 1974 First woman appointed Assistant Minister 1976 Establishment of the Women’s Bureau 1982 Appointment of the First woman judge to the High Court of Kenya 1983 First women appointed to head public parastatal 1984 First woman Ambassador appointed 1986 First woman elected as clergy (PCEA) 1986 First woman appointed to senior diplomatic mission 1987 First woman Permanent Secretary 1993 House allowance granted to women in the public sector 1995 First woman appointed to the cabinet 1995 First female Kenyan pilot 1997 First woman vies for presidency 1999 First woman appointed Provincial Commissioner 2004 First African (Kenyan) woman to qualify to captain a commercial aircraft. 2005 First woman appointed to chair WTO’s general council 2013 Appointment of first woman as deputy inspector General of police. 2017 First Three Women elected as Governors 2017 First Two Women elected as Senators 2017 Kenyan government adopts the basic education amendment bill that was signed into law making it mandatory for the government to supply free, sufficient and quality sanitary towels to every girl child registered and enrolled in a public basic education institution."
26,"In 1972, the Statistics Department of the Ministry of Planning and Development was renamed the Central Bureau of Statistics (CBS) and the head of the Department was designated â€œDirectorâ€ instead of Chief Statistician."
26,The Formation of the Central Bureau of Statistics (CBS)
26,"CBS expanded its operations in the 1960’s and 1970’s both at the headquarters in Nairobi and at the field level. During this period, it undertook a wide range of data collection activities and kept a healthy publication programme. This impetus continued up to the mid 1980’s when CBS greatly expanded its field survey programme to respond to the need for district-level statistical data following the adoption of the District Focus for Rural Development (DFRD) strategy in 1983. However, a deteriorating trend set in mid 1980’s and continued into the 1990’s. This period was characterized by low level data collection efforts, minimal processing and analysis of collected data and discontinuation of issuance of publications which, in the past, used to be regular features of CBS activities. The factors responsible for the downward trend include inadequate budgetary allocation as a result of reduction in government expenditure and inadequate number of professional staff particularly at senior levels."
26,Establishment of KNBS
26,Nairobi County Launches Jericho Incubation Hub to Empower Youth and Drive Digital Inclusion
26,Nairobi’s Ibrahim Auma Champions Integrated Transport Planning at Smart Mobility Africa 2025 Summit
26,Nairobi County Launches Collaborative Effort to Develop Comprehensive Status Report on Public Participation and Civic Education
26,"Nairobi 18th March 2024

Nairobi County Executive Committee Member for Inclusivity, Public Participation and Customer Service, Dr. Anastasia Nyalita, launched the development of the Status Report on public participation, citizen engagement and civic education by Nairobi City County Government, together with Non State Actors who will work towards delivery of the project."
26,Health Services
26,Governor’s Welcome Note.
26,"Health Services pause a great challenge in Nairobi but through partnerships we seek to focus more on preventive health: community health education, nutrition, sanitation, hygiene and disease control. With the little available resources we shall staff, improve and equip our health facilities and take all measures to make them accessible"
26,Education
26,"Our education sector has great potential with a well structured education system, institutions and professional staff. Our school going children are about half the population whom we intend to impart upon the right Knowledge, Skills, Values and Attitudes as they are our future and we owe it to them. Vocational training falls in our docket and we are rebranding our polytechnics to be more relevant and attractive."
26,Sports
26,Government teams up with five donors to boost stability in border counties
26,"The National Government, in collaboration with development partners and the northern frontier counties, is addressing insecurity and development challenges faced in the North-eastern region.

The collaboration also aims to unlock the economic potential of these counties and their borderlands."
26,State plans to boost performance of community and public irrigation schemes
26,"The State Department for Irrigation has mooted plans to enhance the productivity of existing community/ public irrigation schemes across the country in its efforts to ensure optimal utilization of irrigation infrastructure to boost national food security.

Irrigation Principal Secretary, Ephantus Kimotho, noted that colossal sums of money have been spent in developing irrigation infrastructure in the country yet there has never been a corresponding value for money, with majority of the irrigation schemes still performing below par."
26,Kilifi equips hospitals with modern radiology equipment
26,"Patients in Kilifi will have improved healthcare services as the county government moves to equip Level Four health facilities with modern radiology equipment.

Residents previously had to seek such services outside the county."
26,"KALRO’s new potato variety promises higher yields, better resistance"
26,"The Kenya Agricultural and Livestock Research Organisation (KALRO) has introduced a game changing potato variety, Clone IG-70, that promises to revolutionize potato farming in Kenya.

The new variety, which is drought- and blight-tolerant, was unveiled during the Mkulima Open Week Exhibitions at the KALRO Potato Research Centre in Tigoni, Limuru Sub-County."
26,State to resolve land disputes to tame insecurity in Taita Taveta
26,"There is an urgent need for inter-ministerial coordination to address squatter conflicts, illegal evictions, and fraudulent land ownership schemes in Taita Taveta.

The Cabinet Secretary for Interior and National Administration Kipchumba Murkomen highlighted the chronic land problems that have continued to fuel tension, displacement, violence and insecurity in the county."
26,Government steps in to support vulnerable learners in Baringo
26,"The Ministry of Gender, Culture and Children’s Services has mobilized humanitarian support for 32 schools serving children with special needs in Baringo County.

Speaking during a distinctive handing over ceremony of material and equipment support at Kabarnet School for deaf and blind, Gender Cabinet Secretary Hanna Cheptumo highlighted the important role played by such institutions in providing care and protection of vulnerable children and disadvantaged members of the society."
26,IGAD to establish One-Stop Border Point in Mandera to boost regional trade
26,"The Intergovernmental Authority on Development (IGAD) has announced plans to construct a One-Stop Border Point (OSBP) along with proposed bridges in Mandera County.

This is part of its continued efforts to strengthen regional trade, security, and cooperation among member states."
26,Embu gets physiotherapy rehabilitation centre
26,"The Embu County Government has received a boost in the provision of physiotherapy services following the successful rehabilitation and equipping of a specialized unit at Runyenjes Level Four Hospital.

This facility, the only one of its kind in the county, has been upgraded through the collaborative efforts of Christian Blind Mission (CBM) and the Association for the Physically Disabled of Kenya (APDK), with generous support from the German Cooperation."
26,Government affirms full ownership of e-Citizen platform
26,"SITATI REAGAN (KNA) The Government has reaffirmed its full ownership and control of the e-Citizen online platform, assuring Kenyans that all data within the system is securely managed by the state.

Speaking at a press briefing after a meeting with the National Assembly Departmental Committee on Administration and Internal Security in Mombasa, Principal Secretary for Immigration and Citizen Services, Dr. Belio Kipsang, told the committee that the Government had formally taken over the e-Citizen engine from its developer, Webmaster, through a procurement process."
26,"Equip students with skills for job market, PS urges institutions"
26,"The Principal Secretary in the State Department for Higher Education and Research Dr. Beatrice Inyangala has underscored the need to prepare students for a changing world of work.

She said institutions should assist students to focus on critical thinking, adaptability and creativity instead of memorization of facts."
26,Owalo hails Maragua irrigation project as a game-changer
26,"The Government is currently implementing an irrigation project at Maragua Ridge in Murang’a County, benefiting 848 households. The project, funded at a cost of Sh312 million, is 99 percent complete and will cover 400 acres in parts of Kambiti and Kamahuha Wards within Maragua Constituency.

Currently, the region relies on rain-fed agriculture, but the irrigation project is expected to transform the livelihoods of local residents, thereby boosting food security."
26,Ombudsman seeks county-specific Access to Information Acts for transparency
26,"The Commission on Administrative Justice (Ombudsman) is working with county governments to develop Access to Information Acts that are unique to each of the 47 devolved units.

Commission Chairman Charles Orinda said the lack of Access to Information Acts at the county level continues to hinder Kenyans from seeking information on critical issues, pointing out the need for county assemblies to address the gap."
26,"Over 229,000 teachers trained as state prepares for Senior School transition"
26,"A total of 229,292 teachers from both public and private learning institutions have been retooled to effectively implement the Competency-Based Education (CBE) framework.

This is as the government prepares for the transition of learners from Junior Secondary to Senior Secondary schools next year."
26,Judiciary to Install CCTV cameras
26,"The Judiciary has set aside a budget to procure CCTV cameras to install in high traffic court stations in the country. The cameras are meant to improve the overall security in courts.

The budget will procure body scanners and screening equipment to bolster physical surveillance and access control in high-traffic court stations."
26,WRTI opens new research centre following flood damage
26,"KOBILO JEPTUMO-MyGov

The Wildlife Research and Training Institute (WRTI) has officially opened its new Inland Waters and Wetlands Research Centre, restoring critical research capacity lost after flooding forced the closure of its former facility at Lake Naivasha last year."
26,Mr. Benson Kiriga
26,"Prof. Kennedy Ogollah was appointed Member of the Board of Directors, in 5th June, 2025. Prof. Ogollah begun his career as a Part-time Lecturer at the University of Nairobi in 2010 working under close supervision of his Professors. Since then, he has been a resource person for several universities as a visiting, adjunct and/or part-time lecturer in the areas of Strategic Management, Change Management, Organization Behavior and Development, Contemporary Management, Leadership, Marketing, Entrepreneurship and Innovations Management and Business Research Methods. In addition, he has been a Principal Researcher in a number of researches in both public and private sectors and a Lead Consultant and Facilitator in a number of both public and private consultancies and training. An accomplished academic, he has supervised to completion over 20 PhD studies and over 200 Master Degree students in different Management specialization areas. Prof. Kennedy Ogollah holds a PhD in Business Administration (Strategic Management) at the Department of Business Administration, Faculty of Business and Management Sciences, University of Nairobi, Kenya."
26,Pharmacists raise alarm over growing number of illegal chemists
26,"Pharmaceutical technologists have declared a regulatory crisis in the medicines sector, warning that illegal chemists now outnumber licensed pharmacies by four to one, exposing millions to the unsafe and unaccountable dispensing of prescription drugs.

The Kenya Pharmaceutical Association (KPA) Secretary-General, Eric Gichane, accused authorities of presiding over an enforcement vacuum that has normalised the casual sale of antibiotics and other potent medicines without prescriptions."
26,"Teacher retraining, curriculum overhaul underway for CBE rollout"
26,"The Government has reaffirmed its commitment to Competency-Based Education (CBE), describing it as a transformative model central to the country’s development agenda.

Speaking during the launch at the Kenyatta International Convention Centre (KICC), Education Cabinet Secretary Julius Migos Ogamba declared that CBE, also referred to as Elimu Thabiti, is the foundation of an inclusive, skills-based education system designed to prepare learners for the realities of the 21st century."
26,Prisons seek Sh4 billion to replace obsolete machines
26,"The State Department for Correctional Services has asked the National Assembly for Sh4 billion to modernise machinery and equipment at Kenya Prisons Enterprises to strengthen rehabilitation programmes while positioning the correctional services as a key revenue earner.

Director of Prisons Farms and Enterprises, Patrick Kariri, said most of the machinery at prison industries and farms was outdated, undermining both productivity and training."
26,University launches multinational research project to turn wastewater into resource
26,"Multimedia University of Kenya (MMU) has unveiled a bold multinational research initiative aimed at transforming urban wastewater from a public hazard into a valuable resource.

The initiative, dubbed “Pollutant Upcycling and Resource Recovery for Environmentally Sustainable and Climate-Resilient Municipal Wastewater Management (PURE-MW),” is funded under the African Regional Call of the Belmont Forum and brings together partners from Kenya, Uganda, South Africa, Germany, and Turkey."
26,CS Kabogo calls for urgent action on Africa’s e-waste crisis
26,"The Cabinet Secretary (CS) for Information, Communications and the Digital Economy William Kabogo has called for urgent and coordinated action to tackle the growing e-waste crisis in Africa.

Speaking at the 7th East African Communication Organization (EACO) Regional Conference on Sustainable E-Waste Management in Nairobi, the CS emphasized the need for strong policies, regional cooperation, and private-sector involvement in addressing the challenge."
26,"Provisional estimate of Gross Domestic Product (GDP) for the second quarter of 2019 indicate that the economy expanded by 5.6 per cent, which was lower than 6.4 per cent growth registered during the same quarter in 2018 as shown in Figure 1. A number of sectors posted impressive performances but the overall growth was curtailed mostly by a slowdown in activities of agriculture, manufacturing and transportation. Macroeconomic environment remained largely conducive for growth throughout the quarter under review.

Agriculture’s performance as well as that of electricity and water supply were mostly hampered by a delay in the onset of the long rains. Transportation industry was negatively impacted on by rise in prices of fuel. On the other hand, accommodation and food services; information and communication; wholesale and retail trade; and construction industries maintained high growths and thereby supported the overall GDP growth. Information and communication sector posted the fastest growth of 11.6 per cent during the review quarter followed by accommodation and food services and construction which recorded growths of 10.6 per cent and 7.2 per cent, respectively. Financial and insurance sector registered the most improved growth of 2.1 percentage points followed by construction sector whose growth improved by 1.8 percentage points. Quarterly Gross Domestic Product Report Second Quarter, 2019"
26,Mbagathi Hospital Media Tour
26,"Nairobi 29th March 2023

Governor Sakaja Johnson’s vision to ensure Mbagathi hospital becomes among one of the Nairobi City County’s health facilities of choice in the provision of Emergency services and offering of broad spectrum health care provision is slowly being realized with the institution set to grow in leaps and bounds as the facility is set to launch a second ICU unit in the county after Governor Sakaja’s launch of a similar facility in Mama Lucy Kibaki hospital several weeks ago. Speaking after hosting several media houses who toured the facility today; County Executive for Health, Wellness and Nutrition, Dr. Nyalita “Mbagathi Hospital was built in the 1950s and was known as the Infectious Diseases Hospital (IDH) and served as the infectious diseases isolation facility for the King George VI Hospital, now Kenyatta National Hospital (KNH). It wasn’t until 1995 that the hospital acquired autonomy from KNH to become a fully-fledged district hospital for Nairobi City. Under Governor Sakaja’s leadership this facility is set to become one of the leading hospitals in Nairobi. As we speak, we have a state of the art 112 mortuary as well as an internationally accredited laboratory. We also offer general and specialized healthcare services that include outpatient and inpatient services, dental clinic, radiology, renal clinic, eye unit, maternity, nutrition, pediatrics general clinic, and physiotherapy services.” Currently, Mbagathi Hospital offers services to about 1,200 outpatients on a daily basis and a bed capacity of 320 beds."
26,"Globally, most developed and developing economies are projected to experience improved growths in 2015. Subsequently, the world trade is expected to grow by 4.5 per cent compared to a growth of 3.0 per cent during the year. Oil prices are projected to remain subdued throughout the year due to possibilities of sustained oversupply as Iran and Libya add to the current output after improved political environment. Based on these projections, the global economic prospects for 2015 is therefore bright with world real GDP projected to grow at 3.5 per cent in 2015 subject to continued recovery from the global financial crisis. This is expected to impact positively to Kenya’s economic growth. The country experienced depressed rainfall during first quarter of 2015 while weather forecast points to a possibility of insufficient long rains in parts of the country. Performance of the agriculture sector is therefore likely to remain close to the 2014 level due to its over-reliance on rain fed water. On average, electricity prices might fall slightly in 2015 due to increased share of geothermal electricity generation. Inflation is projected to ease in 2015 supported by lower prices of oil and electricity. Improved external environment and a sustained strong internal demand are likely to favour growths in many sectors of the economy this year. The ratio of current account to GDP is expected to remain close to the level of 2014. The Government fiscal policies in the 2015/16 national budget will focus on re-orientation of expenditure from recurrent to development while private sector investment is anticipated to remain vibrant. Other macroeconomic indicators are projected to remain stable and supportive of growth in 2015."
26,Basic Report on The 2010 Census of Industrial Production (CIP)
25,Periodic reports covering various aspects of the Kenyan economy
25,KNBS Publications
25,"The Kenya National Bureau of Statistics (KNBS) is mandated to collect, compile analyze, publish and disseminate official statistics for public use. The KNBS publications cover a wide array of topics such as; health, the economy, poverty, foreign investment, industries, food and nutrition and much more.

The KNBS publications are released periodically for consumption by the public and also aid both public and private institutions in strategic planning and decision making."
25,Latest Publications
25,Homepage Announcement
25,REPORT CORRUPTION IN THE PLACEMENT OF GRADE 10 LEARNERS IN SENIOR SCHOOL
25,Nairobi County marks World Environment Day with green walk and call for climate action
25,Nairobi County Launches Landmark AI Programme to Drive Digital Transformation and Innovation
25,Ruaraka Diversified Investments Limited to pay KRA Kshs.672M for sale of Garden City property
25,"The Tax Appeal Tribunal has held that Ruaraka Diversified Investments Limited, a real estate company, was liable to pay Kshs.672, 150,686 in corporation tax arising from the sale of the land in 2013 and 2015. The said land was for the development of the Garden City project. The tribunal reached the decision in a ruling made on 1st April 2021.

The real estate company’s position was that the gain realized was in the nature of capital gains and that they had written to Kenya Revenue Authority seeking guidance as to whether Capital Gains Tax or Corporation Tax should apply in the subject transaction. The company’s argued that KRA’s response that capital gains was chargeable in such a transaction was a private ruling as provided in Sections 65-69 & 113 of the Tax Procedure Act, 2015 hence they had legitimate expectation that only capital gains would be charged for the transaction."
25,Commissioner- Legal Services & Board Coordination
25,"A new revenue collection platform for Nairobi City County Government is now operational. The system, Nairobi Revenue System (NRS), is an initiative of the National Government, in collaboration with the Nairobi Metropolitan Services and the Kenya Revenue Authority, aimed at having an integrated single revenue collection system. NRS’s design can be customized to suit other Counties’ specific revenue collection needs.

NRS will enhance service delivery by having simple and easy to use system features and providing timely information to customers on status of their requests and applications. They system is available for use by both new applications and renewals of services such as; customer registration and account creation, payment for Parking Fees, Market Cess, applications and renewals of Trade Licence, as well as Applications for Food Handlers Certificate for both individual and non-individual). NRS is being deployed in phases with more services set to be availed in the coming days."
25,KRA suspends payment of tax relief to enhance the process
25,"In a bid to enhance the current processes related to the payment of tax refunds, exemptions, waivers and abandonments, the Kenya Revenue Authority (KRA) in concurrence with the National Treasury & Economic Planning has suspended all tax relief payments with effect from 28th February 2023 until further notice.

In the past five years, KRA has granted tax reliefs and incentives totalling Kshs. 610 Billion, with an average of KShs.122 Billion per annum. The move to suspend payment of tax reliefs allows KRA to audit and enhance the tax relief processes and procedures. KRA continues to comply with the law by assessing and processing the tax reliefs during this process. However, payments will not be disbursed until the end of the process."
25,Taxpayers enjoy over Kshs. 200 billion in waiver of penalties and interest from the Tax Amnesty Programme
25,"The Finance Act, 2023 introduced the Tax Amnesty Programme that allows Taxpayers to apply for waiver of penalties and interest accrued for periods up to 31st December 2022, upon full payment of their respective principal taxes by 30th June 2024. The programme runs from 1st September 2023 to 30th June 2024.

The Kenya Revenue Authority (KRA) is pleased to report that so far as at 20th February 2024, 227,071 Taxpayers have benefited from waiver of penalties and interest amounting to Kshs. 209 billion under the ongoing Tax Amnesty Programme having paid a total of Kshs. 14.5 billion in principal taxes."
25,KRA Appoints Commissioner for Investigations and Enforcement
25,"Kenya Revenue Authority (KRA) has appointed Mohamed Abdul M’maka 'ndc' (K) as the new Commissioner for the Investigations and Enforcement Department, effective 11th March 2026.

The appointment was approved by the KRA Board following a competitive recruitment process aimed at strengthening the Authority’s capacity to combat tax evasion, financial crimes, and illicit trade."
25,Payment of all Outstanding Tax Debts
25,"During this challenging period, the government instituted various tax relief measures to cushion Kenyans against the impact of the COVID 19 pandemic and enhance the resilience of the economy. Nevertheless, tax revenue mobilization remains a critical aspect in complementing the government’s efforts in furthering the development of our country.

KRA is therefore advising all taxpayers with outstanding tax liabilities and have not paid or entered payment plans to do so by 20th of June 2020, failure to which appropriate enforcement measures will be instituted against the outstanding debt. The affected taxpayers are advised to get in touch with Tax Service Office in order to settle their tax debts or propose payment plans."
25,Commissioner for Customs & Border Control Department
25,Renewal Licences for Transit Sheds
25,"PUBLIC NOTICES 28/09/2020

Address"
25,Renewal of Nairobi County Permits and Licences
25,"Pursuant to the Deed of Transfer of functions from the Nairobi City County Government (NCCG) to the National Government dated 25th February 2020, the Kenya Revenue Authority (KRA) was appointed as the Principal Agent for collection of all Nairobi City County revenue. KRA reminds all members of the public and the business community that all payments due to the NCCG for the following revenues in respect to the year 2021 should be paid effective from January 2021 and also W.E.F from the date prescribed by each respective regulatory law.

Note: All other fees and charges are payable as per the Nairobi City County Finance Act 2018"
25,"Deputy Commissioner County Revenue, Kenya Revenue Authority"
25,"Compliance with County Rates, Permits and Licensing Obligations"
25,"PUBLIC NOTICES 20/04/2021

Address"
25,Commissioner Legal Services & Board Coordination Department
25,Service of Documents in Support of Objections to VAT Automated Audit Assessment
25,"Guidance on Employer Obligations in Applying Income Tax Deductions, Reliefs and Exemptions"
25,"Kenya Revenue Authority (KRA) wishes to inform employers, employees, and the general public that the Finance Act, 2025, amended the Income Tax Act, Cap 470 (“the Act”) to mandate employers to apply all relevant tax deductions, reliefs, and exemptions when computing income tax on employee emoluments.

In line with this amendment, KRA provides the following guidance to employers:"
25,Notice on Updating of Tenant Records for Nairobi City County Government Rental / Tenant Purchase Scheme / Site and Service Market Stalls
25,"The Kenya Revenue Authority (KRA) was appointed by the Nairobi City County Government (NCCG) as the principal agent for overall revenue collection for all county revenue vide Gazette Notice No. 1967 dated 6th March, 2020.

Notice is hereby given that the Kenya Revenue Authority in conjunction with the Nairobi City County Government and the Nairobi Metropolitan Services will be undertaking an exercise to update records of all the tenants of Nairobi City County market stalls for purposes of accounting for revenue arising from the stalls."
25,Requirements for Uptake of the Electronic Tax Invoice
25,"PUBLIC NOTICES 22/11/2021

Address"
25,"Excise Duty Exemption for Licensed Users of Illuminating Kerosene to Manufacture Paint, Resin or Shoe Polish"
25,"Kenya Revenue Authority (KRA) would like to notify manufacturers of paint, resin or shoe polish that Paragraph 13 of the Second Schedule to the Excise Duty Act, 2015 provides for excise duty exemption on illuminating kerosene supplies to licensed or registered manufacturers of paint, resin or shoe polish in such quantities as the Commissioner may approve.

KRA has rolled out the manual processing of the exemption pending automation of the exemption process through the iTax platform."
25,"REGULATIONS UNDER THE EXCISE DUTY ACT, 2015"
25,"In compliance with the Statutory Instruments Act, the The Commissioner General on behalf of the Cabinet Secretary, the National Treasury and Economic Planning, has reviewed the The Excise Duty (Excisable Goods Management System) Regulations, 2017 and made the The Excise Duty (Excisable Goods Management System) (Amendment) Regulations, 2023.

In compliance with the same Act, and on behalf of the Cabinet Secretary, the National Treasury and Economic Planning, the Commissioner General invites interested members of the public and stakeholders to submit their inputs and comments for consideration in the finalising of the above regulations. These draft regulations have been posted on the KRA website, www.kra.go.ke. You may download the same for your reference."
25,Tax Payment through PayBill Number 222222
25,"Kenya Revenue Authority (KRA) notifies taxpayers that all tax payments via mobile money shall only be made through the Government PayBill number 222222 with immediate effect in line with the Kenya Gazette No. 16008 of 2022 and the Presidential Directive designating the use of Paybill Number 222222 as the Government’s single payment platform.

Taxpayers are further advised to use the Payment Registration Number (PRN) or the Ref. Number on the Payment Slips generated from KRA Business Systems: iTax, iCMS, EGMS, and KESRA iStudent as the account number when making tax payment via mobile money. KRA guides taxpayers to proceed with tax payment through mobile money as follows:"
25,COVID-19 pandemic to promote re-engineering of Customs processes
25,"As the spread of the Coronavirus (COVID-19 persists, the movement of relief goods including Medical supplies and equipment through borders all over the world has increased dramatically.

Customs officials have found themselves in the frontline in the fight against the virus. This calls for them to strike a balance between their own safety and facilitating trade to support the fight against the pandemic by timely clearance of medical supplies but also clear other goods necessary for economic recovery."
25,Crop protection & crop nutrition : how much used
25,Potatoes where & when grown
25,"Next to having a clear reporting of the crop nutrition and the crop protection products used, it is also mandatory to report how much has been used. For this spray tickets are issued, clearly instructing the operators how much of what material is to be used on what location and when. At the end of the day, the spraying work is checked in the field and frequent overall cross checks by the operations manager are also applicable. This highly planned approach is also a key pillar of intensive agricultural practices. As a result yields are optimised, maximum benefit from applied crop protection and nutrient products is realised and potato farming profits are increased."
25,What crop protection & crop nutrition products used
25,KRA steps up fight against illicit trade in excisable goods
25,"KRA has initiated a campaign against illicit alcohol in the Kenyan market. The multi-agency approach will enable the government to close in on those involved in the illicit trade. KRA has also partnered with the Alcoholic Beverages Association of Kenya(ABAK) in stepping up this campaign.

The Authority recently held countrywide sensitizations on identification of illicit alcoholic beverages and tobacco products, whose main aim was to create awareness among the manufacturers, distributors, law enforcement agencies, consumers, and other players in the value chain on the use of the ?Soma Label? application to assess authenticity of tax stamps."
25,"Over 500,000 Kenyans Heed Tax Amnesty Call with Ksh 20.8 Billion in Overdue Principal Taxes Paid"
25,"Kenya Revenue Authority (KRA) has registered a major milestone after over half a million Kenyans benefitted from the ongoing Tax Amnesty Programme to regularise their tax compliance status.

The initiative has seen taxpayers pay their overdue principal taxes amounting to Ksh 20.8 billion, with a total of Ksh 28.7 billion having been self-declared as unpaid taxes. Taxpayers who had defaulted on filing and paying their taxes have so far benefited from Ksh 244.7 billion in waiver of penalties and interests."
25,Government enhances digital connectivity as an enabler to trade and investment
25,The 6th Engineering Partnership Convention (EPC 2025) kicks off in Nairobi
25,Communication Authority commits to enhance cybersecurity awareness in Africa
25,State demands action from cement firms on mine rehabilitation efforts
25,New measures announced to combat rising mental illness among civil servants
25,"State invests millions in new school in West Pokot to foster peace, education"
25,New feedlots planned for 490 wards in ASAL lands to combat drought impact
25,PS Public Service opens 2nd Annual Huduma Centre Managers Conference at KSG Mombasa
25,"During the official opening at the 2nd Annual Huduma Centre Managers Conference, Principal Secretary for Public Service Mr. Amos Gathecha set the tone with a compelling call to action to all Centre Managers under the theme “Service with a Smile.” Held at the Kenya School of Government in Mombasa, the conference aimed to reflect on triumphs, tackle hurdles, and craft forward-thinking strategies to elevate service delivery under Huduma Kenya’s mission of offering citizen-focused, efficient, and dignified public services.

In his address the PS painted a vivid picture of Huduma Kenya’s transformative impact on customer experience, a feat that has garnered admiration both within Kenya and beyond its borders. PS passionately encouraged managers to harness innovation, uphold unparalleled service standards, and stay agile to meet the evolving needs of the populace."
25,Murang’a pilots smart telemedicine system to improve rural healthcare
25,TVET expansion in Kisumu eyes thousands unable to secure university slots
25,NYOTA Project kicks off Phase Two with business training
25,New facility aims to reduce dropout rates for disabled children
25,Newly Appointed Principal Secretaries Inducted on Performance Contracting for Enhanced Public Service Delivery
25,"The newly appointed Principal Secretaries (PSs) today participated in an induction centred on Performance Contracting. The induction is vital for cultivating a culture of accountability, transparency, and results-oriented management within the public service. It ensures that PSs are adequately prepared to lead their respective departments in meeting targets and contributing to national development. The induction highlighted how Performance Contracts help in achieving broader national development objectives and priorities.

The Prime Cabinet Secretary, Dr. Musalia Mudavadi, in a speech read on his behalf by Principal Secretary National Coordination, Mr Ahmed Ibrahim, said that Performance Contract remains one of the most robust commitments for results framework that has ensured accountability for public resources and performance in the Public Service."
25,KMA calls for stronger regional collaboration to boost maritime safety and infrastructure
25,"MICHELLE WANGA-(PCO)

The Kenya Maritime Authority (KMA) is harnessing technical collaborations across the region to mitigate the challenges posed by maritime governance, using available resources."
25,"County, New KCC partner to boost nutrition for pre primary learners"
25,"Young learners in Early Child hood Development Education (ECDE) centres in Elgeyo Marak wet County will receive free milk under a proposed partnership between the County Government and the New Kenya Co-opera tive Creameries (New KCC).

The initiative, which targets Early Childhood Development Educa tion (ECDE) learners, is aimed at improving child nutrition, boost school enrolment, and enhance retention rates across the county."
25,Ministry partners with universities to accelerate digital hubs initiative
25,"The Government has intensified its push to expand digital access and skills development across Kenya, leveraging partnerships with local universities as part of the national digital transformation agenda.

Cabinet Secretary for Information, Communication and the Digital Economy, William Kabogo inspected the ongoing assembly of 3,000 digital devices at Jomo Kenyatta University of Agriculture and Technology (JKUAT)."
25,New push to restore coffee farming in Taita Taveta
25,"The Government has intensified efforts to revive coffee farming in Taita Taveta County marking a renewed push to restore the crop as a key economic activity in the region.

The move follows a sensitisation forum held in Wundanyi and led by Cabinet Secretary for Co-operatives and MSME Development, Wycliffe Oparanya, who re-affirmed the government’s commitment to revitalizing coffee farming in line with ongoing national reforms in the sub-sector."
25,Erratic rains leave Buuri East farmers battling for survival
25,"In the semi-arid plains of Buuri East Sub-County in Meru County, farming was long considered a gamble.

For years, residents such as Lucy Makena Kimathi struggled to coax crops from the dry soil, with their efforts often undermined by erratic rainfall and the harsh climate."
25,Kericho boda turn to electric bikes as fuel prices bite
25,"Boda boda operators in Kericho County are turning to electric motorcycles as rising fuel costs and a growing push for clean energy transform the transport sector.

The transition is gaining momentum among riders seeking to cut operating expenses and boost daily earnings, with many reporting that electric bikes provide a more affordable and efficient alternative to petrol-powered motorcycles."
25,How a dual-crop strategy is helping a farmer survive unpredictable seasons
25,"Farming remains both a way of life and a daily gamble with the weather for most rural households.

But John Kirui, from Meteitei Location in Tindiret Sub County is rewriting the script."
25,"Kisumu County is stepping up investment in Vocational Training Centres (VTC’s) in a bid to absorb thousands of youth who miss out on university placement each year.

County Chief Officer for Education, Technical Training, Innovation and Social Services, Bovince Ochieng, said the devolved unit is targeting secondary school graduates unable to transition to university, urging them to enroll in Technical and Vocational Education and Training (TVET) institutions."
25,Government commits to clear Sh4 billion NHIF debts
25,"The Government has committed to settling Sh4 billion in verified debts owed to healthcare facilities by the defunct National Health Insurance Fund (NHIF) this week.

According to Health Cabinet Secretary Aden Duale, the payment has been provided for under the recently enacted supplementary budget and will prioritise bills of up to Sh10 million."
25,6.45m farmers enrolled in Kenya’s new digital system for sustainable agriculture
25,"GEOFFREY SATIA AND IDA CHERUTO-KNA

The Cabinet Secretary for Agriculture and Livestock Development, Dr. Andrew Karanja, has expressed optimism that the implementation of the Kenya Agricultural Management and Information System (KIAMIS), a digital farmer registration system, will be a transformative step for the sector."
25,"Sharon Atieno-KNA

Communications Authority embarks on safer Cyber Space for Africa’s digital growth"
25,"Cabinet Secretary for Environment, Climate Change and Forestry, Dr. Deborah Barasa, has directed the National Environmental Management Authority to immediately launch transparent, thorough and uncompromising inspections of all facilities suspected of discharging waste into rivers and tributaries.

Dr. Barasa regretted that for a long-time rivers and other sources of water have suffered the cost of industrial negligence and systemic failure through uncontrol effluence."
25,Kiganjo College to be upgraded to a police university
25,"The Government plans to elevate the Kiganjo Police Training College in Nyeri into a fully fledged police university.

Making the announcement, Interior Cabinet Secretary (CS) Kipchumba Murkomen said the move is aimed at strengthening police training and enhancing the professional capacity of officers serving in the National Police Service (NPS)."
25,Time to elevate magical Kenya to an all-seasons wonder
25,"Kenya’s tourism sector has much to celebrate. The 2025 sector performance report reveals that we welcomed a total of 7.9 million visitors, 2.7 million international and 5.2 million domestic.

International arrivals increased by 9 per cent, a figure more than double the global average. The total tourism earnings for 2025 stood at Ksh. 500 billion."
25,Focus shifts to practical skills in education overhaul
25,"Kenya is implementing far-reaching reforms across the education sector aimed at strengthening competence, productivity, and relevance, Cabinet Secretary for Education Julius Migos Ogamba has said.

In a speech read on his behalf by the Principal Secretary in the State Department for Technical and Vocational Education and Training (TVET), Dr. Esther Muoria, during the first graduation ceremony at Ugenya Technical and Vocational College, Ogamba said the shift towards Competency-Based Education."
25,Leading Economic Indicator July 2018
25,Government’s commits to improve TVETs
25,"Education Cabinet Secretary Julius Migos Ogamba has reiterated the Government’s commitment to investing in Technical Voluntary Education and Training (TVET) , maintaining that it is the engine that will transform the economy.

Ogamba, who spoke during the first graduation ceremony at the Maasai Mara TVET underscored the critical role played by the engineers, plumbers, automotive technicians, and the hospitality experts whose skills are dire in building the nation."
25,Mbeti South farmers to benefit from Sh69.9m Irrigation project
25,"More than 360 households in the semi-arid Mbeti South Ward, Mbeere South Constituency in Embu County are set to benefit from a Sh69.9 million irrigation expansion project being implemented by the Embu County Government.

The expansion of the Rupingazi-Weru Irrigation Scheme is expected to transform farming activities in the region by increasing access to reliable irrigation water and reducing overdependence on rainfall according to Governor Cecily Mbarire."
25,County intensifies fight against tropical diseases through clean water projects
25,"The County Government of Trans Nzoia has applauded the contribution of partners in the mitigation of Neglected Tropical Diseases (NTDs).

Speaking on the matter, County Executive Committee Member for Health and Sanitation Christopher Lorot said the county has intensified efforts to eliminate NTDs through the implementation of safe and clean water projects."
25,"State reaffirms commitment to affordable, reliable industrial energy supply"
25,"The Government has reaffirmed its commitment to ensuring affordable, reliable, and sustainable energy for industries, as part of efforts to support economic growth, enhance competitiveness, and protect jobs amid uncertainties in global energy markets.

Speaking after a consultative meeting with leaders and representatives of the manufacturing sector under the Kenya Association of Manufacturers (KAM), Energy and Petroleum Cabinet Secretary Opiyo Wandayi said the Government remains focused on maintaining energy stability while creating a conducive environment for businesses to thrive."
25,Solar mini-grid lights up 300 homes in Turkana’s Locheremoit
25,"More than 300 households in Locheremoit , Turkana Central Subcounty, have benefited from solar-powered energy funded through a partnership involving the European Union, the Government of France, the United Kingdom, and the County Government of Turkana.

Governor Jeremiah Lomorukai joined European Union Ambassador to Kenya Henriette Geiger and her French counterpart Arnaud Suquet to commission the Green Mini-Grid Programme in Locheremoit."
25,Devolution programme sets new safety standards for projects across 47 counties
25,"The State Department for Devolution, through the World Bank–funded Second Kenya Devolution Support Program (KDSP II), has rolled out the Environmental, Social, Health, and Safety Risks and Impact Management Framework across all 47 counties.

This rollout marks a significant milestone in supporting counties to implement development projects that are environmentally sustainable, socially inclusive, safe for workers and communities, accountable to citizens, and aligned with the country’s legal framework."
25,Hatching centre a boon to Marimanti poultry farmers
25,"Marimanti hatchery and poultry project, Tharaka South Sub County, under the Ministry of Agriculture and Livestock Development is set to improve poultry production by providing the much needed inputs for local farmers.

The hatchery is expected to transform the poultry sector by breeding and supplying farmers with the highly demanded one-day-old and one-month old chicks."
25,Basic Education PS Ololtuaa Distribute ICT gadgets.
25,"The Principal Secretary, State Department for Basic Education, John Ololtuaa today led the launch of digital learning devices at ACK Ol'Kalou Comprehensive School, Nyandarua County — accompanied by his colleague, PS State Department for ICT and Digital Economy, Eng. John Tanui.

Under the Kenya Digital Economy Acceleration Project (KDEAP), 10,382 laptops and 10,382 interactive smart boards are being distributed to Junior Schools in all 47 counties, with 11 schools benefiting in Nyandarua Sub-County. This follows training for over 62,000 teachers nationwide on ICT integration."
25,Quick Navigation
25,DATA PRIVACY NOTICE
25,"Kenya Revenue Authority is committed to protecting your personal data in accordance with Data Protection Laws. This Privacy Notice provides information on how and why the Kenya Revenue Authority (KRA) collects and processes your personal data and how it is protected. This notice should be read together with the Terms and Conditions of use for other KRA Services. Where there is a conflict, this privacy notice will prevail.

This notice applies to all taxpayers, KRA staff, students, consultants, 3rd parties, development partners and all visitors to any of KRA premises."
25,12.0. DATA PROTECTION OFFICER CONTACT
25,"Contact Details of Competent Authorities (or Their Authorized Representatives) for Exchange of Information, Tax Treaties and Mutual Agreement Procedure for Kenya."
25,Exchange of Information (EOI)
25,"Name: Mr. Humphrey Wattanga

Governmental Agency: Kenya Revenue Authority"
25,Tech the Game Changer
25,Vihiga County launches e-Voucher livestock accination programme
25,"Vihiga County has officially launched an e-voucher livestock vaccination and identification programme aimed at preventing livestock diseases, improving productivity, and enhancing the traceability of animal products in the market.

The initiative was inaugurated at the farm of Leah Iminza in Budaywa Village, Sabatia SubCounty, by Vihiga Governor Dr. Wilber Ottichilo, alongside Vihiga County Commissioner Peter Maina."
25,213 hospitals benefit as state expands National Equipment Scheme
25,"The National Equipment Service Programme (NESP) rollout has so far delivered specialized medical equipment worth over Sh7.3 billion to 213 health facilities across 43 counties.

The initiative, launched by President William Ruto in August 2025, gained fresh momentum when Health Cabinet Secretary Aden Duale presided over the signing of a cooperation framework that brings together national referral hospitals, the Social Health Authority, and the Digital Health Agency."
25,"Gov’t hires 2,000 tutors to strengthen TVET training"
25,"The Government, through the State Department for Technical and Vocational Education and Training (TVET), is committed to strengthening the links between institutions and industries to enhance the quality of training and ensure employability.

Thanks to ongoing efforts to encourage youth enrollment in TVETs, the government aims to increase enrollment to two million students by the end of 2025, up from the current 500,000 learners, according to TVET PS Dr. Esther Muoria."
25,Base Titanium and NITA partner to recognize skilled workers in Kwale
25,"The Government, in collaboration with the Kwale-based Australian mining firm Base Titanium, has intensified efforts to promote the Recognition of Prior Learning (RPL) program.

The mining company recently celebrated the success of 120 employees who completed the RPL program and were formally assessed by the National Industrial Training Authority (NITA)."
25,The Purpose National Sub County Department
25,"The purpose of the national sub county treasuries is to offer financial services to national government entities with functions at the county level.

The services include; Expenditure control (AIE) Payment processing ( PVS, LPOs & LSO) Revenue collection ( CRB, MRs etc ) Advice and interpretation of PFM Act 2012, PFM Regulations 2015, Treasury circulars, policy and procedures."
25,Mode of operations
25,"The NSCT operate as an administrator of public funds for all departments operating at the sub county level. The accountant in charge (NSCA), works in coordination with the aie holders of other departments.

The NSCT’s are the custodian and implementers of Government financial regulations and policies. Their operation is guided by the PFM Act 2012, PFM Regulations ,2015, PPAD Act and Treasury circulars issues from time to time."
25,Reports
25,ICT Ministry to partner with Meru County government in setting up 6 Digital Hubs in the region
25,"The State Department for ICT and Digital Economy and the The County Government of Meru - 012 are exploring ways of partnering in setting up digital hubs in Meru county.

The Digital hubs will be set up in two phases where the first phase will cover Maua Vocational Training (Igembe); Muthura VTC (Tigania) and Kithoka VTC (Imenti North) while the Second phase will target VTC's located in Githongo, Kianjai and Kathithi in Imenti North."
25,Commissioning of Academic Block at the Kenya Coast National Polytechnic
25,"The Government is working to enhace acess to quality and relevant training to our youth through TVET institutions. One of the strategies is expanding the infrastructural capacity of our institutions.

Earlier today, the Cabinet Secretary for Education, Julius Migos Ogamba, commissioned a newly built multi-storey academic block at the Kenya Coast National Polytechnic in Mombasa."
25,"ANNOUNCEMENT SCHOLARSHIP SLOTS FOR UNDERGRADUATE, POST GRADUATE AND PhD COURSES RELATED TO AYURVEDA, YOGA,UNANI,SIDDHA AND HOMEOPATHY (AYUSH) IN INDIAN UNIVERSITIES/INSTITUTES FOR ACADEMIC YEAR 2025-26"
25,BAHRIA UNIVERSITY – FALL 2025 SEMESTER ADMISSIONS FOR INTERNATIONAL STUDENTS
25,"ANNOUNCEMENT

SCHOLARSHIP SLOTS FOR UNDERGRADUATE, POST GRADUATE AND PhD COURSES RELATED TO AYURVEDA, YOGA,UNANI,SIDDHA AND HOMEOPATHY (AYUSH) IN INDIAN UNIVERSITIES/INSTITUTES FOR ACADEMIC YEAR 2025-26"
25,THE INDONESIAN AID SCHOLARSHIP (TIAS) PROGRAMME FOR THE ACADEMIC YEAR 2025/2026
25,Education PS Directs Sole Use of NEMIS In Schools
25,"Principal Secretary for State Department of Basic Education, Dr. Belio Kipsang has said that the government will embark on a validation and verification of data exercise to profile all 23,000 public schools in the country to measure their capacities to host junior secondary schools.

He noted that it was paramount that all head teachers capture all requisite information pertaining to their schools in the National Education Management Information System (NEMIS). He added that all transactions going forward will be NEMIS based so as to have a centralized structure to address any concerns or issues with regard to each school."
25,"KENYA DOMINATES ATHLETICS IN FEASSA COMPETITION,IN KAKAMEGA"
25,"Kenya has emerged a winner in the athletics competition in the Federation of East Africa Schools Sports Association (FEASSA) competition in Kakamega County with a total of 109 medals for Primary and Secondary schools. The Republic of Uganda came second, with a total of 62 medals, and Tanzania took the third position with a total of 30 medals.The remaining three countries of Burundi,Rwanda,and Ivory Coast were not able to clinch any medals. Kenya scooped the biggest number of Gold medals meaning they dominated both the field events and track events alike.

In several instances the Kenya team had to compete among themselves as Kenya 1 and Kenya 2 when other countries failed to field even a single competitor, giving the Kenya team a field day to technically own some of the disciplines. In track events Kenya took all the medals for the 3000-meter steeplechase when the other countries ran away from the rough and tough race, which has been associated with Kenyan athletes for a long time.For other races, like relays and other long races, Kenya took all three medals: gold, silver, and the bronze. The participating countries said they are learning a lot from Kenya."
25,PS Bitok led a team of Nine principal Secretaries to Raise Funds for a local church in Transmara west.
25,"PRINCIPAL SECRETARIES, RESPONSES.

The government will complete new and old projects that have been initiated in Narok County,a team of nine principal Secretaries have confirmed. Speaking in Transmara west, during a fund drive in aid of a local church at Shartuka of Kilgoris,the principal Secretaries listed ongoing projects within the County with a promise that all will be completed.Let by the PS for Basic Education, amb.prof Julius Bitok each of them got a field day to respond to questions touching on their State departments from the local citizens."
25,Commissioning of Signet institute of Australia
25,"The Principal Secretary State Department for TVET Dr. Esther Thaara Muoria together with the Australian High Commissioner, His Excellency Dr. Wilson Kogo, today commissioned the Signet Institute of Australia office at the Kabete National Polytechnic. ‎ ‎Signet Institute of Australia is set to offer Australian-accreditted programmes in Automotive Engineering, Business, Health, and Building & Construction fields from September 2025. ‎ ‎The programme presents an opportunity to the Kenyan youth to gain globally competitive skills aligned with industry demands in Australia, addressing unemployment while contributing to national economic growth. ‎ ‎In attendance was also Mr. Pushpinder Singh Sharma of Signet Institute of Australia, the Principal and Board Chair of the Kabete National Polytechnic."
25,the commissioning of the Dr. Abdulrahman Al-Sumait Complex and to break ground for the School of Engineering project at Umma University
25,"Yesterday, the Cabinet Secretary for Education, Julius Migos Ogamba, was privileged to join His Excellency the President, Dr. William Samoei Ruto, at Umma University in Kajiado County, for the commissioning of the Dr. Abdulrahman Al-Sumait Complex and to break ground for the School of Engineering project.

The Dr. Abdulrahman Al-Sumait Complex is a landmark Ksh. 1.4 billion, 10-storey facility designed to accommodate 10,000 students."
25,Funding for the Education Sector
25,"This morning, the Cabinet Secretary for Education, Julius Migos Ogamba, accompanied by the Principal Secretary, State Department for Basic Education, Prof. Amb. Julius Bitok, the Principal Secretary for Technical, Vocational Education and Training, Dr. Esther Thaara Muoria, and the Principal Secretary, State Department for Higher Education, Dr. Beatrice Muganda Inyangala, held a meeting with the Cabinet Secretary, the National Treasury, Hon. John Mbadi, to discuss funding for the education sector."
25,Tree planting exercise in TransNzoia County
25,"The Cabinet Secretary for Education Ezekiel Machogu launched the National tree planting exercise at Kimothon forest station in Saboti sub-county, TransNzoia County on Monday 13th November 2023. In his remarks, the CS thanked the local community for turning up in large numbers to support the tree planting drive where a total of 34,000 seedlings were planted during the colorful event of which 10,000 planted seedlings were indigenous tree species.

The Cabinet Secretary said the National tree planting initiative will boost the country’s forest cover which currently stands at twelve (12) percent adding that the Government aims to increase the cover to thirty (30) percent by the year 2032. Machogu reminded the locals of the importance of trees in improving soil quality, prevention of soil erosion, rain provision and job creation. He further underscored the importance of trees as a source of food, clean oxygen, medicine, pollution prevention and above all, climate change agents."
25,President William Ruto Inaugurates Educational Infrastructure Development Initiatives
25,"President William Ruto officially inaugurated the Tana River Technical and Vocational College in Hola, Tana River County. This move reinforces the government's commitment to expanding technical and vocational education, equipping youth with industry-relevant skills to enhance employability and foster economic transformation.

The event, hosted by Education Cabinet Secretary Julius Migos Ogamba EBS, and TVET Principal Secretary Dr. Esther Muoria, CBS, highlighted a collaborative effort between national and county governments to advance TVET."
25,BASIC EDUCATION PRINCIPAL SECRETARY JOHN OLOLTUA TOURS KISE.
25,"Basic Education Principal Secretary , John Ololtuaa toured the Kenya Institugte of special Education ( KISE) to learn how the centre impacts inclusive Education. During his first ever visit the PS noted that the facilities within the institute are of high quality and standard. He visited the ongoing construction of an assistive device Factory which is meant to locally produce various devices for Special needs learners within the Country and beyond.He was also taken to the Special needs assessment Centre where early comprehensive assessments are conducted to identify and address the diverse educational needs of Special needs learners.

The PS noted with appreciation that two State of the earth facilities will go along way in improving access to quality learning for the learners. Ps Ololtuaa said learners with special needs will get equal learning opportunities if such facilities are decentralised to all regions to ease accessibility. He was welcomed by the Institute's Director , Norman Giogora Stephen ."
25,Public Notice for proposed Kenya – Romania Avoidance of Double Taxation Agreement
25,Public Notice on – Draft PFM (DRM Fund) Regulations 2024
25,Public Notice – Public Officers Medical Scheme Fund
25,New system to improve inspection and maintenance of bridges across Kenya
25,"The Ministry of Roads and Transport has launched the Bridge Management System (BMS) Manuals, marking a significant milestone in strengthening the inspection, maintenance, and management of bridge infrastructure across Kenya.

Roads and Transport Cabinet Secretary Davis Chirchir said the new framework will enhance bridge safety, improve maintenance planning, and extend the lifespan of critical transport infrastructure."
25,President Ruto leads the Kenya Investment Forum in New York at the sidelines of the UNGA@80
25,"On September 22, 2025, His Excellency President William Samoei Ruto led the Kenya Investment Forum in New York, on the sidelines of the 80th United Nations General Assembly (UNGA 80). The high-level forum brought together over 150 American companies, alongside senior officials from the Ministry of Foreign Affairs, the Kenya Investment Authority (KenInvest), the Corporate Council on Africa (CCA), and the Kenya Private Sector Alliance (KEPSA). The event served as a strategic platform to deepen trade and investment ties between Kenya and the United States, showcasing Kenya’s positioning as a preferred destination for global capital and a gateway to broader African markets.In his keynote address, President Ruto emphasized that Kenya stands at the center of a rapidly shifting global economy, with supply chains reconfiguring around resilience, sustainability, and cost-efficiency. He highlighted Kenya’s strong investment case: a stable macroeconomic environment, a youthful and tech-savvy workforce, competitive energy costs powered by clean sources, and investor-friendly regulatory reforms. The President noted that in 2024, bilateral trade between Kenya and the U.S. reached USD 1.51 billion, with Kenya exporting USD 600 million in apparel, driven by the African Growth and Opportunity Act (AGOA). Landmark U.S.-backed projects such as the Lake Turkana Wind Power Project, Kipeto Wind Farm, and Olkaria III Geothermal Plant were cited as examples of the depth and success of this partnership.President Ruto made a compelling case for investing in Kenya by outlining four core pillars: predictability and stability, regulatory clarity and competitiveness, strong legal protections for investors, and access to regional and global markets. He noted that Kenya’s inflation remained stable at 3.8%, foreign exchange reserves had doubled over three years, and the Nairobi Securities Exchange was the top-performing exchange in Africa in 2024. He also referenced key reforms such as the removal of the 30% local equity requirement in ICT, zero-rating VAT on exported services, and the establishment of a fully digital One-Stop Centre for investors by mid-2026. These, he said, signal Kenya’s commitment to creating a transparent and enabling business environment.The President concluded by inviting participants to Nairobi in March 2026 for the Kenya International Investment Conference (KIICO 2026), encouraging them to seize the moment and turn shared ambitions into transformative ventures that create jobs, unlock value, and promote sustainable development. Underscoring Kenya’s role as Africa’s financial and innovation hub, he urged investors to view Kenya not as a peripheral market but as a strategic anchor for expansion across Africa and beyond. ""Kenya is open and ready for business,"" he declared, reaffirming the country’s unwavering commitment to being a trusted and forward-looking partner to global investors."
25,Director-General Urges New Ambassadors to Uphold Integrity and Professionalism
25,"The Director-General for Political and Diplomatic Affairs at the Ministry of Foreign and Diaspora Affairs Amb.Josphat Maikara has called on newly appointed Ambassadors, High Commissioners and Consuls General to uphold integrity, professionalism, and patriotism as they prepare to assume their diplomatic duties abroad.

During the closing ceremony of the two-week Pre-Departure Training at the Foreign Service Academy in Nairobi, the Director-General commended the diplomats for their commitment throughout the programme, noting that they carry the important responsibility of advancing Kenya’s interests and values on the global stage."
25,Surveying training set for major overhaul
25,"Kenya’s surveying and geospatial training is set for a major overhaul following a consultative meeting between the Land Surveyors’ Board and Universities, which agreed on the need for a harmonized training framework, clear professional pathways and legal reforms to align the profession with emerging technologies and industry needs.

The meeting held at the Kenya School of Monetary Studies, brought together universities offering Surveying, Geomatics Engineering and Geospatial Engineering programmes, alongside representatives from the Kenya National Qualifications Authority (KNQA), the Council of Governors (CoG), the Director of Surveys, Board Members and the Secretariat to deliberate on the future of geospatial education and professional Practice in Kenya."
25,800 households in Taita Taveta County benefit from Sh4.6 million water project
25,"More than 800 households across seven villages in Kasigau Ward, Taita Taveta County, are set to benefit from improved access to clean and reliable water following the commissioning of a Sh4.6 million Swedish-funded water project.

The project, implemented through a partnership between the African Wildlife Foundation (AWF) and the County Government of Taita Taveta under the Improving Livelihoods and Sustainability Programme, sought to enhance water access while strengthening community resilience and sustainable natural resource management."
25,GOK Strategic Communications Committee Retreat to deliberate on key communication matters.
25,"Broadcasting and Telecommunications Principal Secretary Prof. Edward Kisiang’ani has attended the GOK Strategic Communications Committee Retreat to deliberate on key communication matters.The meeting was convened by the Secretary to the Cabinet Ms. Mercy Wanjau and attended by the Deputy Government Spokesperson Hon. Mwanaisha Chidzuga, Government Spokesman Dr. Isaac Mwaura, Information Secretary Ms. Judy Munyinyi, National Communication Center (NCC) Director General Mr. Charles Owino, Directors Information Incharge of MDAS, Mr. Temesi Mukani (Environment, Climate Change and Forestry), Mr. Godfrey Isiye (National Treasury), Ms. Catherine Njoroge (Public Service) and officers from the Directorate of Public Communication (DPC).

Our Contacts"
25,"Migori farmers receive 42,000 Hass avocado seedlings to boost incomes"
25,"The National Government, in collaboration with the Migori County Government, has distributed 42,000 grafted Hass avocado seedlings to farmers across Migori County.

The initiative is aimed at boosting household incomes, expanding export-oriented agriculture, and supporting the government’s 15 billion trees growing programme."
25,PS Isaboke Champions Community Empowerment and Inclusive Education
25,"Principal Secretary for Broadcasting and Telecommunications, Stephen Isaboke, EBS, yesterday attended a community empowerment programme at Sugubo Secondary School in Bobasi Constituency, Kisii County. The event was hosted by the Kisii Woman Representative, Hon Dorice Donya, with Prof Dr Julius Bitok, Principal Secretary for Education, serving as the chief guest.

The leaders promoted initiatives aimed at strengthening education outcomes and supporting student growth in the area, with a special focus on 200 teen mothers who have been reintegrated to complete their secondary education. The engagement reaffirmed the Government’s commitment to empowering vulnerable members of the community in line with the Bottom-Up Economic Transformation Agenda."
25,Clarifications & Misinformation
25,"Official Position: KRA acknowledges occasional slowdowns during peak periods, but the system is generally stable. We continuously improve infrastructure to minimize downtime and enhance user experience. For updates, visit the KRA website or follow us on social media.

Official Position: KRA continuously identifies processes for simplification and support. We have developed detailed user manuals and tutorials available on the KRA website and social media platforms, aimed at simplifying the filing process."
25,Procedures & Guidelines
25,Step-by-Step Processes
25,"Log in to the iTax portal, select ""Returns"" from the menu, complete the required form, and submit it online.

Log in to iTax, select ""TCC"" under the Certificates menu, fill out the application form, and submit it."
25,Gusii Development Tour Signals Shift to Inclusive Growth Under BETA
25,"The presidential tour of Gusii last week underscored the Government’s renewed focus on delivering the Bottom-Up Economic Transformation Agenda (BETA), with a strong emphasis on projects that directly uplift livelihoods at the grassroots. H.E President Dr William Ruto led a series of launches, commissioning ceremonies and inspections across Kisii and Nyamira counties, signalling a shift from policy to tangible, community-level impact. Principal Secretary for Broadcasting and Telecommunications, Mr Stephen Isaboke, EBS was among the senior government officials accompanying the President throughout the tour.

Across the region, the projects highlighted the core pillars of BETA—agricultural productivity, micro and small enterprise growth, infrastructure development, digital transformation and human capital investment. In Kisii County, the President launched the construction of key road networks, including the Bobaracho–Manyasi–Tinga Road and access routes to tea-growing zones. These roads are expected to ease the movement of farm produce, lower transport costs and strengthen agricultural value chains, particularly for smallholder tea farmers."
25,Month
25,Cybergames 2026 Concludes with Call to Strengthen Kenya’s Cyber Workforce
25,"Principal Secretary for Broadcasting and Telecommunications, Mr Stephen Isaboke, EBS, this morning officially closed the Cybergames 2026 competition, urging Kenya’s emerging cyber talent to rise to the challenge of securing the nation’s digital future.

The high-level event, graced by the Minister for Foreign and European Affairs of the Slovak Republic, Hon. Juraj Blanár, brought together participants, winners and stakeholders who have spent the past two months competing in one of Kenya’s premier cybersecurity competitions."
25,Governor Sakaja Statement After Second National–Nairobi Cooperation Committee Meeting
25,Nairobi County Advances Gender-Inclusive Disaster Risk Reduction During International Women’s Day Forum
25,CS in Homa Bay County: Strengthening Partnerships for Progress
25,"Hon. Justin B. Muturi paid a courtesy call on Her Excellency Governor Gladys Wanga at her office, ahead of his visit to the Huduma Centre and National Youth Service (NYS). Their discussions focused on strengthening public service delivery and exploring collaborative initiatives to enhance community impact. The CS expressed optimism about the positive change they can bring together for the people of Homa Bay, with a shared vision of better services and improved lives. The CS was accompanied by PS Mr. Amos Gathecha , CEO Huduma Kenya Mr Ben Chilumo, Kenya National Youth Service Deputy Comandant Mr. Jamleck Chabari and Kisumu County Commissioner Mr. Benson Leparmorjo"
25,The 27th Annual IHRM Conference.
25,"The 27th Annual IHRM Conference kicks off in Naivasha.Chief of Staff and Head of Public Service Mr Felix Koskei today presided over the official opening ceremony of the 27th annual National Institute of Human Resource Management (IHRM) conference at Sawela Lodge in Naivasha.This year's conference-themed 'HR Revolution; Unlocking and Enabling Human Potential' brings together more than 1,500 HR professionals from the public and private sectors.In his address, Mr Koskei underscored the need for professionalism, integrity and patriotism in the HR profession for effectiveness and efficiency in service delivery."" HR Professionals must become architects of change within organisations and provide the workforce with a work environment that allows them to enthusiastically implement the policies in place, deliver services and meet expectations of the citizens and customers with professional integrity,"" said Mr Koskei.The Head of Public Service also called on all HR professionals to register with (IHRM) for them to be professionally recognised by a body that is meant to regulate the HR profession in Kenya.On his part, State Department for Public Service, Principal Secretary, Mr Amos Gathecha who accompanied the Head of Public Service said that HR plays a critical role in service delivery and he will work with relevant institutions to support the HR Professionals across public and private sector to ensure that they deliver on their mandate. Also present were; CHRP Dalmas Odero, IHRM Board Chairperson, CHRP Quresha Abdulahi, Executive Director, IHRM, and CHRP Nicholas Kanisa CEO, of Human Resource Management Professional Examinations Board (HRMPEB) among other officials."
25,PSC Chair Courtesy Visit
25,"COURTESY CALL BY THE PRINCIPAL SECRETARY, PUBLIC SERVICE AND HUMAN CAPITAL DEVELOPMENT, DR. JANE KERE IMBUNYA, ON THE CHAIRMAN, PUBLIC SERVICE COMMISSION, AMB. ANTONY MUCHIRI

The Principal Secretary for Public Service and Human Capital Development, Dr. Jane Kere Imbunya (PhD), today paid a courtesy call on the Chairman of the Public Service Commission (PSC), Ambassador Antony Muchiri."
25,Economic Survey 2023
25,Eligibility for Turnover Tax
25,What is the rate of Turnover Tax?
25,"Any resident person or corporate whose gross / expected turnover is more than Kshs. 1,000,000 but does not exceed or expected to exceed Kshs. 25,000,000 in any year of income is eligible for Turnover Tax. However, a person may elect, by notice in writing to the Commissioner, not to be taxable under TOT in which case the other provisions of the Income Tax Act shall apply to such a person.

A Turnover Tax registered taxpayer dealing in vatable supplies and has a turnover of Kshs. 5,000,000 and above is required to register for VAT as well."
25,Exemptions under Turnover Tax regime
25,CS Ruku pushes for expansion of government services across all Huduma Centres
25,"The government has intensified efforts to enhance citizen service delivery through the Huduma Kenya Programme, which currently operates 59 Huduma Centres across the country. The initiative seeks to ensure that government services are accessible, efficient, citizen-centred and available closer to the people.

Speaking during a consultative meeting with representatives of Ministries, Departments and Agencies (MDAs) on service deployment at his Harambee office, Cabinet Secretary for Public Service, Human Capital Development and Special Programmes, CS Geoffrey Ruku, called on all government institutions offering citizen-facing services to ensure they are available in every Huduma Centre nationwide."
25,"New sunflower, soybean scheme unveiled to cut edible oil imports"
25,"The Ministry of Agriculture and Livestock Development has unveiled a new initiative aimed at boosting the production of sunflower, soybean, and other oil crops.

Kenya currently consumes roughly 600,000 metric tonnes of edible oils each year, yet more than 90–95 percent of that demand comes from imports, a costly reliance that the government says must change."
25,Prioritising UNSC Reforms at the C-10 Ministerial Meeting in Zambia
25,"We must prioritize United Nations Security Council reforms in all our foreign engagements and speak with one united voice is the resounding message at the C-10 Ministerial Meeting taking place in Lusaka, Zambia where Prime Cabinet Secretary and Cabinet Secretary for Foreign and Diaspora Affairs, H.E. Dr. Musalia Mudavadi is leading the Kenyan delegation.

The prioritisation of UNSC reforms calls for the acceleration of Africa’s united pursuit for a more inclusive, representative, transparent, effective, and democratic Security Council as enshrined in the Ezulwini Consensus and the Sirte Declaration. The Ezulwini Consensus calls for Africa to hold at least two permanent seats on the UNSC, with all the privileges of permanent membership, including the right of veto and five non-permanent seats instead of the existing three."
25,"Dr. Jane Imbunya Opens Workplace Protection Conference, Calls for Safe and Dignified Workplaces"
25,"Principal Secretary for Public Service and Human Capital Development, Dr. Jane Kere Imbunya, opened the Workplace Protection Conference at the Kenya School of Government.

- She emphasized that safe and dignified workplaces are essential for human development, productivity, and social justice."
25,Kenya’s Cybergame 2025 Awards Recognize Top Cybersecurity Talent
25,"The Principal Secretary for ICT and the Digital Economy, Eng. John Tanui, delivered the keynote address as the Chief Guest at the Cybergame 2025 Award Ceremony held today at Utalii Hotel. Kenya's Cybergame 2025 is a national initiative designed to identify, nurture, and promote cybersecurity talent across the country.

Over the last 10 weeks, the competition has attracted nearly a thousand registered participants, with approximately 300 actively competing and has successfully engaged a diverse group of individuals, ranging from students to seasoned professionals, all united by a passion for cybersecurity."
25,Leading Economic Indicators January 2018
25,Establishment of Science and Technology Parks (STPs)
25,"The Government in collaboration with the African Union Commission continues to support the Regional Pan African University Institute of Basic Sciences, Technology and Innovation (PAUSTI) at Jomo Kenyatta University of Agriculture and Technology. The institute trains graduates from African Countries at Masters and PhD level in basic sciences and Engineering.

The aim is to produce high caliber staff to help exploit Africa’s enormous resources. The first cohort of 55 masters’ students from 16 African countries was admitted in November, 2012 and graduated in November 2014. Since then the Institute has admitted another five cohorts comprising of masters and PhD students. The Institute admitted the last cohort of 118 students as from 31st January, 2020. The students are drawn from all over Africa from over 30 African Nationalities out of the 54."
25,Internship
25,"The Public Service Internship Programme (PSIP) is a Government initiative designed to offer opportunity for graduates to acquire and develop valuable technical and professional skills as well as work experience in the Public Service.

Visit their portal psckjobs.go.ke and register/signup or visit the website for more information on available opportunities."
25,CS Kabogo champions inclusive digital transformation for PLWDs
25,"The Cabinet Secretary for Information, Communications and the Digital Economy, William Kabogo, has called for a people-centered digital transformation agenda that guarantees equal access to technology for all citizens, particularly persons with disabilities.

He warned that Africa’s digital future cannot be fully realized if sections of society remain excluded."
25,KESRA students to benefit from new Psychotherapy Program
25,"The Kenya School of Revenue Administration (KESRA) has adopted a comprehensive school guidance and counselling pro­gram. The program will provide a solid framework for ensuring that students are well-prepared to meet the academ­ic, social, emotional and career chal­lenges.

The program will support students in meeting academic standards, provide them with a safe and secure environment for learning, reduce dangerous and counterproductive risk-taking behaviours, and enhance their resilience."
25,6. Turnover Tax
25,b. Betting Tax
25,"Eligibility for Turnover Tax

• Any resident person or corporate whose gross / expected turnover is more than Kshs. 1,000,000 but does not exceed or expected to exceed Kshs. 25,000,000 in any year of income is eligible for Turnover Tax. However, a person may elect, by notice in writing to the Commissioner, not to be taxable under TOT in which case the other provisions of the Income Tax Act shall apply to such a person.• A Turnover Tax registered taxpayer dealing in vatable supplies and has a turnover of Kshs. 5,000,000 and above is required to register for VAT as well."
25,"STATE OF THE COUNTY ADDRESS BY HIS EXCELLENCY SAKAJA A. JOHNSON, EGH, GOVERNOR NAIROBI CITY COUNTY GOVERNMENT WEDNESDAY, 11 FEBRUARY 2026"
25,"Kindly view related video ⇒ here “Honourable Members, I honour the mandate given to me by the people of Nairobi. They entrusted me with constitutional authority, and I will not betray that trust. In 2020, Nairobi got into a misadventure — the NMS experience left the county with a Kshs 16 billion pending-bills burden. We shall not transfer any county functions. However, collaboration with the National Government will continue. For those who think otherwise, they are free to look for another county and another governor not Sakaja Johnson.”

General Inquiries"
25,The 2022 Kenya Demographic and Health Survey (KDHS) is designed to provide data for monitoring the population and health situation in Kenya.
25,"Quarterly Balance of Payments, Q3 2022"
25,Launch of the Huduma Serikali Initiative
25,"Joyous celebrations marked a major milestone for residents of Ashabito Sub-County in Mandera North, Mandera County as the Government officially launched public service operations in the newly gazetted administrative unit. The event, graced by Cabinet Secretary for Public Service, Human Capital Development and Special Programmes, Geoffrey Ruku, also unveiled the Huduma Smart Serikalini initiative (Mandera Edition) a bold step in the National Government’s mission, through the Ministry, to bring efficient, timely, and responsive services closer to citizens.

Speaking at the vibrant ceremony, CS Ruku reaffirmed the government’s unwavering commitment to decentralizing public services and making them accessible. “This is just the beginning,” said the CS. “Our goal is to ensure no Kenyan is left behind. The Huduma Smart Serikalini initiative is our transformative vehicle to improve accessibility, efficiency, and accountability in service delivery that will have a timeless impact to residents across the Country.”"
25,INBOUND AND OUTBOUND TOURISM EXPENDITURE SURVEYS 2015/2016 – 2ND PHASE
25,99.6% Kenyan value chain
25,"Say potato, say Agrico"
25,"The Kenyan situation is characterised by a large number of farmers – many of which smallholders – producing potatoes from various locations and farming under a relatively high level of disease pressure. The fragmented Kenyan market means that a system based on seed potato exports must overcome challenges. The high presence of diseases in Kenya makes production systems based on mini-tuber (or similar) technologies less suitable. It will result in either affordable seed potatoes of poor quality or good quality seed potatoes that are too expensive for farmers to purchase. Moreover, this technology also leads to long and risky production cycles and therefore achieving the right scale and food security takes (too) long, if feasible at all. In summary: neither one of these production systems will result in a sustainable potato value chain nor will it provide a sustainable increase of Kenyan farmers’ income.

Production systems based on importing relatively low numbers of top quality seed potatoes, multiplying these locally and distributing these to Kenyan farmers – who in their turn will use these to produce large quantities of ware potatoes - is seen as the best solution to achieve Kenya’s food security policy. It results in large quantities of affordable and excellent quality seed potatoes in a relatively short period of time. Moreover, it will boost Kenyan farmers’ income. In addition, this production system results in a “99.6%” Kenyan value chain in which all Kenyan stakeholders are the largest beneficiaries."
25,Committed to collaboration and partnership
25,"STATEMENT BY MACDONALD GEORGE OBUDHO, MBS, DIRECTOR GENERAL, KENYA NATIONAL BUREAU OF STATISTICS, ON THE 21ST CELEBRATION OF AFRICAN STATISTICS DAY, 18TH NOVEMBER, 2021"
25,"The Kenya National Bureau of Statistics joins other National Statistical Offices across Africa in marking this important day. The African Statistics Day is celebrated to increase public awareness about the role played by statistics towards socio-economic and demographic development in Africa. The theme for this year is “Modernizing National Statistical Systems to Support Sociocultural Development in Africa.” This theme is apt in line with the United Nations declaration that 2021 be the international year of creative economy for sustainable development. Culture plays an important role in social and economic development. It nurtures and bolsters the societal fabric that holds the society together. Globally, cultural and creative industries are said to have considerable impact on national economies of all countries.

This year’s theme resonates with KNBS effort to continuously respond to the evolving data demands. This calls for strategic planning for statistics production, while leveraging on technology and non-traditional sources of data such as citizen generated data and Big data, as well as investment in data science. Statistical systems need to transform and modernize to cope up with enhanced demands for data brought about by global and regional developmental programmes. In Kenyan context, the National Statistical System (NSS) consists of data producers mainly National and County governments, suppliers, and users of statistics. The statistical products of NSS are contained in the various statistical publications, such as the annual Economic Survey, county specific Statistical Abstracts and other analytical reports produced from time to time."
25,Annual Templates for County Governments
25,"Annual-County-Executive-Financial-Reporting-Template-FY-2021-2022-Revised-June-2022-NT

Annual-Financial-Reporting-Template-for-Level-4-and-5-Hospital-2021-2022-issued-June-2022-NEW-NT"
25,H.E Governor Mike Sonko receives MilanPact award
25,"The Governor of Nairobi H. E. Mike Mbuvi Sonko received Milan Pact award on Urban Early Warning and Early Action Tool for detecting food insecurity .This happened in Montpelier, France during the ongoing 5th Annual Gathering and Mayors Summit.

Nairobi City entered the award competition in June 2019 and was declared the winner in Social and Economic Equity category of the Milan Pact."
25,Nairobi City County Government offers free Cancer Screening
25,"On 6 August 2019,the Nairobi City County Government started offering free cancer screening in Nairobi County hospitals in a bid to raise awareness of the disease and also help Nairobi residents to know state of their health.

The exercise will run for the whole week at Mama Lucy and Mbagathi Hospitals."
25,"Applications are invited for training in Forestry, Environmental Management, Wood Science and Technology, In- formation Communication and Technology, Protection & Security and Business Management programmes to be offered at Kenya Forestry College Londiani, Kericho County."
25,Health Ministry launches NHIF committee to verify pending claims
25,"The Ministry of Health has launched the National Health Insurance Fund (NHIF) Pending Claims Verification Committee.

The committee’s main role is to scrutinize and validate outstanding medical claims submitted between July 1, 2022, and September 30, 2024."
25,Health officials deploy drones to combat malaria in Busia County
25,"The Department of Health and Sanitation, in collaboration with the End Malaria Council, has launched the third phase of larval management at the source in Akiriamasit, Amukura West Ward, Teso Central Sub-County.

This initiative aims to mitigate the high malaria prevalence in Busia County, which has the highest rate in Kenya."
25,Government assures the public the safety of GMO products
25,"Salome Alwanda and Rodgers Omondi (KNA)

The National Biosafety Authority has assured Kenyans the safety of Genetically Modified Organisms (GMOs) stating that they are safe for consumption."
25,State fast-tracks issuance of IDs to seafarers to unlock global jobs
25,"The Government is doubling efforts to ensure seafarers are issued with the Seafarer’s Identification Documents (SID) to unlock employment opportunities.

The initiative, driven by the State Department for Shipping and Maritime, Kenya Maritime Authority (KMA), Immigration Services, National Registration Bureau, and e-Citizen, aims to fast-track SID issuance, enabling Kenyan seafarers to access global job markets."
25,Government launches a digital livestock tracker
25,"The Ministry of Agriculture is rolling out an animal identification and traceability system to identify animals from the owner, the breed, to the vaccination it has received.

Speaking during the opening of the Nambale Livestock Sale Yard in Busia County, Livestock Development Principal Secretary Jonathan Mueke said the animal identification and traceability system (ANITRAC) software, which is at the piloting stage at government farms, will be rolled out in the county."
25,State rolls out mass vaccination for livestock to secure export markets
25,"The Government has launched a nationwide vaccination campaign for all livestock in the country against Foot and Mouth Disease (FMD), targeting cattle, sheep, and goats.

abinet Secretary for Agriculture and Livestock Development, Mutahi Kagwe, launched the campaign on Thursday at Kisargei village in Laikipia County."
25,Government launches “Kaa Safe” campaign
25,"The Energy and Petroleum Regulatory Authority (EPRA) has launched the” Kaa Safe” Mtaani campaign to create awareness and promote safety in the energy sector.

Speaking during the launch in Nairobi, Energy and Petroleum Cabinet Secretary Opiyo Wandayi said the government has made significant strides to improve safety regulations and enforcement mechanisms in the energy sector."
25,Government pledges uninterrupted ARV supply amid US funding cuts
25,"The Government shall ensure the steady supply of ARVs to ensure HIV patients have immunity, Health Cabinet Secretary Deborah Mlongo Barasa has said.

Dr Barasa said the government will not allow HIV patients to suffer drug supply setbacks, assuring that all centres issuing ARVs shall receive the needed requisition."
25,"Government to release delayed Sh14 billion capitation to schools this week, CS says"
25,"Education CS Julius Migos Ogamba has appealed to secondary school heads not to send students home over delayed capitation.

The CS says the Education Ministry is working closely with the Treasury to ensure the balance of Sh14 billion first-term capitation is released from this week."
25,"Government to boost higher education funding and infrastructure, PS reveals"
25,"The Government is committed to increasing funding for higher education, the Principal Secretary for the State Department of Higher Learning and Research, Beatrice Inyangala has said.

She said the government is committed to supporting higher learning institutions by providing the necessary support and cultivation of a conducive environment that fosters innovation, critical thinking and resilience."
25,Extension officers in Kitui County get 21 motorbikes to reach farmers faster
25,"The Kitui County Government has issued agricultural extension officers with motorbikes in efforts to improve agricultural services to its farmers, a significant step in agricultural transformation in the county.

Governor, Dr. Julius Malombe, while releasing 21 motorbikes to the officers at a ceremony held outside his offices in Kitui town, noted that the initiative aims to strengthen agricultural extension and advisory services, ensuring farmers have timely access to modern farming technologies and best practices."
25,Government to implement e- procurement and digitization of public assets
25,"Thirty county governments have already joined the end-to-end e-government procurement (e-GP) platform, with 10 more said to be waiting for approval by the Controller of Budget (CoB).

This comes even as Principal Secretary for Public Investments and Assets Management at the National Treasury Wagunda Odede maintained that the government will press on with the implementation of e-procurement (e-GP) and digitization of public assets, with projection that the two systems would help save up to Sh150 billion in the current financial year by sealing loop holes previously exploited."
25,"Government steps up use of science, innovation to enhance food security"
25,"ESTHER MWANGI-KNA

The Government is stepping up efforts to harness science, technology, and innovation (STI) to boost food security and strengthen resilience against climate change."
25,"PS defends state’s labour export program, citing job opportunities abroad"
25,"The Principal Secretary in the State Department for Technical and Vocational Education Training (TVET) Dr Esther Muoria has defended the government’s labour export program arguing that it has been instrumental in addressing the unemployment crisis in the country.

Speaking at the Nyeri National Polytechnic, Dr Muoria said that despite the criticism, the government has been able to secure numerous job opportunities for Kenyans abroad."
25,Weatherman advocates for collaboration to mitigate adverse weather
25,"The Kenya Meteorological Department (KMD) has urged stakeholders to strengthen collaboration to effectively mitigate the impacts of extreme weather.

Addressing participants at a weather forecast workshop in Garissa, KMD Deputy Director Kennedy Thiong’o noted that the department had consistently shared its forecasts with relevant government agencies and humanitarian organizations to support timely planning and response to adverse weather conditions."
25,Wajir Residents turn to livestock restocking after abandoning charcoal trade
25,"Wajir County r e s i d e n t s , who once depended on charcoal burning for survival, have abandoned the practice and are now seeking support to restore their livelihoods through alternative income sources.

Their appeal is part of a broader effort to protect and rehabilitate grazing lands that have suffered years of deforestation and environmental degradation."
25,"Transition guidelines for Grade 9 learners now ready, says CS"
25,"The Cabinet Secretary for Education, Migos Ogamba, has assured the country that the process of choosing senior school pathways for the current Grade 9 learners is proceeding without a hitch.

This follows the successful development of transition and placement guidelines by the ministry, in collaboration with all stakeholders, he said."
25,Ugandan officials visit Kenya on a benchmarking exercise
25,"The Principal Secretary Principal Secretary for Broadcasting and Telecommunications Stephen Isaboke has urged nations to establish safeguards against cyber-attacks.

He said this step is important to avoid fraud and massive interruption of operations, saying, “This next battle is going to be online, we need safeguards against any cyber-attacks.”"
25,24 million Kenyans now covered under Taifa Care program
25,"The Government has reaffirmed its commitment to Universal Health Coverage (UHC) through Taifa Care, a transformative healthcare scheme that has now enrolled 24 million Kenyans.

Health Cabinet Secretary (CS) Aden Duale, speaking at his first official meeting with the Social Health Authority Board, reiterated the government’s commitment to delivering quality, accessible healthcare to every Kenyan, revealing that 5.4 million Kenyans already accessed vital health services through the government-funded Primary Healthcare Fund allowing access to dispensaries, health centers, and Level 2 to 4 health facilities without any cost to patients."
25,Busia County farmers urged to embrace edible oil crop cultivation to cut import costs
25,"Residents of Busia County have been urged to embrace the farming of edible oil crops.

Speaking at Nasewa County Aggregated Industrial Park after meeting with Nasewa cooperative societies, SACCOs, and agripreneurs from the area, the Principal Secretary of the State Department of Micro, Small and Medium Enterprises (MSMEs), Susan Mang’eni, said embracing this type of farming will help the government reduce the money spent on importing oil."
25,"6,247 Kwale residents given title deeds"
25,"The National Government has issued 6,247 title deeds to Kwale residents, who lived without secure land ownership.

The title deeds were issued to by President William Ruto who expressed his commitment to securing land tenure for all Kenyans. President Ruto also commissioned the 154 units Diani Affordable Housing Project, which will provide jobs and spur economic development in the region."
25,CS pledges policy reforms to harmonize hardship allowances for teachers
25,"Education Cabinet Secretary Julius Migos has announced that the government is working on policies to harmonize disparities in hardship allowances for teachers in regions facing tough working conditions, including Taita Taveta, Mombasa, Kwale, Tharaka Nithi, and Makueni counties.

Speaking during the launch of 16 NG-CDF funded classrooms, which were constructed under the patronage of the area MP at Mbauro and Mghambonyi Comprehensive Schools in Wundanyi Constituency, Taita Taveta County, Migos assured stakeholders that the government is committed to addressing disparities in the recognition of hardship areas."
25,Coffee Cherry Fund loan advances surge to Sh6.7b
25,"We can confirm that the ongoing reforms have immensely contributed to transparency and thus promoting farmers to borrow to meet their daily financial obligations, for example, paying school fees, buying farm inputs and funding their infrastructure development.”"
25,"Govt to expand TVET enrollment to two million by 2025, says Ogamba"
25,"Education Cabinet Secretary (CS) Julius Ogamba has reaffirmed the government’s commitment to increasing investment in technical and vocational education and training (TVET) to equip millions of Kenyan youths with the necessary skills and knowledge.

By the end of 2025, the Ministry of Education aims to increase TVET enrollment from the current 500,000 learners to two million."
25,KNBS HOSTS A PEER REVIEW TEAM FROM SOUTH AFRICA AND TANZANIA
25,"Counties urged to boost own-source revenue, reduce dependence"
25,"County Governments have the potential to generate Sh260 billion annually in their own source revenue but continue to underperform due to inefficiencies in revenue collection, weak enforcement and unrealistic projections.

Addressing the Second Own Source Revenue Growth Conference in Nairobi, the Principal Secretary for Devolution Teresia Mbaika emphasized the urgent need for counties to become financially self-reliant."
25,County rolls out ambitious water pan project to promote year-round farming
25,"Uasin Gishu County has rolled out an ambitious farm ponds initiative targeting the construction of 23,000 on-farm water pans across 23 rural wards in a bid to boost irrigation, enhance climate resilience, and transition farmers from subsistence to commercial agriculture.

The programme is being implemented under the National Agricultural Value Chain Development Project (NAVCDP) in partnership with the Eldoret-Iten Water Fund (EIWF)."
25,"Nairobi “Injob, Job Fair” Bridges Opportunities for Vulnerable Youth and Persons with Disabilities"
25,"NAIROBI: 6th October,2023

“Nairobi Injob, Job Fair,” is a project designed to promote school-business forums and enhance employment opportunities for young people who are vulnerable and persons with disabilities. Students from the 8 Nairobi County Vocational Training Centers, the community, Injob Partners, Key stakeholders Nairobi City County Government representatives, TVETA and Enterprises from small, medium to large businesses attended the event, which was held at Mathare Vocational Training Center. The event was graced by the Chief Officer for Early Childhood Development Education and Vocational Training, Mr. Ahmed Mohamed, as the chief guest. He told the participants that it was of great importance to showcase their skills in such forums as it is an opportunity that can help them build networks and also find jobs."
25,Public Participation for the County Fiscal Strategy Paper (CFSP)2024
25,"Public Participation on Proposed County Fiscal Strategy Paper (CFSP 2024)

Pursuant to Section 117 of the Public Finance Management Act 2012, the Nairobi City County Government is formulating the County Fiscal Strategy Paper (CSFP 2024). This shall specify the broad strategic priorities and policy goals that will guide the county government in preparing its budget for the coming financial year 2024/2025 and the medium term. Pease find the draft CFSP 2024 and its citizen version on the county website, nairobi.go.ke. Article 10 of the Constitution of Kenya and Section 6(a) iv of Nairobi City County Government Public Participation Act 2015, provide for public involvement and engagement in making decisions affecting them. Pursuant to this, Nairobi City County Government invites you to give your views. Fill all the sections of this questionnaire. Please note that your response will be confidential. Your participation is voluntary yet highly valued. Thank you."
25,The Integrated Survey of Services (ISS) 2017/18
25,"The Kenya National Bureau of Statistics is implementing the Integrated Survey of Services (ISS) 2017/18. This is in line with its mandate as the principal agency of the Government for collecting, analyzing and disseminating official statistics in Kenya. The Bureau derives its mandate from the Statistics Act 2006, which gives it authority to conduct censuses and surveys.

The ISS 2017/18 will be conducted under the auspices of the Kenya Statistics Programme for Results (PSP4R) which a statistical capacity building initiative between the World Bank Group and The Government of Kenya. The Integrated Survey of Services will seek to obtain detailed information from enterprises/businesses/firms in the service sector for the compilation of business and economic statistics and will cover 2015 and 2016. The survey will entail visiting and administering survey questions to enterprises/establishments using electronic gadgets and in some exceptional cases hard copy questionnaires will be used to collect the information."
25,Dongo Kundu SEZ attracts fresh investor interest from India
25,"Investment in the Dongo Kundu Special Economic Zone (SEZ) has received a major boost after the Indian High Commissioner to Kenya pledged to mobilise more Indian investors to establish operations in the flagship project.

Last year, a lease agreement was signed between the African Export-Import Bank (Afreximbank), the Kenya Ports Authority, and the Special Economic Zones Authority (SEZA) for the development of the Dongo Kundu and Naivasha SEZs, strengthening Kenya’s industrialisation and export manufacturing agenda."
25,Registry to secure fair distribution of carbon trading revenues in Kenya
25,"Kenya has officially launched its National Carbon Registry, marking a significant milestone in strengthening transparency, accountability, and investor confidence in the country’s rapidly expanding carbon market.

The registry was unveiled during a ceremony presided over by Deborah Barasa, Cabinet Secretary for Environment, Climate Change, and Forestry, who underscored its importance in cementing Kenya’s position as a credible participant in international carbon markets under Article 6 of the Paris Agreement."
24,KRA assures taxpayers of support as country faces global health challenge
24,"In line with the Presidential directive to mitigate the effects of COVID – 19 to the Kenyan economy through;

Kenya Revenue Authority (KRA) assures taxpayers and the general public that it will continue supporting both individuals and businesses to access our services and hence facilitate timely payment of taxes."
24,"Despite prevailing pandemic, let’s remember to file annual tax returns"
24,"As we all put efforts towards containing the Covid-19 pandemic, the Kenya Revenue Authority (KRA) reminds all taxpayers to file their 2019 annual tax returns in good time.

The filing for the 2019 year of income is still on, having kicked off on 1st January 2020. All annual tax returns for both individuals and entities from January to December 2019, should be submitted online on the iTax platform on or before 30 June 2020. The iTax portal can be accessed at https://itax.kra.go.ke."
24,48th East Africa Revenue Authorities Commissioner Generals Meeting Communique
24,"The East African Revenue Authorities’ Commissioners General meet twice a year with the objective of sharing experiences and addressing common challenges facing tax administrations in the Region. The 48 th East African Revenue Authorities Commissioners General meeting was held virtually due to the new working arrangements under the COVID-19 pandemic. The meeting was hosted by the Kenya Revenue Authority Commissioner General.

The meeting was attended by Commissioners General and senior officers from Office Burundais des Recettes (OBR), Rwanda Revenue Authority (RRA), Kenya Revenue Authority (KRA), Tanzania Revenue Authority (TRA), Uganda Revenue Authority (URA), South Sudan National Revenue Authority (SSNRA) and Zanzibar Revenue Board. Others in attendance were the Representatives from the East African Community (EAC) Secretariat and African Tax Administration Forum (ATAF). The theme of the meeting was, Rethink, Restart and Reinvent: Our road to Recovery."
24,"Commissioner, Investigations and Enforcement Department"
24,D.K.S. Yego
24,"PRESS RELEASE 01/12/2020

Did you find this content useful?"
24,KRA Unearths a Syndicate Involving Exportation of Hides and Skins without Payment of Export Duty
24,"The Kenya Revenue Authority (KRA) has unearthed a syndicate involving exportation of hides and skins without payment of export duty. Unscrupulous traders behind the scandal export locally sourced hides and skins as transit cargo originating a neighbouring country.

A businessman who is allegedly involved in the illegal exportation of hides and skins to evade export duty was today arraigned before a Mombasa Court. The accused, Onywa Caleb Orwa was charged that: “on 11th September 2020, within the Republic of Kenya, being a representative of the exporter, jointly with others not before Court, unlawfully made an entry in a Customs document declaring that a consignment of 6,000 pieces of dried hides and skins in container No. TCNU 418782-6 was transit goods originating from South Sudan, a fact he knew to be untrue, thereby evading payment of Ksh1,732,210 being export duty due to the Commissioner of Customs and Border Control.”"
24,"Commissioner, Investigations and Enforcement"
24,"Commissioner, Investigation & Enforcement"
24,Police officer charged with possession of counterfeit Excise stamps
24,"PRESS RELEASE 29/05/2021

Did you find this content useful?"
24,Two plead guilty to tax crimes as four liquor traders are charged
24,"PRESS RELEASE 08/06/2021

Did you find this content useful?"
24,"PRESS RELEASE 14/07/2021

Did you find this content useful?"
24,Tax Evasion Scheme on Export of Raw Hides and Skins Unearthed at the Port of Mombasa
24,"The Kenya Revenue Authority (KRA) has tightened the noose against perpetrators of a tax evasion scheme on non-payment of export duties on locally sourced raw hides and skins, in contravention of Customs laws.

As part of measures to fight against the vice, KRA has seized 25 containers of hides and skins at the Port of Mombasa that would have led to the government loosing approximately Khs75 Million in export duty, should the culprits have managed to sneak the cargo out of the port for export."
24,KRA rolls out new generation of excise stamps to fight counterfeits
24,"Kenya Revenue Authority (KRA) has rolled out a new generation of excise stamps for excisable goods as part of its strategy to continuously review and improve the security features of excise stamps to deter counterfeiting. The excisable products covered include alcoholic beverages, tobacco and tobacco products, water, soft drinks and juices. KRA informed key stakeholders in the excise industry including all manufacturers, importers, distributors, wholesalers and retailers of excisable goods, of the rollout through a public notice published on 30th November 2021.

The introduction of the new excise stamps is in line with the provisions of the Excise Duty (Excisable Goods Management System) Regulations, 2017 that requires all excisable products manufactured in or imported to Kenya, with the exception of motor vehicles, be affixed with excise stamps."
24,PRIOR RECOMMENDATION FROM KENYA REVENUE AUTHORITY (KRA) NECESSARY BEFORE TAXES CAN BE ABANDONED
24,"In a ruling dated 16th September, 2022, the High Court has ruled that; the KRA ought not to be put in a position whereby it complies with ministerial directives which are illegal or unlawful.

In the case, London Distillers (K) Limited carried out a self-assessment excise tax of Kshs 529,278,680/-. However, instead of paying the self-assessed Excise Taxes, London Distillers wrote to the Cabinet Secretary National Treasury and Planning on 15/09/2021 seeking abandonment of the self-assessed taxes. The Cabinet Secretary National Treasury and Planning vide a letter dated 20/01/2022 granted London Distillers Eighty percent (80%) abandonment of the excise taxes with advise to KRA. On reviewing the communication on abandonment from the Cabinet Secretary National Treasury and Planning, the KRA noted that the same was issued contrary to the Section 37 of the Tax Procedures Act and thus could not be complied with. Section 37 of the Tax Procedures Act provides;"
24,KRA Commits to Enhance Efficiency at Ports of Entry
24,"The Kenya Revenue Authority (KRA) has enhanced vigilance across all ports of entry in a bid to enhance compliance with Customs regulations on restricted and prohibited items. The move comes after KRA observed an upward trend in entry of high-end mobile phones and non-declaration of prohibited and restricted goods such as guns, magazines, drones, pornographic material and narcotic drugs at various ports of entry.

Speaking during a media tour of the passenger clearance terminal at the Jomo Kenyatta International Airport (JKIA), the Cabinet Secretary for Tourism and Wildlife Dr Alfred Mutua said that his Ministry has collaborated with KRA to ensure the passenger clearance process is seamless. “We are going to collect taxes and no one is going to feel that they are being harassed,” he said."
24,"KRA Welcomes New Board Director, Mr Shimaka Necheza Leonard"
24,"The Kenya Revenue Authority (KRA) has today welcomed Mr Shimaka Necheza Leonard as a new member of the KRA Board of Directors, following his appointment by the Cabinet Secretary for the National Treasury and Economic Planning on 4th November 2025, via Special Gazette Notice No. 15947, and his swearing-in earlier today.

Speaking during the swearing-in ceremony, the KRA Board Chairman, Hon. Ndiritu Muriithi, noted that Mr. Shimaka joins KRA at a pivotal moment in Kenya’s governance and economic development landscape."
24,"PUBLIC NOTICES 12/03/2020

Address"
24,Validation of VAT Credits
24,"Kenya Revenue Authority reminds all registered taxpayers that it is a requirement under the law to make full and accurate disclosures of all taxable transactions. However, KRA has noted with concern, an emerging trend where VAT registered taxpayers are reducing their tax liability through false claims of VAT input in contravention of the VAT Act, 2013 and Tax procedures Act, thereby denying the government significant revenue.

Registered VAT taxpayers are notified that failure to submit a correct declaration or falsifying information is a criminal offence. These include;"
24,"Call for Public and Stakeholder Comments on the Proposed Income Tax (Digital Service Tax) Regulations, 2020"
24,"Following the introduction of Digital Service Tax (DST) through the amendments by the Finance Act, 2020, the Kenya Revenue Authority would like to inform members of the public that the proposed Income Tax (Digital Service Tax) Regulations, 2020 have been hosted on the Kenya Revenue Authority website.

To ensure wide circulation and public participation as stipulated in the Constitution of Kenya and the Statutory Instruments Act, 2013, Kenya Revenue Authority invites sector players, tax professionals and members of the public to submit their comments on the proposed regulations."
24,Voluntary Tax Disclosure Programme
24,"Kenya Revenue Authority informs members of the public that the Voluntary Tax Disclosure Programme introduced vide the Finance Act 2020, shall commence on 1st January 2021 and run for three years to 31st December 2023.

The Disclosure programme, allows a person to disclose to the Commissioner tax liabilities that were previously undeclared and enjoy full or partial relief of penalties and interest on the tax disclosed under the programme. It shall apply to tax liabilities accrued in the period commencing on or after 1st July 2015 but not later than 30th June 2020."
24,Automation of Application for Registration of Tax Relief Schemes
24,"Kenya Revenue Authority (KRA) informs the public that the process of application for registration of Tax Relief Schemes with the Commissioner for purposes of income tax exemption is now automated.

Retirement Benefits Schemes, Collective Investment Schemes, Unit Trusts, Employee Share Ownership Plans and Real Estate Investment Trusts that wish to register with the Commissioner will make the applications through the taxpayer portal on the iTax platform by going to the “Registration Menu”, selecting “Other Registration” and then “Tax Relief Schemes”."
24,Automation of the Voluntary Tax Disclosure Programme
24,"The Finance Act, 2020 introduced a three-year Voluntary Tax Disclosure Programme (VTDP) effective 1st January 2021 to 31st December 2023. VTDP is a programme where a person upon disclosing previously undisclosed tax liabilities to the Commissioner, is granted relief from penalties and interest on the taxes disclosed.

Kenya Revenue Authority wishes to inform the public that applications for grant of relief of penalties and interest under the VTDP can now be made online through the iTax portal. Successful applicants will receive VTDP certificates via their registered email addresses."
24,Motor Vehicles under Investigation
24,"The Kenya Revenue Authority wishes to notify the public that the vehicles listed below have outstanding tax issues. The owners are required to present the vehicles together with the original ownership, transfer and importation documents to the Commissioner of Intelligence, Strategic Operations, Investigations and Enforcement, at any of the following Kenya Revenue Authority Offices: Forodha House - Mombasa, Jomo Kenyatta International Airport (JKIA) - Nairobi, Kiptagich House - Eldoret, Nakuru - Generation House George Morara Avenue, Nyeri – Veka Plaza, Isiolo – Landmark Hotel or Kisumu Swan Centre - from 25th to 29th September 2023.

#"
24,Clearance at Passenger Terminals
24,"The Kenya Revenue Authority (KRA) is mandated to collect revenue on behalf of the Government of Kenya in line with the Customs laws and other national and international laws regulating passenger movements. KRA implements various initiatives to promote tax compliance, seal revenue loopholes and enhance revenue mobilization.

KRA is committed to continuous improvement and is in the process of upgrading the use of technology to enhance non-intrusive inspection of baggage at all points of entry. Part of this process is to ensure that prohibited and restricted goods are screened out for security purposes."
24,iTax System Authentication Procedure for Mobile Phone Contacts
24,"Kenya Revenue Authority (KRA) reminds all taxpayers that further to our Public Notice on “Taxpayer Register Data Clean Up Exercise” dated 24th June, 2024, all registered taxpayers are required to authenticate the mobile telephone number registered in iTax upon logging into the system.The authentication procedure is as follows;

1.Log in to the iTax system using your PIN number and password. iTax will display the current mobile phone number linked to your PIN."
24,State plans common pipeline for refined petroleum products to serve East Africa
24,"Over 20,000 Kenyans to benefit from state’s overseas job scheme"
24,Cargo growth soars at Mombasa Port amid operational efficiency
24,Kenya strengthens health systems to curb emerging zoonotic threats
24,"The One Health approach, which integrates human, animal, and envi ronmental health, remains central to Kenya’s strategy for addressing emerging disease threats, particularly zoonotic diseases such as Rift Valley fever, anthrax, and brucellosis.

Building on this foundation, Kenya is strengthening prevention-focused health systems following the One Health Summit held in Lyon, France, from April 5 to 7, 2026."
24,County Fire Emergency Numbers: 0202344599/0202222181
24,Emergency Services
24,What to do incase of Fire
24,Call for Public Participation
24,"The Kenya’s legal, policy, and institutional framework for public participation in Kenya has been structured to promote citizen involvement in governance at all levels. This framework is anchored in the Constitution of Kenya 2010 and is further elaborated through various laws, policies, and institutions that guide and implement public participation.

Kenya’s legal, policy, and institutional framework for public participation is extensive, designed to embed citizen engagement as a core component of democratic governance. The Constitution mandates public participation as a guiding principle, supported by laws such as the County Governments Act, Public Finance Management Act, and Access to Information Act. The draft National Policy on Public Participation aims to standardize engagement practices across all sectors, while various institutions—including Parliament, county governments, and CSOs—are responsible for implementing and facilitating citizen involvement. Together, these frameworks empower Kenyan citizens to actively influence decision-making, enhance transparency, and hold leaders accountable in governance processes."
24,"Public, Private partnership to boost Education"
24,"The government will embrace public, private partnership (PPP) to improve the standard of education, Principal Secretary for Basic Education,Am.Prof.Julius Bitok has said. Speaking today in Nairobi when he presided over an M-pesa foundation Educational function ,PS Bitok welcomed the partnership initiative saying it will assist many schools to improve their infrastructures and general standard of education. "" The M-pesa foundation has impacted 3 million learners through improvement of school infrastructures and school scholarships"", ps said . The Chief Executive Officer for the safaricom pledged to further support 500 schools . ps Bitok said the Ministry will in future partner with safari com to improve communication between the schools and the Ministry through the company country wide call centres. The telecommunications company was celebrating its 25 years of existence."
24,"Civil Society Organizations (CSOs) and Faith-Based Organizations (FBOs) in Uasin Gishu County have been trained on their critical role in promoting peace, unity, and democratic governance ahead of the 2027 General Election.

The sensitization forum, held at the Rift Valley Technical Training Institute (RVTTI) in Eldoret, was organized by the Office of the Registrar of Political Parties (ORPP) as part of a broader electoral preparedness programme targeting key stakeholders in the electoral process."
24,Postal Corporation of Kenya sets up PostaPay App to boost digital payments
24,"The Postal Corporation of Kenya (PCK) has introduced a unified mobile payment solution app, PostaPay, which complements other mobile apps used by Kenyans for money transactions.

The app is interoperable with all mobile wallets and banks in the country and has already registered over 5,000 users who are enjoying its benefits. To date, more than 21,000 transactions have been successfully completed."
24,Kenya’s rhino conservation efforts get a boost with advanced tracking technology
24,"Arnold Linga Masila-KNA

The Government has implemented a high-tech tracking system to monitor black rhinos at Ngulia Rhino Sanctuary to enhance conservation efforts for this endangered species."
24,Kenya prepares to host Africa’s Second Urban Forum
24,"The Government in partnership with the African Union Commission (AUC) will host the Second Africa Urban Forum (AUF2) from April 8-10, 2026 at the Kenyatta International Convention Centre (KICC) in Nairobi.

The forum will convene under the theme: “Adequate Housing for All, advancing Socio-economic and Environmental Transformation towards the Realization of Agenda 2063”."
24,Kenya ramps up certified seed production to cut food imports
24,"The Government will boost food security and reduce reliance on imports follow ing a major increase in certified seed production, with authorities assuring farmers of adequate and high-quality supplies.

Kenya Seed Company Chairperson Purity Wangui Ngirici said that the state agency had recorded remarkable increase, producing 45 million kilogrammes of certified seeds in the first three quarters of the 2025/2026 season."
24,Smallholder farmers in Migori tipped on using state equipment to reduce losses
24,"Small-scale farmers in Migori have been urged to make use of government agricultural facilities and equipment to help reduce post-harvest losses.

Kenya Industrial Research Development Institute (KIRDI) Migori Official Neil Okumu, called upon the county residents to utilise the Migori-KIRDI facility and its installed equipment to safeguard their produce and minimise post-harvest losses."
24,Kenya to lead global push against land degradation at 2026 UNCCD ceremony
24,"Kenya is proud to host the global observance of World Desertification and Drought Day 2026 under the United Nations Convention to Combat Desertification (UNCCD), a significant recognition of the country’s leadership in advancing global efforts to combat land degradation and strengthen resilience against drought.

This annual observance, marked on 17th June under the theme ‘Rangelands: Recognize. Respect. Restore’, goes beyond the ceremony by serving as a strategic platform to raise awareness, shape policy dialogue, and mobilize action on the growing challenges of desertification, land degradation, and climate impacts."
24,"Strengthen prevention mechanisms to combat femicide’, PS urges"
24,"JAMES ODERO-PCO

State Department for Gender and Affirmative Action Principal Secretary Anne Wang’ombe has called for the formation of a multi-agency action and vigilance to combat the rising cases of femicide and other forms of gen der-based violence in the country."
24,State intensifies efforts to rein in illegal betting operations in Kenya
24,"The Government has intensified its crackdown on illegal gambling machines and unregulated betting activities across the country, amid growing concerns over their social, economic, and security impact on communities.

In Tharaka Nithi County, authorities say the vice, which has taken root in several parts of the country, is exposing youths and other vulnerable groups to serious social and economic harm including addiction, loss of income and increased household distress."
24,"Strengthen prevention mechanisms to combat femicide, PS urges"
24,"James Odero-PCO

State Department for Gender and Affirmative Action Principal Secretary Anne Wang’ombe has called for the formation of a multi-agency action and vigilance to combat the rising cases of femicide and other forms of gender-based violence in the country."
24,Calls intensify for EAC partner states to abolish transport barriers
24,"SADIK HASSAN- KNA

The East African Community’s (EAC) eight partner states have been urged to eliminate all physical and non-physical barriers to transportation to boost cross-border trade and enhance economic growth in the region."
24,Crime & Burglary In Kenya: Home Security Tips
24,"Kenya is a country of many contrasts. On the one hand, we have the high rates of crime recorded with prevalence in areas like Nairobi, Mombasa, and Kisumu. On the other hand, we have the coastal beach resorts, the birding and high density and assorted wildlife experiences in the national parks that continue to attract an important number of tourists every year. Unfortunately, the same tourists who came here to get better acquainted with the fascinating cultures in the country do this violently, as hey are submitted to attacks by armed assailants.

Kenya has a lot of issues, but it is worth visiting if you know how to stay safe."
24,What To Be Aware Of Once You Arrive Here
24,New digital skills program rolled out in 35 teacher training colleges in Kenya
24,"ANNE KANGERO-KNA

The Ministry of Education has launched a Sh240-million digital skills program for teachers in various teacher training col leges (TTCs) across the country."
24,Universities told to enhance innovation to stay competitive
24,"The Kenya National Innovation Agency (KNIA) CEO, Dr. Tonny Omwansa, has challenged universities across the country to sharpen their competitive edge in innovation, while the Network of Entrepreneurial Institution Leaders rolls out a nationwide student innovation challenge aimed at identifying and nurturing promising young innovators.

Speaking during the Innovation Week at Maasai Mara University, Dr. Omwansa said the challenge is designed to spark healthy rivalry among universities, while pushing institutions to align their strengths with real-world problem solving."
24,State calls on employers to remit sacco deductions amid inefficiency concerns
24,"BY JOSEPH NG’ANG’A(KNA)

Savings and Credit Cooperative societies that falsify their books of accounts to attract new membership have been put on notice. Co-operatives, Micro, Small and Medium Enterprises (MSMEs) Development Cabinet Secretary (CS) Wycliffe Oparanya also called on employers to remit Sacco deductions for their employees."
24,INTERGOVERNMENTAL PARTNERSHIP AGREEMENT BETWEEN THE NATIONAL GOVERNMENT THROUGH THE MINISTRY OF EDUCATION AND THE NAIROBI CITY COUNTY GOVERNMENT ON COOPERATION IN THE IMPLEMENTATION OF THE SCHOOL MEALS PROGRAMME
24,"INTERGOVERNMENTAL PARTNERSHIP AGREEMENT BETWEEN THE NATIONAL GOVERNMENT

THROUGH"
24,"KR undertakes rehabilitation of Nairobi Commuter Rail to modernize rail transport system, decongest roads"
24,"By MyGov Reporter

The Kenya Railways Corporation has embarked on the rehabilitation of the Nairobi Commuter Rail (NCR) network to modernize the Nairobi Commuter rail transport system and decongest roads in the City."
24,Ministry strengthens efforts against Mpox with WHO support
24,"KNA by Manu Mumba

The Ministry of Health has received Mpox kits and drugs from the World Health Organization (WHO) through USAID to manage Neglected Tropical Diseases (NTDS)."
24,Nakuru County to establish a new property valuation roll
24,"KNA by Esther Mwangi and Felistas Kahungu

The Nakuru County Government has said the new Draft Property Valuation Roll is not aimed at increasing land rates but at updating the county valuation land register."
24,Farmers allocated 50 acres of land to boost food security
24,"Over 100 farmers from Lokipetot and Naurenpuu villages in Turkana Central have been allocated 53 acres of land in a targeted initiative aimed at boosting food self-sufficiency in the region.

The farmers expressed excitement after each beneficiary was allocated half an acre of land."
24,Ministry affirms adequate fuel stocks in the country
24,"The Ministry of Energy and Petroleum has assured Kenyans that the country has sufficient fuel stocks, dispelling fears of an impending shortage.

Speaking in Nairobi, Energy and Petroleum Cabinet Secretary, Opiyo Wandayi, emphasized that fuel supply remains secure, with deliveries arriving as scheduled and storage levels stable noting that distribution across the country continues uninterrupted."
24,"How beekeeping is empowering women in West Pokot, fighting poverty"
24,"Women in the semi-arid landscapes of West Pokot are transforming beekeeping into a powerful source of income, hope and environmental conservation.

Through support by the Kerio Valley Development Authority (KVDA), hundreds of women have embraced modern beekeeping as a sustainable source of livelihood, helping them achieve financial independence while protecting the region’s fragile ecosystem."
24,"KR targets 5,000 tonnes cargo on revived Gilgil– Nyahururu line"
24,"The Kenya Railways Corporation now targets to transport over 5,000 tonnes of cargo and 1,000 passengers each transit through the revamped Gilgil-Ol Kalou - Nyahururu railway line that has remained dormant for the last 46 years.

The corporation said that the revival is expected to improve access to markets for the agricultural rich farmers and provide affordable transportation which will stimulate trade and investment along the corridor."
24,"CS urges mining officers to uphold integrity, fight illegal mining"
24,"Cabinet Secretary for Mining, Blue Economy, and Maritime Affairs, Hassan Joho, has urged mining officers across the country to uphold integrity, enhance compliance, and streamline mining operations.

He emphasized that illegal mining remains one of the greatest threats to the sector, often resulting in environmental degradation, revenue losses, and unsafe working conditions."
24,"PS Dr.Chris Kiptoo,CBS held High-level discussions with Mr. Rodrigo Salvado of the Asian Infrastructure Investment Bank."
24,"On the sidelines of the 2025 IMF-World Bank Spring Meetings in Washington D.C., Principal Secretary Dr. Chris Kiptoo held high-level discussions with Mr. Rodrigo Salvado, Director General of the Operational Partnership Department at the Asian Infrastructure Investment Bank (AIIB).

The meeting discussed potential areas of infrastructure support for Kenya, as the country seeks to leverage its recent membership in the Bank to accelerate development priorities.Kenya officially became the 97th non-regional member of AIIB on September 5, 2024. This followed a historic visit by H.E. President William Samoei Ruto to the Bank’s Headquarters in Beijing, China—an engagement that underscored Kenya’s commitment to expanding its global development partnerships."
24,Electronic Rental Tax Information Launch
24,"The National Treasury’s Principal Secretary, Dr. Chris Kiptoo, CBS, yesterday officially launched the Electronic Rental Tax Information System (eRITS), a significant initiative aimed at transforming rental income tax compliance in Kenya.The PS commended the Kenya Revenue Authority for making the innovation a reality.

Dr. Kiptoo observed that as the global economy grows more complex, Kenya must foster a business environment that is both competitive and equitable.He emphasized that the sustainability of the country depends on its ability to mobilize sufficient tax revenues.He reiterated the government’s commitment to efficient public service delivery and expanding fiscal space, noting that innovative tax solutions like eRITS are key to improving taxpayer experience and encouraging compliance."
24,"Kisumu rolls out Sh35m GIS to boost planning, service delivery"
24,"The County Government of Kisumu has rolled out a Sh35 million Geographic Information System (GIS) aimed at transforming land governance, urban planning and service delivery as the lakeside city accelerates its transition to digital administration.

The modern system, established with support from the Food and Agriculture Organization (FAO) and partners, will enable the county to digitize land records, monitor development in real time and strengthen planning across multiple sectors."
24,Audit reveals children detained for years amid funding shortfalls
24,"Cabinet Secretary for Gender, Culture, the Arts, and Heritage, Hannah Wendot, has raised concerns over the prolonged stay of children in government institutions, revealing that some minors in conflict with the law have been held for over two years—far beyond the legally stipulated six months.

Speaking at the Kisumu Children’s Remand Home during an inspection tour of children’s homes and gender-based violence rescue centres across the Nyanza and Western regions, the CS said the situation reflects systemic gaps in case handling, infrastructure, and funding."
24,Ministry fast-tracks labour reforms to protect workers
24,"The Government has reaffirmed its commitment to strengthening labor protections, particularly for domestic workers, following the conclusion of nationwide stakeholder consultations.

The consultations focused on two key agreements: International Labour Organization Conventions 189 and 190. Speaking at a press briefing at All Saints’ Cathedral Hall in Nairobi, Principal Secretary for Labour and Skills Development Shadrack Mwadime announced that the stakeholder engagement phase has been completed, marking a significant milestone toward ratification."
24,Government steps up security measures ahead of festive season
24,"The Government has beefed up security as the festive season approaches.

The Principal Secretary for Internal Security and National Administration Raymond Omollo has said among the measures taken is the enhancement of security at entry and exit points including airports and border crossings, hotels, shopping malls, public beaches and tourist sites."
24,Census FAQs
24,"PS Isaboke Welcomes Safaricom Delegation, Reaffirming Shared Commitment to Digital Partnership"
24,"A delegation from Safaricom PLC today paid a courtesy call to the Principal Secretary for Broadcasting and Telecommunications, Steve Isaboke EBS, today afternoon.

PS Isaboke commended Safaricom for its innovative contributions across key sectors, including health, agriculture, technology and communication, which have significantly impacted the Kenyan way of life. “The Government’s role is to foster a conducive environment for the private sector to thrive. And in their growth, they are also able to offer opportunities to the youth. When companies like Safaricom succeed, it reflects positively on our shared vision for a prosperous Kenya,” he stated."
24,State Department for Early Learning and Basic Education Principal Secretary Dr. Julius Jwan Commissions CBC classrooms at Ratang'a Secondary School in HomaBay County
24,State Department for Early Learning and Basic Education Principal Secretary Dr. Julius Jwan Commissions CBC classrooms at Ratang'a Secondary School in HomaBay County.
24,2.4 Million Candidates Jostle for Top Spots in CBE Examinations
24,"Over 1.29 million learners in Grade 6 will sit for the Kenya Primary School Education Assessment (KPSEA) while their 1.13 million counterparts in Grade 9 have registered for the inaugural Kenya Junior School Education Assessment (KJSEA) that will determine placement to senior schools previously known as high schools.

Download /sites/default/files/PRESS%20RELEASE/PRESS%20RELEASE%20.pdf"
24,Government Keen To Address Dropout In Schools
24,"The Ministry of Education has embarked on a public campaign programme that seeks to increase the number of children out of school, enrolled and retained in schools.

The programme launched at a Nairobi hotel is dubbed; the National Out Of School Children (OOSC) study and the ‘Operation Come to School Programme."
24,Laying the foundation stone for the upgrade of Limbine Primary and Junior School
24,"In the face of financial and infrastructural constraints in many of our institutions, challenges heightened by rising enrolment, alumni remain an invaluable resource. With proper engagement, schools can tap into alumni networks to mobilise funds for critical needs such as infrastructure and scholarships. Beyond financial contributions, alumni can also offer in-kind support, including professional services, book donations, and games kits.

Yesterday, the Cabinet Secretary for Education, Julius Migos Ogamba, had the honour of laying the foundation stone for the upgrade of Limbine Primary and Junior School’s infrastructure in Tigania West Constituency, Meru County. This transformative project is spearheaded by the Safaricom Foundation, in partnership with the school’s alumni and the area Member of Parliament."
24,Sensitization Forum on the Modularized CBET Curriculum
24,"The Cabinet Secretary for Education Julius Migos Ogamba presided over the sensitization forum on the modularized CBET curriculum at Kenya Coast National Polytechnic, where he underscored the fact that curriculum reform is a national imperative and not just an administrative task. The Cabinet Secretary highlighted the progress made on the rollout of the modular CBET curriculum in all public TVET institutions, with 194 approved programmes and over 70,000 trainees already enrolled. The modular curriculum is shaping a new generation of agile and globally competitive graduates.

The Cabinet Secretary called upon principals and stakeholders to intensify sensitization, enrollment, and practical skills training, noting that TVET is the engine of economic empowerment under the Bottom-Up Economic Transformation Agenda."
24,Status of Pre-Service Teacher Training and Teacher Employment in Kenya
24,"Teacher education is the cornerstone of our national vision to nurture a knowledgeable, skilled, and ethical citizenry that is committed to sustainable national development. Teacher education is the foundation for producing competent educators equipped to deliver quality education aligned with the Competency-Based Education framework. This morning, the Cabinet Secretary for Education, Julius Migos Ogamba, officially opened a conference on the ""Status of Pre-Service Teacher Training and Teacher Employment in Kenya”, in Mombasa. The conference brings together diverse sector players for reflection on how best to prepare and position the teaching fraternity for the efficient education system that we aspire for.

The Cabinet Secretary was joined by, among others, the Principal Secretary for Basic Education, Amb. Prof. Julius Bitok; the Principal Secretary for TVET, Dr. Esther Thaara Muoria; the Principal Secretary for Higher Education, Dr. Beatrice Muganda Inyangala and the acting Chief Executive Officer of TSC, Ms. Evaleen Mitei. The event was also attended by Hon. Dickson Maungu, M.P. and member of the National Assembly’s Committee on Education, University Vice-Chancellors and principals of Teacher Training Colleges."
24,Post Training & Skill Development Programmes
24,"The goal of National Apprenticeship Programme is to improve the employability and earning opportunities of out-of-school youth, through access to apprenticeship programs. The objective of the Programme is to improve the occupational skills and competencies of out-of-school youth. The youth are trained on-the-job through work place learning methodology. They are trained by Master Craft Persons (MCPs). The Programme is currently being piloted at RIVATEX, Moi University. Under this Pilot, the youth will be trained, for a period of three (3) months, in the field of textiles, specifically, Spinning, Weaving, Finishing, Tailoring and Textile engineering."
24,"The State Department for Post Training and Skills Development maps industries that are ready to train the youth. Currently, the Department has mapped over 400 industries spread out in 36 Counties. The Department then sources and places the youth in these industries for training. The goal of this programme is to improve the employability and earning opportunities of out-of-school youth, through access to on-the-job training. In FY2020/21, the Department, in collaboration with Generation Kenya, has conducted the Pilot for this programme at Mega Couture EPZ industry, at Kilifi County. Under this Pilot, 300 youth were trained by Mega Couture EPZ industry as Sewing Machine Operators and thereafter employed by the industry."
24,ICT Ministry Showcases its Digital Transformation Agenda at the 9th Devolution Conference in Homabay County
24,"The Principal Secretary for ICT and Digital Economy on Wednesday led Ministry staff in showcasing the Ministry's Digital Superhighway and Creative Economy Agenda during the ongoing 9th Edition of the Devolution Conference (Devcon 2025) being held at Homabay High School.

Staff from the ICT Authority (ICTA), Konza Technopolies Development Authority (KoTDA); Office of the Data Protection Commissioner(ODPC) showcased the various services and products they offer to the citizens during the conference that was officially opened by H.E Dr.William Samoei Ruto."
24,Africa Gears Up for WRC-27 with Unified Push on Spectrum Management
24,"As Africa prepares for the regional preparatory meetings ahead of the critical World Radiocommunication Conference 2027 (WRC-27), key leaders and stakeholders have underscored the vital role of spectrum management in shaping the continent’s digital future.

In a speech read on behalf of the Cabinet Secretary for Information, Communication, and the Digital Economy , Mr. William Kabogo, during the opening ceremony, the Principal Secretary of the State Department of Broadcasting and Telecommunication Mr. Stephen Isaboke emphasized the immense responsibility borne by policy makers, regulators, and industry players. “The choices we make in spectrum management will profoundly affect innovation, inclusion, and economic transformation in Africa,” the statement read."
24,"Principal Secretary Isaboke Tours KNA and Posta Kenya Offices in Kisii, Inspects Studio Mashinani Project"
24,"The Principal Secretary for Broadcasting and Telecommunications, Mr. Stephen Isaboke, today conducted a comprehensive tour of the Kenya News Agency (KNA) and Posta Kenya offices in Kisii County.

During the visit, Mr. Isaboke held engaging discussions with staff members, commending their dedication to delivering vital communication and postal services to the region. He emphasized the government’s continued commitment to strengthening grassroots communication infrastructure."
24,"Mr. Abdullah Al-Fahad, Charge d’Affaires of the Embassy of the State of Kuwait in Nairobi pays a courtesy call on Amb. Lindsay Kiptiness, ‘ndc’ (K), Deputy Director General, Middle East Directorate"
24,Africa’s Unity Takes Center Stage at AU Executive Council Session
24,"Amid emerging threats to multilateralism due to shifting global dynamics, the AU Executive Council's 46th Ordinary Session of Foreign Ministers that started today in the Ethiopia capital has renewed calls for a united Africa. During the opening ceremony, leaders spoke to the critical challenges associated with adverse effects of climate change, geopolitical polarization and rivalry, regional instability, as well as concerns on artificial intelligence.

The Council is calling for comprehensive reforms in global governance, financial systems, climate financing, and technology to ensure these structures are more responsive to Africa’s needs, and promote fairness and equity."
24,Kenya Calls for Global Reforms at AU Summit
24,"Kenya has joined the call for global finance reforms at the African Union (AU) Summit, emphasizing the need for a fairer and more inclusive financial system. President H.E. Dr. William Ruto of Kenya, alongside other delegates from Africa and key global organizations, emphasized the urgency of restructuring the international financial system to address systemic unfairness and distortions hindering Africa's economic progress. The leaders discussed the establishment of the Africa Credit Rating Agency (ACRA), a proposed institution that would rely on credible, data-driven assessments to accurately reflect Africa's economic realities.

Kenya also reaffirmed its solidarity with South Sudan and commitment to supporting peace negotiations, while also pledging additional financial support for ongoing peace efforts in the region. Kenya and Senegal committed to strengthening diplomatic relations at both bilateral and multilateral levels, advancing AU reforms and establishing a stable, financially sustainable, and predictable framework to drive Africa's progress."
24,"Kenya-China Relations Deepened at 2024 FOCAC Summit: A Milestone for Infrastructure, Trade, and Economic Cooperation"
24,"The August 2024 9th Forum on China-Africa Cooperation (FOCAC) Summit in China marked a pivotal moment in Kenya's deepening relationship with China, underscoring the strategic importance of bilateral cooperation. With 53 African leaders in attendance, the Summit provided an opportunity for nations to strengthen their diplomatic and economic ties with China and with other African countries.

The summit, which was held on 4th to 6th September 2024, culminated in the adoption of the FOCAC-Beijing Action Plan (2025-27), which outlines a comprehensive roadmap for future cooperation. The Action Plan covers vital sectors such as trade, infrastructure, health, agriculture, green development, and security which are sectors crucial to Kenya’s own development goals that align with the Country’s priorities and its Bottom-Up Economic Transformation Agenda."
24,Nairobi Annual Policy Dialogue Commences
24,"The Annual Policy Dialogue 2025 (APD25) on Financing for Sustainable Development is currently underway in Nairobi. The forum themed ‘Driving Sustainable Futures for All’ organised by Club de Madrid, United Nations and the Government of Kenya brings together former heads of state and government, international institutions, policymakers, to deliberate, shape and advocate for urgent reforms in global financial governance to ensure a more inclusive, transparent, and accountable international financial system.

The two-day APD25 Conference taking place at the United Nations Compound in Nairobi, provides a multilateral platform where decision-makers and experts will generate concrete recommendations to address taxation, debt relief, and financial system reforms aimed at shaping the future of the global economy. The APD25 Conference also seeks also to address modalities of mobilising resources, reforming systems and strengthening cooperation to deliver on the promise of sustainable development."
24,Kenya eyes 2m jobs in new Sh1.08 trillion agriculture blueprint
24,"The Government has launched the National Agri-food Systems Investment Plan (NASIP) 2026–2030.

The ambitious Sh1.081 trillion blueprint is expected to transform agriculture, strengthen food security, create more than two million jobs, and unlock private investment across Kenya’s agrifood sector."
24,National Youth Service
24,Huduma Kenya Service Delivery Programme
24,"The National Youth Service is a state agency under the Ministry of Public Service and Human Capital Development established by an Act of Parliament, (Cap 208). The broad mandate of the Service is to undertake training of members; commercialize production and services; and collaborate with stakeholders for furtherance of NYS functions.

For more information visit: www.nys.go.ke"
24,Kenya School of Government
24,"Kenya School of Government is a statutory body established under KSG Act No. 9 of 2012 with the mandate to enhance knowledge, skills, and competencies of public officials and thereby transform the Public Service into an efficient, innovative, and expert agency in national leadership and management, policy making and implementation, delivery, and public engagement.

For more information visit: www.ksg.ac.ke"
24,Institute for Human Resource Management
24,The Handing over excersice at Harambee House
24,"In a pivotal moment of leadership transition, Hon. Justin B. Muturi has officially assumed the mantle as Cabinet Secretary for the Ministry of Public Service & Human Capital Development, taking the reins from his predecessor Hon. Moses Kuria in a formal takeover ceremony that took place at Harambe House today afternoon. During the handover, the CS also received comprehensive report on the Ministry's achievements and ongoing initiatives. In his first address, the CS set a collaborative tone, highlighting his readiness to listen and inviting innovative ideas from Ministry staff. He stressed that improving service delivery would be a collective effort, with his office embodying an open-door policy where all contributions aimed at propelling the Ministry forward would be welcome. While encouraging the staff, CS expressed a desire for teamwork, creativity, and a shared vision for elevating the Ministry’s impact on efficiency and accountability in public service delivery. In his farewell remarks, Hon. Moses Kuria expressed confidence in his successor, highlighting the strong, capable team that would continue to drive the Ministry’s initiatives forward. He wished Hon. Muturi well, assuring that the Ministry's legacy of excellence is in safe hands.The handover was graced by PS Amos Gathecha, whose steadfast leadership has been instrumental in steering the Ministry’s course. Also in attendance were Heads of departments in the Ministry."
24,Briefing by the salaries and renumeration committee.
24,"BRIEFING BY THE SALARIES AND RENUMERATION COMMITTEEToday, I hosted Mrs. Lyn C. Mengich, Chairperson of the Salaries and Renumeration Commission and her fellow Commissioners at my Harambee House office.The Commission briefed me on various issues touching on the public service key among them being the resolutions reached during the 3rd National Wage Bill Conference.Their report touched on the important milestones reached so far, and the pending goals towards the realization of an efficient, skillful, ethical and professional public service.Importantly, the SRC’s report emphasized on the need for a cultural transformation that embraces critical values such as integrity and ethics within the public service which have been lacking in some levels.Together with my technical team at the Ministry of Public Service, I am committed to ensure that we implement the resolutions of this year’s National Wage Bill Conference."
24,Courtesy call by H.E.MR.Sultan Hajiyev.
24,"COURTESY CALL BY H.E. MR. SULTAN HAJIYEV, AMBASSADOR OF THE REPUBLIC OF AZERBAIJAN TO KENYAToday I hosted His Excellency, Mr. Sultan Hajiyev who is the Ambassador of Azerbaijan to Kenya. The republics of Kenya and Azerbaijan are celebrating 20 years of establishment of cordial diplomatic relations. Whilst the 2 countries continue expanding trade ties annually, we discussed areas of mutual cooperation in provision of efficient government services to our citizens.The Republic of Azerbaijan through the ASAN Centers (similar to what we have in Kenya as Huduma Centers) offers 600 services to its citizens in 28 centers countrywide. I was impressed by this model which is quite advanced, speedy and transparent acting as a one stop shop service outlet.The Ambassador and I further discussed a joint ASAN Centers and Huduma Kenya partnership in areas such as capacity building, technology sharing as well as financial support to realize this big dream of making e~government service delivery to citizens, timely, transparent and super efficient for Mwananchi."
24,Government Scales Up NYS for Youth Empowerment
24,"The government has reaffirmed its commitment to increasing youth enrollment in the National Youth Service (NYS) to over 100,000, as part of a broader strategy to boost service delivery, promote self-reliance, and position NYS as a key pillar in national development.

Cabinet Secretary for Public Service, Human Capital Development, and Special Programmes, Geoffrey Ruku, made the announcement during an impromptu visit to the NYS Yatta Field Station in Machakos County. The visit aimed to assess the quality of service delivery and the institution’s progress toward self-sustainability."
24,Payroll Managers and HR Officers from County and National Governments Convene for HRIS-KE End-User Trainers Workshop
24,"Today in Kisumu County Principal Secretary for Public Service, Mr. Amos Gathecha visited the ongoing Human Resource Information System (HRIS-KE) End Users training, an initiative aimed at enhancing efficiency in human resource management across the public sector. The training, which is also being held in select counties, brings together Payroll Managers and Human Resources Officers from both county and national governments. These key personnel are being equipped with the skills to fully leverage the HRIS platform to streamline payroll management and optimize human resource operations.The PS was accompanied by Mr. Bongo Wekesa, Secretary of Management Consultancy Services (MCS), HRIS and Transformation Directorates"
24,Call for HR Retooling and Upskilling
24,"PS Dr. Jane Imbunya Calls for Continuous Retooling and Upskilling of HR Professionals to Stay Relevant in a Rapidly Evolving World

22nd May 2025 | Kenya School of Government, Nairobi"
24,Inauguration of the Ministry's Audit Committee
24,"Audit remains a critical pillar in promoting transparency, accountability, and integrity in the management of public resources, while ensuring compliance with regulations, improving performance, and strengthening public trust in government institutions.

This morning, under the leadership of the Cabinet Secretary, Ministry of Public Service, Human Capital Development and Special Programmes, Hon. Geoffrey Kiringa Ruku, the Ministry held an inauguration ceremony for the newly appointed members of the Audit Committee."
24,REFORM MOMENTUM: KENYA’S SECURITY AGENCIES CHART A NEW COURSE
24,"The Principal Secretary for Public Service and Human Capital Development, Dr Jane Kere Imbunya, joined senior government leaders on Wednesday 25th March, 2026 for a high-level National Steering Committee meeting focused on driving reforms across Kenya’s security sector. The session, held at the Sarova Stanley Hotel, marked another step forward in strengthening key national institutions.

Chaired by the Principal Secretary for Internal Security and National Administration, Dr Raymond Omollo, the committee brought together leadership from the National Police Service, Kenya Prisons Service, and National Youth Service and other relevant agencies."
24,NCIC Pays Courtesy Call on PS Jane Kere Imbunya
24,"The National Cohesion and Integration Commission (NCIC) paid a courtesy call on Principal Secretary for Public Service and Human Capital Development, Jane Kere Imbunya, to discuss areas of collaboration in promoting national cohesion, inclusivity, and harmonious service delivery within the public sector.

The meeting explored strategies for strengthening unity, diversity management, and fostering a cohesive work environment across public institutions in line with the Government's transformation agenda. Both parties reaffirmed their commitment to working together to advance national integration and enhance service delivery to citizens."
24,Kwale to promote seaweed farming among coastal communities to boost livelihoods
24,"Kwale County Government is seeking to boost seaweed farming operated by coastal communities along the shores of the Indian Ocean to enhance sustainable livelihoods.

The species cultivated by these communities include red, brown, and green seaweeds for both domestic and industrial use offering profitable opportunities."
24,Multi-billion Sigor Wei Wei project transforming lives in West Pokot
24,"For decades, the vast landscapes of Sigor in West Pokot County were defined by harsh realities such as unpredictable rainfall, recurring food shortages, poverty, and fierce competition for scarce resources.

Today, however, green maize fields stretch across what was once a droughtprone landscape, standing as a powerful symbol of resilience, investment and community transformation."
24,"Kenya has a history of strategic planning for statistical development. The first five-year Statistical Plan for the Central Bureau of Statistics (CBS), then a government department in the then Ministry of Planning and National Development, covered the period 2003-2007. This plan was instrumental in the transformation of the CBS into a semi-autonomous Government Agency, Kenya National Bureau of Statistics (KNBS), by an Act of Parliament (the Statistics Act No.4 of 2006). KNBS core mandate is outlined under the said Act that empowers the organization to be the principal agency of the government for collecting, analyzing and disseminating official statistical data in Kenya. The Act further empowers KNBS to be the custodian of official statistical information, establish standards and also promote the use of best practices and methods in the production and dissemination of statistical information across the National Statistical System (NSS).

The second plan covering the period 2008-2012 was based on a comprehensive review of the previous Strategic Plan and lessons learnt. The process of designing the third plan, called the National Strategy for the Development of Statistics (NSDS) has started. While the first two plans focused on the Bureau, the third plan will cover sectors (government ministries, departments and agencies –MDAs, with KNBS and Counties as special sectors). International “best practice” requires that NSDS design process should follow a sectoral (or bottom-up) approach whereby a Strategic Plan for Statistics (SPS) is designed for each sector and the SPSs are used as building blocks for the overall NSDS (see figure below). This approach leads to enhanced coordination of the National Statistical System. It is fortuitous that the design of the NSDS has coincided with the design of Strategic Plans for MDAs and Counties. This coincidence creates a good opportunity for inter-linkage between Sector Plans for Statistics and Strategic Plans for MDAs."
24,Kenya attends 3rd EU-AU Ministerial Meeting in Brussels
24,"Ministers of Foreign Affairs of Member States of the European Union (EU) and the African Union (AU) recently concluded their 3rd Ministerial Meeting paving way for the 7th AU-EU Heads of State and Government Summit scheduled to take place in Africa later in the year. The planned summit will bring together 55 African Union members states and 27 European Union heads of state and their delegations to discuss a renewed and deepened AU-EU partnership for the future.

The AU-EU partnership while grounded in Africa’s Agenda 2063 sought to among others review a sustainable agenda for Africa and Europe; renew and enhance cooperation on peace, security and governance; enhance reciprocal partnership for Migration and mobility and commit to stronger Multilateralism. Kenya was represented at the Ministerial meeting by Foreign Affairs Principal Secretary Dr. Korir SingOei who on the sidelines, met counterparts from various countries in efforts to strengthen bilateral relations."
24,Financing Clean Cooking: Shifting from Pilots to Decisive Delivery
24,"On the sidelines of the 2nd Africa Climate Summit taking place in Addis Ababa, Kenya’s First Lady, Mrs. Racheal Ruto has underscored the urgency of advancing access to clean cooking solutions as both a development and a health priority.

Mrs. Ruto emphasized that millions of women continued to use “silent killers” in the form of toxic fuels that threatened both health and dignity. She highlighted that clean cooking was not just a health matter but a cog in Kenya’s transformation and economic renewal. By securing universal access, countries would be able to protect children, especially the under fives, from household air pollution, conserve forests presently stripped bare for fuel, and curb the spread of related infections."
24,Combined approach of high quality seed and GAP
24,Potato farming finance
24,"The good news is – as a result of the ‘connected farmer approach’, all of our SHG members experienced massive yield improvements on each individual farmer’s shamba. Previously, my average potato yield was about 2.4 tonnes per acre, but after undergoing training it was boosted towards an incredible 14.4 tonnes per acre! Actually, this also happened to be the average yield improvement achieved by all the 1.700 potato farmers.

But this is just part of the improvement: I also experienced 50% less rejections from off-takers. The better tuber quality was again thanks to the combined approach of high quality seed that has potential to give high yield, a good nutrition for the potatoes to give bigger and better tubers, and also serious crop protection to ensure no pests & diseases could attack my plants or tubers."
24,Better bargaining power and improved knowledge
24,Girls' Education Challenge
24,Secondary Quality Improvement Project
24,"The Girls’ Education Challenge (GEC) program seeks to help up to a million of the world’s poorest girls improve their lives through education.

I Choose Life-Africa’s Jielimishe Girls’ Education Challenge (GEC) Project is targeting to improve life chances of 10,123 marginalised girls and 6,890 boys from communities in Laikipia, Meru and Mombasa Counties. The five (5) year project, funded by the UK Government through the Department for International Development (DfID) will run from April 2017 to March 2022."
24,NATIONAL EDUCATION QUALITY DIALOGUE PRESENTATIONS
24,Kenya Secondary Education Equity and Quality Improvement Program
24,Final SEQIP Social Assessment Report
24,SEQIP Final ESMF
24,New Final ESMF Annexes
24,Empowering Kenya's Development through Data
24,KRA's Tenda Wema Initiative:Making a Difference in Kenyan Communities
24,"Other than tax collection and provision of tax services in the country, Kenya Revenue Authority (KRA) understands the importance of giving back to the society. Through our Corporate Social Responsibility (CSR) pillars—Education, Health, Environment, and Sports, we have implemented over 100 social engagements initiatives in the underserved communities through our doing good programme called Tenda Wema.

In doing good KRA staff have offered donations (food, clothing, dignity kits) counselling and mentorship sessions in schools and youth in underserved communities. So far, we have mentored 358 youth and teen mothers in Ngong, Kibra, Mukuru kwa Reuben and Njiru."
24,IFMIS
24,"Sound systems, strong legal and regulatory frameworks as well as a competent and productive civil service are the cornerstones of an efficient Public Finance Management (PFM) regime. PFM reforms have been identified as the key drivers to efficient public service delivery and creation of wealth and employment, ensuring that the Government and its Departments raise, manage, and spend public resources in an efficient and transparent manner with the aim of improving service delivery.

One of the PFM reforms by the Government of Kenya is the Integrated Financial Management System (IFMIS). IFMIS is an Oracle based Enterprise Resource Planning (ERP) being used at both the National and County levels of government. It is aimed at enhancing accountability and transparency. It has reformed the core PFM systems of budget formulation and execution, public procurement and financial reporting."
24,Components
24,Nairobi County Promotes Partnerships and Preparedness at Urban Resilience Forum
24,"Nairobi, 2nd July 2026

Nairobi County Chief Officer for Disaster Management and Coordination Mr. Bram Simiyu, joined officers from the sector at a high-level advocacy forum on urban community resilience in Kenya, convened by the Kenya Red Cross Society. The forum brought together senior officials from Nairobi City County Government, Mombasa County Government, and civil society organizations to advance collaboration on disaster risk management in rapidly growing urban centers."
24,Driving Kenya's Progress with Data; Keeping You Informed
24,About KNBS
24,"The Kenya National Bureau of Statistics (KNBS) is a vital institution in Kenya, founded in 2006 with a mandate to collect, analyze, and disseminate statistical data. KNBS provides essential economic indicators like GDP, inflation rates, and unemployment rates, enabling informed policy decisions. Beyond economics, it supports county governments, conducts population censuses, and addresses regional challenges such as water and sanitation needs. KNBS ensures data-driven approaches to education and environmental conservation. With its commitment to reliable statistics, KNBS plays a central role in Kenya’s development journey.

The Kenya National Bureau of Statistics (KNBS) is a State Corporation established by the Statistics Act, 2006, for the collection, compilation, analysis, publication and dissemination of statistical information, and the coordination of the national statistical system. It is the principal agency of the Government for collecting, analysing and disseminating statistical data in Kenya and the custodian of official statistical information"
24,"WOMEN AND MEN IN KENYA Facts and Figures, 2022"
24,"The Women and Men in Kenya booklet provides facts and figures on the status of women and men in Kenya. The booklet presents indicators in 12 thematic areas; Population/Demography, Health and Vital Statistics, Persons with Disabilities, Education, Labour Force, Poverty, Financial Access and Usage, Agriculture, Information and Communications Technology (ICT), Gender Based Violence (GBV), Decision Making and Governance, Peace and Security. The booklet aims at promoting understanding of the actual situation of women and men in the Kenyan society, by providing socio-economic and demographic statistics. The information provided is disaggregated by sex, age and rural-urban residence where possible.

The selected indicators contained in the booklet have been extracted from official government publications mainly produced by the Kenya National Bureau of Statistics. Detailed information can be obtained in the referenced publications and sources. The booklet is a useful resource material for gender programs designers, implementers, advocates, researchers and the general public to advance the gender agenda in Kenya. Read More"
24,External Resources Estimates Handbook
24,"The Government mobilizes resources domestically and externally to bridge the budget deficit to support public investments which are aligned to the government development agenda. The external resources are sourced as Official Development Assistance (ODA) from multilateral and bilateral partners in form of loans and grants.

The external borrowing is aligned to the Constitution, the Public Finance Management Act 2012, the Public Debt and Borrowing Policy, and the Kenya External Resources Policy (KERP). These legal and policy frameworks guides the sourcing and management of the ODA."
24,Budget
24,"The Budget Department is one of the key departments of the National Treasury. It is headed by a Director of Budget with technical officers from the Finance cadre, Economists, Accountants and Administrators. The Department has evolved from a small unit of the Ministry of Finance at independence to a full fledged department in the late 1970s.

MandateThe department is mandated with the preparation of annual estimates of revenues and expenditures that are laid before Parliament every year for approval. It does also prepare supplementary estimates as the need arises. The Department fulfills a constitutional requirement as per section 100 of the Constitution of Kenya."
24,"Budget, Fiscal and Economic Affairs Department"
24,"PUBLIC NOTICE ADDENDUM 1. TENDER No NCC/CIT/RFP/137/2019-2020 SUPPLY, INSTALLATION, CONFIGURATION, CUSTOMIZATION, TESTING, COMMISSIONING AND MAINTENANCE OF AN INTEGRATED CITY REVENUE MANAGEMENT SYSTEM (ICMS)"
24,H.E Governor Sonko’s youth employment initiative has reduced crime rate in Nairobi
24,Nairobi City County issues stern warnings to non-performing KISIP contractors
24,"Nairobi, January 29th, 2026

Nairobi City County contractors responsible for critical infrastructure developments in Kayole Soweto, Kahawa Soweto, Embakasi, and Matopeni have been put on notice after a status review revealed a shocking 27.3% completion rate for Lot 1, far below the set 98% target."
24,Nairobi City County Government Join stakeholders in launching Fire safety Manual .
24,"Nairobi 2nd September, 2019

The Nairobi City County Government on 2nd September, 2019 joined Kenya Government ministries and stakeholders in launching the Kenya Fire Safety Manual 2019 at Kenyatta National Hospital."
24,Creating awareness on Antimicrobial Resistance (AMR) threat in order to combat AMR through one health approach
24,"Nairobi 26th November 2024

In an effort to tackle the rising threats of Antimicrobial Resistance (AMR) affecting agriculture, public health and food safety globally and locally, the County Subsector of Food, Agriculture and Natural Resources with the support from partners organized a sensitization workshop targeting the Subsector technical staff and the City agro vet dealers to enhance their understanding of AMR, as well as encourage responsible antimicrobial use in the agriculture sector."
24,Health CS calls for stronger Public-Private ties at PSK annual scientific conference
24,"The Government is committed to transforming Kenya into a regional pharmaceutical hub.

Speaking during the 45th Annual Scientific Conference of the Pharmaceutical Society of Kenya (PSK), Health Cabinet Secretary (CS) Aden Duale called for stronger collaboration with PSK to drive investment, policy formulation, and quality assurance."
24,Government enhances efforts to accelerate development in ASAL areas
24,"The Government has redoubled efforts to fast-track development in arid and semi-arid parts of the country.

As such, the State Department for Arid and Semi-Arid Lands (ASALs) and Regional Development has rehabilitated a water project for residents of Illeret Division in North Horr Constituency who have stayed without the vital commodity for a long period."
24,KPA acquires locally built mooring boat to bolster marine operations in Lamu Port
24,"The Kenya Ports Authority (KPA) has acquired a locally built mooring boat in a move expected to promote locally manufactured products in the Blue Economy sector.

The boat, christened KMB-9, was built by the Southern Engineering Company (SECO) and the Kenya Shipyards Limited (KSL) at a record nine-month period at the cost of $2.040 (Sh264.18 million)."
24,State warns employees over storing sensitive data on personal laptops
24,"Government employees should stop using personal communication devices while discharging their duties to safeguard against data breaches.

The Directorate of Human Resource Management at the State Department for Public Service also cautioned staff in government offices to refrain from storing sensitive data in personal laptops to avoid incidences of unauthorized access to government records by cyber intruders."
24,State to buy Mwea farmers’ rice to clear stock ahead of new harvest
24,"The Government will buy all the rice in stock from farmers in the Mwea Irrigation Scheme to make room for the next harvesting season.

This decision follows numerous complaints from farmers that the government is importing large quantities of rice despite having locally produced stock in their stores with no market."
24,Gov’t to waive Sh6b in interest to unlock thousands of title deeds
24,"The Ministry of Lands plans to waive over Sh6 billion interest on unpaid settlement fees to help land allottees collect unclaimed title deeds nationwide, Cabinet Secretary, Alice Wahome, has disclosed.

Speaking during the opening of the Malindi Land Registry, Ms Wahome said she had already prepared a Cabinet memo and sent it to the Attorney General and the Treasury Cabinet Secretary on the issue."
24,Governor hosts Danish Embassy and UNHCR delegation to discuss refugee programs
24,"Turkana County Governor Jeremiah Lomorukai has assured a delegation from the Danish Embassy and United Nations High Commission for Refugees (UNHCR) that his administration has integrated refugees into development plans through the County Integrated Development Programme (CIDP).

He also raised concerns about the strain on resources caused by the growing refugee population, calling for increased investment to manage the situation in Turkana West."
24,Energy regulator unveils new fuel pricing model
24,"The Energy and Petroleum Regulatory Authority (EPRA) has introduced a new fuel pricing model that seeks to balance the interests of consumers, investors and the government while ensuring price stability in Kenya’s petroleum sector.

Speaking at a stakeholder meeting in Nairobi, EPRA Director General (DG), Daniel Kiptoo, emphasized that the revised pricing structure, developed after extensive consultations, aims to reflect the real costs incurred across the fuel supply chain."
24,"Government pledges stronger policies, infrastructure to boost Africa’s food chains"
24,"The Government remains committed to supporting policy and regulatory frameworks, infrastructural development, and digitalization to strengthen food chains and build robust market linkages.

The Cabinet Secretary for the Ministry of Information, Communications, and the Digital Economy, William Kabogo Gitau, emphasized that for Africa to attract private investment at scale, it is essential to strengthen the enabling environment through predictable policy frameworks, bankable value chains, reliable infrastructure, and trade systems that reduce risk and lower the cost of doing business."
24,Government moves to calm fears ahead of Grade 10 transition
24,"SAMUEL WAITITU -KNA

The Government has affirmed its readiness for the Grade 10 transition in January 2026 under the Competency-Based Education (CBE) system, amid growing concerns from school heads and stakeholders over the level of preparedness."
24,EAC strengthens trade integration with new centralized platform
24,"The East African Community (EAC) Secretariat has unveiled a revamped Single Customs Territory (SCT) Centralized Platform, a tool designed to facilitate the seamless exchange of customs and trade data in real time among the interconnected customs and ports authorities of partner states.

The launch coincided with the celebration of International Customs Day, themed “Customs Delivering on its Commitment to Efficiency, Security, and Prosperity.” EAC Secretariat Secretary-General Veronica Nduva, who officiated the launch, highlighted the platform’s importance in advancing regional integration and deepening trade."
24,JOOTRH to strengthen cancer care with new support
24,"Jaramogi Oginga Odinga Teaching and Referral Hospital (JOOTRH) will benefit from enhanced training, equipment, and awareness initiatives in cancer management in a new collaboration with the Oncology Nursing Society–Kenya (ONS-K).

A delegation from the society, comprising Florence Kandie, Pamela Were, and Godwin Mango, paid a courtesy call on the hospital’s Acting Chief Executive Officer, Joshua Okise, to outline areas of partnership aimed at strengthening the oncology unit."
24,Public Service Ministry champions for State Parties Assessment Tool (SPAT)
24,"The Cabinet Secretary for Public Service and Human Capital Development Justin Muturi has reaffirmed Kenya’s commitment to strengthening public service accountability by championing the piloting of the State Parties Assessment Tool (SPAT).

The framework, designed to standar- dize monitoring and evaluation across African Union (AU) member states aims to enhance transparency, efficiency, and service delivery within government institutions."
24,"Isaboke assumes office as Broadcasting and Telecommunications PS, outlines key priorities"
24,"Heads of Departments and Chief Executive Officers in the State Department for Broadcasting and Telecommunications have been called upon to ensure the sectors they head deliver their mandates, presidential directives and key pillars of the government.

The new Broadcasting and Telecommunications Principal Secretary, Stephen Isaboke, pledged to give members of staff space to execute their duties and the necessary tools of trade to enable them to deliver their work effectively."
24,PS urges public institutions to embrace agility and citizen -centered governance
24,"The Principal Secretary (PS) for State Department for Broadcasting and Telecommunications Stephen Isaboke has said that public institutions must prioritize agility, resilience, and citizen-centered approaches to build public trust, legitimacy, and foster inclusive governance.

The PS spoke during his visit to the State Department’s exhibition booth during the commemoration of the Africa Public Service Day (APSD) 2025 at the Kenyatta International Convention Centre (KICC) in Nairobi, Kenya."
24,Unpaid care work addressed in Kenya’s national policy update
24,"The State Department for Gender and Affirmative Action is incorporating the findings of the Women RISE initiative to the Kenya National Care Policy.

These findings seek to address the longstanding issue of unpaid domestic and care work predominantly performed by women and girls."
24,Why we ought to prepare today’s youth to drive tomorrow’s tourism
24,"Today’s technological disruptions have altered the parameters of conventional tourism significantly. Inevitably, the future of tourism begs thorough preparation in the here and now. In that regard, Kenya is not sitting on her laurels.

About a fortnight ago, the Kenyatta University-based Global Tour ism Resilience and Crisis Management Centre (GTRCMC – EA) whose board I chair scored a rare first in Dubai."
24,State calls for multisector push to meet 15 billion tree goal
24,"The Government has reaffirmed its pledge to plant over 15 billion trees by 2032. Education Cabinet Secretary Dr. Julius Migos Ogamba spoke during a massive tree-planting drive at Kitale Forest Block C in Trans Nzoia County, where 2,900 indigenous trees were added to the county’s growing green cover.

Since the launch of the initiative, Trans Nzoia has planted 20 million trees. While praising the public and stakeholders for their efforts, Dr. Ogamba noted that the numbers still lag behind schedule, calling for a united, multi-sectoral push to achieve the ambitious national target."
24,ILO invests Sh30 million to combat invasive Mathenge weed in Turkana
24,"The International Labour Organization (ILO) plans to invest Sh30 million in an initiative to sustainably manage Prosopis Juliflora commonly called “mathenge weed” in Turkana County.

The initiative, which will be implemented in a collaborative effort between the County Government of Turkana and the Kenya Forestry Research Institute (KEFRI), aims at creating job opportunities for the local communities as well the refugees residing in Turkana West Sub- County."
24,Cervical Cancer survivor shares journey to raise awareness
24,"Fortune Moraa is a cervical cancer survivor of four years since it was diagnosed. Moraa aged 49 years and a mother of three says she was not aware of the disease until she started experiencing unusual vaginal bleeding, abnormal discharge and pelvic pain, which forced her to visit a cancer centre in Nairobi after being referred from a Level Four hospital in her home county, Kisii.

Moraa is not alone, with 45,000 new cancer cases being diagnosed in Kenya every year, many people ignore the initial signs of the disease assuming they are normal body discomforts."
24,Why we must formally recognize village elders
24,"One of the most disturbing cases to ever reach our Ministry’s headquarters involved a minor who had been defiled and later killed. Shockingly, the case was quietly swept under the rug under the guise of “out-of-court settlement.”

It might have ended were it not for the courage of the girl’s mother, who defied the pressure to stay quiet and escalated the matter in pursuit of justice for her daughter."
23,"Upon approval of the application by the Commissioner of Customs and Border Control, the applicant shall be notified to submit the application on iCMS for generation of a bonded warehouse number and proceed with execution of the customs security bond(CB6) to cover taxes for the goods while in the warehouse."
23,4. ALLOCATION OF BONDED WAREHOUSE LICENCE
23,The Household Socio-Economic Impact Survey Of Coronavirus (COVID-19)
23,CS Yattani Urges Citizens to be Compliant Taxpayers
23,"Acting Cabinet Secretary for National Treasury Amb. Ukur Yattani has urged citizens to be tax compliant to enable the country fund its development programmes.

The CS, who was speaking at the Kenya Revenue Authority (KRA) head office, Times Tower, during the launch of the 2019 Taxpayers’ Month, said the country depends on its diligent tax compliant citizens for sustainability of economic growth."
23,Commissioner for Legal Services & Board Coordination.
23,KRA wins Kshs.1.2 billion tax suit against international communications firm
23,"PRESS RELEASE 17/09/2020

Did you find this content useful?"
23,"Commissioner, Legal Services and Board Coordination"
23,Kenya Revenue Authority wins 9.3 Bn tax case
23,"PRESS RELEASE 28/01/2021

Did you find this content useful?"
23,"Commissioner, Legal Services & Board Coordination"
23,Agency in dams contracts to pay KShs. 643 million tax
23,KRA files Application to been joined in NCBA Group Tax Exemption Case.
23,"Kenya Revenue Authority (KRA) has filed an application to been joined in a tax dispute between NCBA Group and the Cabinet Secretary National Treasury and Economic Planning. The Case, which is before the High Court regard exemption granted to NCBA from paying Capital Gains Tax (CGT) amounting to Ksh.1.35Billion.

Following the merger of NIC Group PLC and Commercial Bank of Africa, NCBA was granted Capital Gains Tax exemption in June 2019.Upon review of the exemption, the Cabinet Secretary National Treasury and Economic Planning in March, 2023, determined that there was no demonstrable public interest in the transaction to warrant exercise of discretion to exempt the payment of CGT in favour of NCBA .The Cabinet Secretary consequently revoked the exemption, and KRA demanded payment of the taxes from NCBA."
23,"The Value Added Tax (Electronic Tax Invoice) Regulations, 2019"
23,"Kenya Revenue Authority informs members of the public, manufacturers, Wholesalers, Retailers and all Traders that The Value Added Tax (Electronic Tax Invoice) Regulations, 2019 have been developed and are available on the Kenya Revenue Authority website: www.kra.go.ke.

In order to ensure wide consultation and public participation as stipulated in the Constitution of Kenya, 2010, KRA invites institutions, organizations, individuals and the public to submit their views and comments on these draft regulations."
23,KRA Offices to Open for Longer Hours.
23,"The Kenya Revenue Authority (KRA) offices will remain open for longer hours until 30th June 2019, to facilitate filing of tax returns and payment of taxes by taxpayers; including traders, importers and exporters.

Taxpayers are advised to visit any KRA Office and, or KRA Service Centre and Huduma Centre as follows:"
23,"Excisable Goods Management System Excise Stamps on bottled water, juices, energy drinks and other non-alcoholic beverages"
23,"PUBLIC NOTICES 06/11/2019

Address"
23,Tax Compliance Certificate (TCC) Simplified Process
23,"Kenya Revenue Authority wishes to notify the public that it has enhanced the Tax Compliance Certificate (TCC) application process to a full self-serviced process managed by the taxpayer. This move is meant to create efficiency, transparency, and to expedite generation of TCC’s. The Authority urges all taxpayers to take full responsibility for their own tax compliance.

The iTax system is now interactive to support the the self-service process, where the taxpayer applies and get a (TCC) without staff intervention. However, where there is any outstanding debt, the taxpayer will need to pay or apply for a payment plan, which upon approval, enables the taxpayer to continue with the self-service process."
23,Excise Duty on Stakes placed on Bookmakers
23,Processing of Tax Waiver Applications
23,"PUBLIC NOTICES 30/07/2020

Address"
23,"PUBLIC NOTICES 05/10/2020

Address"
23,"Fringe Benefit Tax, Deemed Interest Rate"
23,"PUBLIC NOTICES 28/10/2020

Address"
23,Deduction of Input VAT by Trade Agents
23,"Kenya Revenue Authority informs the public that it has observed with concern the emerging practice where some trade agents, including customs clearing agents, are erroneously claiming input VAT in relation to supplies made to their principals.

The VAT Act, 2013 read together with The VAT (Electronic Tax Invoice) Regulations, 2020 requires a registered person who makes a taxable supply to furnish the purchaser with a tax invoice at the time of supply. Every Tax Invoice should be issued in the name and PIN of the supplier and purchaser."
23,"PUBLIC NOTICES 11/02/2021

Address"
23,Change of Tax Rates
23,"PUBLIC NOTICES 04/01/2021

Address"
23,Accounting for Corporation Tax (Residents) in Years of income 2020 and 2021
23,"PUBLIC NOTICES 19/01/2021

Address"
23,"The Nairobi City County Government (NCCG) and the Kenya Revenue Authority (KRA) do hereby give notice to the public and traders within Nairobi City County that the period for compliance with payment of land rates and renewal of licenses and permits expired on 31st March 2021.

Consequently, interest and penalties shall be payable for late payments or non-payment of rates, permits and licenses in accordance with the relevant legislations."
23,Commissioner Of Domestic Taxes
23,Sale of Non-Compliant Excisable Goods and Issuance of Tax Invoices
23,"PUBLIC NOTICES 13/04/2021

Address"
23,Inflation Adjustment on Specific Rates of Excise Duty 2021
23,"The Commissioner General is required under the Excise Duty Act, 2015 to adjust, the Excise Duty rates of products with specific rates of Excise Duty, annually, to take into account the rate of inflation, subject to the approval of The Cabinet Secretary National Treasury and Planning.

Kenya Revenue Authority would therefore like to inform manufacturers and importers of excisable goods falling under the specific rate category and members of the public that the Commissioner General will adjust the rates of Excise Duty using the average inflation rate for the Financial Year 2020/2021 of four decimal nine seven per centum (4.97%), as determined by the Kenya National Bureau of Statistics. The adjusted rates will be effective from 1st October, 2021."
23,"Extension of Time to Comply with the Value Added Tax (Electronic Tax Invoice) Regulations, 2020"
23,"PUBLIC NOTICES 09/07/2021

Address"
23,Notice of Adjustment of Seasonal Parking Charges to Full Carrying Capacity for Public Service Vehicles (PSV)
23,"Kenya Revenue Authority (KRA) was appointed by the Nairobi City County Government (NCCG) as the principal agent for overall revenue collection vide Gazette Notice No. 1967 dated 6th March, 2020.

Notice is hereby given to all Public Service Vehicles (PSVs) that following the resumption of full carrying capacity on 16th August, 2021, the seasonal parking charges shall be adjusted to full carrying capacity for all PSVs with effect from 25th September, 2021."
23,Roll-Out of New Generation of Excise Stamps
23,"PUBLIC NOTICES 01/12/2021

Address"
23,Roll-Out of New Generation of Excise Stamps and Return of Unused Old Generation of Excise stamps
23,"PUBLIC NOTICES 26/01/2022

Address"
23,"Income Tax (Financial Derivatives) Regulations, 2022"
23,"The Finance Act, 2022 amended Section 3(2) of the Income Tax Act, Cap 470 to introduce income tax on gains accrued in or derived from Kenya by a non-resident person from financial derivatives. This amendment will take effect from 1st January, 2023. Further, the Act require the cabinet secretary to develop regulation for effective implementation of this legal provision.

In compliance with the Statutory Instruments Act, Kenya Revenue Authority, on behalf of the Cabinet Secretary of the National Treasury and Planning, hereby invites business organizations and members of the public to submit their views for consideration in the development of the Income Tax Act (Financial Derivatives) Regulations, 2022."
23,Simplification of the VAT Return Filing Process
23,"Kenya Revenue Authority (KRA) wishes to notify the public and all VAT registered taxpayers that in an effort to leverage on technology and improve taxpayer experience, the VAT return will be pre-filled with tax information available to KRA with effect from the January 2024 tax period, to simplify the VAT return filing process for taxpayers.

In this regard, we remind all taxpayers of their obligation to issue electronic tax invoices and transmit the invoice details to KRA as prescribed in law. Please note that any input VAT claim that is not validated through TIMS/eTIMS or against existing customs import declarations for import VAT claims will not be allowed. A list of approved eTIMS third party system-to-system integrators is available on the KRA website to facilitate compliance with electronic tax invoicing requirements."
23,COVID19 Pandemic: The Coming Days and Our Collective Responsibility to Cushion the Country.
23,"There is no doubt that the COVID19 pandemic has shaken the human family to the core. The pandemic has now spread to almost all countries in the world with over 3 million infections and over 210,000 deaths already reported. This number is still expected to rise exponentially in the coming days especially in the countries that are just entering the curve. With large portions of the world already on lockdown, global focus has largely shifted from economics to saving lives. Evidently this pandemic has occasioned unprecedented suffering to human kind and a massive downward spiral of the world economy.

Various economic think-tanks, global entities and Central Banks have signaled an unprecedented slow-down of the global economy and warned that this spiral could be long and hard. In short, we are already in one of the most horrendous and least foreseen world recessions. Unlike the causes for most past recessions the Corona pandemic, which is the underlying causative factor for this one, has not only advanced rapidly but it has done so in a multi-layered manner, advancing from country to country within short time lags and affecting various facades of life, be they economic, social, religious or even cultural. Perhaps the bigger challenge is that no one can quite predict how long the pandemic and therefore the economic downturn will be with us. This will depend purely on reversal initiatives by different countries and the unfolding epidemiology of the disease. But the one fact that everyone seems to agree on is that the effects of COVID19 shall, to say the least, be gravely devastating for the human race."
23,Dr. Fred Mugambi Mwirigi
23,Understanding Eligibility and PIN Registration
23,Tax Compliance 101: What you need to Know about PIN Registration
23,"Any adult in the Republic of Kenya (18 years and above) is eligible to pay taxes. This process begins with applying for a KRA Personal Identification Number (PIN). A PIN is a unique number that the Kenya Revenue Authority (KRA) uses to identify a taxpayer and is required when doing any business, seeking employment, or even for importation.

There are two types of applicants for PINs: individuals and entities such as companies, trusts, clubs, and similar organizations. An individual's PIN starts with the code ""A0…"" while for entities such as companies, it begins with ""P0…"""
23,How to Register for a PIN: A Step-by-Step Guide
23,Support and Assistance:
23,"For additional information and resources, visit the official KRA website, where you will find comprehensive guides and FAQs to assist you. KRA also provides video tutorials on the official YouTube page, designed to help you navigate various tax processes with ease. If you need personalized support, our Contact Centre is available to assist you via phone at 0711 099 999 or 020 4 999 999 and by email at callcentre@kra.go.ke. Alternatively, you can visit the nearest KRA office, where staff are ready to provide in-person assistance and answer any questions you may have.

With this information at your disposal, the responsibility now lies with you to become more vigilant in following these processes, which ultimately contribute towards the country’s economic development."
23,Press Statement
23,"The Government wishes to inform the general public that preparation for the 2019 Kenya Population and Housing Census (KPHC) has been concluded. This includes the successful listing exercise to familiarize with the areas of enumeration and households. The enumerators, content supervisors, ICT supervisors and all other key personnel regarding this exercise are already on the ground. Additionally, relevant census logistics are in place in respective counties and sub-counties in readiness for the 24th August, 2019 when the exercise kicks off at 6pm.

Security"
23,Appointment of Commissioner Domestic Taxes
23,"The Kenya Revenue Authority (KRA) is pleased to announce the appointment of Mrs Rispah Simiyu as the new Commissioner for Domestic Taxes. Mrs Simiyu who is currently serving as the KRA Deputy Commissioner in charge of the Tax Dispute Resolution docket will be assuming her new role from 22nd October 2020. Mrs. Simiyu assumes the position following a competitive recruitment exercise conducted by the KRA Board and an external consultant that begun on the 8th of August 2020 attracting 32 applicants with 4 making it to the final level.

Domestic Taxes Department accounts for 65% of KRA revenue collections and therefore Mrs. Simiyu is tasked with the role of delivering on this mandate. In her current role, she has grown the dispute resolution profile over the years from settlement of 90 disputes to 284 disputes from 2018 to 2020."
23,UK agency boosts KRA’s intelligence gathering in tax evasion fight
23,"United Kingdom, National Crime Agency (NCA) has today provided Kenya Revenue Authority (KRA) with digital tools for open source intelligence, enhancing KRA’s capacity for surveillance of the digital space including social media.

NCA Director Mr. Mike Philips presented the tools to the Commissioner General, Mr. Githii Mburu and Commissioner of Intelligence and Strategic Operations, Dr. Terra Saidimu at Times Tower. Mr. Phillips said the Agency will also partner with KRA in capacity building for effective utilization of the technology."
23,New water project ends rationing in tourist town of Malindi
23,Ministry of Health to vaccinate 3.8 million children against polio
23,Kisumu hosts this year’s World Habitat Day celebrations
23,Public Notice
23,"Stakeholder Validation Forum on the proposed Kenya Information and Communication Regulations 2026. The forum will be held on Thursday, 21st May 2026 at 10:00 AM on the following link:

https://shorturl.at/o0QZt"
23,KRA reports huge increase in VAT revenue due to eTIMS application
23,Milestone for national tree planting initiative as 37 million trees planted.
23,Relief for residents as Sh1.7bn water programme kicks off in Nandi County
23,Rift Valley Institute of Business Studies learners unveil smart farm management system at expo
23,"50,000 trees to be planted in Oloolua Forest"
23,Sagana Agro-Industrial Park in Kirinyaga nears completion
23,Strengthening Public Servants’ Welfare Through Insurance Sensitization Workshop
23,"Today, Principal Secretary for Public Service and Human Capital Development, Dr. Jane Kere Imbunya presided over the opening ceremony of the GPA/WIBA Sensitization Workshop at Kenya School of Government. The forum brought together HR Directors, Deputy Directors and Assistant Directors from Ministries and Government Agencies, alongside representatives from Laser Insurance Brokers and Pioneers Assurance.

In her remarks, Dr. Imbunya reaffirmed the Government’s commitment to safeguarding the welfare, dignity, and protection of public servants through enhanced employee support programmes. She noted that public servants remain central to effective service delivery and national development, underscoring the importance of providing adequate protection as they carry out their duties."
23,Government seeks public input on Child Welfare Fund
23,"The Government is seeking public input from various stakeholders as it works to establish a Child Welfare Fund aimed at enhancing child protection services in the country.

In Kakamega, stakeholders raised concerns about accountability, equitable resource allocation, and implementation during a public forum on the proposed Child Welfare Fund Regulation 2026."
23,Survey on Socio Economic Impact of COVID-19 on Households Report – Wave 2
23,Survey on Socio Economic Impact of COVID-19 on Households Report Wave Two
23,Survey on Socio Economic Impact of COVID-19 on Households Report Wave One
23,"JOINT PRESS STATEMENT ON UPDATE OF THE 2019 POPULATION AND HOUSING CENSUS ON SUNDAY 25thAUGUST 2019 AT THE GOVERMENT MEDIA CENTRE, NAIROBI"
23,"Fellow Kenyans, thank you for your participation on the Day One of the Big Count. The first day of the census exercise was largely successful. We are encouraged by the progress and can confirm that exercise went on smoothly. The enthusiasm and eagerness to be counted was profound.

We thank business owners for heeding the Government’s call to close their business premises at 5pm. Your support and cooperation in general has contributed to the success this far."
23,New health facility launched in Suguta to boost service delivery
23,"The Turkana County Government has launched a Level II health facility in Kakiteitei, Suguta Sub-County, in a move aimed at improving access to essential healthcare services for residents in the hard-to-reach area.

The Sh9 million facility was officially opened by the County Executive Committee Member (CECM) for Health and Sanitation Services, Dr. Esekon Joseph Epem."
23,"Residents of Mathioya Sub-County will benefit from faster and more efficient medical services after the County Government of Murang’a launched a pilot digital healthcare programme at Kiriani dispensary.

According to the County Coordinator of the Telemedicine Programme Dr. Wendy Githu, the devolved unit, in partnership with Goldmann Systems, a technology company based in Slovakia, has introduced an advanced telemedicine-spoke equipped with a real-time triage system."
23,"KNA by Douglas Mudambo

The Government has earmarked 3,843,275 million children to be vaccinated against polio in nine high risk Counties in Kenya."
23,Covid-19 Vaccine
23,Bomet County and Posta partners to enhance revenue collection
23,"KNA by Lameck Willy.A

Bomet County Government and Postal Corporation of Kenya (PCK) have partnered for cashless collections of revenue in a bid to achieve the potential target of Sh550 million annual collection this financial year."
23,Kwale cotton growers asked to scale up production to support new factory
23,"Kwale County farmers have been urged to scale up cotton production to sustain a newly established ginnery as stakeholders intensify efforts to revitalize the sector and improve farmers’ incomes.

Speaking during a stakeholders’ meeting at Pavi Farmers’ Cooperative Society in Msambweni Sub-County, Cornelly Serem, Chairman from the Agriculture and Food Authority (AFA) emphasized the need for increased production to meet the ginnery’s daily processing capacity of over four tonnes."
23,CS Joho orders Kilimapesa Gold to settle debts within 14 days
23,"JOHN KALEKE-KNA

The Cabinet Secretary for Mining and the Blue Economy, Ali Hassan Joho, has directed Kilimapesa Gold PTY Limited to settle its out standing debt to the local community, the County Government of Narok, and the National Government within 14 days."
23,LVBC secures Sh1.6 billion for sanitation upgrade in Kisumu
23,"The Lake Victoria Basin Commission (LVBC) has secured Sh1.6 billion funding from the German Development Bank (KfW) and the European Union (EU) to improve sanitation in Kisumu City's Manyatta informal settlement.

Through the initiative which is under the agency's Integrated Water Resources Management Programme (IWRMP), 550 modern toilet blocks will be constructed in Manyatta A to enhance access to proper sanitation."
23,Kenya releases landmark report on intellectual property rights protection and enforcement
23,"Kenya has released the Second International Symposium on Intellectual Property Protection and Enforcement (ISIPPE-2) Report, reaffirming its commitment to combating counterfeiting and safeguarding intellectual property (IP) rights.

The report summarizes in sights, best practices, and actionable recommendations to strengthen IP protection, enhance enforcement, and pro mote public awareness."
23,Nakuru boosts dairy and beef sectors with subsidized AI services
23,"The Nakuru County Government is taking significant strides to bolster the dairy and beef industry by providing subsidized Artificial Insemination (AI) services to farmers.

This initiative, aimed at enhancing productivity and increasing farmers’ incomes, is a testament to the county’s commitment to agricultural development, said Nakuru County Agriculture Executive Leonard Bor."
23,Concern over surge in HIV cases among young people
23,"The National Syndemic Diseases Control Council (NSDCC) has expressed concern over a surge in HIV infections among young people, with new data indicating that those aged 15 to 34 account for the majority of new cases.

Speaking during the inaugural cultural week at Tom Mboya University, NSDCC Regional Coordinator, Steven Oyugi revealed that 58 per cent of all new HIV infections in Kenya in 2025 were recorded within this age group."
23,State boosts tree planting with coffee and avocado seedlings in Trans Nzoia County
23,"The Government has intensified efforts to achieve the 15-billion-tree target by distributing high-quality coffee and avocado seedlings to farmers in Trans Nzoia County.

Speaking in Kitale after overseeing the distribution exercise, Cabinet Secretary for Environment, Climate Change and Forestry Dr. Deborah Barasa challenged Kenyans to take advantage of the current heavy rains to help the government’ achieve the 15 Billion tree cover target by 2032."
23,"Over 2,000 Rongai residents to receive title deeds after 31-year wait"
23,"The Government has committed to resolve the longstanding Banita land dispute in Rongai, Nakuru County, within 21 days.

In collaboration with the Nakuru County Government, the Ministry of Lands will issue title deeds to more than 2,000 residents of Rongai Sub-County after a 31-year wait to end the perennial land disputes in the devolved unit."
23,Revenue hits Sh2 trillion mark as KRA maintains growth momentum
23,"The Kenya Revenue Authority (KRA) surpassed the Sh2 trillion mark in cumulative revenue collection by the close of the third quarter of the Financial Year (FY) 2025/26, collecting Sh2.038 trillion as of March 31, 2026, against a target of Sh2.122 trillion.

This represents a performance rate of 96.1 per cent and an 11.4 per cent growth compared to the corresponding period in the previous financial year."
23,"Kenya, Morocco pledge closer cooperation in trade and development"
23,"Kenya and the Kingdom o f Morocco have reaffirmed their commitment to strengthening bilateral cooperation following high-level talks focused on deepening political, economic, and development ties between the two nations.

Speaking during the Ministerial Session of the inaugural Kenya– Morocco Joint Commission for Cooperation in Nairobi, Prime Cabinet Secretary and Cabinet Secretary for Foreign and Diaspora Affairs Musalia Mudavadi noted that the meeting marked a significant step in advancing relations from traditional cooperation to a more structured strategic partnership."
23,State unveils plan to raise green leaf earnings to Sh100 per kilo
23,"The Government is in the process of implementing a raft of measures in the tea industry in a bid to double smallholder farmers’ earnings to Sh100 per kilogram of green leaf by 2027.

The measures according to Cabinet Secretary for Agriculture and Livestock Development Mutahi Kagwe are part of the comprehensive reform programme also referred to as 10-point plan aimed at improving tea quality, stabilizing prices and ensuring fair returns to farmers."
23,Three Kenyan students win full scholarships to Olympiad Academy
23,"Three Kenyan secondary school student s have earned full three-year scholarships to study at the African Olympiad Academy in Kigali, Rwanda, after emerging as top performers at the 2026 Rising Stars Training Camp held at the Centre for Mathematics, Science and Technology Education in Africa (CEMASTEA), Karen Campus.

The students, Caleb Tanui, (15) of Alliance High School; Mitchelle Ombuna, (15) of Kenya High School; and Juni Pearl Mumo, (15) of Alliance Girls High School, earned the opportunity to join the academy, known for nurturing top African talent in mathematics and informatics."
23,Government to tighten protection of Kenya’s natural heritage
23,"The Government is stepping up efforts to protect Kenya’s natural heritage, with Defence CS Soipan Tuya saying key policies are under review.

Tuya called on Kenyans to take a leading role in environmental conservation by embracing tree planting as a patriotic duty to safeguard the country’s future."
23,"TSC sets aside Sh1b to train 70,000 teachers for Grade 9 CBC roll-out"
23,"SADIK HASSAN-KNA

The Teachers Service Commission (TSC) will begin retooling 70,000 teachers from public and private schools, including special needs schools, in preparation for the transition of the first cohort of the Competency-Based Curriculum (CBC) to Grade 9 in January."
23,Education CS lauds TVET’s role in actualization of Vision 2030
23,"Justus Anzaya -PCO

Education Cabinet Secretary Julius Ogamba has hailed Technical, Vocational Education and Training (TVET) as a key pillar to the actualization of the Government’s Vision 2030 economic blueprint."
23,New digital pension platform to streamline payments for retirees
23,"The Government is set to roll out the Online Pension Management Information System (PMIS), marking a significant step towards modernising pension administration and enhancing service delivery for retired civil servants.

The digital transformation, led by the State Department for Public Investments and Assets Management, is expected to eliminate the historical bottlenecks faced by retired civil servants associated with manual pension processing and safeguard taxpayer resources."
23,State emphasises use of approved helmets to curb fatalities on roads
23,"Kenya is reinforcing its road safety framework through stricter enforcement of quality helmet use, in a bid to curb fatalities among vulnerable road users.

On the sidelines of the of the Working Party on General Safety Provisions (GRSG WP.29), Sessions in Geneva, the State Department for Roads Principal Secretary (PS), Eng. Joseph Mbugua, held a strategic discussion with Consultant Pierre Castaing, a member of the Experts Committee of the French Road Safety Council."
23,Authority steps up potato packaging compliance to curb farmer exploitation
23,"ESTHER MWANGI-KNA

The Agriculture and Food Authority (AFA) has launched a crack down on traders violating the 50-kilogram rule in packaging Irish potatoes, as the government continues to enforce the 2021 Potato Regulations."
23,KAIST University to start admissions following recent charter award
23,"The Kenya Advanced Institute of Science and Technology (KAIST) University, located in Konza City, Machakos County, will now recruit outstanding professors and admit top students after being awarded a charter.

Prof. Emmanuel Mutisya, Chair of the KAIST University Council, made the remarks during a celebratory ceremony at the institution following the granting of the charter by President William Ruto."
23,"The Deputy President, Prof. Kithure Kindiki, has said the government will promote 50,000 teachers following an improved budgetary allocation in the coming financial year.

Prof. Kindiki assured teachers that their concerns have been factored into the 2026/27 budget to improve their welfare. “In the coming budget, we have set aside funds for teachers’ promotions."
23,DISASTER & EMERGENCY MANAGEMENT BILL 2025 DRAFT
23,"DISASTER & EMERGENCY MANAGEMENT BILL 2025 DRAFT

General Inquiries"
23,"NAIROBI CITY COUNTY DISASTER AND EMERGENCY MANAGEMENT POLICY, 2025 – Summary"
23,"NAIROBI CITY COUNTY DISASTER AND EMERGENCY MANAGEMENT POLICY, 2025 - Summary"
23,"NAIROBI CITY COUNTY DISASTER AND EMERGENCY MANAGEMENT POLICY, 2025 - Summary

General Inquiries"
23,State to phase out printed exams in education reforms
23,"The Ministry of Education has unveiled plans to phase out paper-based examinations across Kenya’s education system in the coming years, in a sweeping reform aimed at reducing the billions of shillings spent annually on printing and administering national tests.

Dr. Elyas Abdi, Director General for Basic Education, said the initiative will be implemented in partnership with the Kenya National Examinations Council (KNEC) as part of broader reforms to streamline the sector."
23,Census Cartographic Mapping
23,2017 Economic Survey Launch
23,"Kenya’s Gross Domestic Product (GDP) is estimated to have expanded by 5.8 per cent in 2016 compared to a revised growth of 5.7 per cent in 2015. Accommodation and food services recorded improved growth of 13.3 per cent in the year under review compared to a contraction of 1.3 per cent in 2015. The other sectors that registered significant improved performance in economic activities were in the information and communication; real estate; and transport and storage. Persistent drought hampered growth in the fourth quarter of 2016 impacting negatively on agriculture and electricity supply. On the other hand, growth in construction; mining and quarrying; and financial and insurance activities decelerated in 2016. From the demand side, growth was buoyed by consumption in both the public and private sector. Annual average inflation eased to 6.3 per cent in 2016 compared to an average of 6.6 per centin 2015. This was mainly due to decline in prices of transportation; housing and utilities; and communication. The Shilling strengthened against the Pound Sterling, South African Rand, Ugandan Shilling, Tanzanian Shilling and the Rwandan Franc but weakened against the US Dollar, Euro, and the Yen in 2016. The capping of interest rates to a maximum of 4.0 per cent above the Central Bank Rate (CBR) resulted in a significant decline in interest rates during the month of September to 13.84 per cent compared to 16.75 in a similar month in 2015. Domestic credit slowed from a growth of 20.8 per cent in 2015 to 6.4 per cent in 2016 mainly on account of a decline in credit to the private sector. The current account deficit narrowed to KSh 370.8 billion in 2016 from a deficit of KSh 421.1 billion in 2015. The fiscal deficit in 2016/17 as a percentage of GDP is expected to rise to 9.9 per cent compared to 8.6 per cent in 2015/16."
23,Quarterly Balance of Payments Second Quarter 2017
23,THE NAIROBI CITY COUNTY GOVERNMENT THIRD QUARTER CONSOLIDATED FINANCIAL STATEMENT AND REPORT FOR FINANCIAL YEAR-2017-2018
23,"Chari Suche and Andrew Hinga-KNA

The introduction of electronic tax invoicing (eTIMS) has begun to bear fruits with more revenue from the Value Added Tax (VAT) obligation being collected."
23,Kenya Towers Authority completes first 30km smart fence to prevent human-wildlife conflict completed in Maasai Mau Forest
23,"By MyGov Reporter

The Kenya Towers Agency has completed the construction of the Maasai Mau Electric Fence to reduce human-wildlife conflicts in Narok County."
23,NYOTA beneficiaries to receive second grant tranche by June 30
23,"The Government has assured beneficiaries of the National Youth Opportunities Towards Advancement (NYOTA) project that the second tranche of business start-up grants will be disbursed by June 30, 2026, following delays caused by budgetary adjustments.

Speaking during a press briefing in Nairobi, Principal Secretary for Micro, Small and Medium Enterprises (MSMEs) Development Susan Mang’eni said all eligible beneficiaries would receive the funds before the end of the current financial year."
23,Government unveils youth innovation programme to foster innovation and entrepreneurship
23,"By Nuru Soud(KNA)

The Government through the State Department for Higher Education and Research has unveiled a research program to foster innovation and entrepreneurship among youth in institution of higher learning institutions."
23,Government forms taskforce to probe rising school unrest
23,"The Government has announced a series of measures to address rising cases of unrest in secondary schools, including the formation of a multi-stakeholder team to investigate the causes of the disturbances and recommend lasting solutions.

Education Cabinet Secretary Julius Ogamba said the Government was treating the matter with utmost seriousness following a recent wave of unrest that has disrupted learning, caused destruction of school property and resulted in loss of lives."
23,The National Assembly update on the status of disbursement of funds under the National Government Constituencies Development Fund (NG-CDF) for the FY 2024/2025.
23,"The National Treasury and Economic Planning Cabinet Secretary, Hon. FCPA John Mbadi updating the National Assembly on the status of disbursement of funds under the National Government Constituencies Development Fund (NG-CDF) for the FY 2024/2025."
23,Small traders urged to join co-operatives to access state support
23,"The Micro and Small Enterprises Authority (MSEA) has urged small-scale entrepreneurs in Isiolo County to organise themselves into cooperatives and business associations to enhance their chances of accessing government grants, credit facilities, and other enterprise development programs.

Speaking during a business exhibition in Isiolo Town, MSEA Chief Executive Officer Henry Rithaa said the initiative supports the government’s wider economic transformation plan focused on empowering micro, small, and medium-sized enterprises (MSMEs) nationwide."
23,GAA Background
23,"The Government Advertising Agency (GAA) was established in 2015, through the National Treasury Circular No. 09/2015 pursuant to an approved Cabinet Memorandum on centralization of public sector advertising.

In 2017 there was an establishment of a widely circulated newspaper by the Government following a special Cabinet Meeting. The publication; MyGov, was to articulate the Government’s agenda through providing information on Government programmes and activities, job opportunities, Government tenders and important public notices that were not widely circulated by the mainstream media."
23,Meeting with Project Steering Commitee NBI-Mau Summit Highway a key National Infrastructure Project.
23,"Earlier today, PS the National Treasury chaired a meeting of the Steering Committee tasked with spearheading the expansion of the Nairobi–Nakuru–Mau Summit–Eldoret–Malaba Road — a flagship project identified as a national priority by the Government.

This Multi-Agency Committee brings together key Ministries, Departments, and Agencies to ensure seamless coordination and timely delivery of this transformative Public-Private Partnership (PPP) project.The Government is committed to delivering this Regional infrastructure that will boost regional connectivity, enhance trade, and accelerate the economic growth of the country."
23,20. Missionaries
23,19. Retirees
23,"Register on iTax

Visit iTax and apply for your PIN today."
23,Quarterly Gross Domestic Product Report
23,Outdated tea tasting methods to end as Mombasa gets modern lab
23,"The Government will commission a modern scientific tea testing centre in Mombasa by May this year as part of sweeping reforms aimed at enhancing transparency, improving quality, and increasing earnings for farmers.

Agriculture Principal Secretary Dr. Kiprono Rono said the new facility will replace outdated and unscientific tea tasting methods, ensuring credibility and fairness in the evaluation and pricing of Kenyan tea in the global market."
23,Kenya Revenue Authority simplifies tax filing with WhatsApp platform
23,"The Kenya Revenue Authority (KRA) has launched an innovative WhatsAppbased tax filing solution designed to simplify compliance, enhance the taxpayer experience, and boost revenue collection.

The new platform enables taxpayers to file their returns via the widely used messaging application, marking a significant milestone in the Authority’s ongoing digital transformation and customer-centric reforms."
23,Kenya launches green jobs and skills development strategy
23,"The Principal Secretary of the State Department for Labour and Skills Development, Shadrack Mwadime has highlighted the importance of Kenya's Nationally Determined Contribution (NDC) which aims to reduce the country’s greenhouse gas emissions by 32 percent by 2030.

Speaking in Naivasha when he opened the National Green Jobs and Skills Development Workshop, he emphasized that the transition to a green economy offers new employment opportunities, particularly for youth, while addressing environmental challenges such as climate change, biodiversity loss, and pollution."
23,eGP kenya
23,"The Public Procurement System in Kenya has evolved from a manual system with no regulations to an orderly legally regulated procurement system. The Government’s Procurement system was originally prescribed in the Supplies Manual of 1978, which was supplemented by circulars that were issued from time to time by the then Ministry of Finance. The reforms to the Government Procurement System led to the enactment of the Public Procurement and Disposal Act (PPDA), 2005 which sought to promote economy, efficiency, integrity, competition, transparency, public confidence and to strengthen oversight and controls in the public procurement system.

Public procurement reforms have been undertaken within the wider context of public financial management reforms. In 2003 the government implemented the Integrated Financial Management Information System (IFMIS) in the management of public finance. The IFMIS contained three modules that is; purchasing, payables and general ledger to address accounting and budgeting business processes. In 2011, the Government undertook the re-engineering of IFMIS to make it more robust which brought in more modules that addressed revenue to cash, plan to budget, procure to pay among others."
23,"End of Financial Year Reports

The end year reports required to be submitted by the Ministry Departments to their respective Head Quarters includes."
23,Accounting Services and Quality Assurance Departments
23,ANNOUNCEMENT CALL FOR APPLICATIONS TO THE COLOMBIA SCHOLARSHIPS PROGRAMME (BECA COLOMBIA 2026)
23,AYUSH SCHOLARSHIP PROGRAMME INDIA
23,"ANNOUNCEMENT

CALL FOR APPLICATIONS TO THE COLOMBIA SCHOLARSHIPS PROGRAMME (BECA COLOMBIA 2026)"
23,PARTIALLY FUNDED SCHOLARSHIP PROGRAMMES FOR TERM III MAY INTAKE
23,"CALL FOR APPLICATIONS FOR INTERNATIONAL ADMISSIONS AT DAWOOD UNIVERSITY OF ENGINEERING AND TECHNOLOGY (DUET), KARACHI – PAKISTAN, FOR STUDENTS FROM AFRICAN NATIONS"
23,"OCBI/TVETE PHASE III/EQUIP/47,48,49,50/24-25"
23,"AFAAQ PROGRAM AT SULTAN QABOOS UNIVERSITY,SULTANATE OF OMAN"
23,"PRESS STATEMENT ON THE RELEASE OF THE 2022 KCPE EXAMINATION RESULTS BY HON EZEKIEL MACHOGU, CBS, CABINET SECRETARY, MINISTRY OF EDUCATION, O"
23,BELGIUM SCHOLARSHIPS AND CALL FOR RESEARCH FELLOWSHIPS
23,"PRESS STATEMENT FOR RELEASE OF THE 2022 KCSE EXAMINATION RESULTS BY THE CABINET SECRETARY, MINISTRY OF EDUCATION, HON. EZEKIEL MACHOGU, CBS, AT THE KNEC MITIHANI HOUSE, DENNIS PRITT ROAD, NAIROBI, ON JANUARY 20, 2023"
23,COMPETITIVE SELECTION OF CANDIDATES FOR RUSSIAN GOVERNMENT SCHOLARSHIPS FOR THE 2023/2024 ACADEMIC YEAR
23,MAINTENANCE OF ISO INTERNATIONAL STANDARDS
23,200 ALGERIAN GOVERNMENT SCHOLARSHIPS FOR KENYAN STUDENTS FOR THE ACADEMIC YEAR 2022-2023
23,"INVITATION TO APPLY FOR THE GENDER EQUALITY STUDIES AND TRAINING PROGRAMME (GEST) 2024, SCHEDULED TO BE HELD FROM JANUARY, 2024 TO MAY, 2024, REYKJAVIK, ICELAND"
23,"200 ALGERIAN GOVERNMENT SCHOLARSHIPS FOR KENYAN STUDENTS FOR THE ACADEMIC YEAR 2022-2023

KCSE B plain"
23,DECLARATION OF VACANCIES FOR CHAIRPERSONS AND MEMBERS OF COUNCILS OF PUBLIC UNIVERSITIES AND CONSTITUENT COLLEGES
23,"Inauguration of the newly appointed University of Nairobi Council,"
23,"University Councils provide strategic guidance and oversight to universities. They are essential in shaping the stability and performance of institutions.

Yesterday, the Cabinet Secretary presided over the inauguration of the newly appointed University of Nairobi Council, at the University's Main Campus. The Cabinet Secretary was accompanied by the Principal Secretary, State Department for Higher Education, Dr. Beatrice Muganda Inyangala."
23,Implementation of the Return-to-Work-Formula
23,"The Ministry of Education is keen on ensuring industrial harmony and safeguarding the welfare of staff through open and amicable consultations. This is crucial for stability and continuity in our educational institutions.

Yesterday, the Cabinet Secretary for Education, Julius Migos Ogamba accompanied by the Principal Secretary for the State Department for Higher Education Dr. Beatrice Muganda Inyangala, held a meeting with representatives of UASU, KUSU and KUDHEIHA, Moi University Chapters, to discuss the implementation of the Return-to-Work-Formula that the unions signed with Moi University."
23,the third Co-operative Movement Stakeholder
23,"The Cabinet Secretary for Education, Julius Migos Ogamba, has this morning officially opened the third Co-operative Movement Stakeholder and eighth Co-operative University of Kenya Annual Scientific Conference at Sawela Lodge, Naivasha.

The Conference is a platform for stakeholders in the co-operative movement to reflect on the future of Africa's co-operative movement, including on the role of education in embedding co-operative values in curricula, research and training. The Cabinet Secretary was joined by, among others, the Principal Secretary, State Department for Co-operatives, Patrick Kilemi."
23,Kenya backed 2 Gold medals and 2 silvers at the ongoing Federation of East Africa School (FEASSA) Games in Kakamega County
23,"The government of Kenya has received it's first two Gold and 2 silver medals trophies through the Special Needs Education (SNE) learners who are participating in the ongoing Federation of East Africa School (FEASSA) Games in Kakamega County.The first Gold trophies were delivered by both boys and girls who were fighting off a strong team from Uganda in the newly introduced indoor game for the visually impaired (VI) popularly known as Showdown.""As we await more medals, we are very proud that we have received the Gold medal trophies from our special education unit, who were competing for the first time in this new discipline "" Peninah Mutuku, who is the head teacher of Thika School for the Blind, said.

She thanked the government and the Ministry of Education for expanding access for all learners to engage in fields and track events. ""To acquire some of the adaptive equipment for our SNE participants is not easy, but with support from our government, we are much ahead of the rest,"" Madam Mutuku said. Her sentiment was repeated by Director for SNE at the Ministry of Education Dr. Frederick Haga, who said the government has continued to support SNE learners through inclusion in most of the games being done by the other learners. ""Whatever it takes, the government will create space for our learners who have various challenges to enable them to fairly compete with others,"" Mr. Haga said."
23,Grant of Charter to Gretsa University
23,"The Cabinet Secretary for Education, Julius Migos Ogamba, had the honour of joining His Excellency the President for the grant of Charter to Gretsa University.

This marks a milestone in the expansion of access to higher education in the country. It also signifies the growing partnership between the Government and the private sector in promoting access to quality and relevant higher education."
23,TUK 14th Graduation
23,"This morning, the Cabinet Secretary for Education, Julius Migos Ogamba graced the 14th Graduation Ceremony of the Technical University of Kenya, where 2,277 students were awarded various degrees and diplomas.

The event was also attended by, among others, the Principal Secretary for the State Department of Science, Research and Innovation, Prof. Shaukat Abdulrazak."
23,Assessing progress of KPEEL and SEEQIP projects
23,"The Cabinet Secretary for Education, Julius Migos Ogamba, yesterday chaired a Joint National Projects Steering Committee Meeting for the Kenya Primary Education Equity in Learning (KPEEL) Programme, the Kenya Secondary Education Equity and Quality Improvement Programme (SEEQIP), and the Development of Schools Infrastructure in Nyamira County Project at the Kenya Institute of Curriculum Development.

The meeting provided an opportunity for stakeholders to assess progress, address emerging challenges, and strengthen coordination to ensure the timely and effective delivery of these key education initiatives. The programmes are central to the Government’s efforts to expand access, improve quality, and promote equity in basic education across the country."
23,"SPEECH BY HON. EZEKIEL MACHOGU, CBS, CABINET SECRETARY, MINISTRY OF EDUCATION, DURING THE RELEASE OF THE 2023/2024 UNIVERSITIES AND COLLEGES STUDENT PLACEMENT RESULTS AND LAUNCH OF APPLICATION PORTAL FOR LOANS AND SCHOLARSHIPS AT THE KSG,NAIROBI"
23,"SPEECH BY HON. EZEKIEL MACHOGU, CBS, CABINET SECRETARY, MINISTRY OF EDUCATION, DURING THE RELEASE OF THE 2023/2024 UNIVERSITIES AND COLLEGES STUDENT PLACEMENT RESULTS AND LAUNCH OF APPLICATION PORTAL FOR LOANS AND SCHOLARSHIPS AT THE KENYA SCHOOL OF GOVERNMENT, KABETE, ON JULY 31, 2023"
23,2024 KCSE Examination Results
23,"Education CS Julius Migos Ogamba January 9,2025 released the 2024 KCSE Examination results for the 962,512 candidates. He said all have been cleared to join various higher learning institutions in line with the Government mantra of “Leaving No One Behind”.

Earlier in the day, CS Ogamba briefed His Excellency the President ahead of the release of the Kenya Certificate of Secondary Education ( KCSE ) examination results at State House Nairobi alongside PS Basic Education Dr Belio Kipsang and KNEC CEO Mr Njengere among other education officials."
23,"PRESS STATEMENT ON THE RELEASE OF THE 2023 KCPE EXAMINATION RESULTS BY HON EZEKIEL MACHOGU, CBS, CABINET SECRETARY, MINISTRY OF EDUCATION, ON NOVEMBER 23, 2023 AT KNEC OFFICES, IN SOUTH C, NAIROBI"
23,CS launches three digital hubs to boost youth skills in Nyandarua
23,"The Government has intensified efforts to expand digital access and create opportunities for young people following the official launch of three digital hubs in Wiyumiririe, Passenga and Mirangine in Ol Kalou Constituency, Nyandarua County.

The hubs were commissioned by the Cabinet Secretary for Information, Communications and the Digital Economy, William Kabogo, who said the facilities will play a critical role in equipping young people with digital skills, fostering innovation and connecting communities to emerging opportunities in the digital economy."
23,IRA takes insurance awareness campaign to Narok residents
23,"The Insurance Regulatory Authority (IRA) has intensified efforts to boost insurance uptake by taking its consumer awareness campaign to Narok County, where more than 1,000 residents received information on insurance products, consumer rights and claims services during the latest Insurance Open Day.

The forum, officially opened by Narok Deputy Governor Tamalinye Koech, brought together over 20 insurance companies and financial sector regulators to educate residents, address consumer concerns and improve access to insurance services at the grassroots."
23,PS Isaboke Champions Tech-Powered Government Communication
23,"By Michelle Dibo

Principal Secretary for Broadcasting and Telecommunications, Stephen Isaboke, EBS, today endorsed the use of technology to improve government communication. Speaking at a meeting with the Tony Blair Institute for Global Change, the PS highlighted that digital tools are transforming communication, requiring new skills for government officers.“Technology is changing how the Government engages with the public. Due to this, there is a need for Government communication officers to be retooled and retrained to ensure effective communication of the Government agenda and opportunities to the public,” he said.Faith Nkatha Gitonga-Ngokonyo, Interim Country Director and Head of Tech and Digital Transformation Africa Advisory, TBI, stated that the Institute advises governments worldwide on strategy, policy and delivery.“TBI will work with the State Department of Broadcasting and Telecommunications to strengthen communication through technology, aligning with our focus on effective governance,” she said.The Tony Blair Institute for Global Change, a not-for-profit organisation, supports Governments by integrating technology into strategy, policy and delivery.The National Communication Centre, which is a function of the State Department, will take a digital first approach to strategic Government communication. This use of technology in communications will allow the Government to have a single source of truth, where the public can access all Government data and information reliably."
23,400 Trainees Graduate From the 9th Cohort of the Presidential Digital Talent Programme (PDTP)
23,"The Presidential Digital Talent Programme (PDTP) 9th Cohort graduation was today held at the University of Nairobi bringing together 400 trainees who successfully completed a rigorous Huawei Training and Certification Program.

This initiative, led by the Ministry of Information, Communications and The Digital Economy and implemented by the ICT Authority in partnership with Huawei Technologies, bridges the critical gap between academic learning and practical technical experience."
23,LBDA harvests first rice crop at Ondago Swamp
23,"The Lake Basin Development Authority (LBDA) has launched the first-ever rice harvest at the Ondago Swamp in Karachuonyo Constituency, marking a major milestone in efforts to enhance local rice production and reduce Kenya's dependence on imports.

Speaking during the launch, LBDA Managing Director Wycliffe Ochiaga said they started rice cultivation at the site about five months ago, leading to the massive harvest."
23,Mudavadi Urges New Envoys to Uphold Integrity and Advance Kenya’s Interests
23,"Prime Cabinet Secretary and Cabinet Secretary for Foreign and Diaspora Affairs Dr. Musalia Mudavadi has urged newly appointed High Commissioners Ambassadors and consul generals to uphold integrity, professionalism, and patriotism as they take up their diplomatic assignments abroad.

Dr. Mudavadi spoke during a graduation ceremony at his Railway Headquarters offices, where he presented certificates to the envoys who had successfully completed their pre-departure training ahead of deployment to various missions."
23,Kericho Dairy Co-op gets Sh10m boost to scale milk processing
23,"A major boost is set to transform dairy farming in Kericho after the Cherobu Farmers’ Dairy Cooperative Society in Cheboin Ward, Bureti Sub-County, received a Sh10 million Enterprise Development Programme (EDP) grant under the National Agricultural Value Chain Development Project (NAVCDP).

The funding will strengthen milk processing, expand value addition, and improve earnings for hundreds of smallholder farmers."
23,709 trainees graduate from Nyamira TVETs in push for skilled workforce
23,"Nyamira County Government has strengthened its skills pool by graduating 709 vocational trainees from 26 Vocational Education and Training Centres across the county.

Speaking during the grand joint graduation ceremony at Sironga Grounds in West Mugirango Constituency, Governor Amos Nyaribo challenged the graduates to embrace vocational skills as a pathway to addressing unemployment and accelerating Micro, Small and Medium Enterprise (MSME) growth, noting that the training is designed to be skillsto-job oriented."
23,State invests in modern correctional facilities to improve rehabilitation
23,"The government is investing in modern prison infrastructure and strengthening partnerships with non-state actors to transform correctional facilities into centres of rehabilitation, State Department for Correctional Services Principal Secretary Dr. Salome Beacco has said.

Speaking while commissioning a new administration block, five office units, and a refurbished accommodation block at Murang’a Women GK Prison, State Department for Correctional Services Principal Secretary Dr. Salome Beacco said the ongoing reforms are aimed at creating correctional institutions that promote rehabilitation, dignity and successful reintegration into society."
23,Govt to link Kenyan talent with global sports teams
23,"The Government, through the State Department for Diaspora Affairs, is exploring ways to connect talented young Kenyan sportsmen and women to opportunities with professional teams abroad.

Speaking during the inaugural Kazi Majuu Football Tournament at Mitoone Primary School in Buuri Constituency, Principal Secretary for Diaspora Affairs Roseline Njogu said discussions are at an advanced stage on creating pathways that will enable talented athletes in football, athletics, volleyball and other disciplines to secure opportunities outside the country."
23,CS Kabogo officiates graduation ceremony at Swahilipot Hub
23,"The Ministry of Information, Communications and the Digital Economy (MICDE) CS Hon. William Kabogo Gitau today presided over the graduation ceremony of 103 students from the Swahilipot Hub Foundation in Mombasa County.The CS who was accompanied by the Mining, Blue Economy & Maritime Affairs CS Hon. Ali Hassan Joho congratulated thestudents who graduated under the Digital Literacy Program which equips learners with digital skills to fully leverage vast opportunities in the digital space.Hon. Kabogo appreciated the Swahilipot Hub management for their commitment to train youths in digital skills.The CS further committed to support the replication of the model across the country to enhance digital transformation nationally.MICDE has supported the growth of Swahilipot Hub by providing learning devices through the Jitume Hub program.Also in attendance were; Mombasa CEC Education Dr. Mbwarali Kame, DCC Mvita Sub-County Ahmed Mahmoud, The Head of Swahilipot Hub Foundation Ziri Issa, Chairman NGCDF Ali Bafundi among other senior officials.

Our Contacts"
23,Regulations Documents
23,"Regulation refers to the process of creating and enforcing rules or laws designed to govern specific activities, behaviors within an organization. It is essential for maintaining order, ensuring fairness, protecting public safety, and promoting economic stability.

Regulations are typically implemented by MDAs, or other authorized organizations to manage risks, enhance transparency, and safeguard the rights of individuals and communities."
23,Public Finance Management Regulations
23,Budget Speech
23,"PFMA Section 40 (1) requires that each financial year, the Cabinet Secretary shall, with the approval of Cabinet, make a public pronouncement of the budget policy highlights and revenue raising measures for the national government (Submission of Finance Bill).

For more information and details on specific speeches, see below."
23,Budgets
23,Multi-Agency Team Reviews Progress of Landmark Infrastructure Projects
23,"Progress on key national infrastructure projects remains on track following a multi-agency inspection visit led by Principal Secretary for Defence, Dr Patrick Mariru, accompanied by Principal Secretary for Broadcasting and Telecommunications, Mr Stephen Isaboke.

The visit included a committee meeting and on-site assessment of construction works at the Raila Odinga International Stadium, where it was confirmed that implementation timelines are being adhered to. The team also conducted a site visit to the Bomas International Convention Complex to evaluate progress and further reviewed the status of supporting infrastructure for both projects."
23,KETRA urges local industries to embrace Global Markets
23,"The Kenya Trade Remedies Agency (KETRA) has called on Kenyan manufacturers and industry players to embrace global market opportunities while taking advantage of trade protection measures to shield local industries from unfair import competition.

Speaking during a meeting with members of the Rotary Club of Nairobi North, KETRA Acting Executive Director and Chief Executive Officer Samuel K. Chemisto (pictured) urged businesses to adopt the “Think Global, Act Local” philosophy, saying it offers a strategic pathway to enhance the competitiveness of Kenyan industries without exposing them to unfair trade practices."
23,How a Vihiga family overcame the hidden struggles of mental illness
23,"The waiting area outside the Mental Health Clinic at Vihiga Teaching and Referral Hospital (VTRH) is quiet, yet every patient seated there carries a story that is rarely told.

Some are accompanied by anxious family members, while others sit silently, waiting for their turn to meet specialists who have become a source of hope on their journey to recovery."
23,Government-backed programme breathes new life into Vihiga’s ailing coffee sector
23,"For decades, coffee was the pride of many households in Vihiga County. Income from the crop paid school fees, built homes and sustained families, making it one of the region’s most dependable sources of livelihood.

However, as global coffee prices declined in the 1990s and early 2000s, thousands of farmers uprooted their coffee trees or abandoned their plantations altogether, convinced that the crop no longer offered meaningful economic returns."
23,PS Isaboke Advances BETA Through Education and Community Partnerships
23,"In a whole of Government, whole of society approach, Principal Secretary for Broadcasting and Telecommunications, Mr. Stephen Isaboke, EBS, led a series of development engagements in Kisii County over the weekend, underscoring the Government's commitment to the Bottom-Up Economic Transformation Agenda (BETA) and community-driven development.

On Friday, the Principal Secretary presided over the groundbreaking ceremony for the construction of the new Bogesaka DOK Primary and Junior Secondary School in Bobasi, Nyamache, Kisii County — a significant milestone for the PS, who is an alumnus of the institution."
23,PRODUCTIVE ENGAGEMENT WITH PSC ON IMPROVING GOVERNMENT INTERNSHIP PROGRAMS
23,"Effective consultation and collaboration are key to promoting transparency, inclusivity, and informed policymaking on issues critical to our nation.I had the honor of engaging with the Public Service Commission (PSC) team, led by Chairperson Amb. Anthony Muchiri, to address concerns raised by our youth regarding the Public Service Internship Programme (PSIP), among other topics.The PSIP is a vital government initiative, providing university graduates with the opportunity to hone their technical and professional skills while gaining practical work experience."
23,"Government Services to Be More Accessible, Says CS Geoffrey Ruku"
23,"Cabinet Secretary for Public Service, Human Capital Development and Special Programmes, Geoffrey Ruku, has reaffirmed the government’s commitment to making public services more accessible and affordable for all citizens.

Speaking during a public participation and engagement forum at Ciangera Market in Evurori, Mbeere North, Embu County, the CS emphasized that no citizen should bear unnecessary costs to access government services. He noted that his ministry will work towards decentralizing services as part of efforts to actualize Article 232 of the Kenyan Constitution, which advocates for efficient, accessible, and citizen-focused service delivery."
23,Consideration of the 2024 Budget Policy Statement for the SDPS.
23,"Today morning, PS Amos Gethecha appeared before the National Assembly's Departmental Committee on Labour chaired by Hon. Eric Muchangi Karemba for consideration of the 2024 Budget Policy Statement for the State Department of Public Service.The PS was accompanied by CEOs of institutions under the State Department and Heads of DepartmentsHuduma KenyaKenya School of GovernmentHuman Resource Management Professionals Examinations BoardInstitute of Human Resource Management"
23,President Ruto Calls for Deeper Economic Cooperation at Kenya–South Africa Business Forum
23,"President William Ruto has called for deeper trade, investment and industrial cooperation between Kenya and South Africa, underscoring the critical role of the two countries in driving Africa's economic transformation and advancing regional integration.

Speaking at the South Africa–Kenya Business Forum in Midrand Johannesburg on June 4 2026, during his State Visit to South Africa, President Ruto said Kenya and South Africa are among Africa's foremost economic anchors and possess the capacity to catalyse industrialisation, innovation and sustainable growth across the continent."
23,Quarterly Gross Domestic Product Report First Quarter 2017
23,"Provisional quarterly GDP estimates for the first quarter of 2017 show that Kenya’s economy expanded by 4.7 per cent measured against a similar period in 2016. The slowdown in growth was largely due to a contraction in the activities of agriculture as well as a deceleration in growth of financial intermediation and electricity supply. The quarter’s growth was negatively impacted on by drought that emanated from failure of the 2016 short rains and delay in the onset of the 2017 long rains. A slowdown in credit uptake also slowed economic growth during the period under review. There was a moderate buildup in inflationary pressures mainly due to significant increases in prices of food and beverages during the period under review.

In addition, a 62.2 per cent increase in the international oil prices during the quarter compared to the same quarter of 2016 led a notable rise in transport Consumer Price Index (CPI) component in the months of February and March. Consequently, inflation averaged at 8.8 per cent thereby overshooting the Central Bank’s upper limit of 7.5 per cent."
23,REAL ESTATE SURVEY (RES) 2020
23,State Department for Foreign Affairs Champions Wellness and Institutional Excellence
23,"The State Department for Foreign Affairs today marked its annual Staff Wellness Day at Ulinzi Sports Centre in Lang’ata, Nairobi, under the theme “Healthy Workforce, Stronger Diplomacy.” The event brought together ministry personnel for a day dedicated to promoting physical fitness, mental health, emotional well-being, and financial literacy. A guided yoga session facilitated by the High Commission of India, followed by energizing aerobics and team-building activities, set a vibrant tone for the day.

Speaking on behalf of the Principal Secretary, Amb. Lucy Kiruthu underscored the Ministry’s commitment to employee wellness, emphasizing that diplomacy requires not only intellectual capacity but also physical and emotional strength. She noted that a resilient workforce is central to the effective delivery of Kenya’s foreign policy goals. The Director of Administration, Ms. Stella Langat, echoed this sentiment, highlighting wellness as a strategic pillar in improving service delivery."
23,Kenya - Morocco Relations
23,"The first-ever session of the Kenya–Morocco Diplomatic Political Consultations was held earlier today between the Cabinet Secretary for Foreign and Diaspora Affairs, Dr. Musalia Mudavadi, and his host, His Excellency Nasser Bourita, Morocco’s Minister of Foreign Affairs, African Cooperation and Moroccan Expatriates.

The meeting also saw the signing of five landmark Memoranda of Understanding between the two countries in the areas of Housing and Development, Trade, Youth Affairs, Foreign Service training, and institutional collaboration between the Kenya School of Government and Morocco’s National Higher School of Administration. The Cabinet Secretary for Foreign and Diaspora Affairs reaffirmed Kenya’s commitment to advancing these agreements into tangible outcomes that will drive mutual growth and regional cooperation."
23,Highlights of Slovenian President's State Visit to Kenya
23,"Slovenian President Her Excellency Nataša Pirc Musar, along with President William Ruto and Prime Cabinet Secretary Musalia Mudavadi, on 1st June, 2025 attended Kenya's 62nd Madaraka Day celebrations in Homa Bay County during her historic State Visit.

President Musar while reflecting on the importance of Madaraka Day spoke to the shared values between Kenya and Slovenia. She praised the friendship and shared values, emphasizing multilateralism, environmental protection, and sustainable development. Dr. Musar highlighted Kenya's priorities of sustainable economic growth, biodiversity protection, scientific development, and tackling common problems."
23,5th Anniversary of the AU-CARICOM observed in Ethiopia
23,"The 5th Anniversary of the Africa Union (AU) and Caribbean Community and Common Market (CARICOM) themed, Transcontinental Partnership in Pursuit of Reparatory Justice for Africans and People of African Descent through Reparations, has been observed in Addis Ababa, Ethiopia at the start of the 2nd edition of the Africa Climate Summit.

The leaders of the AU and CARICOM have called for the recognition of reparatory justice, joint advocacy for reform of the international financial system, more trade and investment from the private sector, fair compensation for colonial exploitation, and a better networked, inclusive multilateral system that is based on solidarity, cooperation, and justice."
23,Environmental statistics key to Environmental Information
23,The CS National Treasury Hon. FCPA John Mbadi welcomes USAID Regional Mission Director David Gosney
23,"This evening, CS Hon. John Mbadi welcomed USAID Regional Mission Director David Gosney to his Treasury Building office. USAID has been a steadfast partner, supporting Kenya in health, education, trade, agriculture, and infrastructure, with current funding of $991M across 7 ministries, including the National Treasury.

They discussed strengthening Kenya-US cooperation through Government-to-Government (G2G) engagement, leveraging Public Financial Management (PFM) systems for increased support. A joint technical team is assessing risks to identify mutually beneficial projects for implementation."
23,Statistical Abstract – 2012: Other past editions are also available
23,"PAGES: 312 P. ISBN 9966-767-27-4 PRICE: KSHS. 1,000/=

DESCRIPTION: This is an annual publication. It is more detailed than the Economic Survey. It provides detailed statistical tables covering all the important aspects of the Kenyan economy. The Statistical coverage includes: • Land and Climate • Population and Vital Statistics • Migration and Tourism, National Accounts • External trade • Size Distribution of Establishments • Agriculture Forestry and Fishing • Industrial production • Fuel and Power • Financial Statistics • Transport and Communication • Education and Public Health • Public Finance • Labour, Retail Prices and Consumers Expenditure • Crime Statistics and Justice."
23,State pushes for fiber internet access to 8.5 million businesses
23,"The Government has urged the private sector to expand fiber internet connections to 8.5 million homes and businesses. So far, the private sector has successfully connected 1.2 million businesses and homes across the country with fiber internet.

This initiative will increase access to internet services in addition to the ongoing connectivity efforts for over 74,000 public institutions, including secondary schools, primary schools, county commissioners’ offices, chiefs’ offices, and hospitals, among others."
23,"Foreign Investment Survey, 2018 survey"
23,"Secretary ICT, E-Government"
23,"Mary Kerema was currently appointed as the Secretary ICT, E-Government and Digital Economy in the Ministry of IC&DE . Prior she was working as Deputy Director, E-Government in ICT Authority. Prior to joining the Authority, Mary has 25 years’ experience as an ICT Specialist heading various ICT units and managing national ICT projects. She is an ICT leader who has consistently demonstrated the ability to implement ICT systems for efficient and effective service delivery.

Her achievements include: Overseeing the development, deployment and maintenance of the government enterprise systems such as National education management Integrated system (NEMIS); implementing the Electronic Government Procurement System (e-GPS); spearheading implementation of the Re-engineered Pension Management System; Development of ICT Masterplan, Strategic Plans, ICT Policies, standards and Procedures for the National Government; Technology lead in the Digital Identity project in Kenya; Overseeing and guiding the Implementation of e-Citizen Platform. She has also been appointed as the deputy ambassador for ID4Africa for Kenya 2024."
23,Digital Literacy Programme(DLP)
23,"The government initiated the program out of the conviction that technology has the power to bring about systemic change in basic and higher education by transforming teaching and learning through integrating technology in the learning environment. The learners are entitled to a luminous green tablet while the teachers receive a blue laptop.

In the on-going implementation targeting all public Primary schools in Kenya."
23,"DRAFT STAKEHOLDER ENGAGEMENT PLAN (SEP)

DRAFT ENVIRONMENTAL AND SOCIAL SYSTEM ASSESSMENT (ESSA)"
23,Kenya backed 2 Gold medals and 2 silvers.
23,"The government of Kenya has received it's first two Gold and 2 silver medals trophies through the Special Needs Education (SNE) learners who are participating in the ongoing Federation of East Africa school ( FEASSA)Games in Kakamega County . The first Gold trophies were delivered by both boys and girls who were fighting off a strong team from Uganda in the newly introduced indoor game for the visually impaired (VI) popularly known as Showdown. "" As we await more medals,we are very proud that we have received the Gold medal trophies from our special education Unit who were competing for the first time in this new discipline "" Peninah Mutuku who is the Head Teacher of Thika school for the blind said. She thank the government and the Ministry of Education for expanding access for all learners to engage in fields and track events. "" To acquire some of the adaptive equipment for our SNE participants is not easy but with support from our government,we are much ahead of the rest"" madam Mutuku said. Her sentiment was repeated by Director for SNE at the Ministry of education Dr. Frederick Haga who said the government has continued to support SNE learners through inclusion in most of the games being done by the other learners. "" Whatever it takes the government will create space for our learners who have various challenges to enable them to fairly compete with others"" Mr Haga said. The results of the showdown competition between both primary and Junior School learners of Kenya are being held at Mumias , Kakamega County."
23,Kenya-European Union Financing Agreement Signing towards Gogo Hydro-Power Plant redevelopment project
23,"Kenya-European Union Financing Agreement Signing towards Gogo Hydro-Power Plant redevelopment project.The National Treasury Cabinet Secretary Hon. John Mbadi, today signed two financing agreements on behalf of the Government of Kenya alongside the EU Ambassador to Kenya H.E. Henriette Geiger, the German Ambassador to Kenya, H.E. Sebastian Groth, Director of KfW's Kenya Office, Mrs. Kristina Laarmann and Ms. Maren Keller, Head of German Cooperation. The Gogo Hydro-powerplant (operated by Kenya Electricity Generating Company(KenGen) will upscale it's production from 2 MW to 8.6 MW under the EU's Green Resilient Electricity System Programme.This will enhance grid sustainability in Western Kenya, reduce power outrages, contribute towards the achievement of 100% renewable energy by 2035, thereby contributing to the Country's sustainable economic growth.The Green Resilient Electricity System (GRES) Programme is a flagship of the EU's Global Gateway Strategy in Kenya, that focuses on diversifying renewable energy sources and stabilising the grid by boosting smart, clean and secure links in digital, energy and transport sectors, and to strengthen health, education, and research systems across the world.The National Treasury Principal Secretary Dr.Chris Kiptoo was also present"
23,Lugari farmers turn to beekeeping as climate change hits maize production
23,"For generations, maize farming has been the backbone of livelihoods in Lugari Sub-County, Kakamega County.

However, climate change, declining soil fertility and rising production costs have continued to erode farmers’ profits, prompting an increasing number of them to embrace modern beekeeping as a sustainable and lucrative alternative."
23,"Quarterly Balance of Payments Third Quarter, 2017"
23,6. Contact Information
23,5. Responsibilities of the Applicant
23,"Kenya Revenue Authority – Enforcement Division Block C3, 1st Floor, Sameer Business Park

Email: exciselicensing@kra.go.ke Phone: 0711 099 999 (KRA Contact Centre)"
23,4. Compliance Requirements for Micro Distillers
23,3. Processing of Applications
23,"A micro-distiller shall comply with all applicable laws and regulations governing manufacturers of excisable products, except where exemptions specifically apply to micro-distillers. The requirements include, but are not limited to:

Kenya Revenue Authority – Enforcement Division Block C3, 1st Floor, Sameer Business Park"
23,What is a KRA PIN?
23,What is a Not for Profit Organisation (NPO)?
23,"It is a personal identification number which identifies you for purposes of transacting business with Kenya Revenue Authority, other Government agencies and service providers."
23,Uses of a KRA PIN
23,KRA 2024 EVENTS AND ENGAGEMENTS CALENDAR
23,Due Dates and Events
23,"EVENTS 26/01/2024

Address"
23,"The Pensions Act (Cap.189), the main Act, makes provisions for the granting and regulating the payment of pensions, gratuities and other allowances in respect of the public service for officers under the Government of Kenya. Civil Servants or their dependents may be paid, on leaving the service of the Government and on fulfilling certain conditions, one or more of the following benefits:"
23,What are the requirements for registration of an IFMIS account?
23,TBK urges smallholder farmers to prioritize quality for higher bonuses
23,"Tea Board of Kenya (TBK) has advised small holder tea farmers in the west of the Rift Valley region to focus more on quality rather than quantity to enjoy higher bonuses.

The Board in collaboration with Kenya Agricultural and Livestock Research Organisation (KALRO), Tea Research Foundation of Kenya (TRFK) Kenya Tea Development Agency-Holdings Limited (KTDA), Independent Tea Procurers Association Kenya (ITPAK) and the East African Tea Trade Association (EATTA), is leading a farmer-centered sensitization campaign to restore tea quality and improve tea farmers earnings in the west of the Rift region."
23,New sugarcane grower’s guide set to transform Kenya’s sugar sector
23,"The Kenya Sugar Board has launched a comprehensive guide to empower sugarcane farmers with best practices to enhance productivity and sustainability.

The document developed with support from GIZ and the Kenya Agriculture and Livestock Research Organisation (KALRO) provides practical solutions to common challenges while promoting modern farming techniques that ensure profitability and environmental sustainability."
23,ECONOMIC SURVEY 2020
23,Guaranteed Debt
23,"Public Notice – Notice on Guarantees

Guaranteed Debt Report by The National Government FY 2022/2023"
23,The Kenya National Bureau of Statistics (KNBS) was established by the Statistics Act of 2006 to replace CBS.
23,"It was therefore axiomatic that effective measures were needed to reverse this negative trend and to prepare CBS for the challenge of the 21st century. To this end, the Kenya National Bureau of Statistics (KNBS) was established by the Statistics Act of 2006 to replace CBS. The Act establishes KNBS as a Semi-Autonomous Government Agency incorporated under the Ministry of State for Planning, National Development and Vision 2030. Its core mandate is collection, compilation, analysis, publication and dissemination of statistical information for public use, with an additional role of coordinating, monitoring and supervising the National Statistical System (NSS).

The Kenya National Bureau of Statistics (KNBS) is a State Corporation established by the Statistics Act, 2006, for the collection, compilation, analysis, publication and dissemination of statistical information, and the coordination of the national statistical system. It is the principal agency of the Government for collecting, analysing and disseminating statistical data in Kenya and the custodian of official statistical information"
23,"The Ministry responsible for Public Service was started as the Establishment Division in 1947 under the then Office of the Chief Secretary. The role of the Division at that time was to handle all personnel work with regard to recruitment, posting, promotion, salaries, discipline, leave, passages, etc. Its services were framed to support the colonial Civil Service and emphasis was laid on directives from the Colonial Office to ensure consistency and equity in handling individual officers’ matters.

In 1963 the Establishment Division was expanded to accommodate the training function due to the need to train Kenyan citizens in preparation for taking up management and middle-level posts. In 1964, the Directorate of Personnel Management was placed under the Office of the President to provide advisory services for the Government on the formulation and implementation of policy guidelines on personnel practices; and determination of establishment requirements of Ministries/Departments."
23,Disaster Management and Coordination team Visits Kibera
23,"Nairobi 29 July 2019. The Disaster Management and Coordination’s Sector led by the Chief Officer Madam Ann Mwenda inspected Kibera Sarangombe ward where residents have come together to clear structures that had blocked the access roads in the area which hinders fire responders during fire out break.

The sector is urging sub county admins and ward admins to work with the area MCA and engage people in the informal settlements to clear access roads for better fire response time and to save lives and Property."
23,Tourism CS flags off wildlife census in Northern Kenya to boost conservation
23,"The Ministry of Tourism and Wild life has launched the second phase of its national wildlife census, aimed at accurately determining the number and health of wildlife in Kenya’s ecosystem.

The initiative, which is crucial for future tourism planning and conservation efforts, was flagged off by Tourism Cabinet Secretary Rebecca Miano in Isiolo County."
23,Nairobi City County Records Department Advances Finalization of Records Management Policy at Charter Hall
23,"NAIROBI: 5th March 2024

Today, at Charter Hall, the Nairobi City County Records Department took decisive steps in finalizing the Nairobi City Records Management Policy. A diverse group, comprising members from departments such as Research and Policy, Records, Kenya Archives, and sector records staff, convened for a crucial session that marks the beginning of a three-day intensive effort aimed at completing the policy document. Dr. Kimolo, the Research and Policy Director, underscored the paramount importance of records in preserving the identity of the Nairobi City County Government (NCCG) and fostering good governance. Susan, the Director of Records, emphasized the significance of the policy in providing comprehensive guidance on record management procedures, practices, and regulations. She further highlighted its pivotal role in ensuring the creation and maintenance of accurate and reliable records throughout their lifecycle."
23,"Nairobi City County Government Leads First-Ever World Oral Health Day Celebrations, Promoting ‘A HAPPY MOUTH FOR A HAPPY BODY’ Campaign"
23,"Nairobi 20th March 2024

Nairobi City County Government commemorated the first ever World Oral Health Day (WOHD) celebrations whose theme from 2024 to 2026 is “A HAPPY MOUTH FOR A HAPPY BODY.” The County marked the celebrations with a procession from Moi Avenue primary school to City hall and back to the school where the County Dentists with support from esteemed oral health partners offered screening and free dental treatment to children and staff the school."
23,Nairobi City County Vocational Training Institutions to receive a boost of free training from Pratham International a USA-based NGO.
23,"Nairobi: 23rd, March 2024

County Executive for Talents, Skills, Development and Care, Rosemary Kariuki, recently received a delegation from Pratham International a USA-based NGO located in Mumbai India. The organization which focuses on high-quality, low cost and replicable interventions to address gaps in education and training systems is seeking to train youth of 18-25 years from Nairobi County who are from economically disadvantaged backgrounds and provide them with employable skills coupled with access to employment and entrepreneurship opportunities. The NGO has also redesigned models to incorporate digital resources and facilitate hybrid skilling programs to help youth find employment in the post-pandemic world."
23,Health Education key to addressing diabetic surge in the country
23,"The Government has committed resources to foster diabetes awareness among Kenyans; State Department for Medical Services Principal Secretary Dr. Ouma Oluga has said.

Dr. Oluga said the move aims to enlighten the population about the cause, impact and possible prevention mechanisms of diabetes."
23,Health ministry unveils nutrient profile model to curb diet-related diseases
23,"A nutrient profile model has been developed in efforts to address the rising burden of diet-related non-communicable diseases (NCDs).

The model will set thresholds for three nutrients of concern: sodium, sugar, and saturated fats, strongly linked to NCDs such as hypertension, diabetes, and cardiovascular diseases."
23,NCA introduces sweeping changes with Building Code 2024
23,"The National Construction Authority (NCA) has begun enforcing the newly enacted Building Code 2024. The code, which took effect on March 1st, replaces the outdated 1968 building regulations.

It introduces stricter safety measures, promotes sustainable building practices, and streamlines approval processes to enhance structural integrity and prevent disasters caused by substandard construction."
23,KMTC aligns its training to support Social Health Authority implementation
23,"The Kenya Medical Training College (KMTC) has aligned training needs that supports the implementation of the Social Health Authority (SHA) to facilitate efficiency in claims management and service provision under the new system.

KMTC Chief Executive Officer Dr. Kelly Oluoch said through research, innovation and consultancy the institution was addressing the need to have qualified staff to handle pre-authorization challenges currently being experienced in the rollout of SHA."
23,Kisumu’s JOOTRH joins Kenya’s top-tier hospitals following cabinet approval
23,"The Cabinet has approved the elevation of Jaramogi Oginga Odinga Teaching and Referral Hospital (JOOTRH) in Kisumu County to a national referral hospital.

The facility, popularly known as Russia Hospital, was previously managed by the County Government of Kisumu but has now become a state parastatal."
23,KPA remits Sh10.6bn dividends to Treasury
23,"The Kenya Ports Authority (KPA) has paid a record Sh10.6 billion in dividend to the National Treasury, thanks to a stellar performance during the 2023/2024 Financial Year.

KPA also recorded operational growth during the same period. The Authority paid Sh10.576 billion in dividends, a sharp increase from Sh3.341 billion in the previous year."
23,"State hires 76,000 teachers ahead of historic CBC shift"
23,"The Government has assured parents, learners, and education stakeholders that preparations are complete for the transition of Grade 9 students to Grade 10 under the Competency-Based Curriculum (CBC), marking a historic milestone in Kenya’s education system.

Speaking in Narok after a consultative Elimu Mashinani stakeholder meeting, Education Cabinet Secretary Julius Ogamba reaffirmed the government’s commitment to ensuring a smooth progression for all learners."
23,"KNQA flags over 10,000 fake certificates in verification exercise"
23,"The Kenya National Qualifications Authority (KNQA) has flagged over 10,000 fake certificates from various government departments and agencies as part of an ongoing qualifications authentication exercise.

The revelations come after the state agency received 47,000 files from approximately 400 government institutions following a 2022 circular mandating the verification of employee credentials."
23,"State completes major road projects, unlocking development in Vihiga’s rural heartland"
23,"The Government has made significant strides in road infrastructure development in Vihiga County, through Kenya Rural Roads Authority (KeRRA) with the completion of two major roads now pending official commissioning.

The Gisambai–Hamisi–Senende Road, a 13.5-kilometre stretch launched in 2020, is now 98 percent complete, upgraded to bitumen standards."
23,"State constructs Sh100m Somare Dam to boost water access for 5,000 Moyale residents"
23,"The State Department for ASALs and Regional Development is constructing Sh 100 million Somare Dam in efforts geared towards transforming over 5, 000 livelihoods in Moyale's arid and underserved region.

Principal Secretary for the State Department for the ASALs and Regional Development Kello Harsama said that the project will hold an impressive 160 million litres of water upon completion and is being implemented by the Ewaso Ng’iro North Development Authority (ENNDA) under the stewardship of the State Department for the ASALs."
23,State to compensate victims of human-wildlife conflicts
23,"The Government has disbursed Sh60.38 million to compensate 24 families whose relatives were killed in wildlife-related incidents between 2014 and 2020 in Kilifi County.

Tourism and Wildlife Cabinet Secretary (CS), Rebecca Miano emphasised the government’s commitment to restoring dignity and trust among bereaved families. She was speaking at Marafa Vocational Training Centre in Magarini Sub- County while issuing the cheques."
23,"State recruits 40,000 for Nairobi Rivers clean-up"
23,"Over 40,000 youths from Nairobi will be recruited for the Nairobi Rivers Regeneration Project. The project aims to enhance the city’s profile to attract more investors and improve its economic output.

The youths will play a crucial role in accelerating the implementation of key initiatives under the Climate WorX program, funded by the national government."
23,Government unveils guidelines to combat human trafficking
23,"The Government has unveiled guidelines to combat labour trafficking in the country.

According to the Principal Secretary, State Department for Labour and Skills Development, Shadrack Mwadime, the move underscores the growing concern of trafficking in persons (TiP) for purposes of labour exploitation as one of the most pervasive forms of human rights violation and serious crimes."
23,Government concludes college placement for 2024 KCSE candidates
23,"The Government has successfully concluded the placement of the 2024 Kenya Certificate of Secondary Education (KCSE) candidates to institutions of higher learning across the country.

Speaking during a media briefing, the Cabinet Secretary (CS) for Education, Julius Ogamba, said this year’s placement, carried out by the Kenya Universities and Colleges Central Placement Service (KUCCPS), was conducted in two phases."
23,Government embarks on accrual accounting reform to boost transparency
23,"The government is transitioning from cash-based to accrual accounting, marking a historic shift in public financial management aimed at enhancing transparency, accountability, and long-term fiscal sustainability.

The Principal Secretary for the National Treasury, Dr. Chris Kiptoo, in a statement delivered on his behalf during the opening of a high-level training course for senior public finance officers in Mombasa, Dr. Kiptoo described the reform as a bold and necessary step to address long-standing weaknesses in how the government accounts for public resources."
23,Nakuru youth to gain vital skills in World Bank funded initiative
23,"The Nakuru County Government, in partnership with the World Bank-funded Kenya Informal Settlement Improvement Project (KISIP) has launched a comprehensive vocational skills training initiative.

The program targets youth in Kiamurogi (Nakuru Town East Subcounty), Hilton (Nakuru Town West Sub-County), and Karagita (Naivasha Sub- County)."
23,State allocates Sh128m in grants to support fish farmers in 15 counties
23,"The Government has issued a total of Sh128 million in grants to fish farmers in 15 counties under the Aqua culture Business Development Programme (ABDP).

ABDP is a program jointly funded by the Government of Kenya and the International Fund for Agricultural Development (IFAD) to support small holder farmers’ sustainability and profitability in fish farming."
23,Government engages education stakeholders to address gaps in CBC
23,"The Ministry of Education has initiated engagements with education stakeholders to identify and address gaps in the Competency-Based Curriculum (CBC).

The dialogue, dubbed the “2025 County-Based Dialogue on Education Quality and Learning Outcomes in Competence-Based Education,” began in Busia County and is expected to take place in all counties across the country."
23,Government trains MDAs on legislative agenda and policy tracking
23,"The government has rolled out training for ministries, departments, and agencies (MDAs) on the Legislative Agenda Tracking Information System (LATIS), a digital platform designed to streamline policy and legislative processes.

The training held in Naivasha was led by the State Department for Parliamentary Affairs in the Office of the Prime Cabinet Secretary. It brought together officers from the Governance and Public Administration cluster for hands-on sessions on navigating and utilizing the system."
23,Government unveils draft petroleum policy to attract investors
23,"The Government, through the Ministry of Energy and Petroleum, has drafted a policy that among other key issues, aims to attract investors to oil and gas exploration in the country.

The Draft National Petroleum Policy (2024), which is currently at the public participation stage, focuses on the sustainable exploration, exploitation, utilization, and management of petroleum resources and products to contribute to Kenya’s economic development."
23,Government school feeding programme targets 10m learners
23,"Education Cabinet Secretary Julius Migos has announced the government’s ambitious plan to expand the School Meals Programme (SMP) aiming to provide nutritious meals to 10 million children nationwide up from the current reach of 2.6 million beneficiaries.

Speaking during the launch of 16 modern NGCDF-funded classrooms constructed under the Patronage of Wundanyi MP at Mbauro and Mghambonyi comprehensive schools in Wundanyi Constituency, Taita Taveta County, Migos reaffirmed the government’s commitment to ensuring that no child is left behind in accessing nutritious meals while at school."
23,Government distributes fertilizers in West Pokot
23,"Residents of West Pokot County have expressed immense joy following the national government’s early distribution fertilizers for use during the season of long rains.

The much-awaited fertilizers delivery, usually distributed during planting time, has been welcomed by farmers who are hoping for a better harvest."
23,National Land Commission to disburse Sh50 million to Project-Affected Persons on Sagana-Kenol highway
23,"The Government has approved the release of some Sh50 million as part of claim settlement for project affected persons (PAPs), whose land was hived off for the construction of the Sagana-Kenol dual carriageway.

The tranche forms part of millions of shillings of compensation money that has been paid out to families whose land was acquired for the dualling of the key highway."
23,How an engineer turned to healing through bees
23,"In the sleepy rolling hills of Kandara, Murang’a County, a buzzing innovation is taking root.

It is an unusually warm afternoon in July when KNA visits Steven Kimani’s apiculture centre. From far and wide, visitors stream into the apiculture centre, to seek healing from nature’s oldest chemists- the honeybees."
23,LBDA invests Sh3b to revive rice farming in Nyando
23,"The Lake Basin Development Authority (LBDA) has intensified efforts to revive rice farming in Nyando and Kadibo Sub-Counties, Kisumu County, through a Sh3 billion investment aimed at upgrading irrigation infrastructure and boosting agricultural productivity.

In collaboration with the national government and other stakeholders, the Authority is spearheading the construction and rehabilitation of canals, dykes, and other initiatives to restore idle land and improve water supply to rice farms."
23,West Pokot launches fistula outreach to restore women’s dignity
23,"West Pokot County Government has launched a comprehensive fistula outreach program aimed at restoring dignity, health, and hope to women and girls living with obstetric fistula across the county and neighboring areas.

Speaking during the campaign launch, Governor Simon Kachapin described the initiative as a powerful demonstration of compassion and partnership, bringing together The Flying Doctors, M-Pesa Foundation, Royal Media Services, and the County Government."
23,Turkana residents benefit from 16 water projects by KVDA
23,"Turkana residents have a reason to smile following the implementation of 16 water projects thanks to the Kerio Valley Development Authority.

KVDA CEO Sammy Naporos said six of the pro jects earmarked for this financial year have already been completed. The projects will reduce the long distances the residents, especially women, had to trek in search of water for homestead use and for their livestock."
23,Tolling plan to fund road development in the works
23,"The Government has announced plans to introduce tolling as a key strategy for financing road infrastructure development and maintenance.

Speaking during a public participation forum at ACK Holy Trinity Grace Conference Hall, in Kericho, an Engineer Mike Gumbi from the Kenya Rural Roads Authority noted that reliance on borrowing to fund roads is unsustainable due to the country’s rising debt, which has exceeded the 67 per cent debt-to-GDP threshold."
23,"Traders face fines, jail over breach of potato packaging regulations"
23,"The State has warned of dire consequences for those contravening the Irish Potato Regulations, 2019.The regulations re quire traders to package the crop in 50-kilogram bags.

The State Department of Agriculture and Live stock warned that those caught violating the rules will be prosecuted and risk being fined Sh500,000 or jailed for a year."
23,Utalii College launches modern Barista Training Centre
23,"Kenya Kenya Utalii College has unveiled a fully equipped Barista Training Centre, which is expected to enhance vocational education and youth empowerment within the hospitality and coffee sectors.

The centre, established through a partnership between the Government of the Republic of Türkiye and the Turkish Cooperation and Coordination Agency (TİKA), is designed to provide students with practical, industry-aligned skills across the coffee value chain."
23,"Underperforming state agencies to face funding cuts,Owalo now warns"
23,"The Deputy Chief of Staff for Performance and Delivery Management in the Executive Office of the President, Mr. Eliud Owalo, has announced a strategic shift in government funding, linking performance management and evaluation to financial support.

Ministries, Departments, and Agencies (MDAs) that significantly contribute to the national development agenda will receive increased funding, while underperforming entities risk being phased out, he said."
23,"6,484 healthcare interns deployed to boost Kenya’s primary health workforce"
23,"The Ministry of Health has deployed 6,484 healthcare interns in efforts to strengthening Kenya’s primary health workforce, a central pillar in advancing Universal Health Coverage (UHC).

Speaking at Afya House in Nairobi, Health Cabinet Secretary Aden Duale, hailed the posting of the interns across the country as a major milestone in the government’s quest to restore order and accountability in human resource deployment within the health sector."
23,"1,000 acres set for development under Ahero irrigation revamp"
23,"The Government has partnered with the Republic of Hungary to rehabilitate and expand the Ahero Irrigation Scheme in Nyando, Kisumu County, in a Sh650 million project expected to unlock 1,000 acres for irrigated agriculture in Kobong’o.

The project, being implemented by the National Irrigation Authority (NIA), will convert the Ahero pumping station into a solar-powered hybrid system, reducing reliance on the national grid and cutting operational costs that have weighed heavily on farmers."
23,1.2 million Grade 9 learners to join senior school in January 2026
23,"All the current 1.2 million Grade 9 learners will transition to senior schools in January 2026.

The Ministry of Education is developing guidelines and modalities to ensure every Grade 9 learner gets an opportunity in senior school."
23,AFA unveils cotton seed milling equipment to enhance local processing
23,"The Agriculture and Food Authority (AFA) has installed a cotton seed milling machine at Muluanda Cotton Ginnery in Samia Sub-County, Busia, to promote value addition and boost local cotton farming.

With a milling capacity of 80-kilogramme per hour, the Sh500,000 machine will enhance cotton's value by processing seeds into cotton oil and seed cake."
23,Anti-banditry campaign bears fruit in restless Northern Kenya
23,"A two-year campaign to weed out banditry and cattle rustling activities in Northern Kenya is bearing fruits.

Dozens of community warriors better known as morans and whose main occupation in the past was to attack motorists on highways and conduct armed raids to steal cattle have now turned to genuine traders traversing various livestock markets in Samburu, Marsabit, Isiolo and Laikipia counties."
23,Kangundo Road Fire-Station
23,"Nairobi City County is finalizing construction of the Kangundo road fire station that will boost its emergency response especially in Eastlanda area. The County administration has streamlined the disaster management sector by creating a fully-fledged disaster management and coordination sector, answerable directly to the office of the Governor.

Appreciating the urgency for action and the risk of inaction, the administration has streamlined the disaster management sector by creating a fully-fledged disaster management and coordination sector, answerable directly to the office of the Governor. It is now a sector headed by a chief officer. In addition, the county is in the process of reviewing the Nairobi County Disaster Management Act 2015, and also developing both the disaster management plan and policy for the city. The Fire Station at Kangundo Road is progressing well."
23,Water For All Initiative
23,"Relief for City residents as Sonko launches “water for all” initiative NAIROBI, May, 2, 2019, GPS Nairobi residents especially those living in informal settlements can now breathe a sigh of relief over their water shortage woes following the launch of Ward Based Water Projects that aims at providing sustainable solution for water shortage in the city. Nairobi Governor Mike Sonko on Thursday announced that his administration will drill over 20 boreholes across Nairobi mainly in informal settlement areas where water shortage is a major problem to the residents. Speaking at Land Mawe area when he officially launched the distribution of over 1,000 water tanks with a capacity of 10,000 liters, under the Ward Based Water Projects, Sonko said that he’s determined to ensure he fulfills his promise of ending the perennial water problems in the city as per his campaign manifesto. “I promised Nairobi residents that I will end their water problems during the campaigns and I am determined to ensure I fulfill my promise,” said Sonko. The Governor has said four boreholes will be drilled in each of Nairobi’s major slums like Kibera, Mathare, Mukuru Kwa Reuben, Mukuru Kwa Njenga, Fuata Nyayo, Mariguini , Korogocho among others. “I want to assure Nairobi residents who reside in city estates which are still facing water problems that we are working with the Nairobi Water and Sewerage Company to ensure we end cases of water diversion that has been largely been blamed for water problems in the city,” added Sonko. Since Sonko assumed office, in September 2017, his administration has laid 33.6 kilometers of water pipes in Nairobi and the Governor is now targeting to double that figure in the next financial year. So far NWSC has constructed 18.9 kilometers of sewer lines in various parts of the city since Sonko assumed office. On his part Nairobi County Water Executive, Larry Wambua assured all MCAs that Sonko’s “water for all” initiative will be a success. Speaking at the same event Nairobi County Water Chief Officer Mohamed Abdi hailed Sonko’s “water for all” campaign which he said will help to solve the perennial cases of water problems in the capital. “We have already advertised for drilling 20 boreholes across the county, the tender is at the evaluation stage. The Nairobi Water and Sewerage Company will also award tenders for drilling of 12 other boreholes in Nairobi,” said Abdi. Abdi has also promised that the Nairobi City County Government will connect 5,500 new sewer lines in conjunction with the Nairobi Water and Sewerage Company. NCWSC Managing Director Nahashon Muguna has said the company has so fat constructed 18.9km of sewer lines in various parts of Nairobi County. “Among the areas where we have constructed the sewer lines include; Utawala, Njiru, Pipeline estate, Embakasi, Dandora, Kamunde road, Kariobangi, Riruta, Mowlem among others,” said Muguna. County Director of Water Services Mario Kainga, has said the distribution of the water tanks will begin on Thursday in 71 Wards before the second phase kicks off in 14 other Wards to cover all the 85 Wards in Nairobi. “The water tanks project will help to solve the perennial water problems in Nairobi’s informal settlements. Since assuming office, Sonko’s administration has allocated Sh5m to each of the 85 Wards for water fund, compared to Sh2m that was allocated to the same by the previous administration. In the next financial year, Sonko’s administration will increase the fund to Sh7m per Ward,” Kainga added. The event was attended by MCAs from all the 85 Wards and they all praised Sonko’s “water for all initiative” that targets to boost supply and storage of water in the capital. The MCAs led by the Chairman of the Nairobi County Assembly Water Committee, Paul Kadosi and Land Mawe Ward MCA Herman Azangu have promised to ensure the water tanks are distributed equally to their constituents. All 85 elected MCAs will each receive 10 tanks for their Wards, while Governor Sonko will donate more water tanks to informal settlement areas that have been hard hit by water shortage.

General Inquiries"
23,County launches Inua Masomo programme
23,"Murang’a County Government has started the Inua Masomo programme for this year. This program pays school fees for the top ten students in every class at all day secondary schools in the county.

Speaking when he launched the programme at Kiria-ini Girls High School, Governor Irungu Kang’ata said the program will cover term one fees for the top ten students in forms 2,3 and 4 in day schools across the county."
23,New Sh158m hospital in Kericho set to enhance medical services
23,"The Kericho County Government has allocated Sh158 million for the construction of the Sosiot Level Four Hospital in Belgut Sub-County.

This is a significant investment set to transform healthcare services in the region, providing a much-needed boost to local medical infrastructure."
23,CUE lauds Kenya’s education system as globally recognized
23,"The Commission for University Education (CUE) has commended Kenya's education system saying it is globally recognized.

The Commission chairperson Prof. Chacha Nyaigotti Chacha said Kenyan graduates have been competently demonstrating their skills and expertise at the global arena."
23,Cotton farming rebounds as new ginneries rise in Kwale
23,"Cotton farming in the Coast region is set for revival with the construction of two modern ginneries in Kwale and Lamu, offering farmers both a ready market and new economic opportunities.

The Kwale ginnery, spearheaded by the national government, is nearing completion, while Thika-based textile giant Thika Cloth Mills (TCM) has already opened another in Lamu."
23,Counties at the heart of Kenya’s transformation
23,"The Principal Secretary for the State Department for Devolution, Michael Lenasalon, has lauded county governments for their role in national development.

He said they are the ""engines of transformation""."
23,CS launches construction of 29-metre L.Victoria ferry
23,"Defence Cabinet Secretary (CS) Soipan Tuya has presided over the keel-laying ceremony for a new 29-metre ferry at the Kenya Shipyards Limited (KSL) facility in Kisumu, marking a major milestone in Kenya’s bid to establish itself as a regional shipbuilding hub.

The ferry, which will be operated by the Kenya Ports Authority (KPA), is expected to significantly enhance water transport across Lake Victoria, particularly benefiting the island-rich Homa Bay County."
23,Coltan discovery poised to transform Embu economy
23,"Embu County is set for significant economic transformation following the confirmation of deposits of coltan and other strategic minerals by the Ministry of Mining.

Cabinet Secretary (CS) for Mining, Blue Economy and Maritime Affairs, Ali Hassan Joho, said Embu is among the few counties identified by the Government of Kenya as hosting strategic minerals critical for digital and industrial development, as well as the global energy transition."
23,"Nairobi City County Holds a Workshop At World Vision Offices, Nairobi to discuss Child Public Participation And Civic Education Concept Development"
23,"Nairobi, 19th October, 2024

Nairobi City County, Public Participation and Citizen Engagement department in Collaboration with World Vision has recognized the legal requirement to engage children in the development and implementation of County Government policies and programs."
23,Gross Domestic Product and Balance of Payments Third Quarter 2015
23,"Provisional estimates of Gross Domestic Product (GDP) show that the country’s economy expanded by 5.8 per cent during the third quarter of 2015 compared to 5.2 per cent recorded during a similar quarter of 2014 as shown in Figure 1. The growth was mainly supported by strong expansions in Agriculture; Construction; Financial and Insurance; Wholesale and Retail Trade; and Transport and Storage. Activities of the Construction industry recorded the fastest growth of 14.1 per cent followed by Mining and Quarrying, Electricity Supply and Financial and Insurance with growths of 12.5 per cent, 11.0 per cent and 10.1 per cent, respectively. Accommodation and Food Services (Hotels and Restaurants) continued on the decline that started last year.

During the quarter, most of the macroeconomic indicators remained relatively stable. Inflation eased to an average of 6.14 per cent from 7.54 per cent recorded in the corresponding quarter of 2014 mainly due to decrease in transportation costs in line with the global fall of oil prices. Globally, Murban ADNOC crude oil prices halved to average at US$ 51.05 per barrel during the quarter under review compared to US$ 103.9 in the same quarter of 2014. Domestically, the retail prices for light diesel declined by 20.0 per cent over the same period."
23,"Nairobi County Executives Undertake Ifmis And E-Procurement Training : Training Aimed At Increasing Transparency, Efficiency, And Accountability"
23,"Mombasa, 28th October, 2023 Nairobi County Executives and Chief Officers undertook a three-day Integrated Financial Management System (IFMIS) training on e-procurement and budgeting cycles.

Speaking during the opening of the session, Nairobi County Finance Executive Charles Kerich said the exercise’s objective is to increase transparency, efficiency, and accountability in the sectors, to allow tracking and management of budgets effectively, provision of data accuracy, and reduce human error and analysis to help organizations make informed decisions. “Governor Sakaja takes performance and revenue collection seriously. Hence, he encouraged the finance sector to ensure that all levels of staff in the county government are trained to handle procurement and expenditure processes,” Mr. Kerich said."
23,Nairobi City County Government Evaluates Its Performance For The Last Five Years.
23,"Mombasa, 30th January 2022.

Nairobi city county Executive and county assembly this week held a joint working retreat in Mombasa to evaluate performance the last five years. The Liaison committee of the county assembly appraised the executive on the county performance and exit reports as the county prepares for transition."
23,Revitalizing Nairobi’s Business Landscape: Initiatives and Collaborations In Leather Manufacturing And Industrial Development
23,"Nairobi: Wednesday 25th October,2023Nairobi City County in its aspirations for providing business opportunities and making Nairobi a business hub, has initiated the process to re-operationalize the Kariakor Common Leather Manufacturing facility.

Speaking at a meeting with the Principal Secretary, State Department for Industry Dr. John Mukwahana, the Executive Committee Member for Business and Hustler Opportunities Ms. Maureen Njeri said the existing MOU with Kenya leather Development Council(KLDC) is prohibitive as it hinders the County Government from decision making resulting in the County losing out on revenue that would have been collected if it’s input was considered. Said Ms. Njeri, “A meeting between Nairobi County, State Departments for Industry and Livestock where Kenya Leather Development Council(KLDC) is currently domiciled, will go a long way in ensuring we come to an agreement that will enable the leather Industry maximize utilization through adequate maintenance and hiring of trained staff that will enable the Industry produce standardized products for larger markets”"
23,2.4 million-tonne leather factory transforms hides and skins market in Narok County
23,"Pastoralists in Narok County no longer throw their hides and skins, thanks to an initiative that promises increased income all weather.

The establishment of the Ewaso Nyiro South Development Authority (ENSDA) leather factory has proved the answer that these livestock keepers waited for decades."
23,New push for manufacturing and branding in counties to spur export trade
23,"County governments have been urged to implement strategies that will enhance value addition on agricultural commodities for export to attract premium prices for Kenyan produce in local and international markets.

The Principal Secretary (PS) in the State Department for Industrialization, Dr Juma Mukhwana, said there is a need for county governments to encourage industrial investments in aggregation in manufacturing, branding, packaging, labelling, and logistics, that will enable the country to reduce reliance on imports."
23,Nairobi County Launches Pedestrian Safety Awareness Campaign aimed at reducing traffic related fatalities
23,"Nairobi 29th July 2025

Nairobi City County Government yesterday flagged off members of the County Transport and Safety Committee(CTSC) to commence a pedestrian safety awareness campaign running from 28th July to 1st August 2025, with an aim to tackle the high number of pedestrian fatalities in the city."
23,New milk coolers to increase earnings for Kericho dairy farmers
23,"The Government has rolled out nine bulk milk coolers under the Livestock Value Chain Support Project (LVCSP), worth Sh70 million, in Kericho County.

The Principal Secretary for Livestock Development, Jonathan Mueke, who flagged off the coolers at Moi Gardens in Kericho Town, said the initiative aims to enhance milk preservation, reduce post-harvest losses, ensure compliance with quality standards, and increase earnings for thousands of smallholder dairy farmers across the county."
22,Latest News and Updates
22,Ministry of Foreign and Diaspora Affairs
22,Overseas Jobs
22,"The Ministry of Foreign Affairs was established in 1963 after independence, as External Affairs Department under the office of the Prime Minister operating from the then Government House. The Prime Minister was the First Minister for Foreign Affairs in Kenya. The Ministry was later renamed the Ministry of State for Foreign Affairs still under the Office of the President. In 1969, the Department became a fully fledged Ministry with a first Minister for Foreign Affairs and only three divisions namely; Political/Economic, Protocol and Administration.

Immediately after independence, the Government established Diplomatic Missions in London, Moscow, Bonn (Germany) Peking (currently Beijing), Cairo ,Washington/New York (UN) and Paris. By 1969, other diplomatic missions were established in Addis Ababa, Lusaka, New Delhi and Tokyo. From 1978 onwards, more Missions were opened in different parts of the world."
22,Twitter Feeds
22,"PRESS RELEASE 07/04/2020

Did you find this content useful?"
22,KRA commences revenue collection for Nairobi City County Government
22,"PRESS RELEASE 17/03/2020

Did you find this content useful?"
22,Taxpayers urged to submit views on the new e-commerce tax
22,"Taxpayers have been called to give their views to the Kenya Revenue Authority (KRA) on the newly introduced Digital Service Tax (DST).

KRA has invited the e-commerce sector players, tax professionals and the general public to submit their comments on the new regulations to be gazetted ahead of the effective date of DST (1st of January, 2021)."
22,KRA issues accounting guidelines for Corporate Tax rates for the Years of Income 2020 and 2021
22,"The Kenya Revenue Authority (KRA) has released guidelines outlining the applicable corporation tax rates for the years of income 2020 and 2021.

The guidelines will be used by corporations whose accounting periods ended in the Year of Income 2020 or are due to end in the Year of Income 2021. The lower rate of 25% was introduced in April 2020 as a tax relief to counter the negative effects of COVID 19 on business and employment incomes."
22,"Commissioner for Domestic Taxes, Rispah Simiyu"
22,"KRA enhance surveillance, combat illicit trade along Muhuru Bay"
22,"Kenya Revenue Authority (KRA) in partnership with Japan International Cooperation Agency (JICA), and United Nations Office for Project Services (UNOPS) have today launched a new surveillance boat to reinforce security along Lake Victoria.

The vessel christened MV KRA 007 will be part of KRA fleet, and will be deployed to patrol and engage in surveillance of Kenyan territorial waters along Muhuru Bay. The boat will enable KRA eliminate illicit trade and secure the borders along the lake."
22,KRA cautions against use of fraudulently registered vehicles
22,"The Kenya Revenue Authority (KRA) has cautioned the public against the use of fraudulently registered motor vehicles and those whose import duty has not been paid for.

Acting Commissioner for Investigations and Enforcement Dr. Edward Karanja said that “KRA has embarked on investigations to identify the perpetrators of the fraudulent scheme, it is conscious that some of these vehicles may have been sold to innocent Kenyans who are not part of the scheme,” said the Acting Commissioner."
22,Ag. Commissioner for Investigations and Enforcement
22,"PRESS RELEASE 17/03/2021

Did you find this content useful?"
22,Nakuru automotives dealer charged with KShs. 142 million tax fraud
22,Two arrested attempting to smuggle 6000 litres of ethanol concealed in maize
22,"PRESS RELEASE 17/06/2021

Did you find this content useful?"
22,Director charged with evading KShs.65 million tax
22,"PRESS RELEASE 30/11/2021

Did you find this content useful?"
22,Trader charged over fake excise tax stamps
22,"PRESS RELEASE 11/01/2022

Did you find this content useful?"
22,Traders charged over fake excise tax stamps amounting KShs. 2.6 million
22,"PRESS RELEASE 10/02/2022

Did you find this content useful?"
22,Commissioner Investigations and Enforcement
22,Suspect charged with forgery of a KRA VIP parking sticker.
22,"PRESS RELEASE 24/02/2022

Did you find this content useful?"
22,KRA intercepts liquor with fake excise stamps worth KShs. 1.4 million tax
22,"PRESS RELEASE 28/03/2022

Did you find this content useful?"
22,KRA bars closure of companies owing Ksh 1.15 Billion
22,"The Kenya Revenue Authority (KRA) has lodged objections barring one thousand and ninety-two (1092) companies from intended dissolution and striking off from the Registrar of Companies for the period July 2022 to March 2023 before settlement of tax liabilities. Cumulatively, these companies owe a total Kshs 1,150,541,181.49 in unpaid taxes to KRA.

These statistics caught KRA’s attention considering the companies submitted the applications for voluntary strike off while still owing tax debts to the Government. The companies seeking voluntary dissolution vary across all sectors and range from single proprietor businesses, family-owned firms and local subsidiaries of international firms."
22,KRA destroys illicit goods worth 500 million
22,"The Kenya Revenue Authority (KRA) in collaboration with the Inter-Agency Team has destroyed an assortment of illicit goods seized from the market worth Kshs. 500 million with an estimated tax value of Kshs. 150 million. The goods were confiscated by the Inter-Agency Teams in a move to protect the society against illicit products and enhance a competitive business environment to promote legitimate trade.

The illicit goods comprised of alcoholic beverages, cigarettes, ethanol amongst others, which had been impounded during various Inter-agency operations executed countrywide, in the financial year 2022/2023."
22,KRA Records 11.1% Growth in Revenue Collection
22,"Revenue mobilization for the financial year 2023/2024 grew by a notable 11.1% up from 6.4 % in the previous financial year, after KRA collected Kshs. 2.407 Trillion compared to Kshs. 2.166 Trillion in the previous financial year. This translates to a performance rate of 95.5% against the target.

The year under review was characterized by multiple economic shocks that included depreciation of the Kenya Shilling against the US Dollar, rising bank lending rates and international conflicts that disrupted supply chains, among others. These factors affected revenue mobilization efforts."
22,"KRA Pledges to Facilitate Large Taxpayers Uphold Compliance, Raise Ksh 1.1 Trillion in Revenue"
22,"Kenya Revenue Authority (KRA) has pledged to streamline its processes to make them more straightforward for large taxpayers to uphold compliance.

Speaking during an engagement with large taxpayers held at Ole Sereni Hotel, Nairobi, KRA Commissioner General Mr Humphrey Wattanga said that KRA estimates a collection of Ksh. 1.1 Trillion from large taxpayers in the Financial Year 2023/24."
22,KRA Highlights 1000+ Developers on GavaConnect During API Masterclass
22,"The Kenya Revenue Authority (KRA) has convened the second API masterclass edition underscoring its commitment to partnerships with the tech developer community for co-creation of simplified service solutions, as part of its larger digital transformation agenda. KRA is the first public sector institution that has built a platform that enables businesses and other private sector players to seamlessly integrate with its ecosystem. The GavaConnect Enterprise API platform has exposed 16 APIs and registered over 1000 developers, reflecting a strong industry interest in tax-tech innovation.

Speaking at the masterclass, KRA’s Deputy Commissioner for Program Delivery & Client Engagement Ms. Annastacia Githuba said that GavaConnect is a major milestone in the public sector, marking a decisive leap forward in Kenya’ tax digitization agenda – one that places developers, innovators and private sector partners at the heart of building solutions that make tax compliance simpler, faster and more accessible for all."
22,KRA Marine Unit Boosts Border Security and Revenue Collection on Lake Victoria.
22,"Kenya Revenue Authority’s (KRA) Marine Unit has enhanced border security and sealed key revenue loopholes along Lake Victoria, demonstrating significant progress in combating illicit trade and boosting tax collection in the region.

In the Financial Year 2023/2024, the Marine Unit intercepted illicit and uncustomised goods valued at Ksh 3.19 million, recovering Ksh 1.6 million in revenue from the operations. The intercepted items were largely linked to small-scale traders attempting to smuggle goods through unauthorised lake routes."
22,Appointment of Kenya Revenue Authority as the Principal Revenue Collector for Nairobi City County
22,"PUBLIC NOTICES 17/03/2020

Address"
22,Excisable Goods Business
22,"The Excise Duty Act 2015 prescribes in Section 16(2) payment of a fee upon application of license or registration to manufacture or import excisable goods.

Regulation 3(2) of Excise Duty Regulations 2020 (Legal Notice No.113 of 2020) provides that Kshs. 50,000 excise license fee be paid during the business registration. Further, Section 37 of the Excise Duty Act 2015 provides for requirement of a security bond for licenced manufacturers, and Regulation 19(8) of Legal Notice No. 113 of 2020 provides the Commissioner with mandate to determine the bond amount required under the ACT, using the risk profile of the industry to which the licensee belongs."
22,Applicable Capital Deduction Rates on Written Down Values/Residues of Capital Expenditure
22,"Kenya Revenue Authority (KRA) informs the public that following the repeal of the old Second Schedule of the Income Tax Act (ITA), Cap 470 and introduction of a new Second Schedule through the Tax Laws (Amendment) Act, 2020, the rate of Capital Deductions on written down values/residues for companies whose accounting period ends after 31st March 2020 shall be based on the current rates of Capital Deductions as provided under the new Second Schedule of the ITA.

For other general inquiries and support please call our Contact Centre on Tel: (0) 20 4 999 999, 0711 099 999 or Email: callcentre@kra.go.ke"
22,Migrated Legacy System Taxpayer Ledger Balances
22,"The Kenya Revenue Authority (KRA) is pleased to inform taxpayers of the migration of VAT and Income Tax Ledger balances from the Legacy System to the iTax System. The migrated balances have been communicated to the respective taxpayers through their iTax registered email addresses.

The migrated balances can be accessed in the taxpayer’s iTax profile in the General Ledger under the ‘Account Type – Taxpayer Legacy Account’ Menu. Detailed statements of the migrated balances are now available for download from iTax under the ‘Debt & Enforcement’ Menu."
22,Flushing in Maryland reminds residents of the taxman
22,"In other parts of the world, a single flush at a room of convenience elicits a sigh of relief to the user of the facility. However, to a resident of Maryland State in the US, whenever he or she lays their hand on the flush handle, pulls or presses the handle, the taxman comes to the picture. Since 2004, a normal toilet flush has never been the same for residents of Maryland State. It is the year the Maryland General Assembly endorsed introduction of a new tax which qualifies to be highlighted in this forum, the “flush tax”.

While there are stakeholders who will object whenever there are proposals for new taxes on commodities and services they actually consume, stakeholders in Maryland State had to contend with imposition of this tax on “products they no longer needed”. At the initial implementation stages of the flush tax, the concept was quiet a jigsaw to many residents for they did not understand why they were required to pay for something they no longer needed. To drive the point home, an apparently fed up official is reported to have summarized flush tax to some residents using what he called the principle of three Ps. For adherence to editorial standards observed in this publication, allow me to skip the first two ‘Ps’, which by the way are doing words, and jump over to the third ‘P’ which stands for ‘pay’. So the rude officer was reportedly quoted having summed up flush tax as, “You… (1st P), you… (2nd P), you pay!”"
22,By David Gatiba
22,Have you tried out the new KRA M-Service platform?
22,"Kenya Revenue Authority (KRA) has over the year’s transformed its processes by adopting technology to improve taxpayers’ experience. Through its transformation programme, KRA has integrated processes and facilitated taxpayers through systems such as iTax, iCMS, Soma Label amongst others.

Recently, the tax collector added to its menu a Mobile application (App) called M-Service. M-Service is an App created to provide ease of payment and conveniently facilitate tax compliance. The App also comes in handy for verification processes such as authenticating a PIN and a Tax Compliance Certificate (TCC). The application is available on Google Play Store for android phones and USSD service. Services available on the application include; PIN application, registration for, and payment for Monthly Rental Income (MRI) and Turn over Tax (TOT)."
22,"NYANDARUA POTATO INCOME: FROM KES 4,800 TO KES 440,000"
22,"Last week the Daily Nation reported how the income of Nyandarua potato farmers grew from KES 4,800 to KES 440,000 per acre. In our business case tutorial we always highlight the average income growth for Kenyan potato farmers. Naturally even higher income boosts also occur, as is described in this Nyandarua potato case study.

The secret recipe for this income boost consists of various ingredients. It starts with the farmers replacing their traditional Shangi variety by Markies, Kenya’s number one potato variety for chips and crisps. Next is applying best potato practices: doing all the right things exactly at the right time. Naturally part of this is also using the prescribed crop nutrition from Yara and crop protection means from Bayer. As a result, their yield per acre boosted from around 800 kgs with Shangi to some 11,000 kgs with Markies. In addition to these incredible higher yields, the Markies potatoes were also much larger than the Shangi potatoes. This matters, because many off-takers favor larger sized potatoes."
22,Tax Refunds: Are Employees Claiming Their Dues?
22,"What comes to mind when you hear the words tax refund? Typically, what comes to mind is monies owed by the Kenya Revenue Authority (KRA) to businesses. However, even individual taxpayers are entitled to refunds from KRA for excess taxes paid during a financial year.

What is a tax refund?"
22,KRA Commemorates 5th Africa Anti Corruption Day 2021
22,"Corruption negatively affects economic performance and inhibits revenue collection of any given country. Kenya Revenue Authority (KRA) is cognizant of the effects of graft and has since initiated measures to fight the vice and seal revenue loopholes.

Like any other revenue administration globally, KRA officers are exposed to rogue taxpayers with the intention of corrupt dealings. KRA has hence established an Intelligence and Strategic Operations (I&SO) department that has robust framework to collect, process and monitor the use of intelligence."
22,Government remains committed to creating a safer and more secure digital environment for all children
22,Harnessing AI for Africa's Inclusive Transformation
22,GOVERNMENT LAUNCHES TRAINING NEEDS ASSESSMENT GUIDELINES TO STRENGTHEN PUBLIC SERVICE AND DRIVE VISION 2030
22,"The Government, through the State Department for Public Service and Human Capital Development, has launched the Training Needs Assessment (TNA) Guidelines for the Public Service.

The guidelines are aimed at strengthening human capital development and driving transformative change in line with Kenya Vision 2030, which calls for a highly skilled, agile, and responsive public service."
22,CS MUTURI LEADS KENYA IN STRENGTHENING PUBLIC SERVICE ACCOUNTABILITY WITH SPAT PILOT
22,"Cabinet Secretary for Public Service and Human Capital Development, Hon. Justin Muturi, has reaffirmed Kenya’s commitment to strengthening public service accountability by championing the piloting of the State Parties Assessment Tool (SPAT). The framework, designed to standardize monitoring and evaluation across African Union (AU) member states, aims to enhance transparency, efficiency, and service delivery within government institutions.

Speaking at the closing ceremony of a capacity-building workshop at the Kenya School of Government in Mombasa, Hon. Muturi emphasized the transformative role of SPAT in ensuring that public service adheres to the highest standards of governance."
22,"Courtesy Call by PS ICT, Eng. John Tanui, on PS Public Service"
22,"The Principal Secretary for ICT, Eng. John Tanui, this morning, paid a courtesy call on the Principal Secretary for Public Service and Human Capital Development, Dr. Jane Kere Imbunya, to deliberate on the operationalization of the Regional Centre of Competence for Digital and Artificial Intelligence (AI) skilling in the Public Service.

The discussions focused on the modalities for operationalizing the Centre, which is domiciled at the Kenya School of Government."
22,CS Public Service Hon. J.B. Muturi advocates for NYS transformation during his working tour of NYS Turbo Field Unit
22,"Tuesday 3, December 2024

Cabinet Secretary for Public Service and Human Capital Development, Hon. Justin Muturi, emphasized the commercialization of the National Youth Service (NYS) as a cornerstone for achieving President William Ruto's vision of training 100,000 recruits annually. The CS said this during his visit to the Turbo NYS Field Unit in Kakamega County, where he oversaw the planting of 10,000 tree seedlings including 2,000 fruit seedlings. The CS highlighted opportunities for revenue generation, such as Turbo’s clean water production, as key to NYS’s self-sustainability and broader impact."
22,Strengthening Strategic Foresight for a Future-Ready Public Service
22,"The Director General of the Kenya School of Government (KSG), Prof. Nura Mohamed, this morning paid a courtesy visit to the Principal Secretary for Public Service and Human Capital Development, Dr. Jane Kere Imbunya, at her office. The engagement underscored the strong partnership between the State Department and KSG in advancing public service excellence.

During the meeting, Prof. Nura Mohamed briefed the Principal Secretary on the School’s Strategic Foresight agenda for the year 2026, highlighting key priorities aimed at positioning the institution to effectively respond to emerging global and national trends in public administration."
22,Kenya confirms readiness for 2027 AFCON after settling hosting fee
22,Livestock vaccination program to combat major diseases at no cost to local farmers
22,Kwale’s Sh36.2m investment in newborn health to curb infant mortality in county
22,230 milk coolers to be deployed across 41 counties to cut losses
22,State seeks public input in redesigning foreign policy
22,"The Ministry of Foreign and Diaspora Affairs is reviewing the 2014 Kenya Foreign Policy. During a public stakeholder validation forum, the Ministry also presented the new Draft Foreign Policy 2024.

The validation exercise aims to broaden the government’s reach to citizens, ensuring the policy reflects the aspirations of the nation."
22,Government Strengthens Public Service Payroll Reforms to Enhance Accountability and Safeguard Public Resources
22,"The Government has reaffirmed its commitment to strengthening accountability, promoting prudent management of public resources, and enhancing integrity in the Public Service through the implementation of comprehensive payroll reforms.

Cabinet Secretary for Public Service, Human Capital Development and Special Programmes, Hon. Geoffrey Kiringa Ruku, on 8th July chaired a High-Level Consultative Meeting on the implementation of the Cabinet decision on Public Service Payroll Reforms. During the meeting, he officially handed over payroll audit reports and supporting documents to the Directorate of Criminal Investigations (DCI) to facilitate investigations into suspected payroll irregularities."
22,Government Reaffirms its Commitment to building an Inclusive and Trusted Digital Public Infrastructure
22,"The government has re-affirmed its commitment to building inclusive, trusted digital systems through Digital Public Infrastructure (DPI).

“The DPI Roadmap is not just a plan — it is a call to action. It will guide how government, private sector, and citizens work together to unlock digital identity, secure payments, trusted data exchange and digital platforms that will transform lives and businesses alike.”"
22,Task force formed to overhaul Public Trustee Department
22,"The Government has established a task force to spearhead the incorporation and institutional transformation of the Public Trustee Department in a move aimed at improving the management of estates and trusts, clearing longstanding case backlogs, and strengthening the protection of widows, orphans, minors, and other vulnerable beneficiaries.

Speaking in Nairobi, Attorney General Dorcas Oduor said the reforms would modernise one of the country’s oldest public institutions and restore public confidence in its services."
22,PS- Recruitment for foreign jobs will be fair and ethical
22,"By Julius Ndegwa (PCO)

Recruitment of prospective Kenyan jobseekers to Germany will be done only through registered private recruitment agencies authorised to operate in Kenya."
22,Government pledges to register new agents to export coffee
22,"The Government will license primary farmers’ coffee cooperative societies as new agents to export Kenya coffee.

This initiative, however, is likely to ignite a new business war with established both local and international companies."
22,State to facilitate passport acquisition for skilled Kenyans heading abroad
22,"The Government will assist skilled Kenyans in acquiring passports after successfully being recruited to work abroad, Cabinet Secretary for Labor and Social Protection, Dr. Alfred Mutua, has said.

Mutua disclosed that some Kenyans who have secured jobs abroad are unable to acquire passports, hindering their prospects overseas. As such, the government will facilitate the issuance of passports to make travel easier, he said."
22,CDA seeks strategic partnerships to revitalize coastal irrigation projects
22,"The Coast Development Authority (CDA) is actively seeking strategic partnerships to revitalize and expand its key initiatives aimed at boosting agricultural productivity, improving water access, and enhancing community resilience.

CDA is currently implementing water management and irrigation projects across Tana River, TaitaTaveta, Kilifi, Kwale, and Lamu Counties."
22,NYOTA Fund unlocks opportunities for Kirinyaga youth
22,"The beneficiaries of the National Youth Opportunities Towards Advancement (NYOTA) Fund in Kirinyaga County have reported remarkable progress in their businesses.

They cited increased job creation, improved livelihoods, and expanded market opportunities following the first phase of disbursement."
22,State inaugurates Ateker Leaders Council in Lodwar to curb cross-border insecurity
22,"The Government has inaugurated the Ateker Leaders Council – Kenya Chapter, a platform designed to strengthen peace, cooperation and development among communities that share language, culture and history across Kenya, Uganda, South Sudan and Ethiopia.

The launch, held in Lodwar, Turkana County, brought together leaders from the Turkana, Teso, and other Ateker groups, marking a significant step toward addressing cross-border insecurity and fostering dialogue in a region long troubled by conflict."
22,Second Quarter 2016 GDP Report
22,"Simple, low-cost tool boosts neonatal jaundice detection in western Kenya"
22,"A low-cost, easy-to-use diagnostic tool is trans forming how neonatal jaundice is detected and managed in western Kenya, offering renewed hope in reducing infant mortality linked to the condition.

At Jaramogi Oginga Odinga Teaching and Referral Hospital (JOOTRH), clinicians are deploying the Bili Ruler-a handheld, non-invasive device to screen newborns for jaundice, a condition that remains among the leading causes of neonatal mortality globally."
22,“Financial Sector Development in EAC: Overcoming Barriers”
22,"The National Treasury PS,Dr.Chris Kiptoo, CBS participated in the High-Level EAC Event on “Financial Sector Development in EAC: Overcoming Barriers,” organized by the International Monetary Fund (IMF) and led by Mr. Abebe Aemro Selassie, Director of the African Department at the Fund during the 2025 World Bank/IMF Spring Meetings,in Washington, D.C.

The event featured a presentation by IMF staff, which set the stage for insightful discussions on strengthening and deepening financial sector development across the East African Community."
22,Kenya eyes bigger global role as President courts investors
22,"President William Ruto has outlined Kenya’s strategic position in the evolving global order, highlighting the country’s investment potential and Africa’s growing role on the world stage during a public lecture in Rome, Italy.

Speaking at the Luiss School of Government during the visit under the theme “Kenya: A Country Looking Towards the Future,” the Head of State said Kenya is redesigning its government systems through digitisation to enhance accessibility, transparency, and responsiveness in service delivery."
22,The EU Ambassador to Kenya urges entrepreneurs to diversify export products
22,"ANNE KANGERO-KNA

The European Union ambassador to Kenya Henriette Geiger has called on Kenyan entrepreneurs to diversify ex port products to the EU to increase profits under the Kenya -EU Economic Partnership Agreement (EPA)."
22,Kenya opens EAC market to 400 MSEs at 24th regional trade fair
22,"By MYGOV REPORTER

The Government facilitated over 400 medium and small enterprises to participate in the 24th East African Community (EAC) Micro, Small, and Medium Enterprises (MSMEs) Trade Fair held in Juba, South Sudan."
22,TARDA seeks strategic investor to revitalize Tana Irrigation Project
22,"EMMANUEL MASHA-KNA

The Tana and Athi Rivers Development Authority (TARDA) is seeking a strategic investor to revive the Tana Delta Irrigation Project in Tana River County and help it realize its full potential in rice production."
22,9. Assistance and Support
22,8. Processing and Approval
22,"KRA recognises that dealing with administrative matters following the loss of a loved one can be challenging. The Authority therefore remains committed to providing support and guidance throughout the process.

For assistance or clarification regarding these guidelines, taxpayers may contact Kenya Revenue Authority through:"
22,Rare mountain bongos repatriated to Kenya in bid to save high risk species
22,"Kenya’s efforts to conserve and restore the population of the endangered mountain bongo have received a significant boost following the repatriation of four young male bongos from Europe.

The animals were sourced from three countries: one from the Czech Republic, two from Germany, and one from Denmark."
22,Government pledges reforms to strengthen Kenya’s retail sector
22,"The Government has reaffirmed its commitment to strengthening Kenya’s retail sector through policy reforms aimed at boosting purchasing power, stabilizing the economy, and promoting local sourcing.

Speaking in Nairobi during the RETRAK 2nd Retail Summit, Cabinet Secretary for Investment, Trade and Industry Lee Kinyanjui said the sector remains a key pillar of economic growth due to its role in linking producers to consumers."
22,PS commissions digital hub in Narok East
22,"KNA by Ann Salaton

The Ministry of ICT has trained 1,200 youths at the Maasai Mara Technical and Vocational College on digital literacy."
22,Government is ready for Grade 9 transition
22,"By Kimani Tirus (KNA)

The government is prepared to transition grade 8 students to grade 9 under the new Competence Based Curriculum (CBC), as announced by Principal Secretary for Education Belio Kipsang."
22,State urges broadcasters to embrace new digital era to stay competitive
22,"The Government has challenged African broadcasters and media stakeholders to embrace emerging technologies to position the continent competitively in a rapidly evolving global broadcasting landscape.

Speaking during the opening of the Broadcasters Convention – East Africa 2026 in Nairobi, State Department for Broadcasting and Telecommunications Principal Secretary Stephen Isaboke noted that Africa’s media industry has already entered a new digital era driven by data, AI, and cloud-enabled technologies."
22,KENAS to strengthen accreditation and quality systems in the manufacturing sector
22,"The Kenya Accreditation Service (KENAS) has stepped up its engagement with the manufacturing sector, underscoring the critical role of accreditation in driving quality assurance, regulatory compliance, and global competitiveness.

This follows a strategic visit to FullCare Medical (Kenya) SEZ Limited at the Tatu City Special Economic Zone, where KENAS officials highlighted the importance of internationally recognized conformity assessment systems in supporting Kenya’s industrial growth."
22,Makonde community seek government intervention over ID registration hurdles
22,"Some members of the Makonde community in Kwale County are appealing to the government to ease requirements for acquiring National Identity Cards, saying many who were left-out during the community’s registration and recognition process in 2016 and 2017 continue to face difficulties proving their citizenship.

The affected individuals, most of whom were minors during the historic registration exercise that culminated in the recognition of the Makonde as Kenya’s 43rd tribe, say they are now unable to obtain Identity Cards due to the requirement for citizenship certificates."
22,Tiktok’s re-affirms commitment to protect users’ safety
22,"By Muoki Charles(KNA)

Social media platform, TikTok has re-affirmed its commitment to protecting its users from threats including cyberbullying, harmful content and personal data exposure among other challenges."
22,"Science, innovation and partnerships set to drive Blue Economy"
22,"Principal Secretary for Science, Research and Innovation, Prof. Shaukat Abdulrazak (pictured), has called for stronger partnerships, science-driven policymaking, innovation, and effective communication of research to unlock the full potential of the blue economy while safeguarding ocean ecosystems for future generations.

Speaking during a regional ocean and blue economy forum in Mombasa ahead of the upcoming Our Ocean Conference, Prof. Abdulrazak said the vast resources of the Indian Ocean and Africa’s extensive coastline represent enormous opportunities for sustainable development, climate resilience, job creation, and wealth generation."
22,New policy to create digital jobs for youth
22,"The Government has approved a new Business Process Outsourcing (BPO) policy designed to create digital employment opportunities for hundreds of thousands of young Kenyans who are unable to secure formal jobs each year.

Labour and Skills Development Principal Secretary Shadrack Mwadime said the policy, recently approved by Cabinet, will establish a framework to protect workers in the digital economy while positioning Kenya as a leading player in the global outsourcing market."
22,Conservationists push for protection of rain forest
22,"Conservationists are pushing to enhance protection of the 19,792 hectares of the Kakamega Rain Forest against illegal logging and encroachment.

Led by the Environment, Climate Change and Forestry CS Dr. Deborah Barasa, Kenya’s Permanent Representative to the United Nations Environment Programme (UNEP) Ida Odinga, Kakamega Governor Fernandez Barasa and key partners, they noted that the forest provides an important water catchment source, biodiversity preservation with local livelihoods."
22,Chairman KRA Hon. Ndiritu Muriithi pays a courtesy call to the CS Hon. FCPA John Mbadi
22,"The newly appointed Chairman of the Kenya Revenue Authority

Hon. Ndiritu Muriithi, paid a courtesy call on the Cabinet Secretary for the National Treasury, Hon. FCPA John Mbadi. He was accompanied by fellow board member, Mr. Hadi Sheikh Abdullahi."
22,Complaints
22,Mail Disclaimer
22,Complaints and Information Centre (CIC) is an office within the office of the Commissioner General established as a redress mechanism for handling taxpayer’s complaints and access to information.
22,Classification of Complaints
22,2025 Statistical Abstract
22,"Chapter 1 Land & Water https://www.knbs.or.ke/wp-content/uploads/2026/01/CHAPTER-1.xlsx Chapter 2 National Accounts https://www.knbs.or.ke/wp-content/uploads/2026/01/NA-Statistical-Abstract_2025-1.xlsx Chapter 3 Labour Retail Prices Consumer Expenditure https://www.knbs.or.ke/wp-content/uploads/2026/01/Chapter-3-Labour-Retail-Prices-Consumer-Expenditure.xlsx Chapter 4 Money, Banking & Finance https://www.knbs.or.ke/wp-content/uploads/2026/01/Chapter-4-Money-Banking-Finance.xlsx Chapter 5 Public Finance https://www.knbs.or.ke/wp-content/uploads/2026/01/Chapter-5-Public-Finance.xlsx Chapter 6 International Trade & Balance of Payments https://www.knbs.or.ke/wp-content/uploads/2026/01/Chapter-6-International-Trade-Balance-of-Payments.xlsx Chapter 7 Agriculture https://www.knbs.or.ke/wp-content/uploads/2026/01/Chapter-7-Agriculture.xlsx Chapter 8 Environment & Natural Resources https://www.knbs.or.ke/wp-content/uploads/2026/01/Chapter-8-Environment-Natural-Resources.xlsx Chapter 9 Energy https://www.knbs.or.ke/wp-content/uploads/2026/01/Chapter-9-Energy.xlsx Chapter 10 Manufacturing https://www.knbs.or.ke/wp-content/uploads/2026/01/2025-Chapter-10-Manufacturing.xlsx Chapter 11 Construction https://www.knbs.or.ke/wp-content/uploads/2026/01/Chapter-11-Construction.xlsx Chapter 12 Migration & Tourism https://www.knbs.or.ke/wp-content/uploads/2026/01/Chapter-12-Migration-Tourism.xlsx Chapter 13 Transportation and Storage https://www.knbs.or.ke/wp-content/uploads/2026/01/Chapter-13-Transportation-and-Storage.xlsx Chapter 14 Information & Communication Technology https://www.knbs.or.ke/wp-content/uploads/2026/01/Chapter-14-Information-Communication-Technology.xlsx Chapter 15 Education Training https://www.knbs.or.ke/wp-content/uploads/2026/01/Chapter-15-Education-Training.xlsx Chapter 16 Health & Vital https://www.knbs.or.ke/wp-content/uploads/2026/01/Chapter-16-Health-Vital.xlsx Chapter 17 Governance Peace & Security https://www.knbs.or.ke/wp-content/uploads/2026/01/Chapter-17-Governance-Peace-Security.xlsx Chapter 18_Social & Economic Inclusion https://www.knbs.or.ke/wp-content/uploads/2026/01/Chapter-18_Social-and-Economic-Inclusion.xlsx"
22,"Courtesy call meeting with the Cabinet Secretary for the Mnistry of Information, Communications & The Digital Economy"
22,"Hon. William Kabogo Gitau, the Cabinet Secretary for the Ministry of Information, Communications & The Digital Economy KE paid a courtesy call on Hon. John Mbadi on Thursday, 10th April 2025.

CS Hon. FCPA John Mbadi emphasized the critical role of Communication, ICT, and the Digital Economy in driving national economic growth and development and noted that these sectors stimulate innovation and enhance productivity, while improved communication and ICT infrastructure expand global connectivity and access to information, services, and markets."
22,Courtesy call by ABSA Bank Officials.
22,"Earlier today, PS Dr. Chris Kiptoo, CBS , met with top ABSA Bank officials who paid a courtesy call on him at his Treasury Building office, led by the bank CEO, Mr. Abdi Mohamed. In their discussions, the PS stated that Kenya is on a firm path to economic recovery, with clear signs of macroeconomic stability and renewed growth momentum.

Dr. Kiptoo explained that following a period of global and domestic economic pressures, the government’s deliberate fiscal and monetary interventions are now bearing fruit. The PS explained that inflation has steadily eased and is now within the Central Bank’s target range, supported by, among other factors, a decline in global commodity prices and prudent monetary policy. This, he noted, has helped restore both business and investor confidence."
22,PS Bitok Rallies Nation to Embrace Competency-Based Education for a Future-Ready Generation
22,"The Principal Secretary (PS) for Education Prof (Amb) Julius Bitok has called on all stakeholders and partners in the education sector to approach the Competency-Based Education (CBE) framework with an open mind, emphasizing its potential to equip learners with the skills, knowledge, and values needed to thrive in the 21st Century economy.

Speaking at the national conversation on the Competency Based Education dialogue held Thursday April 24, 2025 at the Kenyatta International Convention Centre (KICC), PS Bitok reaffirmed the government’s commitment to the successful implementation of CBE through the Ministry of Education."
22,"Courtesy call by the British High Commissioner to Kenya, H.E. Neil Wigan."
22,"The British High Commissioner to Kenya, H.E. Neil Wigan, paid a courtesy call on the National Treasury PS Dr. Chris Kiptoo, CBS, where they discussed the funding of the Nairobi Railway City Project through the UK Export Finance (UKEF) facility."
22,11. Can the Tribunal grant interim relief and/or Conservatory Orders pending determination of the Appeal?﻿
22,10. Who may attend proceedings before the Tribunal?﻿
22,"• Where an application for review emanating from the Authority’s decision is filed, the finalisation of the merger is automatically stayed pending determination of the appeal.

• In all other instances, the decision of the Authority shall be observed and implemented unless the Tribunal otherwise orders. Consequently, the Tribunal may grant interim or final, conditional, or unconditional, injunctive orders where it is just and convenient to do so."
22,12. How long does it take to have my case decided?
22,All KNBS opportunities are open to all qualified applicants. KNBS does not ask for money to apply for any opportunity. Official communication for KNBS jobs only comes from official KNBS emails.
22,"African Statistics Day: Message from the Cabinet Secretary, Ministry of Devolution and Planning Anne Waiguru, OGW"
22,International Monetary Fund and World Bank Spring Meetings.
22,"International Monetary Fund World Bank Spring Meetings.

The Cabinet Secretary for the National Treasury & Economic Planning Hon. FCPA John Mbadi, EGH, today in Washington,D.C. led the Kenyan delegation in a high-level discussion with the International Monetary Fund (IMF) as part of the ongoing Governance Diagnostic Assessment during the 2025 Spring Meetings.The session brought together senior officials from key IMF departments, including the Fiscal Affairs Department (FAD), Legal Department (LEG), Strategy, Policy and Review Department (SPR), Finance Department (FIN), and Monetary and Capital Markets Department (MCM)."
22,"At least 50,000 trees will be planted in Oloolua Forest in Kajiado County as part of a major conservation drive aimed at restoring degraded areas and boosting the country’s forest cover.

The initiative, which will bring together government agencies, environmental organizations, and local residents, forms part of ongoing efforts to mitigate the effects of climate change and protect critical ecosystems."
22,Government Digital Payments (eCitizen)
22,"The Government Digital Payments Unit is mandated to digitize all payments into Government, to increase revenue collection, minimize the cost of collection and enhance service delivery. It ensures that Citizens, non-Citizens and Business entities can access Government Services online and make Payments electronically and conveniently, using their preferred method of payment, 24 hours a day and from wherever they may be in the world.

By April 2013, only a few government services were partially digitized and most receipts by the government were manual. A survey done then found that over a third of the payments were cash-based, presenting a high opportunity for leakage and abuse of the system, in addition to high cost of collection."
22,Public Notice - Tips/Suggestions for Budget Statement 2026-27
22,PUBLIC NOTICE - SUPPLY AND DELIVERY OF VARIOUS COMMON USER ITEMS FOR THE PERIOD 2026-2027
22,Public Notice. Green Climate Fund (GCF)
22,January 2026 Monthly Bulletin
22,PUBLIC NOTICE - BUDGET STATEMENT FY2026/27
22,Draft policy Public Complaints
22,National Treasury Risk Management Policy Framework
22,Public Notice on the Draft 2026 Budget Policy Statement
22,LIABILITY MANAGEMENT OPERATIONS POLICY
22,Draft 2025 Budget Policy Statement
22,SHOLARSHIPS FOR FOREIGN STUDENTS TENABLE IN BRUNEI DARUSSALAM FOR ACADEMIC YEAR 2026/2027
22,"CONSULTANCY FOR INDEPENDENT VERIFICATION OF RESULTS IN SAMPLED TARGET SCHOOLS, TEACHER TRAINING COLLEGES AND EDUCATIONAL ASSESSMENT AND RESOURCE CENTRES (EARCS) WITH IMPROVED INFRASTRUCTURE, SCHOOL BASED TEACHER SUPPORT SERVICES, PROVISION OF TEXTBOOKS, S"
22,SCHOLARSHIPS FOR FOREIGN STUDENTS TENABLE IN BRUNEI DARUSSALAM FOR ACADEMIC YEAR 2026/2027
22,ADMISSION AT UNIVERSITAS ISLAM INTERNATIONAL INDONESIA (UIII)
22,"Basic Education Principal Secretary John Ololtuaa has officially opened the orientation of newly recruited Quality Assurance and Standards Officers (QASOs) at KICD, in his first public engagement in the docket."
22,"Basic Education principal secretary John Ololtuaa has officially opened the opened the orientation of newly recruited Quality Assurance and Standards Officers (QASOs) at the Kenya Institute for Curriculum Development ( KICD).In his first public engagement as the ps for Basic Education,he reminded the officers that learner safety was not negotiable, that integrity remained the standard of service, and that the Government was committed to ensuring every Kenyan child accessed quality, equitable and inclusive education.PS, Ololtuaa took over the Education docket last week."
22,Talk on GMOs
22,"TheState Department for Science, Research and Innovation Principal Secretary, Prof. Shaukat Abdulrazak this afternoon attended the National Dialogue on GMOs in Kenya, whose main theme was on Growing food and protecting the environment. Prof. Shaukat emphasised on the need to embrace biotechnology in enhancing sustainable agri-food systems. The PS also noted that for it is important to embrace changes and innovation in science and technology for development adding that Public Private Partnership was the key to ensuring growth and sustainability in Science, Technology, and Innovation.

Prof. Shaukat further encouraged Inclusive Innovation Systems through National dialogue informed by science noting that this would encourage participation of diverse stakeholders in co-creating solutions, leading to equity in access and benefits from biotech development.The PS further emphasised on the need for effective public communication to ensure that they are aware of the benefits of developing the biotech sector being the biggest stakeholders."
22,KAIST CONSTRUCTION
22,"KAIST CONSTRUCTION

University Education and Research Principal Secretary Amb. Simon Nabukwesi today visited Konza technopolis to assess the excavation progress of the Kenya Advanced Institute of Science and Technology (KAIST) a university which will be modeled on the Korean Advanced Institute of Science and Technology, the first and top science and Technology University in Korea which emphasizes on specialised training."
22,Ethics Education Implementers Undergo Training
22,Public Notice - Rollout of The Electronic Government Procurement System
22,PROVISION OF CONSULTANCY SERVICES TO DEVELOP THE GREEN CLIMATE FUND COUNTRY PROGRAMME 2024-2027 AND OPERATIONAL MANUAL FOR KENYA
22,Public Notice Requesting Budget Tips on the Budget Statement for FY 2025-26
22,"SPECIFICATIONS AND BILLS OF QUANTITIES FOR PROPOSED MAINTENANCE OF PLUMBING, DRAINAGE AND SANITARY APPLIANCES AT TREASURY BUILDING, HERUFI AND BIMA HOUSE BUILDINGS FOR THE NATIONAL TREASURY"
22,Public Notice – Fiscal Budget FY 2023/2024 Proposals on Tax Policy
22,Government to Create Favourable Policies for Petroleum Sector
22,Target school for construction under Kenya Secondary Education and Equity Quality Improvement Program (SEEQIP)
22,"The Ministry of Education is designing the Kenya Secondary Education and Equity Quality Improvement Program (SEEQIP). Improvement of school learning conditions through construction of Laboratories in selected secondary schools is one of the proposed interventions aimed at ensuring equitable access for quality secondary education.

The allocation was designed to address disparities in access to STEM facilities, promote equity, and ensure compliance with the mandatory requirement for all senior schools to offer STEM subjects. Allocation was based on needs and not on regional balancing. All counties were included in the allocation and schools that benefitted from other interventions, such as GOK Transition and Infrastructure Grants, have were omitted. After verification, some counties reported schools that had laboratories built by other agencies and provided appropriate replacements. Sample replies from counties are attached for reference."
22,Collaboration to Enhance National Security through Communication
22,"The Principal Secretary for Broadcasting and Telecommunications, Steve Isaboke EBS, today held discussions with the Principal Secretary for Internal Security and National Administration, Dr. Raymond Omollo alongside the Government Spokesperson, Dr. Isaac Mwaura.

The meeting emphasised the central role of public communication in advancing the Government’s agenda, promoting citizen engagement and ensuring effective dissemination of national priorities. The leaders also underscored the importance of resilient telecommunications infrastructure in enhancing national security by enabling secure and reliable information flow."
22,Kenya Marks 151st World Post Day
22,"The Principal Secretary for Broadcasting and Telecommunications, Mr. Stephen Isaboke, today represented the Cabinet Secretary for Information, Communications and the Digital Economy, Hon. William Kabogo Gitau, during the World Post Day celebrations held in Nairobi.

This year’s theme, “Post ForPeople: Local Service. Global Reach,” resonates deeply with the Government’s Bottom-Up Economic Transformation Agenda (BETA), which seeks to ensure inclusive growth and equitable opportunities for all Kenyans, from the grassroots to the global stage."
22,KENYA AND CANADA DEEPEN STRATEGIC TIES AHEAD OF BINATIONAL COMMISSION
22,"Kenya and Canada are charting a renewed course in bilateral cooperation as Nairobi prepares to host the Fourth Session of the Kenya-Canada Binational Commission (BNC) in September 2026, signaling a strengthening of diplomatic, economic, and multilateral ties between the two Commonwealth partners.

Prime Cabinet Secretary and Cabinet Secretary for Foreign and Diaspora Affairs, H.E. Dr. Musalia Mudavadi, reaffirmed Kenya’s commitment to elevating the partnership during high-level engagements with Canada’s High Commissioner to Kenya, Amb. Joshua Tabah. The forthcoming BNC session is expected to provide a structured platform to review progress, unlock new opportunities, and address pending bilateral frameworks."
22,"Amb. Lindsay Kiptiness, ‘ndc’ (K), Deputy Director General, Middle East Directorate received Mr. Abdullah Al-Fahad, Charge d’Affaires of the Embassy of the State of Kuwait in Nairobi, who paid him a courtesy call.

Their deliberations centered on areas of mutual interest and benefit, aimed at strengthening and expanding bilateral cooperation between Kenya and Kuwait. Of particular interest include labour, air connectivity, education, health infrastructure, ODA, trade and investment."
22,Highlights of Kenya's Diplomatic Milestones in 2024.
22,"Kenya's foreign policy agenda in 2024 has been significant, with high-level visits aimed at strengthening bilateral and multilateral relations. Notable visits include a state visit to Japan, a state visit to Uganda, an official visit to Tanzania, multiple Memoranda of Understanding (MOUs), and a state visit to Zimbabwe. Kenya has also expanded its diplomatic footprint by opening new embassy in Abidjan, Rabat, Jeddah, Saudi Arabia, and a Consulate General in Guangzhou, China, and Port-au-Prince, Haiti.

On the multilateral front, Kenya has made significant strides in participating in international organizations and fora, positioned as a leader in driving collaborative solutions to global challenges. The country has advanced critical national and continental positions, such as the Nairobi Declaration on the Africa Climate Summit and the African Renewable Energy Strategy. Nairobi's diplomatic and multilateral hub status has grown exponentially, hosting 109 resident diplomatic missions and 148 intergovernmental and international organizations. This year, Nairobi hosted several summits, reflecting Kenya's strategic importance and commitment to fostering multilateral cooperation."
22,Kenya Chile Discussions
22,"Ambassador Josphat K. Maikara, the Deputy Director General, Americas and the Caribbean Directorate at the State Department for Foreign Affairs has today held a meeting with His Excellency Patricio Aguirre, Ambassador of the Republic of Chile.

The meeting discussed the upcoming Visit of Her Excellency Mrs. Claudia Sanhueza, Vice Minister of International Economic Relations of the Republic of Chile and the First meeting of the Joint Committee of Trade and Investment between Kenya and Chile scheduled to be held next month in Nairobi."
22,Kenya - Namibia Inaugural Joint Permanent Commission for Cooperation
22,"In a significant diplomatic move to strengthen Kenya-Namibia bilateral relations and cooperation, Dr. Musalia Mudavadi, Prime Cabinet Secretary and Cabinet Secretary for Foreign and Diaspora Affairs, paid an official visit to Namibia on September 9th and 10th, 2024, at the invitation of Hon. Dr. Peya Mushelenga, Minister of International Relations and Cooperation of the Republic of Namibia.

During his visit, the Prime Cabinet Secretary held key bilateral conversations with Namibian President, His Excellency President Nangolo Mbumba and Vice President His Excellency Netumbo Nandi-Ndaitwah."
22,Second Quarter Diplomatic Briefing 2025.
22,"Prime Cabinet Secretary and Cabinet Secretary for Foreign and Diaspora Affairs, Dr. Musalia Mudavadi on Tuesday morning presided over the quarterly briefing for members of the Diplomatic Corp based in Nairobi.

The PCS highlighted a wide array of regional and global concerns impacting Kenya’s foreign relations including the country’s continued commitment to economic reforms. Dr. Mudavadi reassured the public on the country’s economic recovery progress noting that this remained on track, with renewed focus on long-term growth, job creation, and investment in critical sectors like agriculture, manufacturing, and infrastructure. Dr. Mudavadi emphasized the importance of creating opportunities for all Kenyans, particularly the youth who had to contend with diminished employment opportunities."
22,The government is leveraging digital technology to revitalize POSTA's courier ecosystem
22,"Broadcasting and Telecommunications Principal Secretary Mr. Stephen Isaboke and ICT and the Digital Economy Principal Secretary Eng. John Tanui accompanied Information, Communications and the Digital Economy Cabinet Secretary Hon. William Kabogo Gitau during a visit to GPO POSTA Mombasa.

The government is leveraging digital technology to revitalize POSTA's courier ecosystem through e-commerce amongst other changes underway to revitalize the Institution."
22,"Generating a Payment Slip:

Common Questions asked on iTax"
22,Community Development Management Information System Launched (CDMIS)
22,"COMMUNITY DEVELOPMENT MANAGEMENT INFORMATION SYSTEM LAUNCHED (CDMIS)Today, the Principal Secretary, State Department for Public Service Mr. Amos Gathecha, attended the launch of Community Development Management Information System (CDMIS) held at GPO Huduma Centre, Nairobi.The launch which was presided over by Mr. Joseph Motari, Principal Secretary, State Department for Social Protection, Ministry of Labour and Social Protection is a game-changer, encompassing three crucial programmes:1. Economic Inclusion: Ensuring economic opportunities for the marginalized through automation, delivering benefits promptly and efficiently.2. Volunteerism: Fostering strong and resilient communities by simplifying volunteer matching and management.3. Groups Registration: Empowering groups and organizations to formalize and improve the lives of citizens, now made even more accessible with paid services linked to till number 222222.Also present during the launch was Huduma Kenya CEO, Mr. Ben Kai Chilumo among other officials."
22,CS wraps up Customer Service Week with a landmark visit to Huduma Centre Kisumu
22,"Wrapping up Customer Service Week on a high note! Hon. Justin B. Muturi, Cabinet Secretary for Public Service, together with PS Public Service Mr. Amos Gathecha visited Huduma Centre Kisumu to interact with staff and assess the quality of service delivery. Impressed with the progress, the CS emphasized the ministry's commitment to addressing any challenges, ensuring seamless service delivery. The ultimate goal: elevate standards across all Huduma Centres for a more efficient, accountable public service that meets the needs of every Kenyan"
22,Kenya Champions Green Governance on the Global Stage at COP29 in Baku
22,"Hon. J.B. Muturi joined an esteemed panel of global ministers at the Ministerial Forum on Green Good Governance in Baku, where leaders united to chart a path for a sustainable future. In the face of climate challenges that know no borders, they underscored the urgency of international collaboration to tackle pressing environmental issues that, if unchecked, will have far-reaching impacts on human life.

In a spirit of partnership, ministers shared insights, exchanged ideas, and pledged to guide their governments and engage communities locally and globally. Together, they are committed to shaping and implementing actionable climate policies that not only address the needs of today but also lay a strong foundation for future generations."
22,Government pledges full support for Mathare area 4B fire victims
22,"Government pledges full support for Mathare area 4B fire victims

The Cabinet Secretary for Public Service, Human Capital Development and Special Programmes, Geoffrey Ruku, has announced comprehensive government support for victims of the devastating fire that swept through Mathare 4B estate in Nairobi earlier this week, claiming six lives and displacing scores of families."
22,ISRAEL AMBASSADOR TO KENYA COURTESY CALL
22,"Under the leadership of Cabinet Secretary Hon. Geoffrey Ruku and Principal Secretary Dr. Jane Kere Imbunya, the State Department for Public Service and human capital development, hosted H.E. Gideon Behar, Ambassador of the State of Israel to Kenya, for a courtesy call at Harambee House, Nairobi.

The engagement reaffirmed Kenya’s long-standing bilateral relations with the State of Israel and explored practical collaboration in digitalising government services, knowledge exchange, and strengthening public service delivery to ensure services reach wananchi faster and with dignity."
22,Strengthening Kenya-Korea Ties in Capacity Building and Development
22,"A delegation from the Korea International Cooperation Agency (KOICA), led by Country Director Mr. Wankyu Park, paid a courtesy call on the Principal Secretary for Public Service and Human Capital Development, Dr. Jane Kere Imbunya, at her Harambee House office this morning.

The meeting focused on enhancing the ongoing partnership between Kenya and Korea in the area of capacity building for public service. Discussions underscored collaborative initiatives across critical sectors, including Agriculture, ICT, Finance, and Governance—all closely aligned with the priorities of the current administration."
22,Government Embarks on Developing Strategic Capacity Building Plan for Civil Service
22,"State Department for Public Service and Human Capital Development has commenced the development of a comprehensive Civil Service Strategic Capacity Building Plan (CSSCBP) to strengthen human capital in the public service and enhance service delivery across national and county governments.

According to Principal Secretary Dr. Jane Kere Imbunya, the Plan seeks to ensure the availability of well-trained, skilled, and competent personnel with the right attitudes and work ethos to effectively drive government programs."
22,PS Dr. Jane Kere Imbunya Presents FY 2026/2027 NYS Budget Estimates Before Parliamentary Committee
22,"Today, the Principal Secretary for Public Service and Human Capital Development, Dr. J Jane Kere Imbunya, accompanied by the Commandant General of the National Youth Service (NYS), James K. Tembur, MBS, and members of the NYS finance team, appeared before the Departmental Committee on Social Protection at Bunge Tower, Parliament Buildings, to present the FY 2026/2027 Budget Estimates for the National Youth Service.

The session, chaired by Hon. Alice Wambua Ng’ang’a, provided an opportunity to deliberate on the Service’s budget priorities, progress in programme and project implementation, and the alignment of the proposed budget estimates with the Government’s Bottom-Up Economic Transformation Agenda (BETA)."
22,State Department for Diaspora Affairs
22,"The State Department for Diaspora Affairs is one of the two state departments in the Ministry of Foreign and Diaspora Affairs. The State Department for Diaspora Affairs also abbreviated SDDA was established through a directive from H.E the President Dr. William Ruto in 2022 to address issues that concern Kenya’s Diaspora community. The Government of Kenya therefore intends to engage the Kenyan Diaspora in a more constructive, inclusive and productive manner to unlock and unleash their full potential.

State Department for Diaspora Affairs is dedicated to championing the protection of Kenya's Diaspora rights and welfare. We are committed to creating an inclusive and supportive environment for Kenyans living abroad, enabling them to thrive and contribute to the development of our great nation."
22,Recent News
22,2016 Economic Survey Launch
22,2) How and where can i access the SAFER Credit as an MSME
22,1) Can anyone access SAFER Credit?
22,The SAFER Credit can be accessed through loan applications with any of the following list of Saccos and MFBs under the Project (put link to partner PFIs)
22,Enhancing Records Management: A Strategic Collaboration Between the Foreign Affairs and the National Youth Service
22,"As part of its continuous commitment to openness, accountability, and efficient service delivery, the State Department for Foreign Affairs has begun a comprehensive project to improve records management within the Finance Division. This project aims to classify, organise, and simplify the Department's collected financial documents to guarantee easy access and rapid retrieval when necessary.

Recognising the importance of this undertaking and the necessity for a collaborative approach, the Ministry has teamed with the National Youth Service (NYS) to assist with the records management process within the entire State Department. NYS staff are collaborating with the Department's records officers to methodically sort and organise financial documents. This partnership not only improves the efficiency and accuracy of records handling, but it also provides vital practical experience for Records Division employees."
22,Kenya United States of America Relations
22,"Prime Cabinet Secretary Dr. Musalia Mudavadi has met with U.S. Secretary of State, Senator Marco Rubio where discussions have centred on regional peace, security, trade, investment, diplomatic engagement and fast-tracking the Kenya-U.S. Free Trade Agreement.

Dr. Mudavadi who doubles as the Cabinet Secretary for Foreign and Diaspora Affairs also discussed the progress of peace efforts in the Democratic Republic of Congo. Secretary Rubio reaffirmed U.S. support for Kenya's leadership in regional stability, democratic governance, and the MSS Mission in Haiti."
22,"MIS-INFORMATION CIRCULATING ABOUT THE KENYA NATIONAL BUREAU OF STATISTICS OFFICERS, UNDERTAKING FIELD DATA COLLECTION.

The Kenya National Bureau of Statistics (KNBS) was established by The Statistics Act of 2006, as a Semi-Autonomous Government Agency under the Ministry of Devolution and Planning."
22,Eng.Tanui Hosts KICTANet Delegation
22,"Earlier today, Principal Secretary for ICT and Digital Economy, Eng. John Tanui hosted a delegation from the Kenya ICT Action Network (KICTANet) and Access Now at the Ministry's headquarters.The delegation was led by Dr. Grace Githaiga, CEO of KICTANet, which serves as a multi-stakeholder think tank focused on ICT policy and regulation.PS Tanui highlighted that the integration of technology into governance extends beyond mere connectivity and encompasses empowerment and inclusion.He reaffirmed Kenya's commitment to upholding human rights in the digital landscape, reflecting a broader vision for an inclusive digital economy.Discussions primarily revolved around the potential for Kenya to host the 14th RightsCon annual Conference in 2026, which is pivotal as it gathers activists, technologists, business leaders, policymakers. and journalists to address pressing issues regarding human rights in the digital age.The 13th edition of the RightsCon Annual Conference will take place in Taipei, Taiwan, in February 2025.Also in attendance were Bridget Andere, Senior Policy Analyst at Access Now; Jaimee Kokonya, Africa Campaigner; Naro Omo-Osagie, Africa Policy and Advocacy Manager; Nikki Gladstone, RightsCon Director; and Ben Whelan, Global Risk and Operations Manager for Security and Operations at Access Now.

Our Contacts"
22,Secondary Education Equity and Quality Improvement Programme(SEEQIP)
22,"The Ministry of Education is designing the Kenya Secondary Education and Equity Quality Improvement Program (SEEQIP). Improvement of school learning conditions through construction of Laboratories in selected secondary schools is one of the proposed interventions aimed at ensuring equitable access for quality secondary education.

The allocation was designed to address disparities in access to STEM facilities, promote equity, and ensure compliance with the mandatory requirement for all senior schools to offer STEM subjects. Allocation was based on needs and not on regional balancing. All counties were included in the allocation and schools that benefitted from other interventions, such as GOK Transition and Infrastructure Grants, have were omitted. After verification, some counties reported schools that had laboratories built by other agencies and provided appropriate replacements."
22,SEEQIP RESULT AREAs
22,Courtesy call meeting with FAO Representatives.
22,CS Briefing on Preparations for the Nyanza International Investment Conference .
22,Public Participation on 2025 Medium Term Debt Management Strategy (MTDS) in Kiambu County.
22,3. Workflow and process logic
22,2. System overview
22,"Access to the BII solution is provided through eCitizen. Buyers log into the KRA Profile by selecting the Buyer Initiated Module on eCitizen or by dialing *222# and navigating to the Buyer Initiated Module under KRA Services.

The Buyer initiates the request, followed by validation of the Seller’s details against KRA records. Where required, the Seller is automatically onboarded onto eTIMS, ensuring compliance with statutory requirements."
22,Buyer Initiated Invoicing Process Flow
22,Eligibility
22,What is Value Added Tax (VAT)?
22,"Any person supplying or who expects to supply taxable goods and taxable services with a value of Kshs 5 Million or more in a year is required to register for VAT. Where a person has not attained the Kshs 5 Million threshold, voluntary registration can be granted subject to conditions.

VAT registered persons are identified with Personal Identification Numbers (PINs) with a VAT obligation."
22,How VAT works
22,Advancing Kenya’s Global Agenda
22,"The third day’s session of the 19th Ambassadors’ Conference brought together a wide-ranging and forward-looking dialogue spanning climate change, science and innovation, the blue economy, global health, and multilateral diplomacy. The discussions collectively underscored Kenya’s growing stature as a strategic, solutions-oriented actor in an increasingly complex global landscape.

On climate change, Kenya was recognized for its leadership in climate diplomacy, particularly in championing climate justice, advocating for equitable treatment of developing countries, and calling for transparent and accountable climate financing. Participants emphasized the urgency of coordinated global action, with a strong call for enhanced international cooperation, deeper partnerships, and fair access to resources for both mitigation and adaptation efforts."
22,KRA launches ‘GAVA Connect’ API to modernize tax administration and spur innovation
22,"DIANA NGUNJIRI (MYGOV)

Kenya Revenue Authority (KRA) has launched a new application programming interface (API) platform dubbed ‘GAVA Connect’ in a bid to simplify Kenya’s tax system."
22,"INBOUND AND OUTBOUND TOURISM EXPENDITURE SURVEYS 2015/2016 – 2ND PHASE Kenya National Bureau of Statistics (KNBS) initiated the process of implementing Tourism Satellite Account (TSA) a task that calls for concerted efforts by all producers and users of the tourism statistics in Kenya. Inbound/Outbound Tourism Expenditure survey will quantify inbound and outbound tourism which involves measuring the volume and expenditure patterns of tourists. So far, KNBS in conjunction with the Ministry of Tourism, Department of Immigration Services, Central Bank of Kenya and Kenya Tourism Board have conducted a number of Inbound and Outbound Tourism Expenditure Surveys to collect data towards development of the TSA. The last of such a survey was undertaken in December, 2015 for the high season (Phase 1). The low season (Phase 2) has been planned to be conducted in selected border stations for a period of 15 days between 30th May and 20th June, 2016.

Data Collection Data will be collected by research assistants at the eight selected border stations, namely (Jomo Kenyatta International Airport, Moi International Airport, Lunga Lunga, Namanga, Busia, Malaba, Taveta and Isebania). A survey team comprising of research assistants and supervisors will be interviewing tourists who will be departing (non-Kenyan residents) and those arriving (Kenyan residents), and recording information on questionnaires."
22,"In 1963, the Ministry of Economic Planning and Development was established and the Division was transferred from the Treasury to the new Ministry."
22,Establishment of the Ministry of Economic Planning and Development
22,"In 1963, the Ministry of Economic Planning and Development was established and the Division was transferred from the Treasury to the new Ministry. Subsequently, the Division was split into two units that were elevated to departments namely the Planning Department headed by a Chief Economist and the Statistics Department headed by a Chief Statistician. However, Agricultural Statistics Section of the former Economics Planning and Development was physically located in the Ministry of Agriculture, an arrangement which continued up to 1972."
22,Investor relations
22,"In September 2020, an Investor Relations and Donor Coordination Unit (IRU) was established at the Public Debt Management Office at the Kenya’s National Treasury. The Investor and Donor Coordination Unit will be headed by a Director who will report to the Director General, Public Debt Management Office and will be responsible for both Investor Relations and Donor Co-ordination.

The IRU is committed to provide quality and verified information to the general public and financial markets on government borrowing and debt. The Investor Relations website is intended to provide investors with a single entry point to a wide range of information disseminated mainly by the National Treasury, The Public Debt Management Office, Central Bank of Kenya and the Kenya National Bureau of Statistics. Through this website we intend to improve communication with our investors and information dissemination, transparency and accountability for better decision making by our investors."
22,Closing of the inaugural Huduma Kenya Customer Service Excellence and Security training.
22,"Today the PS, State Department For Public Service Amos_Gathecha officially closed the inaugural Huduma Kenya Customer Service Excellence and Security training.The PS was accompanied by Deputy Inspector General Douglas Kanja, Ag. CEO Huduma Kenya Mr. Mugambi Njeru, Commandant Munga Nyale, National Police College, Kiganjo among other Govt officials.The State Department for Public Service proposed establishing a Huduma Faculty of Customer Service at the National Police College for broader implementation."
22,CS Wraps up Lake region working tour with tree planting at NYS Lambwe Development Unit
22,"The Cabinet Secretary for Public Service Hon. Justin B. Muturi wrapped up Customer Service Week and a productive working tour of the Lake Region with a visit to the NYS Lambwe Development Unit in Suba South, Homa Bay County. Accompanied by top officials, including PS Public Service Mr. Amos Gathecha Huduma Centre CEO Mr. Ben Kai Chilumo, and NYS Deputy Commandant General Mr. Jamleck Chabari, the CS led the planting of 5,000 tree seedlings. This act symbolized the government's strong commitment to environmental conservation and sustainable growth in local communities."
22,Nairobi City County Advances Health Research with 2025 Report Validation
22,"Nairobi, 7th February 2026

Nairobi City County Government has validated the 2025 Nairobi Health Scientific Conference Report and formally commenced planning for the 2026 Nairobi Health Scientific Conference, reaffirming its commitment to evidence-based healthcare planning and innovation for residents of the city."
22,Nairobi County Advances Toward Investor-Ready Project Pipeline as AfDB-Supported Screening Exercise Enters Final Phase
22,"Nairobi 8th December 2025

The Nairobi County multi-sectoral committee spearheading project screening and structuring for investor readiness—supported by the African Development Bank (AfDB) and guided technically by KPMG—today held a productive deliberation on the outcomes of the initial project screening exercise. The exercise reviewed a long list of 40 priority projects submitted by County departments to assess their technical, operational, financial, and economic viability for alternative financing."
22,Kenyan Delegation Explores Estonian E-Government Innovations: Nairobi Eyes Digital Transformation
22,"Estonia, 13th March, 2024

County Chief Officer for Smart Nairobi, Tiras Njoroge visited Ministry of Economic Affairs and Communication and Cybernetica as part of the Kenyan delegation to Estonia on an exchange program on best practices in e-government."
22,Nairobi County government cautions road users to be extra careful to avoid road fatalities
22,"Nairobi, 21st November 2024

With the continued increase of road crash fatalities and injuries recorded each year across the country, the Nairobi County Executive Committee Member for Mobility and Works Mr. Ibrahim Auma has urged the City road users to prioritize safety on the roads, emphasizing that every life matters."
22,NCCG and NTSA Join Forces to Pioneer Holistic Approaches to Road Safety Education and Driver Wellness
22,"NAIROBI: 3rd March, 2024

National Transport Safety Authority (NTSA) sponsors School Drivers healthcare services and capacity building on Road Safety."
22,Nairobi City County Government and Danish Strategic Sector Cooperation Forge Strong Partnership for Circular Economy Advancements
22,"Nairobi, 8th March 2024

Nairobi City County Government and Kenya Danish Strategic Sector Cooperation on Circular Economy held discussions on possible areas of collaboration in formulation of the 3rd phase in a meeting chaired by County Deputy Director, Climate Change and Air Quality monitoring Mr. Maurice Kavai."
22,"This County Statistical Abstract is a single source of information that provides a five-year data series. It contains a comprehensive set of indicators that are useful for planning, monitoring and evaluation as well as providing useful information for research. The preparation of this Abstract has been co-ordinated by the Department of Finance and Socio-Economic Planning in collaboration with county departments, Kenya National Bureau of Statistics, National Government Departments and other stakeholders represented in the county. The information was compiled mainly from the administrative records and partly from the recent surveys and censuses. The source of the statistical data is shown under each table. The publication aims at providing statistical information on economic, demographic and social dimensions in Makueni County. Additional information, whenever available, will be supplied by the County Government, Statistics Unit on request. Read More"
22,CS urges innovative solutions to combat youth unemployment in Kenya
22,"The Cabinet Secretary for Youth Affairs, Creative Economy and Sports Kipchumba Murkomen has called for innovative ways to address youth unemployment in the country.

The CS pointed out that to address the problem of unemployment, the government must continuously push for creative innovation solutions that not only offer the much-needed jobs but also inspire a culture of innovation and self-employment."
22,"Remarks By Ms. Anne Waiguru, OGW, Cabinet Secretary, Ministry Of Devolution And Planning, During the African Statistics Day Celebrations at KICC on Tuesday 18th November, 2014."
22,Tana River County Commissioner Tender Notice 2026
22,Likoni Sub-County Tender Notice 2026 - 2028
22,Tender Notice for the The Deputy County Commissioner Naivasha Sub-County
22,"ADDENDUM Tender Notice for Pre-Qualification Registration Of Suppliers For Goods, Services And Works For The (Two) Financial Years 2026-20272027-2028"
22,"Tender Notice for Pre-Qualification : Registration Of Suppliers For Goods, Services And Works For The (Two) Financial Years 2026-2028."
22,Tender Notice for Deputy County Commissioner Lari Sub-County
22,Tender Notice for Proposed Supply Installation And Operationalization Of Mobile Bulk Filing Cabinets At Kenya Phase Two
22,The County Commissioner Kiambu County Tender Notices_0
22,The County Commissioner Kiambu County Tender Notices
22,National Government Constituencies Development Fund Rabai CDF Constituency Tender Notice – Advertisement
22,Rabai CDF Constituency Tender Notice Advertisement April 2026
22,"Office Of The Chief Officer Finance County Government Of Bungoma Tender Notice For The Registration And Framework Contracting Of Suppliers, Contractors And Service Providers For 2026/2027 And 2027/ 2028 Financial Years"
22,"Capital Markets Authority Tender Notice for Supply, Implementation, Training and Maintenance of a Virtual Assets Blockchain Analytics System"
22,Kenya Tourism Board targets U.S. market growth at USTOA fete
22,"The Kenya Tourism Board (KTB) will utilise this year’s United States Tour Operators Association (USTOA) Annual Conference, to intensify its efforts to boost visitor arrivals from the United States.

The American market has recorded 307,032 visitors to Kenya, an increase of 17 per cent from the previous period last year, showing potential for further growth."
22,KenGen’s profit soars by 79pc amid cost-cutting and operational efficiency
22,"The Kenya Electricity Generating Company (KenGen), East Africa’s largest electricity producer, has reported a 79 per cent growth in profit after tax for the six months ending 31st December 2024, accentuating the company’s resilience in a shifting energy landscape.

The NSE-listed power producer posted a net profit of Sh5.30 billion up from Sh2.96 billion in the same period last year, a gain primarily driven by aggressive cost-cutting measures and enhanced operational efficiencies."
22,Sh7.5b Mombasa–Mtwapa road dualling project makes steady progress
22,"The dualling of the 13.5-kilometre Mom basa–Mtwapa road is progressing steadily and remains on schedule despite earlier setbacks related to land acquisition.

Funded by the African Development Bank, the European Union, and the Government of Kenya at a cost of Sh7.5 billion, the project—currently 42 per cent complete— is expected to enhance regional connectivity, boost trade, and stimulate tourism."
22,State reaffirms GMO safety as legal tussles delay implementation
22,"The state has reiterated its commitment to the safety of genetically modified organisms (GMOs) through a robust biosafety regulatory and institutional framework, supported by proven scientific research on various products.

This assurance comes in the wake of numerous court cases that have halted the commercial rollout and local adoption of various GMO products."
22,KMPDC launches SMS Code to weed out fake health workers and facilities
22,"The Kenya Medical Practitioners and Dentists Council (KMPDC) has launched an SMS short code 20547 to enable citizens quickly to confirm the credentials of healthcare professionals and facilities across Kenya.

By providing a simple and accessible method of verifying healthcare credentials, the initiative aims to significantly enhance patient safety and reinforce compliance with regulatory standards, ultimately protecting the public."
22,Kericho launches coffee agroforestry program to boost farmers and fight Climate Change
22,"KNA by Kipyegon Mutai and Happiness Tanui

Kericho County has launched a transformative coffee agroforestry program to promote sustainable agriculture while improving farmers’ incomes."
22,"State sets up 1,105 new Administrative Units to boost service delivery"
22,"This will ensure the deployment of officers to coordinate security and development efforts in the volatile areas.

The creation of the units will also address instances of administrative inefficiencies such as imbalanced jurisdictional coverage."
22,State plans to construct modern prisons as part of ongoing reforms
22,"The Government plans to construct modern prisons to better address existing challenges as part of ongoing reforms targeting the country’s correctional system.

Dismissing reports that the government is intent on irregularly allocating prison land to private entities as unfounded, Interior and National Administration Cabinet Secretary Kipchumba Murkomen said the government plan is to improve all correctional facilities to create better environments for both prison officers and offenders."
22,Government champions partnership model as an effective development strategy
22,"Chief of Staff and Head of Public Service Felix Koskei has affirmed the government’s commitment to the Public Private Partnership (PPP) framework to accelerate development in the country.

Speaking during a site tour of Galana-Kulalu Food Security Project in Kilifi and Tana River Counties, the Chief of Staff lauded the progress, noting that critical infrastructure has been rolled out to support agricultural productivity through the PPP system."
22,Government commits to safeguard citizens’ data privacy and promote innovation
22,"The Government has reaffirmed its com mitment to safeguarding citizens’ privacy, advancing digital infrastructure, and pro moting innovation as key pillars of the country’s digital transfor mation agenda.

This pledge was made during the Annual Data Privacy Conference convened by the Office of the Data Protection Commissioner (ODPC) to commemorate Data Privacy Day 2025."
22,"Government assures farmers of adequate planting seeds, cautions against fakes"
22,"The Head of Public Service and Chief of Staff, Felix Koskei, has assured farmers that the country has enough maize seeds for the upcoming planting season. The assurance comes as farmers across the country ramp up preparations for the expected long rains.

Speaking during a visit to the Kenya Seed Company stores in Kitale, Koskei confirmed that the major seed producer has enough certified seeds to meet the country’s agricultural needs, and he warned that the government has implemented strategies to prevent the distribution of fake seeds to farmers."
22,IFAD plans expansion of projects across four ASAL counties
22,"The International Fund for Agricultural Development (IFAD) is seeking additional funding amounting to $54 million to finance its projects in four arid and semi-arid lands (ASAL) counties.

IFAD Country Director Mariatu Kamara stated that the funding is intended to improve and upscale existing programmes under the Kenya Livestock Commercialization Project (KELCOP) in areas where they have not been effectively implemented."
22,EPRA launches ‘Kaa Safe Mtaani’ drive to tackle energy-related accidents
22,"CLINTON NG’IELA AND JESEE OTIENO- KNA

The Energy and Petroleum Regulatory Authority (EPRA) has launched the “Kaa Safe Mtaani” campaign to combat preventable energy-related accidents in the country."
22,Hope for kidney patients as JOOTRH prepares for transplant procedures
22,"The Jaramogi Oginga Odinga Teaching and Referral Hospital (JOOTRH) has announced plans to begin performing kidney transplants later this year to address the growing demand for renal care in the Lake region.

The move comes amid concerns over the rising number of patients on dialysis and the increasing pressure on health facilities in the area."
22,First Lady asks female inmates to take up training opportunities
22,"The First Lady Rachel Ruto has called upon women inmates to take advantage of training opportunities provided in prisons and acquire skills which would help them to have a source of livelihood after their sentences.

Speaking in Murang’a GK Prison during an occasion to mark this year’s International Women Week, Mrs Ruto said currently, there are many courses being offered at correctional centres meant to empower the inmates and help them make livelihoods out of prison."
22,"Egypt and Kenya deepen cooperation on trade, diplomacy, and regional stability"
22,"H.E. President William Samoei Ruto’s recent visit to Cairo marked the first state visit by a Kenyan President and com memorated six decades of bilateral diplomatic ties.

The visit featured the signing of several agreements for political consultations, investment cooperation, and sustain able development. Kenyan and Egyptian ties date back to pre-colonial times, facilitated by trade routes connecting Africa, the Middle East, Europe, and Asia."
22,"Over 400,000 Turkana residents to benefit from new mobile ID initiative"
22,"The government declared a 6.00 pm to 6.00 am curfew as part of the operation ‘maliza uhalifu’ to restore security in parts of Kerio Valley.

""We are businesses men and our perishable goods like vegetables normally go to waste as a result of the curfew. We are asking the government to consider lifting the curfew now that we have security along the Kainu-Lodwar Road,"" Mohammed Ali said."
22,"Dr. Macdonald G. Obudho EBS, MBS"
22,Director General
22,"Benson Kiriga is the Director, Macroeconomic Planning in the State Department for Economic Planning. He has been a Senior Policy Analyst and HOD in the Macroeconomics Department in KIPPRA. He is undertaking PhD studies in Economics from the University of Nairobi. He holds a Master of Arts degree in Economics from the University of Nairobi. He has previously worked as a Senior Economist in the Ministry of Finance and in the Ministry of Planning and National Development. His areas of research interest include public finance, macromodelling and macroeconomic policy research. He has been involved in preparation of various Government of Kenya policy documents and is quite experienced in the Central Government fiscal operations."
22,Government warns Maa and Ilchamus communities against haphazard land sales
22,"The government has cautioned the Maa and the minority and marginalized Ilchamus communities against haphazard sale of their ancestral land, emphasizing its importance in supporting agriculture and livestock.

Director of Minorities and Marginalized Affairs Unit, Josephat Lowoi Lodeya, asked the community to jealously protect their rich cultural heritage from further degradation, urging them to take decisive measures to halt the sale of their land."
22,"Construction of Fire-Station in Waithaka, Dagoretti South"
22,"Construction of a fire station at Waithaka in Dagoretti South . The station will have fully equipped fire engines, ambulances, boreholes and other facilities that will enable Nairobi City County Government to respond to disasters in a timely manner.

General Inquiries"
22,Academy promotes maritime training to tap into Blue Economy jobs
22,"The Bandari Maritime Academy (BMA) is stepping up efforts to promote maritime training to meet global demands as plans are at an advanced stage for the country to start issuing the mandatory Seafarers Identity Document (SID).

SID facilitates the entry of seafarers on board a vessel to countries where the vessels call for shore leave, transit, transfer or repatriation."
22,Frequently Asked Questions About KNBS
22,County Collaborates with German Solar Power Giant for Sustainable Healthcare: Multi-Sectoral Team Conducts Feasibility Study on Solarization of Health Facilities
22,"Nairobi 4th October 2023

A multi-sectoral team consisting officers from the Health Facilities Sub-Sector, Public Works and the office of the Governor today completed a data collection exercise from sampled Health Facilities that is aimed to facilitate a feasibility study on possible solarization of the facilities. The County is receiving technical support from Germany Solar Power Giant Misterueberderchung Inc. Addressing the team in his office at a debriefing session, Director for Donor Coordination and Stakeholder engagement Kefa Omanga said ” We are looking for a viable, reliable and sustainable renewable energy option for running our Health Facilities. The decision to invest in this project will be made by County leadership based on empirical parameters obtained from this study. If the project yields net savings on electricity cost, is technically viable, has a competitive Rate of Return and a relatively short payback period with discernible environmental benefits, definitely being a priority in the County’s CIDP, an appropriate decision will be made. For now, our brief is to carry out an objective appraisal of the options available and later build an optimal business model for the project”. Present were Nairobi city county government Electrical Engineers led by Director for Public Works Eng. Ephantus Gitonga, a team from the Health sector led by Director Health Services Dr. Lucina Koiyoo and Officers at the Directorate for Donor Coordination Directorate."
22,Senate committee urges cooperation to address county assemblies financial woes
22,"The Senate Standing Committee on Delegated Legislation has raised concern over the financial and operational challenges facing county assemblies.

The committee called for greater cooperation between governors and legislators to strengthen devolution."
22,"Nairobi County Chief Officers conduct a joint tour of planned construction site for modern Miraa Market at Ziwani Kariokor, ahead of groundbreaking ceremony by H. E Sakaja Johnson"
22,"Nairobi,1st August 2025

Nairobi County Chief Officers; Ms. Jane Wangui (Markets and Trade), Mr. Oscar Omoke (Water and Sanitation), and Mr. John Lintari (Economic Planning), alongside the Director General of the Agriculture and Food Authority (AFA), Dr. Bruno Linyiru yesterday conducted a site visit to Miraa Market in Ziwani Kariokor. They also toured New Ngara Market and Chai Road Market. These locations are key hubs for the sale of Miraa and Mogoka, and the visit comes in preparation for the upcoming groundbreaking ceremony of the new modern Miraa Market at Ziwani Kariokor, to be presided over by Nairobi Governor H.E Sakaja Johnson. Ms. Wangũi described the forthcoming modern Miraa Market as a major development poised to significantly transform trade dynamics by fostering stronger connections between Meru, Embu, and Nairobi while also linking local producers and vendors to both domestic and global markets."
22,New land identified for families displaced by Mai Mahiu floods
22,"The Government has moved to fulfil its promise to resettle families displaced by the devastating flash floods that struck Mai Mahiu villages in Nakuru County on April 29, 2024.

Under the initial plan, 230 acres have already been purchased in the Longonot area of Naivasha Sub-County, where 105 original landowners will be resettled and key infrastructure established."
21,Principal Secretary Dr. Jane Kere Imbunya Encourages Women to Aim Higher at AWAK Mid-Year Meeting
21,PS Jane Kere Imbunya Appears Before Senate Labour Committee on Behalf of CS Ruku
21,"PUBLIC NOTICES 30/03/2021

Address"
21,Consumer Price Indices and Inflation Rates for April 2020
21,"Kenya Revenue Authority (KRA) has today commenced revenue collection for Nairobi City County Government.

This is in line with the Gazzette Notice No. 1609 of 25th February 2020 under Article 5.5 appointing KRA as the Principal Revenue Collector for Nairobi County Government."
21,KRA recovers Kshs. 330 Million tax from county suppliers
21,"The Kenya Revenue Authority (KRA) has recovered Kshs. 330 Million tax from various suppliers trading with county governments.

The taxes comprising of Value Added Tax (VAT), Income Tax and Withholding Tax, was recovered over a period of three years from various suppliers following investigations by the KRA."
21,Commissioner for Investigations & Enforcement
21,Commissioner for Investigations and Enforcement Department
21,Two suspects charged in court for smuggling sugar from Uganda
21,David Yego
21,KRA to celebrate compliant individuals and businesses at the 2021 Taxpayers’ Day
21,"Kenya Revenue Authority (KRA) will recognise and celebrate tax compliant businesses and individuals in a virtual event on 29th October 2021.

The 2021 Taxpayers’ Day event will be graced by the President of the Republic of Kenya and Commander-in-Chief of the Armed Forces, H.E President Uhuru Kenyatta, National Treasury and Planning Cabinet Secretary, Ukur Yatani, KRA Board Chairman, Francis Muthaura and KRA Commissioner General, Githii Mburu."
21,"PRESS RELEASE 09/12/2021

Did you find this content useful?"
21,KRA Boat Capsizes in Lake Victoria during Surveillance Operation
21,"Kenya Revenue Authority (KRA) surveillance boat MV KRA 007 has today capsized in Lake Victoria about two hundred metres from Mugambo Beach. The boat which was on its normal surveillance operation on Thursday night was carrying eight officers from KRA, National Police Service and Marine Police.

During the tragic incident, five officers were rescued and three are still missing including a KRA officer. The officers were stationed at Muhuru Bay and were on a multi-agency operation aimed at eliminating illicit trade and securing the borders along the lake."
21,KRA intercepts uncustomed ethanol worth Kshs. 10.9Million
21,"Kenya Revenue Authority (KRA) in collaboration with the multiagency team has intercepted a truck carrying 54 drums of uncustomed ethanol. The drums were carrying 250 litres each with an estimated market value of Kshs. 10,900,000 (Ten million, nine hundred thousand). The ethanol had a tax implication of Kshs. 6,700,000 (Six million, seven hundred thousand shillings). The consignment was intercepted along the Kacheliba-Makutano route in West Pokot County.

The Multiagency team based in Suam Border Office was acting on a tip-off from the public when they intercepted the truck and conducted a 100% verification on the consignment. Upon verification the officers confirmed that the truck was ferrying drums of ethanol, 133 crates with assorted empty beer bottles and 301 empty beer crates. Upon interrogation, the truck driver had initially stated that he was transporting alcoholic beverages from Uganda to Kainuk. The consignment has been detained by the National Police Service as investigations are ongoing."
21,Directors sworn in as Members of the KRA Board
21,"Chief Registrar of the Judiciary Ms. Anne Amadi on 18th January 2022, swore in new Members of the Board of Kenya Revenue Authority (KRA) following their recent appointment by the Cabinet Secretary for the National Treasury and Economic Planning Prof. Njunguna Ndungu. The five namely Mr. Darshan Shah, Ms. Wilkister M. Simiyu, Dr Fancy Too, Mr. Michael Kamau Kimiru and Mr. Samir Ibrahim were appointed through a gazette notice no. 273 dated 12th January 2023.

The Members of the Board of KRA will provide strategic leadership and direction, drive a policy based governance framework and ensure, through Board committees compliance with obligations. They will also provide oversight of effective discharge of key functions against agreed performance indicators by the management of KRA. They will serve for a period of three (3) years."
21,KRA Leadership and the Eastleigh Business District Association Commit to Collaborate for Enhanced Tax Compliance
21,"Kenya Revenue Authority (KRA) has committed to collaborate with the Eastleigh Business District Association in a bid to bolster tax outreach and awareness initiatives for enhanced compliance and revenue mobilization.

Speaking during a Leadership round table between KRA and the Eastleigh Business District Association (EBDA), the Commissioner General Mr. Humphrey Wattanga said that KRA was committed to enhance trade facilitation and simplification of tax payment for national prosperity and enhanced compliance. He mentioned that through this collaboration, KRA would tailor its engagement and tax outreach framework to respond to the unique needs of the Eastleigh Business Community, and thereby drive compliance."
21,KRA Commissioner General Applauds African Countries' Efforts in Modernizing Tax Administrations.
21,"Kenya Revenue Authority (KRA) Commissioner General Mr. Humphrey Wattanga has commended African countries for their successful efforts in modernizing tax administrations despite facing challenges such as informality, governance deficits, and illicit financial flows.

Addressing the delegates during the ongoing International Bureau of Fiscal Documentation (IBFD) Africa Tax Symposium 2024 at the Safari Park Hotel in Nairobi, Mr. Wattanga highlighted that Africa's tax future will be shaped by demographic trends, technological advancements, global economic dynamics, and evolving tax policy debates."
21,"KRA, KICD Partner to Enhance Tax Literacy through Technology in Competency-Based Curriculum (CBC)"
21,"KRA has embraced technology to mainstream and disseminate tax literacy to learners in the country. In partnership with Kenya Institute of Curriculum Development (KICD), the Authority will now develop exclusive tax e -resources for students in Competency-Based Curriculum (CBC). This collaboration marks a significant step in simplifying tax concepts and integrating tax education into mainstream learning.

Under the partnership, KRA will develop specialized digital resources focusing on key subjects such as Business Studies, Mathematics, English, Kiswahili, and Social Studies. These resources are designed to equip students with a foundational understanding of taxation, its purpose, and its impact on individuals and society."
21,KRA Appoints Commissioner for Micro and Small Taxpayers Department
21,"As part of its ongoing efforts to strengthen institutional capacity, enhance service delivery, and promote organizational excellence, the Kenya Revenue Authority (KRA) is pleased to announce the appointment of Mr. George Obell, MBS, as the Commissioner for the Micro and Small Taxpayers Department (MST), effective 10th November, 2025

Mr. Obell has been serving in an acting capacity since the department’s establishment on 1st March 2025. With over 28 years of experience in tax administration, he brings extensive strategic and technical expertise to the role."
21,"MULTI-VENDOR, USER-OWNED ELECTRONIC CARGO TRACKING SEALS"
21,"Kenya Revenue Authority (KRA) has made progress in its cargo monitoring journey, transitioning from physical Customs escorts to tamper-proof Customs seals, then to multi-vendor seals, and ultimately to the Regional Electronic Cargo Tracking System (RECTS).

RECTS is a web-based cargo tracking and monitoring solution integrated with Customs management systems across the East African Community. Under this system, export and transit cargo moving through Kenya is fitted with electronic seals and monitored centrally. RECTS has significantly reduced cargo clearance times, enhanced cargo security, and improved accountability in transit operations."
21,"The Draft Tax Procedures (Unassembled Motor Vehicles and Trailers) (Amendment) Regulations, 2024 and the Draft Tax Procedures (Unassembled Motorcycles) (Amendment) Regulations, 2024"
21,"In compliance with the Statutory Instruments Act, Cap. 2A, the Cabinet Secretary, National Treasury and Economic Planning has developed the following draft Regulations:

In compliance with the same Act and Article 201 of the Constitution, the Commissioner General, on behalf of the Cabinet Secretary, National Treasury and Economic Planning, invites interested members of the public, professionals and stakeholders to submit their inputs and comments for consideration in finalizing the Regulations. The draft Regulations have been posted on the KRA website (www.kra.go.ke) for download."
21,"PUBLIC NOTICES 28/10/2019

Address"
21,"The Tax Procedures (Alternative Dispute Resolution) Regulations, 2019"
21,"Kenya Revenue Authority (KRA) would like to inform the members of the public that the draft Tax Procedures (Alternative Dispute Resolution) Regulations, 2019 have been developed and currently hosted on the KRA’s website: www.kra.go.ke.

In order to ensure wide consultation and public participation as stipulated in the Constitution of Kenya, 2010, KRA invites members of the public to submit their views and comments on these draft regulations."
21,"The Tax Procedures (Tax Agents) Regulations, 2019"
21,"Kenya Revenue Authority would like to inform members of the public that the Tax Procedures (Tax Agents) Regulations, 2019 have been developed and are currently hosted on the Kenya Revenue Authority website.

In order to ensure wide consultation and public participation as stipulated in the Constitution of Kenya, 2010, the Kenya Revenue Authority invites institutions, organizations and the public to submit their views and comments on these draft regulations."
21,"Turnover Tax and Presumptive Tax Regulations, 2019"
21,"Kenya Revenue Authority (KRA) would like to inform the members of the public that the draft Income Tax (Turnover Tax and Presumptive Tax) Regulations, 2019 have been developed and are currently hosted on the KRA’s website: www.kra.go.ke

In order to ensure wide consultation and public participation as stipulated in the Constitution of Kenya, KRA invites members of the public to submit their comments on these draft regulations."
21,Presumptive Tax
21,"Kenya Revenue Authority would like to notify the public that in accordance with Finance Act, 2018, the Presumptive Tax became payable from 1st January 2019.

Persons acquiring or renewing business permit or licence at the County, will pay this tax at the rate of 15% of the business permit fee or licence payable. This tax will only apply where the turnover from business is less than shillings five million (5,000,000) per annum."
21,"All Kenyans will now be paying their fair share of taxes. Following the recent amendments to the law, the government has introduced a simpler tax regime for Micro and Small Enterprises (MSEs) where they will be paying taxes through simplified processes including; mobile phone payment platforms. Under the simplified regime, taxpayers will not be required to prepare complex records of account. The eligible taxpayers will only be required to keep a daily gross sales record. Eligible taxpayers are reminded that the January Turnover Tax (TOT) payment is due on 20th February, 2020. KRA has been consulting with concerned stakeholders to facilitate them to register and pay the taxes due.

Understanding Turnover Tax and Presumptive Tax"
21,"Draft Value Added Tax (Digital Marketplace Supply) Regulations, 2020"
21,"Following the amendments to the VAT Act, 2013 by the Finance Act, 2019, clarifying that VAT is applicable to supplies made through a digital marketplace, the Kenya Revenue Authority would like to inform members of the public that the draft VALUE ADDED TAX (DIGITAL MARKETPLACE SUPPLY) REGULATIONS, 2020 have been developed and are currently hosted on the Kenya Revenue Authority website.

To ensure wide consultation and public participation as stipulated in the Constitution of Kenya and the Statutory Instruments Act, 2013, the Kenya Revenue Authority invites sector players, tax professionals and members of the public to submit their comments on the draft regulations."
21,"Kenya Revenue Authority (Kenya School of Revenue Administration) Regulations, 2021"
21,"Kenya Revenue Authority informs members of the public and stakeholders that the draft Kenya Revenue Authority (Kenya School of Revenue Administration) Regulations, 2021 have been developed and are currently hosted on here.

To ensure wide consultation and public participation as stipulated in the Constitution of Kenya and the Statutory Instruments Act, the Kenya Revenue Authority invites institutions, organizations, individuals and the public to submit their comments on these draft regulations."
21,Service of Notice of Appeal on the Commissioner
21,"Kenya Revenue Authority informs the Public, Law society of Kenya (LSK), Institute of Certified Public Accountants (ICPAK), Tax Agents, Tax Representatives and all persons who file appeals on Tax matters to the Tax Appeals Tribunal, High Court and the Court of Appeal, that with effect from 1st March 2021, the service of the Notice of Appeal to the Commissioner should be done through iTax.

This requirement is aimed at facilitating the implementation of the decisions made by these appellate bodies."
21,Service of Court and Tax Appeal Tribunal Documents
21,"Kenya Revenue Authority informs members of the public that copies of documents filed with the Courts and The Tax Appeals Tribunal shall be served on the Commissioner Legal Services & Board Coordination through the following email address: LegalServices@kra.go.ke;

A copy of the Notice of Appeal to the Tax Appeals Tribunal served as above shall then be uploaded on the KRA iTax system by appellant."
21,Payment of Parking Fees & VIP Authorised Car Parking
21,"The Kenya Revenue Authority (KRA) and the Nairobi City County Government have received numerous complaints from motorists disputing penalties imposed for failure to pay parking fees. In order to address these complaints, parking attendants in county uniform will henceforth photograph the number plates of non-compliant motor vehicles for reference purposes in case of disputes. Motorists utilizing Nairobi City County parking slots are therefore advised to ensure prompt payment of parking fees and seasonal fees through the authorized USSD payment mode (*647#).

Additionally, the public is notified that the 2020 Annual VIP Parking stickers expired on 31st December 2020 and therefore are no longer valid. The 2021 Annual VIP authorized vehicles are now being managed through the Nairobi Revenue System (NRS) Parking system. A list of all vehicles that qualify for VIP parking have been uploaded into the NRS Parking system. Physical VIP parking stickers will no longer be recognized. KRA parking attendants will henceforth use querying devices to confirm compliance status of such vehicles."
21,Deputy Commissioner County Revenue
21,Public Auction for Gazetted Goods at the Port of Mombasa and Container Freight Stations in Mombasa
21,"Pursuant to Section 42 of East African Community Customs Management Act 2004, the Commissioner of Customs and Border Control intends to carry out a Public Auction for gazetted goods currently lying in the Port of Mombasa and respective Container Freight Stations in Mombasa.

Members of the Public are invited to participate in the Customs online auction from 14th August 2023 to 20th August 2023. The online auction portal can be accessed through the website www.customsauction.kra.go.ke"
21,"The Kenya Revenue Authority (KRA) wishes to notify all VAT registered taxpayers and the public that the new Electronic Tax Registers (ETRs) that are compliant with the Tax Invoice Management System (TIMS) are now subject to an automated activation process through the iTax System. In this regard, KRA will no longer issue approval letters for the purchase of non TIMS compliant ETRs to newly VAT registered taxpayers or taxpayers intending to replace their existing ETRs.

Consequently, suppliers of ETRs are notified to cease supply of Electronic Tax Registers that are not compliant with the Value Added Tax (Electronic Tax Invoice) Regulations, 2020 effective 15th January 2022."
21,Roll Out of Cargo Monitoring Booking Module for Goods Under Customs Control & Transit Motor Vehicle Units’ Drivers
21,"Kenya Revenue Authority wishes to notify all stakeholders of the planned roll-out of a module to enhance management of cargo under customs control. The module will enable licensed transporters under the C40, Transit Goods License/s (TGL) Regimes, and Transit Motor Vehicle (MV) Units Drivers to book their trucks for arming whenever they intend to load cargo at any designated Customs Area. The key objective is to improve operational efficiency at the loading points.

In view of this, the authority has scheduled online sensitization sessions for the licensed Transporters/ Logistics firms and MV Units Drivers who convey goods under customs control, that will be held from 27th to 1st July 2022 as follows:"
21,"Regulations Under the Excise Duty Act, 2015 and The Value Added Tax Act, 2013"
21,"In compliance with the Statutory Instruments Act, the The Commissioner General on behalf of the Cabinet Secretary, the National Treasury and Economic Planning, has reviewed the subsidiary legislation listed below and made the following draft regulations:

In compliance with the same Act, and on behalf of the Cabinet Secretary, the National Treasury and Economic Planning, the Commissioner General invites interested members of the public and stakeholders to submit their inputs and comments for consideration in the finalising of the above regulations. These draft regulations have been posted on the KRA website, www.kra.go.ke. You may download the same for your reference."
21,"DRAFT INCOME TAX (TRANSFER PRICING) RULES, 2023"
21,"In compliance with the Statutory Instruments Act, 2013 the Commissioner General on behalf of the Cabinet Secretary, National Treasury and Economic Planning, has reviewed the Income Tax (Transfer Pricing) Rules 2006 and hereby developed the Draft Income Tax (Transfer Pricing) Rules, 2023.

In compliance with the same Act, and on behalf of the Cabinet Secretary, the National Treasury and Economic Planning, the Commissioner General invites interested members of the public, professionals and stakeholders to submit their inputs and comments for consideration in finalizing the rules. The draft rules have been posted on the KRA website. You may download the draft rules for your reference."
21,Service Of Objection Notices
21,"Kenya Revenue Authority informs taxpayers that all notices of objection lodged under section 51(2) of the Tax Procedures Act and the attendant documents (“a taxpayer who disputes a tax decision may lodge a notice of objection to the decision, in writing, with the Commissioner within thirty days of being notified of the decision”), shall be served to the Commissioner in charge of the Legal Services & Board Coordination by uploading them on iTax

Documents that cannot be uploaded on iTax for any reason shall be served to the Commissioner Legal Services & Board Coordination through the email LSBCIROStaff@kra.go.ke or hand delivered to the Independent Review of Objections (IRO) offices in the following locations:"
21,Declaration of Mobile Devices Incorporating IMEI Numbers at Importation
21,"Kenya Revenue Authority (KRA) is mandated to collect revenue on behalf of the Government of Kenya. Among the tax laws and regulations it administers, KRA also administers the East African Community Customs Management Act (EACCMA, 2004).Pursuant to Part B of the Second Schedule to the East African Community Customs Management Act (EACCMA, 2004), on restricted imports, mobile devices require regulatory permits from the Communications Authority of Kenya (CA).Following the Communication Authority of Kenya’s (CA) public notice on enhancing the integrity and tax compliance of mobile devices, Kenya Revenue Authority (KRA) hereby notifies all importers of Mobile devices and travelers of the following Customs requirements to implement the CA’s requirements:

One must also obtain necessary regulatory clearances and permits from the Communications Authority of Kenya (CA)."
21,Collection of Sugar Development Levy by Kenya Revenue Authority
21,"The Kenya Revenue Authority (KRA) informs millers and importers of sugar and members of the public that the Cabinet Secretary for Agriculture and Livestock Development has appointed KRA as the ‘Collector’ of the Sugar Development Levy imposed through Legal Notice 113 of 2025, the Sugar (Sugar Development Levy) Order, 2025.

The Order imposes the levy on millers and importers of sugar, effective 1st July 2025."
21,"DRAFT INCOME TAX (SIGNIFICANT ECONOMIC PRESENCE TAX) REGULATIONS, 2025"
21,"In compliance with the Statutory Instruments Act, Cap. 2A, the Commissioner General on behalf of the Cabinet Secretary, National Treasury and Economic Planning, has developed the draft Income Tax (Significant Economic Presence Tax) Regulations, 2025.

In compliance with the same Act, the Commissioner General, on behalf of the Cabinet Secretary, the National Treasury and Economic Planning, invites interested members of the public, professionals and stakeholders to submit their inputs and comments for consideration in the finalisation of the Regulations. You may download the draft Regulations for your reference."
21,Commissioner at KRA and the Head of the Kenya School of Revenue Administration (KESRA)
21,"BLOG 30/04/2020

Did you find this content useful?"
21,The Team Of Washington Capital Group
21,Voluntary Tax Disclosure Programme; What are the Benefits?
21,"Imagine being in a situation where you are laden with several debts and wondering how you will get the money to sort it out. Part of the debt obligation, is tax liabilities that you owe Kenya Revenue Authority due to penalties and interest that have accumulated for not filing returns and making payments on time. When you remember your bank account, it paints a bleak picture. In that pensive state, you then come across information on Voluntary Tax Disclosure Programme (VTDP) and right there, some hope dawns on you.

Voluntary Tax Disclosure Programme is a where a taxpayer confidentially discloses tax liabilities that were previously undisclosed to the Commissioner for the purpose of being granted relief of penalties and interest of the tax disclosed. The disclosures eligible for this programme are from 1st July 2015, to 30th June 2020. Five years of penalties and interest being waived is a huge relief to anyone in a debt. It gets better since one is given 100% waiver on penalties and interest if the disclosure is made during the first year of the programme and tax liability paid within the same year. However, one gets a waiver of 50% if the disclosure is made and tax liability paid in the second year of the programme, and 25% if it is done in the final year of the programme."
21,Margaret Gachina
21,Turnover Tax designed to make small businesses more compliant
21,"To foster economic growth and development, governments need sustainable sources of funding for its development. Globally, taxes have been the primary source of revenue and essential fuel on which most governments run.

In order to boost revenue collection in Kenya, the Kenya Revenue Authority (KRA) through the Finance Act 2006, introduced a ‘simpler’ tax regime for Micro and small enterprises (MSMEs) dubbed Turn Over Tax (TOT)."
21,KRA set to Engage at the 47th EAC Commissioners General (EARACGs)
21,"All Heads of East African Revenue Authorities (EARA) will be camping at the Club Dulac Hotel in Bujumbura, Burundi from 30 – 31 January, 2020 for the biannual Commissioners’ General forum. Mr. Audace Niyonzima, Burundi’s revenue agency, Office Burundais des Recettes (OBR) Commissioner General will host his EAC peers for and experience and accountability-laden 47th engagement as the regional agencies hold discussions and deliberate on decisions that will drive cooperation in revenue administration.

Kenya Revenue Authority (KRA) Commissioner General (CG), Mr. Githii Mburu will be leading a high-level delegation of senior staff to the meeting (including Commissioner for Domestic Taxes, Mrs. Elizabeth Meyo, Commissioner for Legal Services & Board Coordination, Mr. Paul M. Matuku, Deputy Commissioner for Investigations & Enforcement, Dr. Edward Karanja, Head of Customs Policy, Mrs. Pamela Ahago, and the Norther Regional Coordinator Mrs. Charity Giteru among other senior staff). This will be Mr. Mburu’s first interaction with the other agency heads since his appointment as Commissioner General, and is expected to renew Kenya’s commitment to regional tax diplomacy through the forum."
21,CS Calls on Public to Collect Unclaimed IDs and Documents at Huduma Centres across the Country
21,C.S William Kabogo Highlights Progress and Strategies for Government Service Digitization and Digital Inclusion
21,Loxea Company Launches Electric Vehicles
21,KFCB steps up campaign of cleaning content production
21,Fish feed distribution to boost fish productivity in Lake Region
21,Health ministry rolls out new IT system for affordable care
21,Chiefs to lead Kenya’s climate initiative with monthly tree planting
21,Kenya ranked 3rd in Africa Global Cyber Security Index
21,"BasiGo secures Sh5.43b to deliver 1,000 electric buses across Kenya and Rwanda"
21,Muturi roots for premier institution to enhance public service excellence
21,Government officials urged to collaborate on Bottom-Up Economic Transformation Agenda
21,"CS RUKU: PRODUCTIVITY KEY TO EFFICIENT, CITIZEN-CENTRED PUBLIC SERVICE"
21,"The Government has reaffirmed its commitment to productivity reforms in the public service, citing them as a critical driver of economic growth, fiscal sustainability and improved service delivery.

Speaking during the closure of a two-week Training of Trainers (ToT) programme on Productivity Improvement at the Government Press in Nairobi, Cabinet Secretary for Public Service, Human Capital Development, Special Programmes and the Executive Office of the President, Geoffrey Ruku, said productivity is no longer an abstract reform agenda but a key delivery tool for national transformation."
21,Ministry Induction Training for Public Service Internship Programme Cohort VII Interns
21,"The Ministry of Public Service, Human Capital Development and Special Programmes today conducted the Induction Training for Interns under the Public Service Internship Programme (PSIP), Cohort VII — a remarkable initiation into the heart of public service.

Held at the Ministry’s offices, the training offered the young professionals an in-depth journey into the architecture of government operations. From detailed presentations about the Ministry's structure and its pivotal role in national governance to interactive sessions outlining each department’s specific functions under the current Executive Order, the interns were immersed in a world that shapes day-to-day service delivery to millions of Kenyans."
21,"The 6th Annual General Assembly and Conference of the African Association of Public Service Commissions (AAPSCOM) kicks off at Safari Park Hotel, Nairobi"
21,"Hon. Justin B. N. Muturi, Cabinet Secretary for the Ministry of Public Service and Human Capital Development, officially opened the 6th Annual General Assembly and Conference of the African Association of Public Service Commissions (AAPSCOMs) in Nairobi. The highly anticipated conference, which was initially scheduled for 2020 but delayed due to unforeseen challenges, has brought together public service leaders and experts from across Africa to address key issues affecting public service delivery on the continent.

Hon. Muturi, in his opening remarks, expressed his excitement at the opportunity to welcome delegates to Kenya, a country known for its resilience and capacity to overcome challenges. ""We are gathered here today to celebrate the resilience of Kenya and the importance of this conference in shaping the future of public service in Africa,"" he said."
21,Agricultural sector gets boost from strategic partnership with Denmark
21,Legal and Gazette Notice
21,"Gazette Notice - Appointment of the Steering Committee to Oversee the Transition from Cash to Accrual Accounting.

Gazette Notice – Transition from Cash to Accrual Accounting by the National and County Governments and Their Entities.P175017 SAFER Social Assessment March 6 2023"
21,"Landmark Policy Launch: Public Service Workplace Policy on HIV , AIDS and Other Syndemic Diseases 2025"
21,"Landmark Policy Launch: Public Service Workplace Policy on HIV , AIDS and Other Syndemic Diseases 2025

The Government has officially launched the Public Service Workplace Policy on HIV, AIDS, and Other Syndemic Diseases (2025) — a groundbreaking framework that reaffirms Kenya’s commitment to building safe, inclusive, and productive workplaces."
21,Narok to gain global access with Sh1.4b Maasai Mara airport
21,Sh8.1 billion Equalisation Fund projects unveiled in 34 counties
21,KUSP driving Kenya’s urban transformation
21,Over 200 security officers trained in wildlife conservation
21,Innovative soapstone dealer from Kisii transforms craft with inspiring artworks
21,Youth Enterprise Fund to be replaced by new Youth Fund focused on innovation and livelihoods
21,KenGen unveils key partnerships ahead of 2026 WRC Safari Rally
21,Thousands benefit as UFAA pays out Sh2.84 billion in claims
21,KeNHA steps up crackdown on overloaded trucks in Mombasa
21,Public Participation Launch of the Draft Assets Valuation Policy Framework for the Public Sector
21,"The National Treasury today launched public participation on the Draft Assets Valuation Policy Framework for the Public Sector at the Kenya School of Government, Mombasa.The forum, covering counties in the Coastal region, was officially opened by Mombasa County Commissioner Mohammed Nur Hassan. He said the exercise is aimed at sensitizing the public and collecting views to shape the Draft Policy.Hassan noted that public participation gives citizens a voice in how government resources are safeguarded and used for the benefit of all.Speaking at the forum, Chairman of the Assets Valuation Taskforce and Director of Asset Management at the National Treasury, FCPA Geoffrey Malombe, emphasized that the policy will strengthen asset management.“This policy is about accountability, efficiency, and ensuring that government assets work for the people,” he said.The forum brings together stakeholders from Mombasa, Taita Taveta, Lamu, Tana River, Kwale, and Kilifi Counties, alongside representatives of faith-based groups, professional bodies, and civil society. This wide representation is critical in capturing diverse voices across the Coast region, ensuring the Policy reflects local realities, builds trust, and strengthens national ownership ahead of implementation."
21,2014 Kenya Demographic and Health Survey (KDHS)
21,"The 2014 Kenya Demographic and Health Survey (KDHS) is designed to provide data for monitoring thepopula tion and health situation in Kenya. The 2014 KDHS is the sixth Demographic and Health Survey conducted in Kenya since 1989, and the objective of the survey was to provide reliable estimates of fertility levels, marriage, sexual activity, fertility preferences, family planning methods, breastfeeding practices, nutrition, childhood and maternal mortality, maternal and child health, HIV/AIDS and other sexually transmitted infections (STIs), and domestic violence that can be used by program managers and policymakers to evaluate and improve existing programs. Download Various Kenya Demographic Health Survey 2014 Reports…

Download detailed content of KDHS materials from National Data Archive (KeNADA)"
21,"Kenya, US Deepen Collaboration to strengthen National Health Systems"
21,"The National Treasury Cabinet Secretary Hon. John Mbadi alongside The Ministry of Health Cabinet Secretary, Hon. Aden Duale held a high-level engagement with US delegation led by Ms. Susan Burns, Chargé d’Affaires of the US Embassy, today at the National Treasury offices in Nairobi.The discussions centred on sustainable health financing and strategic partnerships with an agreement to establish a Joint Technical Working Group to drive collaboration and strengthen national health systems.Also present were Principal Secretaries Dr. Chris Kiptoo (The National Treasury), Dr. Ouma Oluga (Medical Services), Ms. Mary Muthoni (Public Health and Professional Standards), among other senior officials."
21,Public-Private collaboration to build an inclusive and flourishing ict ecosystem
21,"The Government is committed to enhancing collaboration with the private sector with an aim to build a thriving and inclusive ICT ecosystem that drives Kenya's digital transformation.

The Cabinet Secretary, Ministry of Information, Communications and the Digital Economy, Dr. Margaret Nyambura Ndung’u indicated that the government is committed to creating an enabling environment that fosters investment and positions ICT as a catalyst for growth across all sectors."
21,CS Ruku Vows to Deepen Public Service Reforms
21,"Cabinet Secretary for Public Service, Human Capital Development and Special Programmes, Geoffrey Ruku, has reaffirmed his commitment to enhancing public service delivery across the country, with a particular focus on marginalised regions.

Speaking at Kanyuambora, Embu County as he conducted citizen participation meetings with the residents, the CS underscored the Ministry’s ongoing nationwide initiative to collect citizen feedback and assess the effectiveness of government service structures."
21,"County scales up mental health services with 3,689 trained workers"
21,"Nakuru County has trained 3,689 health workers to offer specialised mental health support, in a move aimed at strengthening community-level mental health services.

The health workers who comprise 3,459 Community Health Promoters (CHPs) and 230 nurses and clinicians, are expected to offer first-line support and initial psychosocial care for mental health disorders, raise awareness, and refer affected community members to specialized mental health services where necessary."
21,"Public service boss pushes accountability integrity, efficiency in transport services"
21,"Chief of Staff and Head of Public Service, Felix Koskei, has directed staff in the State Departments of Roads and Transport to uphold integrity, accountability, and efficiency in service delivery.

Koskei underscored that procurement, project implementation, enforcement and service delivery must reflect the highest standards of transparency and impact."
21,State to settle Sh30b NHIF debt amid shift to new health fund
21,"JANE NGUGI- KNA

The Government will settle the Sh30 billion owed to hospitals by the defunct National Health Insurance Fund (NHIF) as part of the ongoing transition to the Social Health Insurance Fund (SHIF)."
21,BORROWING BY THE NATIONAL TREASURY
21,Directorate of Public Debt Management
21,"Every financial year, the Government borrows to finance fiscal deficit as stipulated in the Budget Policy Statement and also to pay off maturing debts. The Medium-Term Debt Management Strategy gives the borrowing composition optimising costs and risks of public debt management. The Government borrows from external and domestic sources. From the external sources, money is raised loans, (bilateral, multilateral or syndication) and issuance of international sovereign bonds while from domestic sources, money is raised through Treasury bills and bonds.

Domestic issuance of securities is through the Central Bank of Kenya as fiscal agent of the Government."
21,Treasury Bills
21,Auction Rules
21,Treasury Bonds
21,"To lend to Government, an investor submits a bid of an amount to be invested and defines interest. Every submitted bids must comply with the following rules and guidelines:"
21,Borrowing through Eurobonds/International Sovereign Bonds
21,Borrowing through Private Placements of Government Bonds Securities
21,Borrowing through loans
21,"The Government can also raise money through selling of bonds to pre-selected investors, banks and other financial institutions, mutual funds, insurance companies, and pension funds through private placement."
21,Bilateral Sources
21,Funding through Public Private Partnership Model
21,Borrowing through Export Credit Agency Loans
21,"Under the Public Private Partnership Act, 2021, Government entities can contract private sector entities to provide public utilities through long-term contractual agreements. PPP model provides public services through private sector which bears a significant amount of risk and management responsibility in return for revenue from charged services or availability payments from Government. The PPP arrangement builds on the expertise that the private sector brings in effectively managing PPP projects while the public entity ensures that the overarching social obligations are met."
21,Lending to Government
21,"New public ferry to connect Kisumu, Homa Bay and surrounding islands"
21,"Plans to boost water transport on Lake Victoria are gathering momentum as the government moves closer to launching a new public ferry expected to transform the movement of people and goods across the region.

The project received a major boost after the National Treasury allocated Sh150 million in the 2026/2027 budget to complete the vessel, which is being assembled by Kenya Shipyards Limited in Kisumu."
21,"State begins distribution of laptops, smart boards to public junior schools"
21,"The Government has begun distributing laptops and interactive smart boards to 10,382 public junior schools across the country.

Under the programme, each school will receive one laptop and one interactive smart board in a move aimed at strengthening digital learning and supporting the implementation of the Competency-Based Education (CBE) framework."
21,Newborn care training program launched to reduce neonatal deaths
21,"The Government has rolled out guidelines for comprehensive newborn care in a bid to reduced neonatal deaths.

Health Cabinet Secretary Deborah Barasa said the newborn care training package is meant to give health care workers skills on how to take care of newborns."
21,State moves to reinforce transparency and good governance in cooperative societies
21,"The Government is planning to develop and implement several legal frameworks to revitalize the cooperatives movement which currently is facing challenges.

Cabinet Secretary for Cooperatives, Micro, Small and Medium Enterprises (MSMEs) Wycliffe Ambetsa Oparanya said the government is on the verge of finalizing the Cooperatives Bill No. 7 of 2024 that will enhance governance and legal collaboration between the national and county governments."
21,Treasury releases Sh109.9 billion for basic education
21,"The Treasury has disbursed Sh109.9 billion as capitation for basic education ahead of schools reopening next year.

The funds have been allocated across the three levels of basic education, with secondary schools receiving the largest share of Sh65.2 billion for free day secondary education."
21,Judiciary takes major step forward with digital tools to reduce case backlogs
21,"The Ministry of Information, Communications, and the Digital Economy (MICDE) is committed to supporting the Judiciary’s ongoing digital initiatives, which are crucial for reducing case backlogs, streamlining processes, and ultimately delivering faster, more transparent justice.

Dr. Margaret NyamburaNdung’u, the Cabinet Secretary for MICDE, stated that the Ministry is spearheading the digitalization of government services and has already digitized over 19,000 services, significantly enhancing service delivery to the public."
21,"Kenya’s Special Economic Zones create 7,000 jobs, contribute Sh91b to GDP"
21,"Special Economic Zones (SEZs) in Kenya have significantly contributed to the country’s economic growth, creating over 7,000 direct jobs, including 3,000 jobs in the past 12 months alone.

The zones have also contributed approximately Sh91 billion to Kenya’s Gross Domestic Product (GDP), demonstrating the critical role SEZs play in the nation’s economic development, said Dr. Juma Mukhwana, the Principal Secretary for the State Department of Industry."
21,Kenya rallies RECSA member states to support the Nairobi Protocol and combat illicit arms to secure the region
21,"The Ministry of Interior and National Administration has held the 15th Technical Advisory Committee (TAC) meeting of the Regional Center on Small Arms (RECSA) with the aim of addressing the persistent challenge of Small Arms and Light Weapons (SALW) proliferation in the Great Lakes Region and Horn of Africa.

Additionally, the meeting was also intended to combat illicit arms proliferation, ensuring a safer and more secure future for the region."
21,"Government plans to double milk production, boosting small-scale farmers’ incomes"
21,"The Government has outlined plans aimed at doubling milk production in the country from 5.2 billion to 10 billion liters annually. T his initiative will boost small-scale farmers’ average monthly incomes to Sh56,000.

Agriculture and Live stock Development Cabinet Secretary (CS) Dr. Andrew Karanja stated that achieving these ambitious goals requires focused, collaborative efforts from all stakeholders to address challenges in productivity, value addition, and market access for milk and dairy products."
21,Kangema residents celebrate as Michuki Technical gains national polytechnic status
21,"The residents of Kangema SubCounty in Murang’a are jubilant following the recent elevation of the Michuki Technical Training Institute to a national polytechnic.

Located in the heart of Murang’a County, residents say this move will not only transform the local education sector but also improve their socio-economic status."
21,"Narok County is poised to become a direct gateway to the world-renowned Maasai Mara following the ongoing construction of a Sh1.4 billion international airport, a project expected to significantly transform the region’s economy.

Governor Patrick Ole Ntutu said the flagship infrastructure project, jointly funded by the county and national governments, will enhance accessibility and connectivity to the Maasai Mara, one of the world’s leading tourism destinations."
21,Murang’a Gakoigo Stadium project to commence following Sh900m funding
21,"The Government has set aside Sh900 million for the construction of a modern Gakoigo Stadium in the Samar area of Murang’a, a move aimed at boosting sports development and nurturing local talent.

Principal Secretary for the State Department for Sports, Elijah Mwangi has noted that the facility is expected to be completed within nine months and will play a central role in reviving sporting activities in Murang’a County and its environs."
21,Eldoret–Iten Water Fund hits critical milestone with Government support
21,"The Government has reiterated its dedication to sustainable water management and climate resilience as the Eldoret–Iten Water Fund moves into a pivotal phase on its path to becoming an independent trust.

Speaking during the 4th Project Steering Committee hybrid meeting, Principal Secretary for Environment and Climate Change, Dr. Festus Ngeno, said the Global Environment Facility (GEF)-funded project has made significant progress three years into implementation."
21,"Kenya and Denmark have agreed to expand collaboration in the agricultural sector focusing more on food and feed safety, innovation and market access.

The partnership, according to Agriculture Cabinet Secretary Dr. Andrew Karanja, operates under the Strategic Sector Cooperation (SSC) Framework (2016-2026), aims to enhance agricultural production, productivity, improve food safety standards, and drive sustainability in the agricultural sector."
21,Kenya Film Commission pushes for bold investment in Film and Creative sectors
21,"Across Africa, the creative industries are stepping into the spotlight as powerful engines of cultural preservation, economic growth and social cohesion.

From film and television to animation, gaming, and digital content, these sectors are no longer viewed merely as sources of entertainment."
21,Kajiado County now takes over management of Amboseli Park
21,"Amboseli National Park is now officially under the management of the Kajiado County Government.

The move follows the Cabinet’s approval of the transfer of the management from the national to the county government."
21,State rolls out 2 million bags of subsidized fertilizer to growers
21,"The Government has begun distributing two million bags of subsidized fertilizer, providing relief to over six million farmers across the country.

Under the National Fertilizer Subsidy Programme, Principal Secretary for Agriculture, Dr. Paul Ronoh, said the consignment will be delivered to 354 National Cereals and Produce Board (NCPB) depots nationwide, as well as to cooperative societies and certified Kenya Tea Development Agency (KTDA) depots, making it accessible to farmers."
21,PPB steps up efforts to fight illegal pharmaceutical trade
21,"ANNE MWALE AND MEGG NJOKI-KNA

The Pharmacy and Poisons Board (PPB), in collaboration with the National Police Service, has launched an operation to eliminate the unauthorized distribution, wholesale, and transportation of pharmaceuticals in a renewed effort to strengthen pharmaceutical regulation across Kenya."
21,"Agriculture initiative targets 5,000 women,youth for income growth"
21,"At least 5,000 women and youth in Kirinyaga and Embu counties are set to benefit from a new financing and livelihood program aimed at boosting household incomes through climate-smart and regenerative agriculture.

The initiative, dubbed the Flourish Project, is being implemented by the Rainforest Alliance with funding from the Coca-Cola Foundation."
21,Government to map out medical facilities to ensure quality services under SHA
21,"JOSEPH NG’ANG’A-KNA

The Government is working with the Kenya Medical Practitioners and Dentists Council (KMPDC) and the Kenya Health Professions Over sight Authority (KHPOA) to map out health facilities, ensuring they are manned by professionals and offering quality health services to Kenyans."
21,State accelerates mangrove recovery along Coast under tree-planting plan
21,"The Government has stepped up efforts to restore degraded mangrove ecosystems along the Coast in support of the national campaign to plant 15 billion trees by 2032.

Speaking during a mangrove planting exercise at Miritini in Mombasa County, the Conservation Secretary, the State Department for Wildlife, Dr. John Chumo, said the initiative aims to boost Kenya’s forest cover from below the constitutional threshold of 10 per cent to at least 30 per cent."
21,"10,000 households benefit from KVDA water projects in Baringo"
21,"FRED KIBOR-PCO

It is a sigh of relief to over 10, 000 families spread across Baringo County who previously trekked long distances in search of water after Kerio Valley Development Authority (KVDA) set up several water infrastructure in the region to mitigate the scarcity."
21,"EVALYNE GITHINJI -PCO

Kenya has been ranked 21st glob ally, and third in Africa, in the Global Cyber Security Index just released by the International Telecommunication Union (ITU)."
21,"Child care institutions are not closing down, government clarifies"
21,"Charitable Children Institutions (CCIs) will continue to operate despite ongoing reforms aimed at transitioning vulnerable children from institutional care to family- and community-based care systems.

Nyeri County Children’s Coordinator Joseph Mburu said the reforms are not intended to shut down children’s homes, but rather to strengthen child protection services while ensuring that the institutions remain key partners in supporting vulnerable children."
21,"Kenya continues to strengthen its engagement in global environmental diplomacy through strategic partnerships and high-level dialogue.

The Cabinet Secretary for Environment, Climate Change and Forestry, Dr. Deborah Barasa, said that these platforms provide an opportunity to advance shared climate priorities and reinforce collective action on sustainability."
21,Construction of Sh1 billion Kabarnet University now begins
21,"The Government has officially launched the construction of the first public university in Baringo County.

The institution, Kabarnet University College, is being established in Kabarnet town, the county headquarters, and is expected to transform both education and local economic development."
21,Murang’a farmers practicing agro-ecology set to benefit from sale of carbon credits
21,"By Purity Mugo (KNA)

Murang’a farmers in agro-ecology are set to benefit from the sale of carbon credits following the entry of an agent, Now Partners Foundation that has teamed up with the county government and other stakeholders to activate carbon credit trade."
21,Economic Fraud – PT Unified Trade’s Role
21,PT Unified Trade – A Great Payment Provider
21,"As said, one of the priorities at PT Unified Trade is to provide a wide clientele the best protection in financial transactions and payments that take place in the internet. This is not all, though.

Actually, the team of expert professional at PT Unified Trade works also with a view to fight against all economic frauds."
21,Online PT Unified Trade Reviews
21,Sh 3.2b maritime centre opened to bolster search and rescue efforts
21,"BY ABYGAEL SAMBA AND MICHELLE WANGA (PCO)

The Kenya Maritime Authority (KMA) has unveiled a Sh3.2-billion maritime rescue center to enhance the provision of optimal and efficient search and rescue services within the Lake Victoria region and other inland water bodies."
21,"BY MUTURI MWANGI, KNA

Plans are underway to construct feedlots in the 490 wards in arid and semi-arid lands (ASALs) to cushion pastoralists from adverse effects of drought."
21,"KNA by Anne Mwale

The Government has assured Kenyans that no contracted health provider under the Social Health Insurance Fund (SHIF) will deny members access to dialysis, cancer or maternity services."
21,Leading Economic Indicator June 2017
21,Department to support producers to adopt new technologies to increase animal feed production
21,"By Kennedy Nyambane (PCO)

The State Department for Livestock Development has put in place mechanisms to support producers to adopt suitable technologies to increase animal feed production and reduce national deficits from 60 per cent to 40 per cent by producing seeds, fertilizers, and agro chemicals."
21,Horticultural export sector players adjust to stricter EU rules amid rising climate concerns
21,"Horticultural export sector stakeholders have been advised to adhere to the new standards set for the European market to continue to export their products to the market.

The Chairman of the Naivasha Horticultural Fair Mr. Richard McGonnell said the restricted standards were recently set by the European Union to ensure environmental safety in the face of the rising climate change challenge."
21,"Dairy farmers receive timely payments for the first time, thanks to state reforms"
21,"ROP JANET-KNA

The Government is committed to clearing all debts owed to dairy farmers by the New Kenya Cooperative Creameries (KCC). Cooperatives and MSME Development Cabinet Secretary Wycliffe Oparanya revealed that, for the first time, dairy farmers received their October 2024 payments on time."
21,Tourism Fund projects Sh8.05b revenue to boost Kenya’s tourism sector
21,"JOSEPH NG’ANG’A-KNA

The Tourism Fund has projected a revenue base of Sh8.05 billion over the next five years as it seeks to ensure sustainable financing for the development of the tourism sector."
21,Gov't rolls out 10-day mobile ID registration exercise across Nandi
21,"Residents of Nandi County have welcome a mobile registration exercise for national identity cards and birth certificates across all wards in the county.

During the 10-day exercise, conducted by the State Department for Immigration and Citizen Services, registration officers stationed at selected public institutions, chiefs’ camps and market centres were trained to bring services closer to Kenyans, especially those living in remote areas."
21,Government brings civil registration services closer to Vihiga residents
21,"The Department of Civil Registration has established offices across all six sub-counties in Vihiga County to bring services closer to residents.

Sabatia Sub-County Civil Registrar Edwin Nganga said residents of Sabatia previously had to travel to Mbale, the county headquarters, to obtain birth and death certificates—a process that was costly and inconvenient."
21,Copyright Board moves to review Act to protect content creators
21,"The Government , through Kenya Copyright Board, is reviewing the country’s copyright laws to keep up with the demands of the current online environment, Kenya Copyright Board (KECOBO) Deputy Director, Sharon Chahale Wata has said.

Speaking in Siaya town, Wata said the Kenya Copyright Bill(amendment), 2026 seeks to align the protection of intellectual property with the 2010 constitution and ensure that the country’s creatives are properly protected against exploitation."
21,State injects Sh31 billion into affordable housing projects in Mombasa
21,"The Government, through the Ministry of Lands, Housing and Urban Development, has invested heavily in affordable housing projects in the Port City of Mombasa as part of efforts to spur social and economic transformation.

The ambitious projects aim to strengthen Mombasa’s position as the country’s second capital after Nairobi and a key gateway to East Africa through the port, amid rapid urbanisation."
21,"Kiambu County has achieved a major milestone in healthcare innovation following the successful conduct of its first telemedicine-assisted surgery.

The breakthrough is expected to strengthen specialized medical care, training, and collaboration among health professionals across the County."
21,Mvurya-KDC gives Sh300 million loan to Murang’a Sacco for lending to SMEs
21,"By Mutiso Mbithi(MyGov)

The Kenya Development corporation (KDC) has disbursed a Sh300 million loan to a Murang’a based Sacco to facilitate support for Micro, Small and Medium-sized Enterprises(MSMEs) under a state-backed credit scheme facilitated by the Ministry of Investments, Trade and Industry."
21,KenGen’s Olkaria Green Energy Park declared Customs Controlled Area
21,"Kenya Electricity Generating Company (KenGen) has achieved a key regulatory milestone for its Green Energy Park in Olkaria, Naivasha, following its official gazettement as a Customs Controlled Area.

This designation unlocks tax and customs incentives under the Special Economic Zone (SEZ) framework, firmly establishing the park as a hub for green industrialisation."
21,Konza City positions itself as Africa’s innovation hub with first-of-its-kind waste system
21,"Konza Technopolis, Africa’s leading smart city and one of Kenya’s flagship development projects, is reinforcing its role as a hub of innovation through the launch of the continent’s first automated pneumatic solid waste management system and the establishment of a worldclass science and technology university.

The automated waste management facility, commissioned by President William Ruto in October 2025, represents a major milestone in sustainable urban infrastructure."
21,What is Government Advertising Agency (GAA)?
21,FAQs
21,"Government Advertising Agency (GAA) is a department within the State Department for Broadcasting and Telecommunications under the Ministry of Information, Communications and the Digital Economy. GAA was established to Centralize Public Sector Advertising."
21,What services does GAA offer?
21,State deploys 13 milk coolers to cut dairy losses in Kirinyaga
21,"More than 17,500 dairy farmers in Kirinyaga County are set to benefit from improved milk preservation, reduced post-harvest losses, and higher earnings following the distribution of 13 bulk milk coolers worth Sh90 million by the national government.

The milk coolers, which have a combined daily storage capacity of 35,000 litres, are expected to strengthen the dairy value chain by improving milk quality, enhancing storage capacity, and enabling cooperative societies to access better markets."
21,Infrastructure boost as Northern Corridor states approve new development budget
21,"The Northern Corridor member states have approved a budget of $6.83 million (Sh884.6 million) for the 2026/2027 financial year to accelerate regional infrastructure development, enhance cargo movement and strengthen trade facilitation as cargo movements from the Port of Mombasa continues to rise.

The approved budget of $6,832,626 represents an increase of about $2.2 million (Sh284.94 million) from the previous year’s allocation of $4,548,926, underscoring member states’ commitment to improving transport and logistics infrastructure across the region."
21,Roundtable on Enabling Business Environment
21,"PS Dr. Chris Kiptoo, this morning, reiterated the Government’s strong commitment to enabling private sector growth during a business roundtable with leaders from the manufacturing and investment sectors.

Speaking at the forum hosted by the Ministry of Investments, Trade, and Industry (MITI)—in partnership with the Kenya Investment Authority (KenInvest) and the Kenya Private Sector Alliance (KEPSA)—Dr. Kiptoo said the Government is keen on maintaining a stable and predictable fiscal and regulatory framework to support industrial expansion and attract long-term investment."
21,"CS meeting with Director General- Budget,Fiscal & Economic Affairs, Director - Budget and Fund Managers."
21,"CS The National Treasury & Economic Planning, Hon. John Mbadi held a roundtable meeting with a consortium of Private Sector Fund Managers with the aim of leveraging on provision of an enabling environment for Private Asset Management (PAM) Institutions as a catalyst for the country's economic growth. The government's focus shifting more to domestic funding, PAM plays a critical role in stimulating economic growth through managing interest rates with a view to optimize the Return On Investments and managing debt to minimize interest payments.

The team was led by Mr. Churchill Ogutu of IC Group."
21,The launch of the Electronic Government Procurement System.
21,"The Cabinet Secretary for the National Treasury and Economic Planning, Hon. FCPA John Mbadi Ng’ongo, EGH, on Monday, April 7th, 2025 officially launched Kenya’s long-awaited e-Government Procurement (e-GP) system, marking a major step in the country’s digital transformation agenda, at the Kenya School of Government- Kabete.

Speaking during the launch, CS Mbadi said the rollout of the e-GP system is aligned with the government’s broader goal of delivering 80% of public services online under the Digital Superhighway Agenda. He termed the reform a key pillar in enhancing efficiency, accountability, and value for money in the use of public funds. “This is not only a technological shift but a policy action grounded in our Constitution and supported by global best practices."
21,CS urges Africa to add value to commodities to boost farmers’ earnings
21,"The Kenyan government and the private sector have emphasized the need for Africa to strengthen its commodity value chains to enhance global competitiveness and boost earnings for farmers and economies.

Speaking during a high-level forum in Nairobi, Cabinet Secretary for Environment, Climate, and Forestry Dr. Deborah Barasa emphasized that Africa must move beyond exporting raw commodities and instead focus on adding value to products such as coffee, tea, and cocoa."
21,"The Government has fully met its financial obligations to the Confederation of African Football (CAF) as Kenya moves steadily toward co-hosting the 2027 Africa Cup of Nations (AFCON).

Cabinet Secretary for Youth Affairs, Creative Economy and Sports, Salim Mvurya, confirmed that the Government has remitted the required USD 30 million hosting fee to CAF, reaffirming Kenya’s credibility, readiness, and steadfast commitment to delivering a successful continental tournament."
21,"KPA awards Sh5.5 billion in contracts, boosting inclusivity in procurement"
21,"Kenya Ports Authority has awarded contracts worth Sh5.5 billion, surpassing the allocated 30 per cent compliance budget.

According to the General Manager of Procurement and Supply Chain Management at KPA Eveline Shigoli, the milestone was reached by actively involving disadvantaged groups in the procurement processes."
21,Government pledges to settle Sh9b debt owed by cof fee farmers
21,"The Government is committed to clearing off the Sh9-billion debt owed to financial institutions by hundreds of coffee farmers in the country.

The Cabinet secretary for Cooperative and Micro Small and Medium Enterprises (MSME) Wycliffe Oparanya stated that the Government is devoted to paying the accumulated debt on behalf of coffee growers as part of boosting their morale to produce more beans."
21,KENHA automates weighbridges to ease traffic congestion in Northern Corridor
21,"The Kenya National Highway Authority (KENHA) has fully automated weighbridges along the Northern Corridor, a strategic move aimed at addressing persistent traffic congestion.

The corridor, which connects the Port of Mombasa to landlocked countries like Uganda, Rwanda, and South Sudan, is crucial for regional trade."
21,Efforts underway to identify fallen African soldiers of World War I
21,"Efforts to identify the fallen African soldiers who fought and died during World War I are underway.

Speaking in Taveta during the eighth commemoration of the fallen soldiers at the Commonwealth War Graves Cemetery, Deputy Commander of the Kenya Navy Brigadier John Kiswaa emphasized the importance of identifying the African soldiers who fought and died during World War I, particularly those who participated in the East African campaign."
21,CS unveils Sh620m Mt. Elgon Forest conservation project
21,"DOUGLAS MUDAMBO-KNA

Cabinet Secretary for Environment, Climate Change, and Forestry, Aden Duale, yesterday launched a Sh620 million Integrated Landscape Management project aimed at conserving and restoring the Mt. Elgon forest ecosystem in Bungoma County."
21,Competition Tribunal of Kenya to Participate in the 2026 Kitale National Agricultural Show
21,"The Competition Tribunal of Kenya invites members of the public to visit its exhibition stand during the National Agricultural Show in Kitale – the Home of Maize, from 7th to 10th October 2026. Visitors will have the opportunity to learn about the Tribunal's mandate, mission, vision, and role in promoting fair competition and protecting consumer welfare. Engage with our team, ask questions, and discover how the Tribunal contributes to a competitive, transparent, and consumer-focused marketplace while collaborating with fellow public and private sector institutions to support Kenya's socio-economic development."
21,"Cabinet Secretary and Principal Secretary of The National Treasury meet the Cabinet Secretary and Principal Secretaries, Ministry of Education on capitation."
21,"Meeting with the Ministry of Education - Kenya on Capitation.

Earlier today The National Treasury Cabinet Secretary Hon. John Mbadi and Principal Secretary Dr. Chris Kiptoo held a meeting with the Cabinet Secretary for Education, Julius Migos Ogamba and Amb. Julius Kibet Bitok, the Principal Secretary, State Department for Basic Education."
21,Quality Education Expected after Ministry Engages Stakeholders
21,"Cabinet Secretary for Education, Julius Migos Ogamba, Friday presided over the launch of the national education dialogues at the Machakos International Convention Center in Machakos County.

The State Department for Basic Education organised nation-wide County-Based Dialogues focusing on the quality of education and learning outcomes under the Competency Based Education (CBE)."
21,"The CS National Treasury Hon. John Mbadi presides over the 43rd graduation ceremony of the University of Eastern Africa, Baraton."
21,"The government is dedicated to ensuring the country produces high-quality graduates by providing exceptional education to students. This year’s budget strongly reflects this commitment, with the education sector receiving the largest allocation. We will continue to strive for the creation of more job opportunities to align with the number of graduates we produce.

I was honoured to preside over the 43rd graduation ceremony of the University of Eastern Africa, Baraton, in Nandi County.In attendance were: Nandi Governor H.E. Stephen Sang , Senator Samson Cherargei, Tinderet MP Hon. Julius Kibiwot, the Speaker of Nandi County, and other distinguished leaders."
21,Cabinet Secretary
21,"Mr. Julius Migos Ogamba, is an advocate of the High Court of Kenya, who was before his appointment serving as the Chairperson of the Board of Directors of Kenya Electricity Generating Company PLC (KenGen), and Senior Partner at Migos-Ogamba and Waudo Advocate. Mr. Ogamba is a seasoned, visionary and accomplished legal practitioner of over 30 years’ experience. He is a driven advocate with a proven track record of leading teams, forging long-lasting client relationships and influencing organizational productivity by ensuring compliance with legal and regulatory requirements.

Mr. Ogamba holds a Bachelor of Laws degree from the University of Nairobi, a postgraduate Diploma in Law from the Kenya School of Law, and a Diploma in Law from the Institute of Advanced Legal Studies, University of London. His professional affiliations include memberships in the Law Society of Kenya and the Institute of Certified Secretaries of Kenya. He has undertaken training on board leadership, corporate governance for directors, board mastery programme, and political leadership development programme."
21,For more information on internal audit please visit:- www.internalaudit.go.ke
21,Broadcasting and Telecommunications PS Stephen Isaboke Engages Regional Partners on Northern Corridor Integration Project Progress
21,"Broadcasting and Telecommunications Principal Secretary Steve Isaboke EBS paid a courtesy call on Hon. Paula Ingabire, the Minister for ICT and Innovation in the Republic of Rwanda today morning.

The PS is an official visit to the Republic of Rwanda to discuss the progress of the Northern Corridor Integration Project (NCIP), a regional initiative launched in 2013 by Kenya, Uganda and Rwanda, and later expanded to also include South Sudan, Burundi and the DRC."
21,Directorates
21,Treasury Circular No. 13/2024 - Annual and Quartely Accrual-based Financial Reporting Templates for National and County Government Entities for the Financial Year 2024/2025
21,"Treasury Circular No. 3/2025 - Guidelines on Transition from Cash to Accrual Accounting By The National Government, County Governments and Their Respective Entities"
21,ADVERTISEMENT OF A VACANCY ENVIRONMENTAL SAFEGUARDS SPECIALIST
21,"CONSULTANCY FOR INDEPENDENT VERIFICATION OF RESULTS IN SAMPLED TARGET SCHOOLS, TEACHER TRAINING COLLEGES AND EDUCATIONAL ASSESSMENT AND RESOURCE CENTRES (EARCS) WITH IMPROVED INFRASTRUCTURE, SCHOOL BASED TEACHER SUPPORT SERVICES, PROVISION OF TEXTBOOKS, SCHOOL GRANTS AND MEALS, BENEFICIARIES OF SCHOLARSHIP AND MENTORSHIP PROGRAM, REDUCED PERCENTAGE OF OUT OF SCHOOL CH"
21,Bitok Rules Out Early Midterm Break to Tame Schools’ Unrest
21,"Basic Education PS Julius Bitok has ruled out closing of schools early for the second term mid break due to unrests that have rocked several secondary schools across the country.

The PS who was speaking during The Kenya High School, Nairobi prize giving day acknowledged that some schools were grappling with tensions linked to examinations and urged principals to embrace flexibility in managing students’ anxieties. “We are not saying students should not do exams, especially the county-based mocks. What we are saying is that if students express anxieties or say they’re not ready, there is no point in forcing them. You’d rather postpone the tests than have a burnt down institution.”"
21,"The Government will Carry out the first census of Technical and Vocal Education Training Institutions ( Tvets) since independence in 1963.

Speaking in Nakuru County during the end of a week long training of Over 200 officials who will oversee the Census,the Director General in charge of Kenya National Bureau of statistics ( KNBS) Macdonald Obuhdo said there has never been any census for the textiary Level of Education since the Country got independence."
21,CIRCULAR-ON-SAFETY-AND-SECURITY
21,National School ReEntry Guidelines
21,CIRCULAR ON SAFETY AND SECURITY
21,VACANCY_ADVERTISEMENT_FOR_EDUCATION_OFFICERS
21,Competency Based Education and Training Policy Framework
21,Sector Policy and Implementation Guidelines for Learners and Trainees with Disabilities
21,EDUCATION AND TRAINING SECTOR GENDER POLICY
21,Education for Sustainable Development Policy for the Education Sector
21,"CALL FOR APPLICATIONS TO THE HUNGARIAN GOVERNMENT SCHOLARSHIP PROGRAMME, SUPPORTED BY FAO"
21,EXPRESSSION OF INTEREST: CONSULTANCY SERVICES FOR THE DEVELOPMENT OF ACADEMIC PROGRAMMES FOR THE OPEN UNIVERSITY OF KENYA
21,2023 COMMONWEALTH PhD AND MASTERS SCHOLARSHIPS TENABLE IN THE UNITED KINGDOM
21,kenya Start-Up Festival
21,"Science, Research and Innovation PS @Profshaukat today officiated the commencement of the Kenya Start-up Festival, aimed at fostering cooperation between the Government, private sector, and Development Partners through financial backing, technical assistance, and market access, to make the Kenya a global innovation leader. The PS emphasised on the importance of the Startup Bill saying that this was a sign of commitment from the Government in providing a predictable and attractive environment for both local and international investors to ensure Kenya maintains its leadership as Africa’s premier innovation and entrepreneurship hub. Prof Shaukat noted that the Startup Bill supports the BETA Agenda through ensuring that the pillars of MSMEs, Healthcare, the Digital Super-Highway, Agricultural Transformation and Inclusive Growth together with Housing and Settlement are receiving maximum support from the Government and development partners. He at the same time noted that the festival highlighted the potential for technology and innovation to revolutionize the growth of the Start-ups in the country as he encouraged stakeholders to work together to achieve this goal."
21,"commissioning of an 800-seat multi-purpose hall, new classrooms, a school bakery and cabro-paving at the school in Kajiado County"
21,"The Cabinet Secretary Education, Julius Migos Ogamba, has this morning presided over the Education Day event at Kimana Girls in Kajiado South Sub-County, Kajiado County.

The event also provided an opportunity to commission an 800-seat multi-purpose hall, new classrooms, a school bakery and cabro-paving at the school."
21,Establishment of the proposed Nyamira University College
21,"This afternoon, the Cabinet Secretary for Education, Julius Migos Ogamba held a meeting with his Defence counterpart, Hon. Soipan Tuya, at the Department of Defence Headquarters, to discuss the establishment of the proposed Nyamira University College.

The meeting was also attended by the Principal Secretary, State Department of Defence, Dr. Patrick Mariru and the Vice-Chancellor of Kisii University, Prof. Nathan Ogechi. Kisii University will be the mentor institution for the proposed university."
21,"CONSULTANCY FOR INDEPENDENT VERIFICATION OF RESULTS IN SAMPLED TARGET SCHOOLS, TEACHER TRAINING COLLEGES AND EDUCATIONAL ASSESSMENT AND RESOURCE CENTRES (EARCS) WITH IMPROVED INFRASTRUCTURE, SCHOOL BASED TEACHER SUPPORT SERVICES, PROVISION OF TEXTBOOKS, SCHOOL GRANTS AND MEALS, BENEFICIARIES OF SCHOLARSHIP AND MENTORSHIP PROGRAM, REDUCED PERCENTAGE OF OUT OF SCHOOL CHILDREN IN THE TARGETED COUNTIES, STRENGTHENED SYSTEMS THROUGH INSTITUTIONALIZATION OF KEY INITIATED REFORMS IN BASIC EDUCATION AND TRANSITION TO CLEAN COOKING ENERGY."
21,State Department for TVET PROGRAMME BASED BUDGET (PBB) FY 2026/27 – FY 2028/29
21,TVET SUB SECTOR REPORT JULY 2022 – JUNE 2029
21,STATE DEPARTMENT FOR TVET PROGRAMME BASED BUDGET (PBB) FY 2026/27– FY 2028/29
21,2026 COMMONWEALTH PhD AND MASTERS SCHOLARSHIPS TENABLE IN THE UNITED KINGDOM
21,Semi-Autonomous Government Agencies (SAGAs) in the State Department
21,State Department for Higher Education and Research (SDHER)
21,"In order to effectively undertake its mandate, the State Department also comprises 38 Public Universities, 4 University Constituent Colleges and two (2) specialized degree awarding Public Universities, eight (8) Semi-Autonomous Government Agencies (SAGAs), which are charged with various responsibilities as presented in table 1.

Table1: SAGAs and their Mandate"
21,The State Department has two (2) Directorates which are technical departments namely:
21,Retooling of TVET Trainers to Boost CBET Implementation-SD-TVET PS Dr. Muoria
21,"Principal Secretary State Department For Technical, Vocational Education and Training Dr. Esther Thaara Muoria has expressed confidence the ongoing retooling of TVET trainers conducted by the Kenya School of TVET will boost the implementation of Competency Based Education Training (CBET) in TVET institutions.

Speaking during TVET Principals, Council and Board Chair’s consultative meeting held at the Kenya School of TVET, PS Muoria noted that 924 TVET trainers drawn from national polytechnics have already been retooled and another bunch of 580 TVET trainers are currently undergoing the retooling in different regions in the country."
21,Review of New Funding Model Friday 24th May 2024
21,"The State Department of Higher Education and Research hosted a two-day workshop in Naivasha on 23rd and 24th May 2024 to reflect on the implementation of the first (1st) cycle of the New Funding Model (NFM). In attendance were CEOs of SAGA’s within the State Department, Senior officers from the State Department, and student leaders from both public and private universities. The meeting was necessitated following the launch of the New Funding Model on 3rd May 2023 by President Dr. William Samoei Ruto.

The meeting was officially launched by the Secretary of Administration Fredrick Ndambuki on behalf of the Principal Secretary Dr. Beatrice Inyangala."
21,Government Lauds the TVET Sector saying that it’s on the Right Trajectory
21,"A senior Government officer has lauded the TVET sector saying that it’s on the right trajectory to achieving a robust and strong industrial linkage.

Speaking during the opening of a three days national TVET conference 2023 at KICC Nairobi, the education Cabinet Secretary Ezekiel Machogu who was accompanied by TVET Principal Secretary Dr. Esther Thaara Muoria, said that the implementation of a robust and strong industrial linkages in the TVET sector is in line with the recommendations made by the Presidential Working Party on Education Reforms (PWPER)"
21,GOVERNMENT BANKS ON FILM SCHOOL TO DRIVE CREATIVE ARTS MONETIZATION
21,"The Government is counting on the Kenya Film School and funding incentives to anchor the creative arts economy in the country.

Basic Education PS Julius Bitok said the establishment of the school, a Creative Fund and a marketing drive to position Kenya as a choice destination for film production will create much-needed jobs. “The creative economy is a multibillion industry. We want to see our youth not just performing, but earning from their skills. Through the Creative Economy Support Bill and the proposed Creative Fund, we are laying the groundwork for a structured and lucrative creative sector.”"
21,KPEEL Result Area 2
21,"This Results Area is being funded through Result Based Financing under Disbursement Based Indicator (DLI) 4. The RA focuses on Improving girls’ participation in schooling, including in refugee hosting counties. This is achieved by removing financial barriers to school attendance through provision of basic education requirements for girls and boys from poor and vulnerable populations to enable them transit to secondary schools.

The financial barriers are removed through provision of Elimu Scholarship. this is a full scholarship which entails payment of school fees, provision of school kit, transport to and from school, pocket money and mentorship support services to enable learners to cope with schooling challenges for the four-year secondary education period."
21,Quarterly Balance of Payments :Third Quarter 2016
21,"The Kenya National Bureau of Statistics (KNBS) compiles Balance of Payments (BOP) statistics in line with the international compilation standards and methods. The current compilation standard is the Sixth Edition of the Balance of Payments and International Investment Position Manual (BPM6) which is in use. Balance of Payments is a statistical statement that shows transactions between residents and nonresidents during a given period. The BOP statistics summarises transactions in goods, services, primary and secondary income, capital account and financial items between an economy and the rest of world. These statistics assists an economy in assessing its ability to meet its external financial needs. The third quarter 2016 BOP statistical release is a standalone, a departure from the past, where BOP statistics were included in the quarterly Gross Domestic Product publication. This has been necessitated by the growing demand by users for more detailed BOP statistics. Balance of Payments Summary The current account deficit narrowed by 10.4 per cent from KSh 112,377 million in the third quarter of 2015 to KSh 100,687 million in the corresponding quarter of 2016. Merchandise trade balance, which significantly influence the current account balance, expanded by 2.3 per cent to a deficit of KSh 217,999 million in the third quarter of 2016 reflecting a faster decrease in exports compared to the decrease in imports on f.o.b basis. Net earnings from international trade in services increased by 69.8 per cent to KSh 34,745 million. The increase was on account of increased travel receipts boosted by conference tourism during the third quarter of 2016. The surplus in the travel account more than doubled from KSh 12,281 million in the third quarter of 2015 to KSh 25,868 million in the corresponding quarter of 2016. Remittance inflows from Kenyans living in the diaspora continued to grow during the quarter under review to register KSh 43,569 million from KSh 40,627 million in the third quarter of 2015. The improvement in the services account during the quarter under review contributed to the narrowing of the current account deficit. 3 1.4. Net financial inflows went up by 3.2 per cent from KSh 157,615 million in the third quarter of 2015 to KSh 162,578 million in the third quarter of 2016. This was partly as a result of disbursements towards the Standard Gauge Railway. Gross official reserves increased to KSh 830.6 billion as at the end of third quarter of 2016 from KSh 706.7 billion recorded as at the end of the third quarter of 2015. Download Third Quarter 2016 BOP Report"
21,"Assessment on Compliance to Safety Standards for Boarding Primary and Junior Schools in Kenya -September and October, 2024"
21,"Assessment on Compliance to Safety Standards for Boarding Primary and Junior Schools in Kenya -September and October, 2024

Executive Summary Report"
21,President William Ruto awards Charter to the open University of Kenya
21,"The first virtual public university in Kenya was officially unveiled today by President William Ruto at Konza Technopolis. President Ruto said that the Open University of Kenya will enhance public university capacity and deliver a 100 percent transition to higher education.

This is in line with the Government’s commitment to enhancing access to affordable and quality education in the country. OUK is envisaged to be a unique university, breaking down boundaries and barriers to learning in all their forms. “It will also build a formidable stock of qualified and skilled graduates for our market and beyond,” said the President."
21,"SUPPLY, DELIVERY, INSTALLATION, CALIBRATION, COMMISSIONING AND TRAINING ON THE USE AND MAINTENANCE OF LEARNING MANAGEMENT SYSTEM (LMS) HARDWARE FOR THE NATIONAL TVET ODEL CENTER AT THE KENYA SCHOOL OF TVET"
21,Konza City
21,"KonzaCity is set to be a world-class Smart City and a prime economic driver for the nation, with a robust mix of businesses, workers, residents, and urban amenities. It will be the country’s heart of innovative solutions for ICTs, business, and health and education.

The government purchased 5000 acres of land for the project located in Konza in Makueni County. Cadastal survey has been completed and a perimeter wall constructed around it. The 4.1 Km auto boulevard (main road) and another 8.1Km access roads to individual parcels at the KonzaTechnopolis have been completed and are in use. Provision of bulk clean water from Nol-Turesh main supply has been completed and the commodity is now available for construction works and residential purpose. Plans are at advance stage to for the provision of power from three power stations to the site. Establishment of trunk fibre connectivity to the Techno city is 70% complete. It is expected to generate 16, 000 direct jobs."
21,Youth from the western region benefit from NYOTA Fund
21,"Prime Cabinet Secretary Musalia Mudavadi presided over the launch of the Western region’s second disbursement of the National Youth Opportunities Towards Advancement (NYOTA) Programme.

Over 2,115 new beneficiaries were enrolled in the government’s youth empowerment programme from the four counties of Kakamega, Vihiga, Busia and Bungoma, held at the Masinde Muliro University of Science and Technology (MMUST) grounds in Kakamega town."
21,Government is establishing effective mechanisms of replacing issuance of paper degrees with a Digital Verifiable Credential
21,"The Government of Kenya is establishing effective mechanisms of replacing issuance of paper degrees with a Digital Verifiable Credential, which can be securely authenticated using a digital system.

Earlier today, The Cabinet Secretary, Ministry of Information, Communications and the Digital Economy (MICDE) H.E. Hon. William Kabogo Gitau officially opened the Stakeholders Workshop for Verifiable Credentials where stakeholders from MICDE, Ministry of Education and Tony Blair Institute for Global Change (TBI) amongst other key players are establishing shared understanding of Verifiable Credentials and digital wallets."
21,Sh16.7 billion highway project to open up Kisumu and surrounding counties
21,"Residents of Kisumu are set to reap significant transport and economic benefits from the ongoing construction of the Sh16.7 billion Mamboleo– Miwani–Chemelil– Muhoroni–Kipsitet road, whose progress marks a major milestone towards completion.

The multi-billion-shilling infrastructure project, which has long been awaited in the region, is steadily taking shape, with authorities expressing optimism that it will be completed by July next year."
21,"The Office of the Data Protection Commissioner (ODPC) Nyeri Regional Office was officially inaugurated, alongside the launch of the ODPC Strategic Plan 2025-2029, at Dedan Kimathi University of Technology (DeKUT) in Nyeri County"
21,Protocol Officers Briefed Ahead of 24th COMESA Summit in Nairobi
21,"The State Department for Foreign Affairs convened a preparatory meeting for protocol officers ahead of the upcoming 24th COMESA Summit of Heads of State and Government, which will take place from 6th to 9th October 2025 at the Kenyatta International Convention Centre (KICC), Nairobi.

The session was led by the Chief of Protocol, Ambassador Henry Wambuma, and COMESA Focal Point–Kenya, Mr. Tobias Odongo, who commended the protocol team for their dedication and outlined the Summit program."
21,UAE Diplomatic Academy Delegation Visits Kenya’s Foreign Service Academy to Study Humanitarian Leadership
21,"The Foreign Service Academy of Kenya on Wednesday hosted a delegation from the Anwar Gargash Diplomatic Academy (AGDA) of the United Arab Emirates, who travelled to Nairobi to learn from Kenya’s leadership in humanitarian action, peace support operations and international cooperation.

The delegation, led by Prof. Eric Canal Forgues, Dean of Graduate Programmes at AGDA, comprised faculty members, programme participants and senior officials seeking to deepen collaboration in humanitarian diplomacy and capacity-building."
21,Africa to Develop and Implement Strategies to expand Regional and International Trade
21,"Kenya has thanked Japan for its support towards African infrastructure development and cooperation in improving socioeconomic activities across the continent. Dr. Musalia Mudavadi, Prime Cabinet Secretary and Cabinet Secretary for Foreign Affairs, emphasized Japan's close collaboration with Africa in a speech delivered at the August, 2024 Tokyo Investment Conference for Africa Development (TICAD-9) ministerial meeting.

Dr. Mudavadi, who also serves as Cabinet Secretary for Foreign and Diaspora Affairs, emphasized the importance of trade and investment in generating economic growth and reducing poverty in Africa. He urged African governments to establish and implement measures to strengthen regional and international trade networks. The Prime Cabinet Secretary emphasized the necessity of investing in skill development as well as creating a conducive legislative and regulatory environment to enable effective private sector engagement and technological advancement."
21,PS Tanui Urges Newly Appointed ICT Officers to Work Diligently and Proactively in Executing their Technical Mandate
21,"ICT and Digital Economy Principal Secretary Eng.John Tanui today met the 40 newly Appointed ICT officers at the Ministry Headquarters where he urged them to work diligently and proactively in achieving the Ministry's Digital Superhighway and Creative Agenda.

PS Tanui who earlier on met all ICT Secretaries and Heads of Departments commended the officers for their successful deployment noting that the ICT sector is a crucial enabler of other sectors within government and the private sector."
21,Women Diplomats Begin Leadership Programme to Strengthen Kenya’s Foreign Service
21,How farming transformed the lives of former chang’aa brewers in Elgeyo Marakwet County
21,"Dressed in their official uniform of white tops and black skirts, members of the Women for Change group exude order and discipline as they go about their new source of livelihood.

Watching them till the land with zeal and enthusiasm, it is difficult to imagine their troubled past, when their lives were repeatedly disrupted by police raids on illicit liquor dens—places marked by chaos, where intoxicated patrons staggered about in drunken stupors."
21,PS Isaboke Attends Multi-Agency Assessment Visit on Raila Odinga International Sports Complex
21,"Government, telcos partner to improve ICT service quality across the 47 counties"
21,"The Government has reaffirmed its commitment to working with mobile network operators to improve the quality of ICT services, saying reliable connectivity is essential for economic growth and access to public services.

Speaking during a stakeholders’ meeting convened by the Communications Authority of Kenya (CA), Principal Secretary for Broadcasting and Telecommunications Stephen Isaboke said the government and telecommunications companies had held a consultative session to review the quality of service across the country and address emerging challenges as demand for digital services continues to grow."
21,Eng. John Tanui reaffirms the government's commitment to supporting global BPO and Information Technology Enabled Services (ITES)
21,"Principal Secretary for ICT and Digital Economy, Eng. John Tanui was today the chief guest during the launch of a paper titled ""Lessons from India's Success in Tech and Digital Services."" during an event hosted by the Friedrich Naumann Foundation at the Sarova Panafric Hotel in Nairobi.The paper highlights India's journey in Business Process Outsourcing (BPO) growth and offers policy recommendations for countries aspiring to replicate its success. Eng. Tanui commended the Friedrich Naumann Foundation for championing comparative learning and dialogue to inform policy and practice. In his address, the PS reiterated the government's commitment to supporting global BPO and Information Technology Enabled Services (ITES) further noting that increased international stakeholder engagement reflects confidence in Kenya's position as an emerging hub for digital services.The launch was attended by notable figures, including Stefan Schott, Project Director and Global Partnership Hub Director; Dr. Santosh Mehrotra, Research Fellow at IZA Institute of Labour Economics and author of the paper; Christoph Hoffman, Member of the German Parliament representing the Free Democratic Party and other senior government officials.

Our Contacts"
21,Register
21,Refugee
21,Diplomat
21,Resident
21,Foreigner
21,There were 2 errors with your submission
21,Kenyan Citizen
21,Budget Circulars
21,"The Department is involved in the finalization and issuance of budget circulars to manage the budget preparation and implementation process at the national level by issuing to all national government entities circulars setting out guidelines to be followed in: budget formulation, preparation, finalization and implementation in line with Constitutional and PFMA timelines and requirement for key activities in the budget process.

For more information on the specific budget circulars click here."
21,Kenya Pushes for Pharmaceutical Manufacturing Hub as President Ruto Champions AIM2030 Agenda
21,State Department for Foreign Affairs Engages Educational Institutions ahead of Diplomatic Privileges and Immunities Conference 2026
21,"The State Department for Foreign Affairs hosted a consultative engagement between the Deputy Director General of the Diplomatic Privileges and Immunities Directorate, Amb. Daniel W. Wambura, and representatives from selected educational institutions in Kenya ahead of the inaugural Diplomatic Privileges and Immunities Conference scheduled for June 2026.

The meeting forms part of the Ministry’s ongoing stakeholder consultations aimed at strengthening collaboration with institutions that contribute to the welfare, learning, and support services available to the diplomatic community in Kenya."
21,PRESENTATION OF THE 2026/27 BUDGET POLICY STATEMENT TO THE NATIONAL ASSEMBLY'S DEPARTMENTAL COMMITTEE ON LABOUR FOR CONSIDERATION
21,"The budget-making process is a cornerstone of effective governance, shaping priorities, allocating resources, and setting the development agenda for the nation. It provides a strategic roadmap that ensures government programmes are aligned to national goals and responsive to citizens’ needs.

This morning, the Principal Secretary for Public Service and Human Capital Development, Dr Jane Kere Imbunya, together with senior officers from the State Department, accompanied the Cabinet Secretary for Public Service, Human Capital Development and Special Programmes, Hon. Geoffrey Kiringa Ruku, to the National Assembly of Kenya for the presentation of the 2026/27 Budget Policy Statement (BPS)."
21,"CS Muturi Led a Tree Planting Drive at Got Abiero Forest, Siaya County"
21,"Friday 29, November 2024 - Siaya County

In a significant stride towards environmental conservation, Cabinet Secretary Hon. Justin Muturi spearheaded a tree planting exercise at Got Abiero Forest in Siaya County, where over 10,000 tree seedlings were planted as part of the national tree-planting initiative. This effort is in alignment with the Government's ambitious goal of planting 15 billion trees by 2030 to combat climate change and restore Kenya’s natural ecosystems."
21,CS Hon. Justin Muturi Presents 2025 Budget Policy Statement to National Assembly Committee on Labour
21,"Earlier today, Cabinet Secretary Ministry of Public Service and Human Capital Development Hon. Justin B. Muturi accompanied by Principal Secretary Mr. Amos Gathecha and senior ministry officials, appeared before the National Assembly’s Departmental Committee on Labour, chaired by Hon. Eric Muchangi Karemba (Runyenjes MP). The session focused on presentations and deliberations of the Ministry’s 2025 Budget Policy Statement, outlining key priorities, resource allocations, and strategic initiatives aimed at strengthening and advancing national development objectives."
21,Leading Economic Indicator June 2018
21,SELECTION PANEL CONDUCTS INTERVIEWS FOR NOMINEES TO THE TEACHERS SERVICE COMMISSION
21,"On 3rd June, the Selection Panel for the Recruitment of Nominees for Appointment as Members of the Teachers Service Commission (TSC) convened at Harambee House, 12th Floor Boardroom, to conduct interviews for shortlisted candidates, in accordance with the Constitution and relevant statutory provisions.

The interviews form a key stage of the recruitment process and provided an opportunity for the Panel to evaluate candidates’ qualifications, experience, leadership capabilities, and overall suitability for appointment to the Commission."
21,Producer Price Index Third Quarter 2017
21,Leading Economic Indicator September 2017
21,Census : Frequently Asked Questions (FAQs)
21,"45,000 Mau forest residents to receive title deeds at last"
21,"More than 45,000 residents living on the fringes of Mau Forest are set to receive land title deeds after the High Court lifted a caveat that had been in place for over 25 years.

Lands and Physical Planning Principal Secretary (PS) Nixon Korir stated that following the court’s decision, the National Government is collaborating with the Nakuru County Government to map the affected land and issue title deeds in areas where the caveat was lifted."
21,"Government committed to uplifting marginalized groups, says CS Miano"
21,"Tourism and Wildlife CS Rebecca Miano has assured marginalized communities in the country of the Government’s commitment to uplifting their livelihoods.

Miano, who was speaking in Rumuruti, Laikipia County, during the Minority Festival, pledged that through her ministry, she will ensure minorities are not neglected as had been the case in the past."
21,Child Poverty Study in Kenya Launched
21,First Lady Rachel Ruto’s Mama Kitchen Garden Initiative Boosts Sustainable Urbanization at the Sidelines of UNHA 2.2
21,"On the sidelines of the resumed second session of the United Nations Habitat Assembly (UNHA 2.2), the Ministry of Foreign and Diaspora Affairs in collaboration with UN-Habitat and The Kenya Permanent Mission to UN-Habitat, hosted a high-level event graced by Her Excellency the First Lady, Mrs. Rachel Ruto, CGH, at Farasi Lane Comprehensive School to spotlight the Mama Kitchen Garden Initiative. This program, part of the broader Feed One, End Hunger campaign, aims to enhance the production of nutritious food in both urban and rural settings.

Held under the theme “Towards Achieving a Sustainable Urban Future through Accessible Food and Nutrition,” the event showcased how the Mama Kitchen Garden Initiative is transforming Kenya’s urban spaces in line with UN-Habitat’s mission for sustainable cities. The diplomatic corps, UNHA2.2 delegates and students in attendance gained an understanding of the initiatives impact and achievements through the testimonies shared by students who have benefited from the program since its inception last year."
21,Strengthening Global Partnerships for Climate Action through Sports.
21,"The National Treasury PS, Dr. Chris Kiptoo hosted Mr. Stefan Wagner, Chairman of Sports for Future, a German-based organization that unites athletes, sports clubs, and fans to address the global climate crisis. He was accompanied by the WWF-Kenya, led by CEO Mr. Mohamed Awer.

The delegation has planned to participate in a tree-planting exercise scheduled for Saturday,17th May 2025 at Penon Forest Block, located in Keiyo South, Elgeyo Marakwet County, under the leadership of the Ministry of Environment, Climate Change & Forestry and Kenya Forest Service."
21,CS Prof. Ndung’u led tree planting exercise in Nyandarua
21,"The National Treasury and Economic Planning Cabinet Secretary Prof. Njuguna Ndung’u led Nyandarua County residents in planting over 12,000 tree seedlings at Sophia Beat, Geta Forest in Wanjohi Ward, during the National Tree Growing Day; which was marked countrywide with tree-growing activities for the short rains season and the 15bn trees program. Nyandarua County Government Governor H.E Moses Badilisha and top county leadership accompanied Prof. Ndung’u for the exercise."
21,Process of Verification of Pending Bills begins.
21,"The National Treasury PS Dr. Chris Kiptoo has said the Government is cognizant of the urgent need to address the Pending Bills threat, and releasing the much-needed liquidity, facilitate better economic performance and restore confidence and hope, particularly to the MSEs micro who suffer the greatest hazard resulting from unpaid bills for delivered services.

Addressing a press conference in at Treasury Building today, PS Dr. Kiptoo reiterated the Government’s commitment to address the issue of pending bills in the country and assured that going forward the government will initiate major reforms to curb pending bills problem, and noted that the shall be no acceptance or tolerance of accumulation of unpaid bills."
21,Leading Economic Indicator October 2017
21,Producer Price Index Fourth Quarter 2017
21,"Groundbreaking of Nyamira University Set to Boost Education, ICT, and Local Economic Growth"
21,"The Principal Secretary for Broadcasting and Telecommunications, Steve Isaboke EBS, today joined the Cabinet Secretary for Education, Hon. Julius MIGOS Ogamba and the Principal Secretary for Defence, Dr Patrick Mariru, for the ground-breaking of the Nyamira University in North Mugirango Constituency.

The University, which is proposed to offer four courses Agriculture, Education, ICT and Business, is expected to support the local economy and also bring higher education closer to the people of Nyamira."
21,Motor Car Loan Scheme Fund.
21,"The State Officers and Civil Servants Car Loan Scheme Fund was established vide Legal Notice 195 of 25th September 2015 under the Public Finance Management Act (No. 18 of 2012). The objective and purpose for which the Fund was established was to provide a car loan facility to State Officers and Civil Servants of the National Government to purchase a motor vehicle.

For more information on the Car Loan Scheme Fund, download the following documents:"
21,BACKGROUND
21,Tusome Programmes
21,"The Kenya’s constitution 2010, Article 43 states that, “the right of every child to be free from hunger and to have adequate food of acceptable quality including clean and safe water in adequate quantities and above all right to education” gives us mandate to ensure that the child access adequate and safe food . Health and nutrition have significant impact on the overall educational achievements of school-age children. Ensuring that children are well fed, healthy and able to learn is essential to the effectiveness of an education system.

The ministry of education with technical support of WFP have jointly implemented the school meal programs in food insecure regions of Kenya since 1980 with the objectives to encouraging parents to enroll and keep their children in schools and to encourage pupils to learn these school meal program has been implemented on five year phases since the inception.The SMP programme encompass provision of a mid-day meal to public primary school children in Arid and Semi-Arid Sub-Counties and the informal settlements of Nairobi. By 2008 1.2 million pupils were beneficiaries of the program and this has increased the number of beneficiaries to 1.6 million in Arid and selected schools in Semi-Arid lands."
21,MODE OF SCHOOL FEEDING PROGRAM
21,"Opening ceremony of the 25th ESAAMLG Council of Ministers Meeting in Addis Ababa, Ethiopia."
21,"The National Treasury, Principal Secretary Dr. Chris Kiptoo joined Ministers, colleagues and other dignitaries at the opening ceremony of the 25th ESAAMLG Council of Ministers Meeting in Addis Ababa, Ethiopia.The Eastern and Southern Africa Anti-Money Laundering Group (ESAAMLG) Council, the apex decision-making organ, provides strategic leadership in the fight against money laundering and terrorist financing (AML/CFT), ensuring our region aligns with international standards set by the Financial Action Task Force (FATF). Kenya remains fully committed to advancing financial integrity, transparency, and security across the Eastern and Southern Africa region.The ceremony was officially opened by H.E. Temesgen Tiruneh, Deputy Prime Minister of the Federal Democratic Republic of Ethiopia."
21,Kenya pipeline pays out Ksh. 5 billion interim dividends to the government
21,"The government received an interim dividend payment of Ksh. 5 billion from the Kenya Pipeline Company (KPC), the dividend payment follows a 21% increment in KPC’s profitability to Ksh. 7.6 billion in the financial year 2022/2023 compared to Ksh. 6.3 billion in the previous year.

Speaking during the cheque handover ceremony at KPC Headquarters in Nairobi, The National Treasury and Economic Planning CS Prof. Njuguna Ndung’u commended KPC for being the leading highest State Corporation in paying out dividends to taxpayers."
21,KENYA-KAZAKHSTAN BILATERAL RELATIONS DEEPEN DURING H.E PRESIDENT RUTO'S STATE VISIT TO KAZAKHSTAN
21,Foreign Service Academy starts Pre-deployment training for diplomats
21,Sign Up for the KNBS Newsletter
21,KNBS Newsletter
21,"Stay informed and empowered with the latest statistical insights! Sign up for our email newsletter today and unlock a world of data-driven knowledge. Whether you’re a data enthusiast, researcher, or simply curious about the trends shaping our world, our newsletter delivers fresh statistics, insightful analysis, and exclusive updates right to your inbox. Join our growing community of data enthusiasts and be the first to know about new reports, research findings, and upcoming events. Don’t miss out – subscribe now.

The Kenya National Bureau of Statistics (KNBS) is a State Corporation established by the Statistics Act, 2006, for the collection, compilation, analysis, publication and dissemination of statistical information, and the coordination of the national statistical system. It is the principal agency of the Government for collecting, analysing and disseminating statistical data in Kenya and the custodian of official statistical information"
21,"Stay ahead of the pack!

Keep track of our schedule of activities and participate in our exciting events."
21,EVENTS 26/01/2024
21,Access to Education
21,Birth Registration
21,"Participation in organized learning is an indicator that measures the exposure of children to organized learning activities 1 year before they start primary school. In Kenya, 88% percent of children who were age 5 at the beginning of the school year participated in organized learning; 66% attended an early childhood education program, and 22% attended primary school.

Eighty-six percent of children within the official primary school age range (6-13) are attending primary school. About half of the children within the official secondary-school age range (14-17) are attending secondary school."
21,Nutrition of Children and Adults
21,Government disburses Sh7.9b Uwezo Fund to boost MSMEs
21,"The Government has disbursed Sh7.9 billion to over 82,000 groups across the country under the Uwezo Fund since its inception, Principal Secretary for the State Department of Micro, Small, and Medium Enterprises (MSMEs) Development, Susan Mang’eni, has announced.

Speaking at the Eliud Kipchoge Showground in Kapsabet during the distribution of Uwezo Fund cheques worth Sh7.1 million to 40 groups in Emgwen SubCounty, Mang’eni emphasized the transformative potential of the fund."
21,Foreign Service Officers Urged to Uphold Kenya's Interests as Pre-Departure Training Concludes
21,"Foreign Service Officers Urged to Uphold Kenya's Interests as Pre-Departure Training Concludes

Newly posted Ambassadors and Foreign Service Officers have been called upon to uphold the highest standards of professionalism, integrity, and patriotism as they prepare to represent Kenya in missions abroad."
21,Inefficient potato value chain
21,Most sustainable crop
21,"Unfortunately, realising Kenya’s “potato food security policy” was challenged by the structure and characteristics of the Kenyan potato sector. The shortage of certified seed potatoes as input for farmers was a first large hurdle to tackle.

As a result of this shortage, farmers – many of which are smallholder farmers – were forced to use low-quality inputs, automatically resulting in poor yields. In addition, ventilated cold storage capacity was also underdeveloped. The combination of poor availability of certified seed potatoes and limited modern storage infrastructures resulted in high (post) harvest losses and in an inefficient and unstable potato value chain."
21,Potato and the Netherlands
21,"Over a period of more than 100 years, the Netherlands has developed a strong potato sector and gained an internationally recognised position of leadership. The Dutch potato sector is a market leader for many aspects such as breeding new varieties, scientific knowledge supporting varietal development, potato production and processing, the export of seed and ware potatoes and the provision of machinery and consulting services. For example, the Netherlands is the world’s largest exporter of seed potatoes; approximately 55% of exported certified seed potatoes (800,000 tonnes per year) and an estimated 55% of the (improved/high-yielding) potato varieties used globally are of Dutch origin.

Kenyan and Dutch policymakers agreed upon a multi-annual “potato” development programme and realising Kenya’s food security has been its ultimate goal. The first phase of this programme was initiated in 2010. The biggest hurdle in creating a sustainable potato value chain - the lack of modern seed potato varieties – was identified as the main priority. Hence, the first step in the sector development was an agreement to open the Kenyan market to modern foreign potato varieties: varieties that have proved their added value in almost all geographical markets. In addition, a programme was developed to transfer knowledge and build capacity at Kenya’s certifying body (KEPHIS)."
21,Quarterly Templates for County Governments
21,"County TVETs Quarterly Reporting template revised June 2021

Quarterly reporting templates County Assembly revised June 2021"
21,CS Ruku and PS Imbunya Attend Launch of Raila Odinga Regional Leadership and Governance Academy
21,"Cabinet Secretary for Public Service and Human Capital Development, Hon. Geoffrey Ruku, and Principal Secretary, State Department for Public Service and Human Capital Development, Dr. Jane Kere Imbunya, joined Government leaders and development partners at the Kenya School of Government (KSG), Lower Kabete, for the launch of the Rt. Hon. Raila Amolo Odinga Regional Leadership and Governance Academy and the Chandaria Innovation Center during the institution's centenary celebrations and 7th graduation ceremony.

The launch marked a major milestone in advancing leadership development, governance excellence and public sector innovation. The two institutions will strengthen executive learning, promote governance innovation, support policy research and enhance leadership capacity across Kenya and the African continent."
21,Treasury Circulars
21,"The Department is involved in the finalization and issuance of budget circulars to manage the budget preparation and implementation process at the national level by issuing to all national government entities circulars setting out guidelines to be followed in: budget formulation, preparation, finalization and implementation in line with Constitutional and PFMA timelines and requirement for key activities in the budget process.

The Department is involved in the finalization and issuance of budget circulars to manage the budget preparation and implementation process at the national level by issuing to all national government entities circulars setting out guidelines to be followed in: budget formulation, preparation, finalization and implementation in line with Constitutional and PFMA timelines and requirement for key activities in the budget process."
21,2026
21,PS IMBUNYA INSPECTS KSG VIHIGA CAMPUS CONSTRUCTION WORKS
21,"The Kenya School of Government (KSG) is mandated to build a competent, ethical, and results-oriented public service through training, research, and advisory services.

The institution plays a central role in strengthening public sector capacity by training and developing public officers at both national and county levels, covering induction, mid-career, and senior leadership programmes."
21,Category
21,Agricultural Society of Kenya lauds Governor Sonko’s Administration.
21,"Nairobi County’s Rabies Campaign Gains Momentum with 2,418 Donkeys, Dogs and Cats Vaccinated as 10,000 Target Nears"
21,Nairobi targets Helmet Use to Curb Motorcycle Head Injuries
21,Nairobi City County Government Covid – 19 Awareness Documentary
21,Nairobi City County Three Year Scorecard
21,Nairobi City County Government providing opportunities for all SMEs to thrive
21,Nairobi health workers resume work after promotion deal
21,"NAIROBI, Friday, November 15, 2019, GPS

Health workers in Nairobi have called off their strike after reaching an agreement with the county government."
21,Nairobi City County Launches Human Papilloma Virus (HPV) vaccine
21,"Nairobi 31st October,2019.

Nairobi City County Government has today officially launched the Human Papilloma Virus (HPV) vaccine against cervical cancer, targeting close to 40,000 ten (10) year old girls in the City,at Westlands Health Centre."
21,Press release on Launch of the Revised National Accounts Estimates
21,REPORT OF THE REVISED AND REBASED NATIONAL ACCOUNTS
21,Nairobi City County Takes Strides Against Gender-Based Violence with the Nairobi Run: A Marathon for Awareness and Solidarity in the 16 Days of Activism Campaign
21,"Nairobi, 27th November 2023

Nairobi City County held the Nairobi run against GBV marathon at the Green park terminus as part of the 16 days of activism against gender based violence led by County Executive Committee Member for Inclusivity, Public participation and customer service Dr. Anastasia Nyalita who flagged off the event together with the Chief guest cabinet secretary for Gender, culture, arts and heritage Hon. Aisha Jumwa. Dr. Nyalita said “we want to thank our partners for walking this journey with us. From the county perspective, I want to state that we have a very vibrant and committed team. Am also proud to say that we are the only county that has a safe house and we are working with the national government and partners to make sure that we sensitize the community on matters of gender based violence and as a county I want to affirm our commitment to this cause.”"
21,Nairobi County Partners with Teen Activist Nina to Combat Rabies: Free Vaccination And Sterilization Camp Led by TNR Trust
21,"Nairobi County is thrilled to support an incredible cause! 15-year-old Nina is leading a charge in partnership with TNR Trust Nairobi to vaccinate dogs and cats against rabies in Nairobi, starting with a FREE RABIES VACCINATION & STERILIZATION CAMP in Dagoretti this March.

Join us in supporting her campaign and bring your dogs and cats for vaccination and sterilization. Let’s spread the word to get as many animals protected as possible! Rabies is a serious threat, especially for our children. Let’s work together with Nina to keep our community and our furry friends safe and healthy!"
21,Nairobi City County Government Commits to Orderly Trading Environment: Efforts to Secure Road Reserve and Facilitate Trader Relocation Discussed at Multi-Agency Meeting
21,"Nairobi Monday, January 22, 2024

Nairobi City County Government is committed to ensuring its traders earn a living in an orderly and humane manner, enabling increased revenue collection to facilitate efficient service delivery."
21,Green Nairobi and Inclusivity Departments Unite with KARA to Revolutionize Customer Complaint Resolution: A Multi-Sectoral Vision for Timely and Effective Solutions
21,"NAIROBI: 10th January 2024

In a collaborative effort to enhance customer satisfaction and streamline complaint resolutions, Mr. Ibrahim Nyangoya, the County Executive Member of Green Nairobi, joined forces with Dr. Anastasia Nyalita, the County Executive Member for Inclusivity, Public Participation, Citizen Engagement and Customer Service, alongside Chief Officer Lydia Mathia and Chief Officer Environment Hibrahim Otieno, along with directors from both sectors. This dynamic group convened with the Kenya Alliance of Residence Association (KARA) to forge a vision for resolving customer complaints received through the KARA portal. CEC Green Nairobi, Mr. Ibrahim Nyangoya, emphasized his commitment to resolving all complaints within 72 hours, urging the KARA team to collaborate in addressing the issue of illegal dumping. Dr. Nyalita welcomed the KARA initiative, highlighting the Nairobi City County Government’s dedication to ensuring customer satisfaction through a multi-sectoral approach to handling complaints."
21,Call for Vendors: Join the Celebration at the Nairobi Festival 2023! Apply Now to Showcase Your Wares – Deadline December 6th
21,"The Nairobi Festival Taskforce, wishes to invite interested vendors to apply for consideration to participate and display their wares during the forthcoming Festival. The Nairobi Festival is scheduled to take place from the 12th -17th of December 2023. Submission: The deadline is 6th December 2023 at midnight. Click here to fill in the required form. After that, the vetting of qualified applicants will happen. The task force shall contact successful vendors with further information and instructions. For enquiries, kindly contact 0701018215. Email thenairobifestival@gmail.com Ends/..

General Inquiries"
21,Kenya and Denmark Sign MOU on Higher Education
21,"This morning, the Cabinet Secretary for Education, Julius Migos Ogamba, together with the Principal Secretary, State Department for Higher Education and Research, Dr. Beatrice Muganda Inyangala, had the honour of hosting the Minister for Higher Education and Science of Denmark, Christina Egelund.

Kenya and Denmark have maintained a long-standing cordial relationship, running into sixty now. The two countries have partnered in various ways, including supporting our universities in the field of science and capacity building of staff at the university level."
21,Nairobi City County Hosts Bolt Safety and Training workshop to Strengthen Road Safety and Professionalize Ride Services
21,"Nairobi, 17th July 2025

Nairobi City County yesterday hosted a comprehensive road safety and professional development training workshop for Bolt drivers and riders at Charter Hall. The event, convened in collaboration with the National Transport and Safety Authority (NTSA), the National Police Service (NPS), Bolt, and other key stakeholders, was aimed at enhancing safety, promoting professionalism, and fostering stronger partnerships across the urban mobility ecosystem."
21,"Consulting Services for Technical Assistance to The Program Management Unit (PMU) On Engineering, Environmental and Social Safeguards (ESS), Financial Management, Procurement, Communication and Monitoring and Evaluation Services"
21,Rabai NGCDF Tenders
21,Fund takes ‘Mtaani’ campaign to educate the public
21,"Policyholders Compensation Fund (PCF), held a sensitization campaign in Meru County to educate the public on its mandate, functions and to increase the public’s confidence in the insurance sector.

The campaign dubbed “PCF Mtaani” will traverse across all the 47 counties with the aim of increasing the level of awareness of PCF’s core mandate of providing compensation to claimants of an insurer that has been placed under statutory management or whose license has been cancelled and to increase the public’s confidence in the insurance sector."
21,Government unveils multi-million project to save Lake Naivasha from extinction
21,"The Government has launched the three- year Lake Naivasha Basin Ecosystem Management Project aimed at saving the lake from extinction.

Environment, Climate Change and Forestry Cabinet Secretary (CS) Dr. Deborah Barasa, speaking in Naivasha said the Lake Naivasha basin is a very key natural resource to flora and fauna in the region."
21,Government allocates Sh5b for Gogo hydro power plant expansion
21,"The Government has secured Sh5 billion to upgrade and expand the Gogo Hydro Power Plant to step up power generation from two to 8.6 megawatts.

The Cabinet Secretary for Energy and Petroleum, Opiyo Wandayi, who spoke during the tree-planting session at Midida Primary School in Uriri Sub County, said that Migori County has so far benefited from Sh6 billion electrification programme."
21,Government to release Sh21b capitation to schools this week
21,"The Government will release about Sh21billion as capitation to public schools this week.

Education Cabinet Secretary (CS) Julius Ogamba said this will help schools` heads to plan for the second term, which kicked off last week."
21,New energy policy targets universal electricity clean cooking by 2030
21,"The Ministry of Energy and Petroleum has developed two draft policies to align the sector with global best practices and accelerate economic growth.

The Draft National Energy Policy 2025 aims to fast-track the country’s transition to a sustainable, inclusive, and resilient energy future."
21,KVDA launches its five-year strategic plan that will require 69.4b to implement
21,"The Kerio Valley Development Authority, KVDA, requires Sh69.4 billion to fund its capital-intensive water infrastructure projects and value addition within the next five years in its area of jurisdiction.

The projects funded by the Authority will focus on are Arror, Kimwarer, and Embobut multi-purpose projects and the lower Turkwel irrigation project."
21,Kisumu rolls out new fiberglass boats to boost safety on Lake Victoria
21,"The County Government of Kisumu has partnered with the Kenya Shipyards Limited (KSL) to fabricate modern fiberglass boats for fishermen.

Through the initiative which targets phasing out wooden boats to enhance safety in the lake, the first batch of six boats shall be handed over to the fishermen within 90 days."
21,The objective of the program is to support capacity development process during the project period that will assist the unemployed youth enhance their skills to secure gainful work thereafter.
21,"Kenya Industrial Training Institute (KITI) is Training Institute under the Ministry of Investments, Trade and Industry, situated in Nakuru town. It offers Industrial/ Entrepreneurship skills training for school leavers and skills upgrading for industrial workers and employees from SMEs & SMIs."
21,State hands over Sh5.5b Nasewa Housing Project site to contractor
21,"The State Department for Housing and Urban development today handed over the proposed Sh 5.5 billion Nasewa Industrial Park Affordable Housing Project site to the contractor who is expected to start off the project immediately.

Speaking during the occasion, Cassius Kusienya, Secretary of the Integrated Project Delivery Unit for the affordable housing program said the site will have 2000 house units together with associated infrastructure."
21,State revives key sugar factories in economic boost for Nyanza
21,"The Government has partnered with private investors to revive and restore operations of Sony, Muhoroni, Chemelil, Miwani and Nzoia sugar factories that have been the backbone of regions economic activities.

“We aim to make sure farmers to receive better, timely and regular payments for their mature cane and also receive bonuses annually just like coffee, pyrethrum and tea farmers,” Deputy President Prof Kithure Kindiki has said."
21,"The Government has disbursed Sh60.38 million to compensate 24 families whose relatives were killed in wildlife-related incidents between 2014 and 2020 in Kilifi County.

Tourism and Wildlife Cabinet Secretary (CS), Rebecca Miano emphasised the government's commitment to restoring dignity and trust among bereaved families."
21,Kenya Pipeline remits Sh7 billion dividend to National Treasury amid operational efficiency
21,"The Kenya Pipeline Corporation (KPC) has remitted Ksh7 billion to the National Treasury for the fiscal year ending June 30, 2024, highlighting its strong financial performance and operational efficiency.

The corporation also surpassed global benchmarks for product loss in pipeline transportation, reducing losses from the industry standard of 0.25 per cent to 0.06 per cent."
21,Scholars push for Kiswahili as East Africa’s official language
21,"Scholars, publishers, and authors have petitioned the East African Community (EAC) Council of Ministers to fast-track the ratification of Kiswahili as the official language of the bloc to deepen regional integration.

The stakeholders, who attended the official opening of the Chama cha Wanataaluma wa Kiswahili Katika Vyuo Vikuu vya Afrika Mashariki (CHAWAKAMA)–Kenya Chapter’s 21st conference, hosted at Egerton University, unanimously agreed that Kiswahili, as a lingua franca, could enhance economic development in East Africa."
21,Stakeholders push for slum upgrading through Affordable Housing strategies
21,"Affordable and social housing issues have emerged as key fac tors in preventing the expansion and proliferation of informal settlements in the country.

According to stakeholders from at least 20 devolved units who recently participated in various validation workshops for county-specific slum upgrading and prevention strategies— spearheaded by the Second Kenya Informal Settlements Improvement Project (KISIP2)—these strategies will drive the achievement of the housing agenda under the Bottom-Up Economic Transformation Agenda (BETA)."
21,"Government courts Chinese investors to boost food security, agri-tech"
21,"Gold refinery in Ikolomani to create thousands of jobs, boost"
21,"Kakamega County will benefit from a Sh5.8 billion gold refinery project in Ikolomani. The initiative, developed in partnership with the national government, is expected to create thousands of jobs and increase local revenue through royalties from gold mining activities.

Speaking during Madaraka Day celebrations held at Malava Primary School in Malava SubCounty, Governor Fernandes Barasa highlighted key development milestones in the county."
21,"Newly completed Sh1.2 billion Makutano –Kenol water project to benefit over 70,000 residents"
21,"The newly completed Makutano-Kenol water supply and sewerage project will benefit over 70,000 residents of Makutano, Wempa, Mareira, Karimamwaro, Gatanga, Kabati, Kenol and Wangu towns.

The Sh1.2-billion project was commissioned in 2021 under the implementation of the Athi Water Works Development Agency (AWWDA) and funded by the Government of Kenya in partnership with the African Development Bank (ADB)."
21,Government to scale up bio-ethanol production to meet growing demand
21,"The Government is scaling up co-generation and bio-ethanol connectivity, and access to clean energy by the year 2030.

Energy Cabinet Secretary (CS) Opiyo Wandayi said the government is rooting for diversification of Kenya's energy mix to meet the rising demand for power while addressing climate change concerns."
21,"Gov’t to release 5,000 Affordable Housing units by April"
21,"Plans are underway to release 5,000 affordable housing units to the public by April 2025, Cabinet Secretary for Lands, Public Works, Housing, and Urban Development, Alice Wahome, has announced.

Wahome stated that the government is preparing the houses for handover and commissioning to provide Kenyans, especially low-income earners, with decent and affordable housing."
21,"Over 5,000 acres marked for SGR extension to Kisumu"
21,"More than 5,000 acres of land across five counties have been earmarked for compulsory acquisition as the government moves to extend the Standard Gauge Railway (SGR) from Naivasha to Kisumu.

The National Land Commission (NLC) announced the plans during a highlevel stakeholder engagement meeting convened by Kenya Railways in Kisumu."
21,Reprieve as state averts auction of coffee society in Embu over Sh 69 million loan
21,"It was a reprieve for coffee farmers affiliated with the Gakundu Farmers’ Cooperative Society in Manyatta Constituency, Embu County, after the government intervened to prevent an auction of their assets over a loan of Sh. 69 million.

The society was set to have its assets auctioned on January 30 due to a loan of Sh. 50 million taken by the society’s management in September 2024 from the Commodities Fund, which had accrued to Sh.69 million due to unpaid interest."
21,"How Sh 5,000 investment turned into a thriving vegetable enterprise"
21,"In Kaplangau village, located in West Marakwet Sub-County, Elgeyo -Marakwet County, youth-led horticultural farming is gaining traction as a viable economic alternative in rural development.

Leveraging small-scale irrigation, high-yield seed varieties, and market-driven production, young farmers like Christine Jepchumba are redefining the role of youth in Kenya’s agri-food systems."
21,Government to spend Sh500 million on rural electrification in Tana
21,"The national government will spend Sh500 million to accelerate rural electrification projects in Tana River County, connecting 4,000 households to the national power grid.

The initiative is part of the Ministry of Energy’s efforts to achieve universal electricity access across the country through multiple high-impact rural electrification projects, with a strong focus on renewable energy and off-grid solutions."
21,Government sets aside Sh58.7bn for development of constituencies
21,"The National Government has set aside Sh58.7 billion for the development of constituencies through the National Government Constituency Development Fund (NG-CDF) in the 2025/2026 financial year.

This allocation represents an increase from the Sh54.7 billion disbursed during the 2024/2025 financial year. Of the total allocation, the government has so far released Sh32.3 billion to the NG-CDF Board for onward disbursement to constituencies across the country."
21,Government to resume construction of stalled Suneka Airstrip in Kisii
21,"The Government is set to resume the construction of Suneka Airstrip in Kisii South Sub-County following fresh consultations with Gusii leaders.

Speaking after inspecting the facility, Education Cabinet Secretary Julius Ogamba confirmed that President William Ruto had directed leaders to review the status of the airstrip and facilitate the recommencement of works."
21,Experts embark on critical wildlife census following devastating 2022 drought
21,"Ease of doing business attracting more investors, job opportunities CEO says"
21,"The ease of doing business in the country continues to attract more investors, thereby creating several economic opportunities for the citizens, Kenya Investments Authority CEO John Mwendwa has said.

Mwendwa said several investors have pitched tents in the country, setting up multi-billion worth of investments in the Special Economic Zones and Export Processing Zones, thus creating jobs."
21,JKUAT transforms mushroom farming with new technology
21,"A groundbreaking agricultural innovation is quietly taking shape at the leafy campus of Jomo Kenyatta University of Agriculture and Technology (JKUAT).

Here, mushrooms are being grown, not in traditional mud huts, but inside a high-tech 40-foot container."
21,Police recruitment goes online
21,"The National Police Service Commission (NPSC) will roll out an online police recruitment system in the next recruitment exercise.

NPSC Chief Executive Officer Peter Leley said the action is a result of the changes and reforms being undertaken by the Commission."
21,PSC rolls out ethics training for staff to enhance service delivery
21,"The Public Service Commission has embarked on a transformation of the public service to discourage unethical practices that undermine service delivery to citizens.

Speaking at the closing session of a week-long sensitization program for Commission staff on ethics, values, and principles of public service, newly appointed Vice-Chairperson Mary Kimonye reaffirmed the Commission’s commitment to addressing issues of low integrity and declining public confidence in the public service."
21,PS urges coordinated state efforts to drive BETA goals
21,"There is a need for the two levels of government to make targeted interventions, as envisaged in Vision 2030, to actualize the Bottom-up Economic Transformation Agenda (BETA).

Devolution PS Michael Lenasalon said the interventions should be well coordinated under the Intergovernmental Relations Act, which provides an administrative framework for the coordination and enhancement of cooperation between the national and county governments to ensure equitable development across the country."
21,Lower Kuja Rice Scheme outperforms national average at 3.6 tonnes
21,"Farmers from the Lower Kuja Irrigation Scheme in Nyatike Sub County, Migori County have been praised for the rice productivity that has surpassed the national average production per acre.

According to The Chief Executive Officer (CEO) National Irrigation Authority (NIA), Eng. Charles Muasya, the Lower Kuja Rice scheme has been producing 3.6 tonnes per acre as compared to the national average production of 2.8 tonnes per acre."
21,Public servants in Marsabit cautioned against abetting smuggling at Ethiopia border
21,"Government officers serving in Marsabit County have been warned against abetting smuggling on the Ethiopia-Kenya border.

Marsabit county commissioner James Kamau expressed concern over increased cases of illegal activities concerning illicit drugs, counterfeit goods and human trafficking and cautioned dire consequences against any public servant involving themselves in the vices."
21,"PCF digitizes systems, securing trust in the insurance sector"
21,"The Policyholders Compensation Fund is enhancing its claims management systems to deepen collaboration with insurance firms and regulatory agencies such as the Insurance Regulatory Authority (IRA).

“We are future focused. Our aim is to be a responsive, reliable, and transparent Fund that policyholders can count on during difficult times,” Simon Mbugua, the Chair of the Board of Trustees said."
21,"33,000 homes to benefit from Sh3.2b government power project in Nakuru"
21,"The Government has set aside Sh3.2 billion to connect about 33,000 households in Nakuru County to electricity this financial year under the Last Mile Connectivity Programme aimed at expanding rural access.

Speaking at St Joseph Comprehensive School in Elburgon Ward, Energy Cabinet Secretary Opiyo Wandayi said the projects will be implemented by the Rural Electrification and Renewable Energy Corporation (REREC) and the Kenya Power and Lighting Company (KPLC) as part of the government’s plan to achieve universal electricity access, a key pillar of its development agenda."
21,"1,500 students in Kajiado benefit from STEM mentorship program"
21,"Over 1,500 students from five junior secondary schools in Kajiado County have benefitted from a mentorship and outreach programme by the Centre for Mathematics, Science and Technology Education in Africa (CEMASTEA).

The five- day outreach programme in Science, Technology, Engineering and Mathematics (STEM) that kicked off at Enkasiti Junior Secondary School in Isinya Sub- County is among programmes run by the CEMASTEA to inspire and equip learners with practical skills and knowledge needed to excel in STEM subjects."
21,Taita Taveta National Polytechnic now hub of excellence with new gemology equipment
21,"The National Government has commissioned a Sh47-million in State-of-the-Art gemology equipment at the Taita Taveta National Polytechnic (TTNP), the first of its kind in Kenya.

The facility aims to bridge the skills gap in gemstone identification, grading, and value addition."
21,"Boost for education sector as State hires 24,000 additional teachers"
21,"By Samuel Maina and Wangari Mwangi (KNA)

The Government has hired an additional 24,000 tutors this month to address staffing gaps in public schools, President Dr William Ruto has announced. Speaking at Kabiruini grounds in Nyeri, Dr Ruto said the additional teachers will ensure no learner in the country misses out on education due to shortage of tutors."
21,"Over 156,000 farmers in Makueni to receive training in key value chains"
21,"At least 156,000 farmers in Makueni County will be trained under the National Agricultural Value Chain Development Project (NAVDCDP) across the various value chains.

This is to transform agriculture into a dynamic sector, Governor Mutula Kilonzo Jr said."
21,Barley farming in Narok set for growth with new disease resistant varieties
21,"The production of barley in Narok County is expected to rise following the invention of two new varieties that give higher yields and are less resistant to diseases.

Speaking while unveiling the latest variety at Olokurto area in Narok North Sub County, the Kenya Breweries Limited (KBL) Managing Director Mark Ocitti said the new varieties are expected to motivate farmers to produce more barley."
21,"30,000 MORE YOUTH TO BE HIRED TO CLEAN NAIROBI RIVERS UNDER CLIMATE WORX INITIATIVE"
21,"By MyGov Reporter,

The government will increase the number of people hired to clean Nairobi rivers by 30,000 starting next month."
21,Accommodation
21,Where to Eat
21,Nairobi is home to both locally and internationally renowned hotels giving you the best accommodation based on your liking. New hotels and resorts have sprung up around the city over the years to meet the high demand for accommodation both in the low and high end market through government incentives and other campaigns.
21,Where to Shop
21,"Judiciary, Correctional Services partner to decongest prisons"
21,"The State Department for Correctional Services in collaboration with the Judiciary aims to decongest the country’s prisons through community service orders.

In a meeting between Chief Justice Martha Koome and State Department for Correctional Services Principal Secretary Dr. Salome Beacco, the two agreed to focus on restorative justice, sentence review, non-custodial sentencing and joint training besides synchronizing the court calendar to take care of community service orders."
21,Correctional services to prioritize mental health amid increased cases of suicide
21,"Correctional Services Principal Secretary Dr. Salome Beacco wants mental health to be mainstreamed and cascaded into the operations of the department as part of a broader plan to prioritize mental health.

Speaking during a meeting with top leadership of the Kenya Prisons Service including directors and regional commanders, the PS said mental health is the cornerstone of rehabilitation, effective correctional management, and successful reintegration into the society."
21,CA to spend Sh3.5b to boost digital connectivity in remote areas
21,"The Communications Authority of Kenya (CA) is expending Sh. 3.5 billion to close the gap in digital services for remote communities.

The money is part of Phase IV of the Base Transceiver Stations (BTS) project through the Universal Service Fund (USF) to give rural communities the quality cellular technology and connectivity they deserve."
21,CS Ogamba denies plans to shut down satellite campuses
21,"Ogamba clarified that it was a rationalisation exercise to ensure all resources were optimally utilized for benefit of the learners.

Speaking at Riokindo Boys High school in Bokimonge ward, Bomachoge Borabu Constituency in Kisii County during the school’s prize giving day to award students who excelled in last year's KCSE exams, the CS said that the rationalisation for institutions staffing was also underway."
21,Youth Tech Trek Program
21,"Nairobi, 5th March, 2024 Nairobi County Executive for Innovation and Digital Economy, Mike Gumo inviting youth to register for virtual training from 12th to 14th March, 2024 on artificial intelligence, cybersecurity, and data science. The training is in collaboration with IBM Skills Build.

Register by clicking on the link"
21,Nairobi County Government’s Measures To Address Floods
21,Key Partners Grace the public participation forum on the Draft Nairobi City child protection and safeguarding policy
21,"Nairobi, 5th May, 2022 – This morning Nairobi City County Chief Officer for Education, Youth, Social Services and Gender Ruth Owuor led her team in the Public Participation forum to discuss the Draft Nairobi City County Child Protection and Safeguarding Policy 2022 at the Pride Inn Hotel, Westlands.

Nairobi City County Governor, Ann Kananu has been very vocal in the draft preparation and she underscores that Nairobi City County recognizes child Protection as a multi-sectoral and multi-disciplinary affair that requires involvement and commitment of every stakeholder to promote the overall well-being of children through prevention of violence and exploitation; Ensuring effective structured and sustained case reporting and response mechanism with prompt and coordinated action is taken to prevent further occurrence."
21,Kenya showcases job creation strategy at ILO conference
21,"Kenya has placed job creation at the core of its national development strategy.

Speaking during International Labour Organization (ILO) Conference in Geneva, Switzerland, the Principal Secretary, State Department for Labour and Skills Development, Shadrack Mwadime, said the government has taken deliberate steps to stimulate employment across all sectors through an integrated approach that combines investment in infrastructure, targeted incentives for MSMES and expanded access to credit through the Hustler Fund."
21,"244,000 jobs created under Affordable Housing plan–PS"
21,Government funds phase II upgrade of Luanda Ginnery in Busia County
21,"The State Department for Cooperatives has released Sh20 mil lion to upgrade the Luanda Ginnery in Busia County in a bid to revitalize the cot ton value chain and spur rural industrial growth.

Earmarked for Phase II of the ginnery’s modernization, the funds will facili tate the installation of two new ginning machines, a cotton drying unit, and critical spare parts to sup port continuous operations."
21,New fingerprint system to streamline healthcare across the country
21,"The Ministry of Health has launched a nationwide biometric health identification and verification system aimed at enhancing efficiency and accountability in healthcare service delivery across the country.

The system is designed to ensure that all Kenyans can access affordable, quality, and dignified healthcare services, regardless of their income or location."
21,NCA unveils inaugural awards celebrating excellence
21,"The National Construction Authority (NCA) has launched the inaugural Construction Excellence Awards as part of the Annual Contractors Conference initiative aimed at recognizing, rewarding, and institutionalizing excellence, safety, and innovation within Kenya’s construction industry.

The event attracted contractors, regulators, developers and key stakeholders from across the 47 counties, all gathered to discuss transformative reforms in the sector under the National Building Code, 2024."
21,Working towards Food Security
21,"Food supply must grow at the same rate as human population growth rate so as to achieve sustainability and social stability; this is a huge public policy issue that calls for major directions. The world is already responding to the imminent situation by galvanizing the necessary attention and capacities under Goals Number 2 and 11 of the United Nations Sustainable Development Goals.

The Milan Urban Food Policy Pact is a commitment by managers of cities to address societal problems of food production, distribution, processing and consumption so as to sustainably achieve urban food and nutrition security. Nairobi City assented to the Milan Urban Food Policy Pact in 2016 and implementation is going on."
21,Relief for exporters as Kenya meets EU deforestation standards
21,"Kenya has been classified as a low-risk country under the European Union’s new deforestation regulations, a reprieve for local exporters concerned about emerging compliance costs.

The reassurance came during a high-level meeting between Agriculture and Livestock Development Cabinet Secretary Mutahi Kagwe and EU Ambassador to Kenya, Ms. Henriette Geiger, held at Kilimo House."
21,County Executive Leads Sector Working Group Workshop on Medium-Term Expenditure Framework (MTEF) for Strategic Fiscal Planning and Resource Allocation
21,"NAIROBI: 11th November 2023

The County Executive for Inclusivity Public Participation and Customer Service led the Sector Working Group (SWG) chaired by Dr. Catherine Gichuba in a working workshop to discuss and prepare the sector Medium Term Expenditure Framework (MTEF). The Medium-Term Expenditure Framework (MTEF) typically spans three to five years, providing a strategic planning horizon for government expenditures. County Executive for Inclusivity Public Participation and Customer Dr. Anastasia Nyalita said the workshop is of great importance for the team members to come together to cautiously examine and learn more on the development of sector specific planning documents. She urged that there is the need have entire sector staff trained on the same.”"
21,New digital stamp duty platform to seal loopholes in land transactions
21,"Land transactions across the country are set to become faster, more transparent and secure after the State Department for Lands and Physical Planning rolled out the National Stamp Duty Module (NSDM) nationwide.

The nationwide rollout demonstrates the Government’s commitment to making land transactions faster, more transparent, and secure for all citizens, while strengthening revenue collection and safeguarding public trust."
21,New facility to boost food preservation at Kitengela market
21,"Traders at Kitengela Market in Kajiado County are set to benefit from improved food preservation methods following the launch of a solar-powered cold storage facility aimed at reducing post-harvest losses and strengthening livelihoods.

The project was initiated by the Turkish Cooperation and Coordination Agency (TİKA) in Nairobi, in partnership with Food Banking Kenya and the Kajiado County Government. It draws inspiration from the Zero Waste Programme championed by Türkiye’s First Lady, Emine Erdoğan."
21,Ministry to leverage on service accreditation to empower MSMEs
21,"The Government will leverage accreditation of products, systems and services in its quest to achieve the industrialization and investment agenda for economic growth.

Principal Secretary for Investment Promotion, Mr. Abubakar Hassan Abubakar, said that accreditation is the cornerstone of investor confidence, market access and product credibility."
20,Good local growth
20,Good Agricultural Practices
20,"At Agrico Potato Services Africa, good growth is our motto. Good growth entails better research, enhanced varieties, better advice, a more bountiful harvest and greater yields, and this contributes directly to a sustainable, healthy and fair world.

Local production in Nakuru CountyAll year round, we produce and supply large quantities of top-quality certified seed potatoes on our farms in Nakuru County. Our seed potatoes are sold to farmers throughout the entire country. Farmers then produce large volumes of ware potatoes and supply the various markets and therefore contributing to Kenya's food security and its Big 4 Agenda."
20,It's all about potato entrepreneurs!
20,Advance Cargo Declaration (ACD) Platform for Containerized Cargo
20,"Fringe Benefit Tax, Deemed Interest Rate and Low Interest Benefit"
20,Key Sectors Push Revenue to KES 2.8 Trillion as KRA Records Strongest Growth in Recent Years
20,Learn About Tax Exemption
20,Learn about Importation & Exportation
20,Learn About ADR
20,Taxation for Companies & Partnerships
20,Migrated Ledger Balances
20,Learn About Compliance
20,Taxation for Not-For-Profit Organisations
20,Taxation for Societies
20,Learn About AEO
20,About Customs Agent
20,Kenyans In Distress
20,Information and Services
20,Emergency number for Kenyans: You can call 966 500 755 060 0r 19911 (toll free) 24-7
