score,text
16,Rural Electrification and Renewable Energy Corporation Invitation to Tenders
16,The Coast Development Authority Tender Advertisement
16,Supply & Delivery of Laptops & Interactive Smart Boards (ISB) For the Digital Literacy Programme
16,Bandari Maritime Academy (BMA) Tender Notice
16,The Kenya Cultural Centre Incorporating Invitation to Tenders
16,Nginduri Comprehensive School Tender Notice 2026
16,Kinyogori High School Tender Notice 2026
16,"Ndumberi Secondary School Tender Notice June, 2026"
16,"Kahuho Uhuru High School Tender Notice June, 2026"
16,"TENDER FOR SUPPLY, Delivery, Installation & Commissioning of Weighbridge of 60 tonnes - latest"
16,The Proposed Construction of Othaya Community Sports Ground in Nyeri County
16,Muthiga Girls High School Tender Notice 2026
16,ADDENDUM to Our Lady of Mercy Ngarariga Girls Secondary School Tender Notice 2026
16,Loreto High School Limuru Tender Notice 2026
16,Loreto High School Limuru Tender Notice 2026-2028
16,National Cereals and Produce Board (NCPB) Tender Notices
16,Tender Notice for Limuru Registration of Suppliers & Service Providers FY 2026-2028
16,The Insurance Regulatory Authority (IRA) Invitation to Tender
16,Tender Notices for Archdiocese of Nairobi Holy Cross Boys High School Thigio May 2026
16,NGCDF Gatundu North Constituency Tender Notice 2026
16,"Proposed construction to completion of two classrooms with ceramic tiles finish, installation of fans and ceiling"
16,"State department for housing and urban development Tender Advertisement AHP Projects, Modern, and ESP Market"
16,Tender Notice for Proposed Purchase of 67 (Sixty-Seven) Seater School Bus for Holy Cross Boys High School-Thigio in Limuru Constituency
16,Tender Notice for Upgraded Proposed Construction of a Dormitory (Grounds Floor) At Kagwe Girls
16,Loreto High School Limuru ADDEDUM -Tender Notice
16,Proposed construction of Storeyed Dormitory Block for Loreto High School Limuru
16,Proposed Construction of Three- Storey Mega Dormitory at Limuru Girls’ School
16,Loreto High School Limuru advertisemenet Notice 2025
16,"E-Registration Of Forest Industry Investors For 2026/2027–2027/2028 Financial Years-Small, Medium And Large Categories Only"
16,Kenya Reinsurance Corporation Limited Invitation to Tender
16,KQ partners with London Metropolitan University to strengthen aviation sector
16,Kenya embraces AI to revolutionize dairy goat farming
16,"KNA by David Wandeto

The Kenya Animal Genetic Resources Centre (KAGRC) is introducing artificial insemination (AI) for goats to increase milk and meat production."
16,"Government courts Indian investors in pharma, agriculture and textile sectors"
16,Environment watchdog enforces new regulations for sand transportation
16,Proposed Renovation of selected University Buildings
16,Kenya Demographic and Health Survey – 2022
16,Notices
16,World Vision hands over vital water and agriculture projects in Turkana
16,CPI and Inflation Rates for December 2013
16,Search Results for “infrastructure”
16,Boroughs Administration and Personnel
16,"Talents, Skills Development and Care"
16,"This sector deals with NCCG employee relations both internally and externally and Coordination, management and supervision of the general administrative functions in the Borough and subcounty administration, and Security and Compliance"
16,Business and Hustler Opportunities
16,Producer price Index First Quarter 2017 has been released
16,Where to visit
16,"A visit to Nairobi provides an opportunity for visitors to enjoy rich culture and heritage, amazing wildlife, buzzling nightlife, delectable and tantalising cuisines, unforgettable adventure and participate in meetings, incentives, conferences and exhibitions.

A tour of Nairobi will normally include visits to the Nairobi National Park, Nairobi Safari Walk, Giraffe Centre, David Sheldrick Wildlife Trust, Karura forest, Mamba Village, Bomas of Kenya, Nairobi National Museum, Nairobi Snake Park and Botanic garden, Karen Blixen Museum, Railway Museum, Nairobi Gallery, Kenya National Archives, Nairobi Arboretum, Oloolua Nature trail, Uhuru Park, Central Park, Uhuru Gardens, Michuki Park, City Park, Kazuri Beads, Godown Arts Centre, historical monuments and buildings among others. A lioness with her cubs at The Nairobi National Park"
16,Nairobi the Eventful City
16,COMMISSIONING OF GALOLE STREET ROAD AIRBASE WARD
16,County Projects
16,Ministerial Conference on Open Data and Nutrition and the 4th Agritec Africa International Exhibition
16,"The Sustainable Development Goals (SDGs) places premium on Agriculture, specifically Goal 2: which aims to end hunger and all forms of malnutrition by the year 2030. It also commits to universal access to safe, nutritious and sufficient food at all times of the year. This was said today by Kenya National Bureau of Statistics Director General Mr. Zachary Mwangi, who read a speech on behalf of Devolution and Planning Cabinet Secretary, Hon Mwangi Kiunjuri, during the official opening of the Ministerial Conference on Open Data and Nutrition and the 4th Agritec Africa International Exhibition, at the Kenyatta International Convention Centre, KICC.

Mr. Mwangi said the 2030 Agenda recognizes the need to use data for decision making underscoring the importance of quality, accessible, timely and reliable disaggregated data to help with the measurement of progress and to ensure no one is left behind."
16,"The rehabilitation of city stadium is on track and taking off at a good start. A visit to the stadium by the County Executive Committee Member for Education,Sports,Culture,Youth and Social Services Mrs.Lucia Mulwa was accompanied by the County Chief Officer sports and Youth together with the Director of Sports and Youths. The visit saw remarkable progress in the reconstruction process.

Special thanks to the county Assembly for having approved plans for the reconstruction as well as allocation of funds to facilitate the process.Rehabilitation of City Stadium is underway to ensure the historic stadium is upgraded to the required standards."
16,Leading Economic Indicator December 2015
16,Nairobi County Hosts Workshop that seeks to empower Kenya Community Health Workers
16,"Nairobi: 29th March 2025

Nairobi County Public Health Service reaffirmed its commitment to strengthening community health services in the city as it hosted a workshop focusing on the Kenya Community Health Workers (CHW) Registry."
16,Kwale launches multi-billion-shilling water and sanitation projects
16,Vihiga farmers to receive fingerlings and feeds under NORAD initiative
16,County rolls out beekeeping project in climate action push
16,Innovation and Digital Economy sector induction program highlights financial literacy and career advancement for newly employed officers
16,"Nairobi, 6th November 2024

Innovation and Digital Economy sector successfully conducted an impactful induction program for its newly employed officers at the Pride Inn Azure Westlands, setting the stage for a future of growth and innovation within the sector. Mr. Wilson Gakuya, the County Chief Officer for Smart Nairobi, welcomed attendees with a strong message about the significance of the induction process. He emphasized the need to properly anchor staff within the county establishment, stating, “This induction is designed to promote awareness and understanding of county processes, helping you navigate your overall career journey.” Mr. Gakuya also highlighted the importance of financial prudence, urging participants to cultivate a culture of savings. “While it is vital to enjoy temporary pleasures such as entertainment, it is equally crucial to plan for the future, especially post-retirement,” he said, reinforcing the critical need for sustainable financial habits. In a historical overview of the IDE sector, Mr. Tiras Njoroge, Chief Officer for Revenue Administration and Acting Chief Officer of ICT Infrastructure, reflected on the evolution of the sector. He noted the transformative journey from a punch room unit to a structured framework of three chief officers. Expressing optimism for the future, Mr. Njoroge welcomed the recent influx of young talent, stating, “Our new recruits are strategically selected to meet the current needs of the sector, a significant shift from past hiring practices.”"
16,1ST Health Scientific Conference Nairobi City
16,"Registration Open, 15 Days to go!"
16,"Welcome to the 1st Scientific Health Conference at Emara, Ole Sereni Hotel"
16,County Environment Officers trained on Air quality monitoring to enhance the capacity to monitor and manage air quality standards in Nairobi
16,"Nairobi, 19th October 2024

Following the recent launch of Breathe Nairobi initiative and the installation of advanced air quality monitoring sites to ensure clean and healthy air in the City of Nairobi, the County in partnership with Clean Air Fund and other stakeholders embarked on training the environment officers to empower them to develop air quality management plan for the County."
16,Call For Abstracts 7 Days to Go!
16,"Governor Sakaja Launches Bursary Worth Kshs 1.025 Billion, The Highest Since Inception Of Devolution"
16,Health Sector Union heads pays a courtesy call on H.E Governor Ann Kananu at City Hall.
16,"Nairobi, 2nd March, 2022

Nairobi City County Health Sector Union Heads led by Secretary, Kenya Union of Clinical Officers (KUCO), Tom Nyakaba today paid a courtesy call on H.E Governor, Ann Kananu at City Hall."
16,HERE IS YOUR CHANCE TO SHOWCASE YOUR TALENT AMONGST NAIROBI’S FINEST
16,The Nairobi City Festival 2022 to commence on 12th December.
16,Three arrested for contravening County Urban Planning laws
16,Kisii University Tender Notice
16,"Provision of Repair, Maintenance and Servicing of Building Services under Framework Agreement and Provision of Outside Catering Services to KMA under Framework Agreement (Re-advertisement)"
16,KETRACO Request for Expression of Interest for Consultancy Services for Annual Environmental and Social Performance Audit (ESPA)
16,"KEBS Tender for Supply, Implementation and Commissioning of Managed Internet Services at Kenya Bureau of Statistics Headquarters and Regional Offices"
16,"Tender for Renovation works of main gate, reception and boardroom for Kenya sugar board offices"
16,"Nairobi County Government, UNDP sign MOU aimed at enhancing service delivery and sustainable development."
16,Dairy sector boosted as New KCC commits to higher daily uptake
16,"Mutai Kipngetich-KNA

Thousands of dairy farmers in Kirinyaga are relieved after the New Kenya Co-operative Creameries (KCC) pledged to buy 65,000 litres of milk from them every day."
16,County Leadership Honors Security and Compliance Sector: A Joyous Breakfast Celebration Marks Customer Service Week
16,"Nairobi: 4th October 2023

On this splendid morning, the Security and Compliance sector came together for a memorable breakfast celebration during Customer Service Week. The event was organized and graciously hosted by Dr. Anastasia Nyalita, the County Executive Committee Member for Inclusivity, Public Participation, and Customer Service."
16,Sh4.9b road project in Nyanza resumes as state resolves payment dispute with local contractor
16,"Joseph Ouma-KNA

The construction of the grand 63-kilometre Kisumu-Miwani-Chemelil-Muhoroni-Kipsitet road has resumed after the government resolved a payment dispute with the contractors."
16,County Executive Dr. Anastasia Nyalita Explores Partnership Opportunities with Global Trade Center (GTC) to Boost Nairobi’s Growth and Revenue
16,"NAIROBI: 5th November 2023,

County Executive for Inclusivity, Public Participation and Customer Service, Dr. Anastasia Nyalita today paid a visit to the Global Trade Center (GTC) located in westlands which opened its doors in December 2021."
15,Who We Are
15,Government Press
15,"Government Press is a Department under the Executive Office of the President. Government Press is the Government’s primary centralized resource for producing, procuring, authenticating, cataloging, disseminating, and preserving the official information products of the Kenya Government. Our Values are;-

Read More"
15,Thousands of Kenyan farmers are making progress
15,"Although there are no guarantees in agriculture, the best guarantee for a good harvest and a high yield is high-quality healthy seed potatoes and good expert advice. Experience has shown that our potato varieties increase the net result for Kenyan smallholder farmers.

For Kenya, we have 5 major varieties that match market demands and are suitable for all types of farmers, their specific climate zones, altitudes and other conditions. By getting improved yields through our seed potatoes, farmers can boost their net income."
15,Explore high frequency monthly and quarterly statistics
15,"Leading Economic Indicators provide predictive insights into an economy's future direction by monitoring data such as, stock market performance, and consumer sentiment."
15,CPI and Inflation Rates
15,County Gender Datasheets – 2025
15,Explore the Rich Tapestry of Kenya's Data Landscape
15,Popular Publications
15,2024 Economic Survey
15,2022 Kenya Facts Figures
15,2019 Population and Housing Census
15,"view more

view more .."
15,"Kenya Revenue Authority notifies all licensed manufacturers and importers of bottled water and the general public that pursuant to the Finance Act, 2026 (amending the First Schedule to the Excise Duty Act, Cap 472), excise duty on bottled water is removed with effect from 1st July, 2026. Bottled water manufactured or imported on or after this date will not be subject to excise duty and will not require to be affixed with excise stamps.

The Commissioner will issue detailed guidelines on the return of unutilized stamps and the decommissioning of digital stamps, which will be published on the official KRA website."
15,"CALL FOR PUBLIC VIEWS ON THE DRAFT STATISTICS BILL, 2026"
15,TENDER FOR PROVISION OF GOOGLE APPS FOR EMAILING SERVICES (RE-ADVERTISEMENT)
15,"The Statistics Bill, 2026"
15,"The Draft Income Tax (Residential Rental Income Tax) Regulations, 2026 and the Draft Income Tax (Set Off Tax Rebate for Graduate Apprenticeships) Regulations, 2026"
15,"In compliance with the Statutory Instruments Act, Cap. 2A, the Commissioner General, on behalf of the Cabinet Secretary, the National Treasury, has developed the following Regulations:

1. The draft Income Tax (Residential Rental Income Tax) Regulations, 2026."
15,Scheduled Maintenance for the Integrated Customs Management System (ICMS)
15,"Kenya Revenue Authority (KRA) wishes to inform Partner Government Agencies, Importers, Exporters, Clearing Agents, Shipping Lines, and the public of a schedule maintenance of the Integrated Customs Management System (iCMS).

Maintenance Dates:"
15,3. Security
15,-Provide adequate parking space commensurate to the operations as the Commissioner may deem fit
15,-Have its entire area enclosed with a perimeter stone wall of a height not less than three (3) meters from the ground with an electric fence
15,-Have floodlights installed to light up its entire area
15,-Provide surveillance cameras (CCTV) covering the entire facility which is accessible to Kenya Revenue Authority
15,-Provide round the clock security services from a reputable security firm
15,4. Safety and Comfort
15,Facilitation of Stripping of Containers for Goods Destined to Zanzibar and Pemba (United Republic of Tanzania)
15,"On 21st February, 2018, Kenya Revenue Authority (KRA) through a Press Release, banned the stripping of containers destined for Zanzibar and Pemba in the United Republic of Tanzania on the request of the Tanzania Revenue Authority in its letter dated 28th December, 2017.

By a letter dated 29th November, 2022, the Tanzania Revenue Authority wrote to Kenya Revenue Authority requesting for the review of the ban on stripping to facilitate importers based in Zanzibar and Pemba to be able to tranship their goods from the Port of Mombasa. Kenya Revenue Authority reviewed the same and granted indulgence on stripping of cargo to Zanzibar and Pemba under the following conditions:"
15,"Implementation of the Income Tax (Charitable Organisations and Donations Exemption) Rules, 2024"
15,"The Kenya Revenue Authority (KRA) notifies taxpayers of the operation of Legal Notice No. 105 of 2024, the Income Tax (Charitable Organisations and Donations Exemption) Rules, 2024, which came into force on 18th June 2024.

These Rules guide on the requirements for Income Tax exemption under Paragraph 10 of the First Schedule to the Income Tax Act as well as the conditions for deductibility of expenditure on donations under Section 15(2)(w) of the Income Tax Act."
15,KRA to honour taxpayers during Taxpayers' Day
15,"KRA will today, Wednesday 31st October, 2018 host the Annual Taxpayers' Day and Luncheon at The Kenya International Convention Centre, Nairobi. The event is organised every year to honour distinguished taxpayers. This year's winners will be recognized for exemplary tax compliance in the year 2017.

The ceremony will be officiated by His Excellency President Uhuru Kenyatta, Cabinet Secretary for National Treasury Mr Henry Rotich, KRA Board Chairman Amb. (Dr) Francis Muthaura, KRA Commissioner General among other guests from both the private and public sector."
15,"Excisable goods worth Ksh 1.2 million seized, destroyed in Nairobi"
15,"The Kenya Revenue Authority (KRA) in partnership with the multiagency team steering the nationwide combat against illicit trade and counterfeit products last evening seized excisable goods worth Ksh1.2 million a Kasarani, Nairobi.

Among the products seized include 268 cartons of Heineken, 16 cartons of faxes, eight cartons of Smirnoff whisky and four cartons of turbog. In the same operation, the team further netted eight cartons of tusker can, three cartons of Guinness can, eight packets of 4th street, four packets of cellar cask as well as four packets of Johnisberg white."
15,KRA's new Customer Relationship Management System has enhanced service delivery
15,"The Kenya Revenue Authority?s (KRA) new Customer Relationship Management Solution (CRMS) has enhanced taxpayer experience, improved service delivery and increased operational efficiency.

The social media engagement rate has more than doubled, from 300 to over 700 engagements per day, with customer query response time improving to an average of 15 minutes across all platforms, as opposed to the previous one-hour average turnaround time."
15,KRA reassures taxpayers of smooth transition from turnover to presumptive tax
15,"The Kenya Revenue Authority (KRA) would like to reassure taxpayers of maximum support before and after the roll-out of presumptive tax set to be implemented on 1st January, 2019.

So far, KRA has conducted sensitization seminars around the country with a view to ensure that taxpayers who fall under this tax bracket transition from turnover tax to presumptive tax seamlessly."
15,KRA set to raise revenue through a three-year blue print
15,"The Kenya Revenue Authority (KRA) is set to raise revenue to GDP ratio from current 18.3 per cent in 2017/18 to 19.2 per cent in 2020/21.

Through its 7th Corporate Plan running from 2018-2021, KRA also expects to collect Kshs6.1 trillion of core revenues ? Exchequer revenues, Road Maintenance Levy Fund (RMLF) and Railway Development Levy (RDL) ? requiring an annual revenue growth of 12.9 per cent."
15,No Service Disruption at KRA
15,"The Kenya Revenue Authority (KRA) assures taxpayers that there is no service disruption in all its operations.

As stated by the KRA board, in a statement released on 14th May 2019, KRA assures taxpayers that operations continue uninterrupted. Allegations of ‘staff go slow’ cannot be substantiated, since all Customs and Domestic Taxes operations are on-going."
15,"PRESS RELEASE 27/06/2019

Did you find this content useful?"
15,"Reference is made to an article appearing in a local daily titled “Relief for consumers as KRA suspends new tax”.

The article is erroneous and misleading to the public."
15,KRA wins case against Dubai firm seeking to stop collection of KShs 2.3 billion tax debts
15,"The High Court in Nairobi has ruled in favour of KRA in a case filed by a Dubai based company seeking orders to stop KRA from collecting KShs 2.3 billion in tax debts from its affiliate company registered and operating in Kenya.

Justice Pauline Nyamweya on 23rd September 2019 ruled in favour of KRA and struck out a Judicial Review filed on 28th July 2018 by United Arab Emirates registered firm, Suzan General Trading JLT."
15,Chinese Real Estate Developers Arrested for Tax Evasion
15,"The Kenya Revenue Authority (KRA) has arrested three directors of a real estate company of Chinese national for failing to declare and remit taxes amounting Kshs.26 million.

Investigations by KRA revealed that the three who are directors of Tianyi Limited-a real estate company of residential houses in Athi River known as River Park Estate, failed to declare and remit taxes amounting to Kshs. 26 million from the sale of a hundred and seventy-one (171) units."
15,KRA wins case against Dubai firm
15,"KRA wins case against Dubai firm seeking to stop collection of KShs 2.3 billion tax debts The High Court in Nairobi has ruled in favour of KRA in a case filed by a Dubai based company seeking orders to stop KRA from collecting KShs 2.3 billion in tax debts from its affiliate company registered and operating in Kenya.

Justice Weldon Korir on 31st October 2019 ruled in favour of KRA and dismissed with costs the Petition filed on 2nd October 2019 by a United Arab Emirates registered firm, Suzan General Trading JLT."
15,Commissioner for Legal Services & Board Coordination-Paul Matuku
15,Italian National Charged with Tax Evasion in Mombasa
15,"A businessman, of Italian origin, dealing in construction material has been arraigned before Mombasa Chief Magistrate Ms Edna Nyaloti and charged with inflating purchases by Kshs 79,312,856 million to evade taxes.

The accused, Tony Rosafio and his firm Smoky Hill Limited, which he is a director, were jointly charged with five counts of making an incorrect statement to defraud the government of tax revenue."
15,KRA Commissioner General elected as member of ATAF executive arm
15,"The KRA Commissioner General, Githii Mburu, has been nominated as a Member of the Governing Council of the Africa Tax Administration Forum (ATAF). He was voted during the ATAF General Assembly meeting held today, 4th November, 2020.

Mr. Mburu who represent Kenya at the ATAF was elected by 13 member states, accounting for the highest number of votes cast during the electoral session. His election reiterates KRA’s global reputation and endorsement in tax administration matters."
15,"The Rift Valley Railways Kenya Limited has been ordered to pay Kshs. 1.6 billion tax to Kenya Revenue Authority (KRA). This follows an order by the Tax Appeals Tribunal in a Judgement delivered on 25th September, 2020.

The railway company had appealed against KRA’s tax assessment contained in an objection decision dated 11th December 2017 following an audit conducted for the years 2011 to 2016."
15,"KRA, seize alcoholic products affixed with counterfeit excise stamps worth Ksh. 12 million"
15,"Kenya Revenue Authority (KRA) in conjunction with the multi-agency team charged with combating illicit trade has impounded more than 1,600 cartons of alcoholic products bearing fake excise stamps.

The products, which have a market value of Ksh. 12 million, were seized at a Thika-based plant in Kiambu County. The products branded Fiesta Special Ice, were packed in 10-litre bottles."
15,KRA intercepts 6000 litres of smuggled ethanol worth Kshs.2.2 million tax
15,"The Kenya Revenue Authority (KRA) officers have intercepted 6,000 litres of ethanol suspected to have been smuggled into the country. The ethanol, packed in 25 drums, were concealed inside a lorry transporting 50 bags of maize each weighing 90Kg along Thika Road. The interception happened on Thursday 15th April at Ruiru within Kiambu County. The goods have an estimated tax value of Kshs. 2,224,875.

The interception happened after KRA officers received information that Directorate of Criminal Investigations Officers (DCIO) based in Kayole had seized a Mitsubishi FH lorry with 25 drums 250 litres of a colourless liquid suspected to be ethanol."
15,KRA investigators intercept 7500 litres of smuggled ethanol
15,"The Kenya Revenue Authority (KRA) investigators have intercepted a lorry ferrying thirty drums (7500 litres) of extra neutral spirit securing taxes of Ksh.2, 000,000.

The investigators, who were acting on a tip-off, managed to intercept ethanol that was concealed in sacks containing beans and rice bran along BumalaFunyula road, within Busia County on 14th August 2021."
15,"A Police officer formerly attached to Dagoretti Police Post was on 27th May, 2021 charged with possession of counterfeit excise stamps.

Davies Musindu Simiyu, who is currently on interdiction over accusations of impersonating Kenya Revenue Authority (KRA) officers, was found in possession of seven pieces of counterfeit excise stamps."
15,Grace Wandera
15,"PRESS RELEASE 23/06/2021

Did you find this content useful?"
15,Kenya confident on trade with Ethiopia as Moyale OSBP operational manual is signed
15,"The Kenyan delegation has expressed confidence on stronger trade ties with Ethiopia as procedure manual to guide the two nations in the implementation of the Moyale One Stop Border Post (OSBP) is signed in Addis Ababa.

The Kenyan delegation led by officials from the Ministry of Interior and Coordination of National Government and those from key government agencies active in the borders, trade and logistics expressed optimism on the successful implementation of the Moyale OSBP."
15,"KRA SUSTAINS UPWARD REVENUE TRAJECTORY, SURPASESS Q1 PERFORMANCE"
15,"The Kenya Revenue Authority (KRA) has collected KShs. 476.646 Billion, surpassing the Financial Year 2021-2022, Quarter One (July – September 2021) revenue target of KShs. 461.653 Billion by KShs. 14.992 Billion. The performance reflects a sustained revenue growth in the first three months of the year, with a performance rate of 103.2 per cent and growth of 30 per cent.

Despite the slow economic growth, KRA commenced the new financial year on an upward trajectory, after surpassing its July 2021 revenue target with a surplus of KShs. 311 Million, after a revenue collection of KShs. 152.854 Billion against a set target of KShs. 152.543 Billion, reflecting a performance rate of 100.2 per cent."
15,Businessmen charged with smuggling liquor
15,"Two businessmen have been charged with several counts of tax evasion before Engineer court Senior Resident Magistrate Hon. Daphline Sure. Solomon Philip and Kimani Kairu faced four counts of charges being in possession of counterfeit stamp contrary to section 378(a) of the Penal Code, being in possession of uncustomed goods contrary to section 200(d) iii as read with section 210(c) of East African Community Customs Management Act 2004, handling Excisable goods without a license contrary to section 15 of Excise Duty Act No 23 of 2015 and being in possession of substandard liquor contrary to section 3(1) of the Alcoholic Drinks Act.

The accused was arrested on 23rd December, 2021 KRA Officers with assistance of DCI Officers while acting on a tip off raided Christened Africanna Great Malewa Resort located at Michore area within Ndemi location. The law enforcement officers found him with assorted brands of alcohol which included 2 pieces of traditional liquor labelled Malewa Sweet Beer packed in 750 Ml each, 1 piece of 350ml each, 17 pieces of 250 Ml each, 20 litres of traditional alcohol known as Martina, forged KRA rubber stamp, forged Uganda Revenue Authority rubber stamp, and 16 pieces of fake Kenya Bureau of Standards labels."
15,KRA’s Inaugural Golf Open Focuses on Junior Golfers Support
15,"Nairobi, Tuesday, November 10th, 2021: Over two hundred golfers have been drawn to play at the Kenya Revenue Authority’s (KRA) inaugural Golf Open scheduled for this Friday, November 12, 2021, at the Windsor Golf Hotel and Country Club.

Nine of the over 200 golfers will be local pros who will join 159 amateur golfers at the event, scheduled to tee off at 6:30 a.m. The event will also see junior golfers participate among other stakeholders."
15,"KRA, DCI intensify search for Directors of Purma Holdings Limited over Kshs. 2.2 billion tax evasion court case"
15,"Officers from the Kenya Revenue Authority (KRA) and DCI unit at KRA are following crucial leads on how the two directors of Purma Holdings Limited being sought over Kshs. 2.2 billion tax evasion court case, yesterday evening escaped police arrests at a local city hotel where they were residing.

The two, Mary Wambui Mungai & Purity Njoki Mungai escaped from their hotel rooms a few minutes before the police and officers from the Kenya Revenue Authority (KRA) arrived to arrest them."
15,"Kenya Revenue Authority (KRA) and Keroche Breweries Limited (Keroche) have agreed on a payment plan on taxes owing, and not in dispute from Keroche.

The payment plan, which is contained in an addendum agreement to the two (2) Alternative Dispute Resolution Agreements signed between the two (2) parties in 2021 was arrived at and signed on 14th March, 2022 after week-long negotiations."
15,KRA grants low risk export goods a green channel
15,"The Kenya Revenue Authority (KRA) has successfully rolled out a facilitative green channel process in its customs system for exporters dealing in low risk goods.

Through the facilitative framework of the Authorised Economic Operator (AEO) green channel, exporters of low risk goods comprising of tea, flowers, soda ash, coffee, spices, herbs and avocadoes can now process their export entries through the Integrated Customs Management System (iCMS)."
15,Suraya Property Group loses KShs. 3.5 billion tax case over failure to present documents to KRA
15,"The High Court on 19th May 2022 overturned the decision of the Tax Appeals Tribunal (TAT) that ruled that the Muga Developers Ltd were not liable to pay tax assessed by Kenya Revenue Authority (KRA).

Muga Developers Ltd, whose principal shareholder is the Suraya Property Group Limited, constructed and developed a total of 756 housing units known as Fourways Junction located off Kiambu Road. Out of the 756 Units of Phase 1 and 2, 695 units were completed and sold while phase 3 had ongoing off-plan sales for 152 units."
15,KRA busts illegal liquor brewer in Athi River
15,"Kenya Revenue Authority (KRA) has busted an illegal liquor manufacturing plant in Athi River, Machakos County. The brewer, Elle Kenya Limited is suspected to have been producing illicit liquor in one of the warehouses inside Kongoni go-downs.

KRA officers in collaboration with the Multiagency team in Nairobi conducted a raid at the warehouse on Wednesday afternoon following a tip-off. The officers were however forced to camp outside the premises until Thursday morning after 24 workers locked themselves inside the manufacturing plant and destroyed most of the products including several litres of bottled Everest Vodka."
15,KRA files case against Keroche for contempt of court
15,"By an addendum agreement dated 14th March 2022, between Kenya Revenue Authority (KRA) and Keroche Breweries Limited, Keroche agreed to defray its tax liability of Ksh. 956,447, 847/- in a period of 24 months through a staggered payment plan.

However, Keroche reneged on the payment plan forcing KRA to take enforcement measures, which included sealing the factory. On 6th July 2022 Keroche sought intervention of the High Court and obtained orders on 14th July 2022 altering existing payment plan. The Court directed KRA to reopen the factory; and Keroche to pay Kshs. 8,000,000 per month within 7 days of reopening, and subsequently on the 30th of every month. The Court further directed Keroche to ensure it pays current taxes without fail."
15,KRA to celebrate award tax compliant individuals and businesses
15,"Kenya Revenue Authority (KRA) will on Friday 28th October, 2022, recognize and celebrate businesses and individual taxpayers who have been compliant in remitting their taxes during this year’s Taxpayers Day.

The event will take place at Kenyatta International Convention Centre (KICC), Nairobi, and will be officiated by the President of the Republic of Kenya and Commander-in-Chief of the Defense Forces, H.E Dr. William Ruto."
15,KRA Set to Launch TV Station during 2022 Taxpayers Month event
15,"Kenya Revenue Authority (KRA) will on Monday 3rd October, 2022 unveil a web based television (TV) station dubbed “KRA TV”. The station is envisioned to enhance tax literacy in the country through dissemination of simplified tax and Customs content. This is aimed at enhancing voluntary tax compliance and propelling the tax base in the country.

The “KRA TV” platform will be hosted on KRA website and drive a demand-based viewership. The station will host customized tax content that the public may consume at their convenience. The key features on the Tv will include: Scheduled live programming of tax awareness activities like Tax Talks, Tax Thursdays, Stori za Ushuru and other education programs. The TV station will also air a wide range of simplified and downloadable content for various taxpayer categories among the many other programmes."
15,KRA Sustains Revenue Growth Despite Economic Shocks
15,"Kenya Revenue Authority (KRA) has maintained an upward trajectory in revenue collection, after recording a 6.7% growth in the financial year 2022/2023. Revenue collection has progressively increased in the last 5 years from KShs. 1.58 Trillion in FY2018/2019 to KShs. 2.166 Trillion in FY2022/23, representing a growth of 37% ( KShs 586.259 billion) in the last five years.

Despite an economic slowdown occasioned by an unfavourable global fiscal environment, KRA recorded a revenue collection of KShs 2.166 Trillion for the period July 2022 – June 2023 compared to KShs. 2.031 Trillion in the last financial year. The collection for the financial year 2022/2023 was therefore higher than what was collected in the financial year 2021/2022 by KShs 135 Billion."
15,"KRA launches Taxpayers’ Month, gives back to taxpayers."
15,"Kenya Revenue Authority (KRA) will on Monday launch the Annual Taxpayer’s Month and unveil its online auction as well as the Tax Amnesty, as a way of giving back to taxpayers.

KRA celebrates the Taxpayers’ Month annually to appreciate compliant taxpayers for their patriotism in dutifully remitting their taxes in the financial year 2022/2023."
15,KRA to support Kenya-Japan Partnership for Ease of Doing Business
15,"Kenya Revenue Authority (KRA) has pledged support for Kenya’s partnership with Japan to create a conducive environment for Japanese investors in the country.

Speaking during a meeting with the Ambassador of Japan to Kenya, H.E Okaniwa Ken, KRA Commissioner General Mr. Humphrey Wattanga said that the Authority has a responsibility to promote investment by safeguarding the business environment and facilitating trade."
15,KRA Enhances Collaboration with Cross Border Traders to Boost Regional Trade
15,"Kenya Revenue Authority (KRA) has enhanced its partnership with cross border traders and strategic stakeholders in a bid to strengthen trading across borders and revenue mobilization.

During the International Customs Day Celebration held at the Busia One Stop Border Post (OSBP) in Busia County, the KRA Commissioner for Customs & Border Control Dr Lilian Nyawanda said that the Customs administration is deliberately working towards a simplified and harmonized customs management framework that will enhance seamless movement of goods and persons across borders."
15,LEADERSHIP CHANGE AT THE KENYA REVENUE AUTHORITY
15,"The Kenya Revenue Authority (KRA) Board informs the public that it will not be renewing Mr. Humphrey Wattanga’s Contract of Service as Commissioner General. Consequently, and in accordance with his Contract of Service, he is proceeding on terminal leave effective immediately.

The Board takes this opportunity to commend the outgoing Commissioner General for his dedicated service and leadership to the Authority and the country. During his tenure, he played a key role in advancing the Authority’s mandate. Notably, Mr Wattanga has been instrumental in the successful organizational restructuring reforms at the Kenya Revenue Authority."
15,KRA Grows Revenue by 6.8% Despite Tough Economic Environment
15,"The Kenya Revenue Authority (KRA) has surpassed the revenue target of Kshs. 2.555 Trillion for the Financial Year 2024/2025 after collecting Kshs. 2.571 Trillion.

The performance is a growth of 6.8% and a performance rate of 100.6%, compared with the Kshs. 2.407 Trillion collected in the last financial year."
15,"Customs Surpasses Revenue Target, Records Remarkable Kshs. 3.5 Billion Average Daily Collection"
15,"KRA’s Customs and Border Control (C&BC) Department recorded an accelerated growth rate of 11.1% in revenue collection over the previous year’s growth rate of 4.9% to collect Kshs. 879.329 Billion. This denotes a performance rate of 105.9% at the close of the 2024/2025 Financial Year, translating to an average daily collection of Kshs. 3.546 Billion.

C&BC performance was driven by Non-Oil taxes which grew by 10.3% to Kshs. 541.053 Billion and Oil Taxes which grew by 12.5% to Kshs. 338.276 Billion.Notably, customs revenue performance during the third quarter stood at 109.2% with a historic high collection of Kshs. 82.554 Billion in January 2025 and a performance rate of 121.1%."
15,KRA Intercepts Illicit Ethanol Worth KSh 16.26 Million Near SGR Corridor
15,"Kenya Revenue Authority (KRA), on Saturday night, intercepted a consignment of suspected illicit ethanol following a timely intelligence tip-off, in an operation conducted near the Standard Gauge Railway (SGR) area in Nairobi.

Officers from the KRA Enforcement Team, Nairobi, acted swiftly on intelligence indicating that lorries suspected to be transporting ethanol had been sighted within a yard near the SGR corridor. Upon arrival at the location, the officers found that the lorries had already departed. However, they recovered the illicit ethanol, which had been offloaded and stored within the yard."
15,Customs Taxes Achieve Historic Monthly Record of Ksh85 Billion in September 2025.
15,"Kenya Revenue Authority (KRA) has recorded another landmark achievement in customs tax collection, recording a historic monthly performance of Ksh 85.146 billion in September 2025. This represents the highest amount ever collected in a single month in the Authority’s history, surpassing the previous record of Ksh 82.554 billion set in January 2025.

In September alone, customs collections exceeded the monthly target of Ksh 81.341 billion by Ksh 3.806 billion, achieving a performance rate of 104.7%. This outstanding result also marks an impressive year-on-year growth of 18.8% compared to the same period in the previous financial year."
15,"KRA, KPA Roll Out Major Reforms to Decongest Port of Mombasa and Accelerate Cargo Clearance"
15,"Kenya Revenue Authority (KRA), in collaboration with the Kenya Ports Authority (KPA) and key port stakeholders, has rolled out joint reforms aimed at decongesting the Port of Mombasa, reducing cargo dwell time, and accelerating clearance through a technology-driven and results-oriented approach.

Speaking during the announcement of the reforms, Mr. Wattanga said the measures mark a strategic shift towards a more predictable, efficient, and digitally enabled port ecosystem that supports trade facilitation and economic growth."
15,Roll-out of Automated Payment Plan for Tax Liabilities
15,"The Kenya Revenue Authority (KRA) wishes to inform taxpayers and the general public that, as part of its ongoing commitment to enhance convenience and promote compliance, it is introducing a new Automated Payment Plan (APP) mechanism. This system-driven solution enables eligible taxpayers to settle outstanding tax liabilities, including principal tax, penalties and interest, through structured instalments.

To qualify for the APP, taxpayers must meet the following conditions:"
15,"Kenya Revenue Authority wishes to notify employers, employees and the public of the following changes that were introduced under the Finance Act, 2017 effective 1st January, 2018."
15,"Kenya Revenue Authority wishes to clarify that with effect from 1st September 2018, VAT is chargeable on all petroleum products at a rate of 16% of transaction value.

The charge is in accordance with the VAT Act, 2013 which deferred implementation for three (3) years up to September 2016, with a further two (2) year extension being granted under Finance Act, 2016. Consequently, VAT charge on petroleum products came into effect on 1st September 2018, in accordance with the relevant legal provisions."
15,Implementation of Integrated Customs Management System (iCMS) for Cargo Clearance
15,"Kenya Revenue Authority notifies the Shipping Lines/Agents, Importers, Exporters, Clearing & Forwarding Agents, Consolidators and all other parties related to cargo clearance process of the commencement of implementation of the Integrated Customs Management System (iCMS) at the Port of Mombasa, Inland Container Depot Nairobi (ICDN) and the Border Stations.

The following Cargo Clearance documentation will be submitted through iCMS for all cargo whose expected date of arrival/ exit is 7th July 2019:"
15,Automated Verification of VAT Returns
15,"25th March, 2019

The Kenya Revenue Authority would wish to inform the public that system improvements made to the iTax VAT return verification module following stakeholders’ feedback, have been concluded. The module cross-validates invoice details in buyers’ and sellers’ VAT returns then generates inconsistencies which affected taxpayers are required to resolve within a given period from the date of system notification."
15,"Kenya Revenue Authority (KRA) informs the public and in particular, oil and gas subcontractors that:

The services offered by subcontractors to oil and gas exploration companies which had remission on VAT payable under section 23 of the repealed VAT Act Cap 476 were taxable at general rate except that they enjoyed special remission under transitional provision, section 68(4) of VAT Act, 2013 which was valid upto 31st August 2018. However Subcontractors have been lodging VAT refund claims assuming that their supplies are zero rated entitling them to VAT refunds."
15,Automated Verification of VAT Returns (VAA)
15,"Kenya Revenue Authority informs the public that further to our reminder notice dated 3rd September 2019 on generation of VAT Automated Assessments (VAA), input taxes relating to mismatched invoice declarations were disallowed on Friday, 15th November 2019.

Following the release, affected taxpayers may have received communication with regards to VAT Automated Assessment Orders or VAT Debit Adjustment Vouchers arising from invoices which are yet to be reconciled between buyers and respective sellers’ VAT return declarations."
15,"Following the enactment of the Finance Act 2019, Kenya Revenue Authority informs all punters, bookmakers and stakeholders in the Betting and Gaming Industry that Excise Duty on Betting is chargeable on all stakes placed by punters on bookmakers at the rate of 20%.

We wish to inform all bookmakers that KRA in conjunction with other government agencies will suspend the pay bill numbers and online operations of non-compliant bookmakers."
15,"Kenya Revenue Authority informs the public that it is in the process of simplifying Stamp Duty payment process on the iTax system and thereby expediting the payments. Following the changes, it will no longer be conditional to present a Capital Gain Tax Acknowledgement Slip before Stamp Duty payment is processed. This reform is expected to improve the ease of doing business by creating efficiency in the process and promoting investments.

KRA emphasizes that transfer of property still attracts Capital Gains Tax which is payable by the transferor on or before the 20th day of the following month in which the transfer of property is effected."
15,"Pursuant to the Gazette Notice No.1609 of 25.2.2020 of 2020, and Gazette Notice 1967 of 6th March, 2020, appointing Kenya Revenue Authority (KRA) as the principal agent for overall collection for all County revenue, the public is hereby informed that KRA will commence collection of the Nairobi City County revenue with effect from 16th March, 2020.

Nairobi County revenue will now be paid to the following accounts;"
15,Compliance Checks on Tax Returns
15,"Kenya Revenue Authority (KRA) is currently undertaking comprehensive compliance checks on all taxpayers in accordance with mandate granted under various laws Including the relevant provisions of the Constitution of Kenya, 2010, the Tax Procedures Act 2015, the Income Tax Act(CAP 470); the Excise Duty Act 2015; the East African Community Customs and Management Act (EACCMA) 2004. These instruments provide the basis for the ongoing compliance checks.

The Tax laws empower KRA to review tax returns for accuracy in the determination of taxes paid by each taxpayer. This may be done through returns review, comprehensive audits or investigations. The outcome of which may include additional assessments or in the case of fraud; prosecution of the offenders. Any taxpayer chosen for review under any of these processes is notified and given appropriate time to respond or facilitate the processes."
15,Inflation Adjustment on Specific Rates of Excise Duty 2
15,"Kenya Revenue Authority would like to inform manufacturers and importers of Excisable goods that, the rates of excise duty on excisable goods that have a specific rate of duty, have been adjusted using the average inflation rate of 4.94% for the financial year 2019/2020, as required under Section 10 of the Excise Duty Act, 2015.

The adjusted rates are provided under Legal Notice No.194 of 2020 and are effective from 1st October 2020. The list of the goods affected is as provided below:"
15,"Kenya Revenue Authority (KRA) wishes to remind all Transit Shed operators of the above mentioned facilities that their licences will expire on 31st December, 2020.

The licencing conditions are spelt out under Section 12 of the East African Community Customs Management Act, 2004 as read together with Gazette Notice No. 5215 of 2017."
15,"The Tax Laws (Amendment) Act, 2020 amended the rate of Corporation Tax for resident persons from 30% to 25% with effect from 1st April 2020. The rate was reversed to 30% with effect from 1st January 2021 through the Tax Laws (Amendment) (No.2) Act, 2020.

Kenya Revenue Authority wishes to inform the public that the Resident Corporation Tax Return (IT2C) on iTax has now been updated to provide for the above amendments. The following changes have been made to the return: -"
15,"Kenya Revenue Authority informs the public on changes of tax rates introduced through the Tax Laws (Amendment) No. 2 Act of 2020 which was published on 24th December, 2020 with respect to employment income, Corporation Tax, and Legal Notice No. 206 of 2020 on Value Added Tax. The new tax rates replace those introduced in April 2020.

Individual Income Tax Rates"
15,"The Kenya Revenue Authority informs all our esteemed customers that all documents in support of objections to VAT Automated Audit (VAA) Assessments, for VAT returns for the period January 2018 to May 2018, for taxpayers whose tax station is Large Taxpayers Office (LTO), Medium Taxpayers Office (MTO), North of Nairobi (NON), East of Nairobi (EON), South of Nairobi (SON) and West of Nairobi (WON), should be scanned and sent to the following e-mail address:

VAAlegalservices@kra.go.ke"
15,Inflation Adjustment on Specific Rates of Excise Duty - November 2021
15,"Kenya Revenue Authority would like to inform manufacturers and importers of excisable goods and the public that the rates of excise duty on excisable goods that have a specific rate of duty, have been adjusted using the average inflation rate for the 2020/2021 financial year of 4.97% as required under Section 10 of the Excise Duty Act, 2015.

The adjusted rates are provided under Legal Notice No.217 of 2021 and are effective from 2nd November 2021. The list of the goods affected is provided below: -"
15,"Kenya Revenue Authority (KRA) wishes to remind the public of the ongoing Voluntary Tax Disclosure Programme

(VTDP) which allows a taxpayer to confidentially disclose tax liabilities that were previously undisclosed to the"
15,"Further to the public notice of 25th January 2022 on “Roll-Out of New Generation of Excise Stamps and Return of Unused Old Generation of Excise Duty Stamps”, Kenya Revenue Authority (KRA) wishes to clarify to manufacturers and importers of excisable products and the public that any excisable goods that were manufactured and affixed with the old generation excise stamps on or before the deadline for utilising those stamps will be allowed in the market until the expiry of the shelf life of the goods.

Manufacturers and importers of excisable goods are reminded that the deadline for utilizing old generation excise stamps and returning unused old generation excise stamps is as indicated below : -"
15,"Kenya Revenue Authority (KRA) reminds manufacturers and importers of excisable products that pursuant to the public notice of 30th November 2021 on “Roll-Out of New Generation of Excise Stamps”, KRA commenced the roll-out of the new generation of excise stamps in three phases as follows:

Wines, Spirits, Ready To Drink, Beer and Other Tobacco Products"
15,Affordable Housing Levy (AHL)
15,"The Finance Act 2023 introduced the AHL with effect from 1st July, 2023. Kenya Revenue Authority has been appointed as the collecting Agent of the Affordable Housing Levy (AHL).

Kenya Revenue Authority wishes to make the following clarification with respect to the AHL:"
15,RENEWAL OF LICENCES FOR TRANSIT SHEDS
15,"Kenya Revenue Authority (KRA) wishes to remind all Transit Shed Operators that their licenses will expire on 31st December, 2023.

The licensing conditions are spelt out under Section 12 of the East African Community Customs Management Act, 2004 as read together with Gazette Notice No. 5215 of 2017."
15,"Revenue Authority (KRA) informs members of the Public that the Affordable Housing Act, 2024 designates KRA as the ‘Collector’ of the Affordable Housing Levy (AHL).

With effect from 19th March, 2024, all Employers are required to deduct the AHL from the employee’s gross salary and remit together with the employer’s contribution as follows:"
15,Stakeholder Validation Workshop on the Draft KRA Diversity & Inclusion Policy
15,"The Kenya Revenue Authority (KRA) invites the general public and any other interested parties to participate in a Stakeholder Validation Workshop for the draft Diversity & Inclusion Policy following the recently concluded public participation and submission of proposals on the Policy.

The workshop will be held as follows:"
15,"FRINGE BENEFIT TAX

For the purposes of Section 12B of the Income Tax Act, the Market Interest Rate is 16%. This rate shall be applicable for the three months of July, August and September 2024."
15,"Amendments to PAYE Computation Pursuant to the Tax Laws (Amendment) Act, 2024"
15,"Download Updated P10 Return

Kenya Revenue Authority (KRA) informs employers and the public that pursuant to the Tax Laws (Amendment) Act, 2024 which comes into force on 27th December 2024, the following changes shall be applicable in the computation of PAYE for December 2024 and subsequent periods -"
15,Digital Communication Indispensable Tool That Public Sector Needs to Embrace
15,"The 2019 annual income tax returns filing season will perhaps go down the books of history as one whose due date was not characterised by long queues. In fact, as someone put it in a certain circle, if Kenya had an equivalent of the Guinness World Records, the just concluded filing exercise would have easily entered in the records. For the first time, there were no queues of taxpayers at Kenya Revenue Authority (KRA) offices countrywide. Traditionally, a few days to the deadline would be marked with overwhelmingly long queues.

When KRA rolled out the iTax technology in 2014 to modernise tax administration in Kenya, there were mixed reactions regarding the system from various stakeholders. While some saw the technology as an opportunity for enhanced tax compliance and efficiency in tax administration, others felt that it was an obstacle to tax compliance."
15,"By Grace Wandera, Deputy Commissioner Marketing & Communication"
15,"CS Hon. FCPA John Mbadi hosts the Chinese Ambassador to Kenya, H.E. Guo Haiyan"
15,PS Dr. Chris Kiptoo hosts officials from the Asian Infrastructure Investment Bank
15,Meeting with Vice President of the Export and Import Bank of China.
15,Sin Tax
15,"Interesting name for a tax right? Imagine if you were to be taxed every time you sin. I wonder whether we would have any sinners. This brings in another question, who would receive that tax, church? Government? But no, am not referring to that kind of tax. Sin tax is what we refer to as Excise Duty. It is one of the oldest taxes levied worldwide on selected products that are considered harmful to society and individuals. Excise duty is a duty that is imposed on goods and services manufactured in Kenya or imported into Kenya and specified in the First Schedule to the Excise Duty Act, 2015.

These goods include; Tobacco and tobacco products, beer, wines and spirits, soft drinks such as juices, soda and other non- alcoholic beverages, bottled water, sugar confectioneries and chocolates, motor vehicles, petroleum, cosmetics etc. The services include; mobile money transfer services, money transfer services by banks and other financial institutions, data services etc."
15,CPI and Inflation Rates for October 2015
15,Taxation of Foreign Income
15,"Among the key successes of Kenya Revenue Authority’s 7th Corporate Plan is increased tax and customs compliance through implementation of simplified tax payment processes as well as effective and efficient tax administration measures. The above measures among others, have led to increased customer satisfaction levels for both local and diaspora taxpayers.

This article focuses on persons earning income from foreign sources subject to tax in Kenya for purposes of guiding them, with a view to ensuring their compliance to tax laws in Kenya."
15,Voluntary Tax Disclosure Programme (VTDP) a Positive Influence on Tax Compliance.
15,"In a bid to enhance overall tax compliance in Kenya, the Kenya Revenue Authority (KRA) extended a bone to non-compliant taxpayers through the introduction of the Voluntary Tax Disclosure Programme (VTDP) via the Finance Act 2020, which took effect from 01 January 2021 and will run up to 31 December 2023.

What is Voluntary Tax Disclosure Programme (VTDP)?"
15,What You Need To Know About Getting A Waiver
15,"Sometime back, a friend of mine approached me with some tax issues. He was complaining about some imposed tax penalties for late filing. After listening to his story, I realized that he had no clue about the Kenya Revenue Authority penalty waiver program. In this article, I will dive deeper and explain different dilemmas surrounding the penalty waiver.

On a few occasions, taxpayers for one reason or the other find themselves in situations where they are not in a position to comply with the strict tax filing deadlines. When this happens, taxpayers get penalized by the Kenya Revenue Authority for either filing late or not filing at all. These penalties continue to accumulate interest over time until payments for them are made."
15,Understanding Individual Income Tax
15,"Kenya Revenue Authority (KRA) has scaled up its efforts in sensitizing Kenyans on their tax obligations. It has also been noted that the knowledge gap among taxpayers has contributed to their low tax morale. As a result, this has a direct impact on compliance; taxpayers who are more educated about taxes are more likely to comply.

What is Individual Income Tax?"
15,Mainstreaming of Tax Education in the Curriculum
15,"There is every reason for schools to integrate tax education into the classroom. Tax education can be described as the provision of knowledge and skills aimed at changing people’s attitude and perceptions toward taxation. It is the bridge that connects tax administrations and the public. The aim is to raise public awareness on new and existing tax laws, importance of paying taxes, and methods of filing tax returns. Mainstreaming of tax education in the curriculum should strive to change the attitudes and behaviors of learners towards taxation.

In Kenya, most taxpayers and learners have basic knowledge in taxation; however, there are repeated gaps in terms of meaning, sources, uses and administration of tax. To combat this disparity, KRA in the year 2005 embarked on a mission to educate, sensitize and demystify taxation to the public and enhance voluntary compliance. In 2012, the Authority launched a school outreach programme in a bid to nurture a tax paying culture from an early age. Contrary to expectations, the school outreach programme did not reach all the targeted learners due to resource related challenges. Additionally, it was neither part of the formal nor non-formal curriculum."
15,"Article by John Mutie, Msc.Fin."
15,"Presidents Kenyatta, Museveni commission Busia OSBP"
15,"The OSBP brings together under one roof, all the Government agencies performing border crossing controls procedures,

doing away with need for motorized traffic and persons to undergo clearance twice at both sides of the border."
15,Multi-Agency Team intercepts 7000 Litres of Smuggled Diesel Fue
15,"Kenya Revenue Authority (KRA) in collaboration with the Multi-Agency team in Moyale have intercepted a consignment of seven thousand litres of diesel fuel smuggled from Ethiopia. The consignment was intercepted at a residential house at Gurumesa area.

The team was acting on a tip-off and raided the house where they found 350 (20 litres each) Jericans ten of which were filled with diesel valued at Kshs.800, 000. The team also impounded a lorry, which was filled with 6,800 litres of diesel. The vehicle was found parked at the residential house."
15,"Harnessing society resources, modern technology key in effective tax administration."
15,"There is a growing need to harness broader resources from the society to drive tax collection more effectively. Speaking during the close of the 4th Annual Tax Summit at the Kenya School of Monetary Studies (KSMS), Nairobi, KRA Commissioner General Mr John Njiraini said that the success of the future of tax administration needs to go beyond the work tax administrators alone.

He noted that partnerships between revenue administrators and various stakeholders such as innovators and academicians are a significant injection for effective tax administration."
15,KESRA launches inaugural research conference
15,"The Kenya Revenue Authority (KRA) recently launched its inaugural Kenya School of Revenue Administration (KESRA) Research Conference at the Kenya School of Monetary Studies, Nairobi.

The Research conference themed ""Taxation in a Digitized Economy"" was part of the Fourth Annual Tax Summit that kicked off on 15th October 2018 and ended on 17th October 2018. The focus of this year?s research conference focused on the emerging digital frontiers and their implications on tax administration."
15,KRA appoints two Commissioners to enhance leadership capacity
15,"The Kenya Revenue Authority (KRA) has announced two substantive Commissioners’ appointment as part of an ongoing leadership capacity enhancement programme.

KRA’s Commissioner General Githii Mburu CBS, in a media communiqué, confirmed that the Board has appointed Ms. Lilian Anyango Nyawanda as Commissioner of Customs and Border Control and Dr. Edward Kinyua Karanja as Commissioner of Investigation and Enforcement."
15,Directors of Purma Holdings Limited escape Police dragnet at a city hotel
15,"Two directors of Purma Holdings Limited being sought over Kshs. 2.2 billion tax evasion court case, this evening escaped a police dragnet at a local city hotel where they were residing.

The two, Mary Wambui Mungai & Purity Njoki Mungai escaped from their hotel rooms a few minutes before the police and officers from the Kenya Revenue Authority (KRA) arrived to arrest them."
15,KRA and KEPSA Forge Stronger Collaboration to Drive Voluntary Compliance
15,"The Kenya Revenue Authority (KRA) and the Kenya Private Sector Alliance (KePSA) have reaffirmed their commitment to deepen collaboration in support of a fair, inclusive and transparent tax environment. In a recent high-level meeting between the KRA and KePSA boards, the two institutions agreed on a joint agenda to enhance voluntary compliance, expand the tax base and build a predictable business environment through structured dialogue.

Speaking during the engagement, KRA Board Chairman Hon. Ndiritu Muriithi underscored the importance of trusted partnerships in driving Kenya’s revenue performance. “KePSA plays a vital role in representing a cross-section of the private sector. Through structured engagement and shared insights, we can co-create solutions that ease compliance, unlock new revenue streams, and ultimately drive economic growth,” he said."
15,"PRESS RELEASE 03/05/2019

KRA has not abolished filing of tax returns as reported"
15,CONSULTATIVE MEETING BETWEEN THE STATE DEPARTMENT FOR PUBLIC SERVICE AND THE NATIONAL TREASURY ON STATUTORY DEDUCTIONS AT SOURCE
15,PS IMBUNYA: MORE HUDUMA CENTRES COMING TO BRING SERVICES CLOSER TO KENYANS
15,PS Imbunya Joins President Ruto as Government Rolls Out KSh21 Billion Projects in Kakamega
15,"OVER 3,500 YOUTH VALIDATED UNDER NYOTA PROJECT IN VIHIGA"
15,"PS Dr. Jane Kere Imbunya Congratulates Head of Public Service on Prestigious Conferment, Hails Visionary Leadership"
15,New office administrators called to serve with integrity
15,Finalization of FY 2025/26 Work and Procurement Plans
15,Courtesy Call Meeting with Azerbaijan Ambassador
15,Youth Roundtable Discussion on Empowerment
15,Strengthening Collaboration: NYS CG Courtesy Call on PS Imbunya
15,Landscape & Ecosystem Restoration Programme
15,PS Imbunya rallies Directors to drive results and staff welfare
15,Day 2 APSD Highlights: Inclusive Governance & Digital Transformation
15,Induction For Newly Appointed Clerical Officers
15,Opening of customer service week.
15,Hon J.B Muturi Visits Yatta Field Unit in Machakos County
15,HRMPEB holds the 5th CHRP Certification Ceremony at Bomas of Kenya
15,CS at Huduma Centre Mombasa to assess Service Delivery
15,Hon. J.B. Muturi launches Huduma Customer Service Week at Nairobi's GPO Centre.
15,"CS Ruku visit to NYS Gilgil Academy, Nakuru County"
15,Economic Empowerment in Vihiga County
15,Kenya Wins Big at 2025 Africa Public Service Day Celebrations
15,Strengthening Kenya's Digital Future
15,PS ICT Eng. John Tanui Holds Strategic Engagements to Advance Kenya’s Digital Transformation Agenda
15,Kenya Launches Digital Outsourcing Initiative to Create Jobs for Youth
15,Strengthening Kenya’s Digital Ecosystem
15,Strengthening Public Communicators: PS Isaboke Hosts KSG Delegation
15,PS Isaboke Celebrates Sigalagala National Polytechnic’s 6th Graduation
15,PS Isaboke Officiates KIMC Eldoret Campus Graduation Class of 2025
15,"K-Elec Factory Launch in Nairobi, Kenya"
15,PS Tanui Hosts Virtual Asset Chamber and Binance Delegation
15,The 2024 Africa Public Service Day National celebration.
15,"APSD 2024 National Celebrations brought together partipants from Ministries Departments and Agencies to showcase their innovations. In his keynote address at the 2024 Africa Public Service Day (APSD) National Celebrations, at KSG Kabete, the Principal Secretary, State Department for Public Service Mr. Amos Gathecha highlighted the theme, ""Building a Resilient Education System: The Foundation for a Future Public Service as a Catalyst for Revitalizing the Economy."" This theme aligns with the Bottom-Up Economic Transformation Agenda (BETA), which emphasizes education's role in creating an inclusive society and fostering economic growth. The PS stressed the need for innovation and skilled public servants to drive economic development and improve living standards. He urged participants to learn, share knowledge, and adopt best practices to enhance service delivery, noting that improving citizens' standards of living is a noble duty for public servants."
15,"PS Public Service Mr. Amos Gathecha Opens the 28th Annual National HRM Conference at Sawela Lodges, Naivasha"
15,"Speaking at the 28th Annual National HRM Conference at Sawela Lodges, Naivasha, Mr. Amos Gathecha, Principal Secretary, Ministry of Public Service and Human Capital Development, painted a compelling vision of HR professionals as architects of workplace transformation in Kenya. This conference brings together HR leaders from all sectors across the Country. PS while addressing the audience, underscored the collective efforts of the Ministry, the Institute of Human Resource Management (IHRM), and HR professionals can shape a future where HR practices are not merely functional, but foundational to institutional excellence and progress.

With the theme, ""HR Visionaries: Transforming Workplaces, Empowering Africa,"" PS urged practitioners to be bold pioneers in reshaping the workplace to foster productivity, enhance employee satisfaction, and heighten organizational impact. He noted that HR stands at a pivotal crossroads where technology, demographic shifts, and evolving workforce dynamics necessitate a fresh approach. He said in HR landscape, open communication, hybrid work environments, and employee wellness are not just strategies but pillars supporting a more inclusive, engaged, and resilient workforce."
15,"Nairobi, 30th June 2026

Nairobi County joined the Ministry of Health and other stakeholders in a sensitization meeting on the Drug Demand Reduction Strategy (DSR 2025) for Tobacco and Nicotine Products, held as part of the National Communication and Community Engagement Campaign to tackle the growing challenge of tobacco, nicotine, and substance use among young people."
15,"This remarkable achievement is a clear testament to her exemplary leadership, unwavering dedication, and steadfast commitment to advancing public service excellence in Kenya.

Her performance continues to inspire confidence and set a high standard for service delivery across government."
15,"The Principal Secretary for Public Service and Human Capital Development and Vice President of Africa Association for Public Administration and Management (AAPAM), Dr Jane Kere Imbunya on Tuesday 24th March, 2026 delivered the closing remarks during a strategic AAPAM innovation webinar that brought together public sector leaders and practitioners from across the continent.

The webinar, convened under the theme “Innovation and Impact: Institutionalizing Innovation in the Public Sector,” provided a platform for insightful discussions on how African governments can harness innovation to enhance efficiency, responsiveness, and citizen-centered service delivery."
15,PS Dr. Imbunya Holds Consultative Meeting on Public Service Payroll Audit
15,"This evening, Public Service and Human Capital Development Principal Secretary, Dr. Jane Kere Imbunya, held a consultative meeting on the ongoing Public Service Payroll Audit conducted by the Office of the Internal Auditor General.

The meeting brought together key stakeholders, including Internal Auditor General Dr. Sammy Kimunguyi, and officers from the Office of the Prime Cabinet Secretary and the National Treasury."
15,"Pre-Press: These services relate to the preparation of text, in a format ready for printing, and include:"
15,Printing Services
15,"The above includes the development of security features required to safeguard documents against forgery, such as micro text, guilloche backgrounds, vignettes and more.

For any Printing Order:"
15,"The Kenya National Bureau of Statistics (KNBS) is a Semi-Autonomous Government Agency established under the Statistics Act, 2006 to collect, compile, analyze, and disseminate socio-economic statistics needed for planning and policy formulation in Kenya. KNBS invites sealed open National tenders as below:-

TENDER NO: KNBS/OT/23/2017-2018"
15,"Public Service CS Ruku has directed all government institutions to migrate their Human Resource management operations to a centralized and tamper-proof Human Resource System (HRS) within the next two months as part of a sweeping crackdown on payroll fraud and ghost workers.

Speaking during the closing ceremony of the 12th Annual National Human Resource Management Congress in Mombasa, CS Ruku warned that institutions that fail to comply with the directive risk having their employees denied salaries and allowances."
15,Public Service boss urges African firms to adopt tech for global competitiveness
15,"The Chief of Staff and Head of Public Service, Felix Koskei, has urged African nations to harness technology to enhance product quality, unlock access to global markets, and drive both national and regional development.

Speaking in Mombasa during the opening of the 5th Regional Quality Conference organized by the Kenya Bureau of Standards (KEBS), Koskei said digital transformation is redefining quality management across industries."
15,Shaping the Future of Public Service in Kenya
15,"Tuesday 5th, July, 2025Harambee house

Government policies are essential in shaping national development, guiding decision-making, and ensuring effective service delivery to meet the needs of citizens."
15,Call for Public Partipation
15,KICA Regulations Documents
15,Public Investment Management Information System (PIMIS)
15,Regulations Scope of PIM Regulations
15,"Public Investment Management Information System (PIMIS) is a software solution designed to support management of the public investment lifecycle, including submission, review, and approval of project proposals, as well as the execution and monitoring of projects.

PIMIS Mandate"
15,PIM Downloads
15,Multilateral sources
15,Refers to borrowings that are facilitated by a specific country export credit agency and guaranteed or insured to help mitigate against uncertainty of exporting to other countries. Some of the terms include: Disbursements are linked to shipments of contracted merchandise; Interest rates are market-related – linked to OECD Consensus Guidelines and; Maturities are different but not more than 10 year.
15,"Individuals and institutions wishing to lend to Government are required to have a bank account with a Kenyan commercial bank and to open an investment account at the Central Bank of Kenya (Fiscal Agent). To open an investment account, an investor is required to collect and fill a mandate card from the Central Bank or any of its branches."
15,National Government issues retail securities (bonds) for financial empowerment of its citizens. Retail bonds are issued through mobile phone platform (code named M-Akiba (Mobile/Digital bond). These are issued by the Public Debt Management Office through mobile/Telecommunication Network Operations. Currently M-Akiba issuance is undergoing re-engineering and through the e-citizen platform and will be relaunched when the re-engineering process is completed.
15,Statement on Fiscal Risks
15,"Statement on Fiscal Risks Arising from the State Corporations Sector

The National Treasury has recently undertaken the task of identifying and quantifying the fiscal risks arising from the State Corporations (SC) sector. The key objective of the exercise is to determine the amount of fiscal exposure from the SC sector, which can migrate to the national budget and negatively impact the economy."
15,"2. National Convention on Water, Sanitation and Public Sector Transformation"
15,"Recognizing that universal access to water and sanitation cannot be achieved by government alone, APSD 2026 will host dedicated partnership forums bringing together:

These forums will provide opportunities to:"
15,The Government of Kenya recognises the critical role of robust media research
15,"The Principal Secretary for Broadcasting and Telecommunications Mr Stephen Isaboke, EBS, has endorsed the establishment of a joint industry committee to media research.

Speaking on the PS’ behalf during the 25th Annual PAMRO Conference in Nairobi, Mr Temesi Mukani, the Secretary for Information and Broadcasting noted that the Ministry is eager to collaborate with PAMRO and other stakeholders to rebuild a robust research framework that will propel Kenya’s media industry forward."
15,Enhancing Media Accountability and Innovation
15,"The Principal Secretary for Broadcasting and Telecommunications, Mr. Stephen Isaboke, EBS, today engaged with the Media Complaints Commission, staff and management of the Media Council of Kenya.

The discussions focused on the evolution of the media sector, which has transitioned from analogue to digital and continues to grow more dynamic with the rise of Artificial Intelligence. While new technologies present opportunities, they have also amplified challenges such as misinformation and disinformation, underscoring the need for multi-sector collaboration."
15,"For many years, chess has often been seen as a game reserved for the elite, foreigners, or affluent communities.

In Kenya, it is commonly associated with wealthy families or the Indian community, leaving many young people from rural or modest backgrounds to believe it is beyond their reach."
15,"Kilifi County's Ngomeni area is poised to host Sub-Saharan Africa's first underwater museum, with significant strides already made in the initial research phase.

Over the past two weeks, archaeologists from the National Museums of Kenya (NMK) and collaborating partners have been investigating a shipwreck believed to have sunk in the Indian Ocean off Ngomeni's shores approximately 500 years ago."
15,Kenya highlights digitalization progress at ministerial forum on sustainable ICT development
15,"Information, Communications and The Digital Economy CS Dr. Margaret Ndung’u, (Second from Left) together with Ministers and Senior Officials sign a joint communiqué committing to inclusive and sustainable development in Sub-Saharan Africa.

Ministers, comm u n i c a t i o n representatives, and digital technology officials from Uganda, South Africa, and Kenya have signed a joint communiqué with the African Telecommunications Union (ATU) to reaffirm their commitment to promoting inclusive and sustainable development in Sub-Saharan Africa."
15,New Hope for drylands as pearl millet flourishes in Kiboko fields
15,"Under the scorching sun of Kiboko—where parched soils often crack before yielding—an understated transformation is unfolding.

At the Inter national Maize and Wheat Improvement Center, rows of pearl millet now stand in demonstration plots, their grain heads swaying in the dryland breeze, quietly signaling resilience and renewed hope in an unforgiving landscape."
15,"MOHAMED HASSAN-KNA

The Deputy Chief of Staff in the Executive Office of the President, Performance and Delivery Management, Eliud Owalo, has embarked on an inspection tour of the ongoing infrastructure projects in the coastal counties of Mombasa and Lamu."
15,"EMMANUEL MASHA- KNA

The Government has commenced the upgrading of seven informal settlements in Kilifi County under the second Kenya Informal Settlement Improvement Project (KISIP 2) at a cost of Sh1.2 billion."
15,"JOHN KALEKE- KNA

The Government has announced plans to expand the Ewaso Ngiro tannery’s annual output from 1,200 metric tons to 2,400 metric tons, effectively doubling its leather production capacity."
15,"SEBASTIAN MIRITI- KNA

The Government is implementing a major development program in the counties of Marsabit and Turkana, with the aim of transforming lives and accelerating growth in this poverty-stricken region."
15,"Kenya fast-tracks circular economy plan to cut waste, improve efficiency"
15,"The Government, in collaboration with the private sector, has renewed its commitment to the development of the Circular Economy Strategy and Implementation Plan (CESIP).

This national framework aims to shift Kenya from the traditional linear “take-make-dispose” model to a more sustainable system that maximises resource efficiency and minimises waste."
15,State focuses on non-custodial sentencing and rehabilitation measures
15,"The Government is committed to strengthening measures that advance restorative justice and expand community-based corrections, the Principal Secretary for Correctional Services, Dr Salome Beacco has said.

With more than 60,000 offenders serving non-custodial sentences countrywide, the PS said Kenya is one of the global leaders dvancing community driven correctional services."
15,COMESA unveils facility to boost access to electricity
15,"The Common Market for Eastern and Southern Africa (COMESA) has launched a Project Preparation Facility (PPF) aimed at fast-tracking access to electricity and clean cooking solutions across the region.

The facility, supported by the World Bank, falls under the USD5 billion Acceleration of Sustainable and Clean Energy Access Transformation (ASCENT) programme, which aims to connect 100 million people in Eastern and Southern Africa to electricity."
15,"The Government has taken steps to recognize the Pare community in Taveta Sub-County as part of ongoing efforts to address statelessness in the country.

The development was announced during an event presided over by Taita Taveta Governor Andrew Mwadime, with support from the Minorities and Marginalized Affairs Unit (MMAU)."
15,"Kisumu County is cementing its status as a regional creative hub with the launch of a professional recording studio.

The launch, held at the Mama Grace Onyango Social Centre, was in collaboration with the French government, underscoring deepening cultural ties with the European nation."
15,"The Government has intensified efforts to incorporate nuclear energy into Kenya’s electricity mix as part of a wider push to drive industrialisation, with plans to develop the country’s first nuclear power plant in Siaya County gathering momentum.

Speaking in Kisumu during an induction workshop for Siaya County leaders, Nuclear Power and Energy Agency (NuPEA) Chairman, Prof Lawrence Gumbe, said the proposed plant will play a critical role to bridge the country’s electricity deficit and support industrial growth."
15,"Kisumu Port set to hit 700,000 tonnes in 2026 on trade boom"
15,"Kisumu Port is on course to handle more than 700,000 metric tonnes of cargo in 2026, riding on a surge in regional trade and expanding commodity flows that are steadily redefining shipping on Lake Victoria.

Port Manager for Cargo Services, Patrick Makau, said the lake port recorded 459,601 tonnes in 2025, with early 2026 figures pointing to accelerated growth driven by petroleum exports and increased intra-regional trade."
15,"New global accreditation body set to strengthen trade, KENAS says"
15,"The Kenya Accreditation Service (KENAS) has welcomed the establishment of the Global Accreditation Cooperation Incorporated (Global ACI), describing it as a major milestone set to strengthen international standards and boost global trade.

The new global body, which commenced operations on January 1, 2026, brings together the International Laboratory Accreditation Cooperation (ILAC) and the International Accreditation Forum (IAF) under a single governance structure."
15,"The government has made efforts to reduce the cost of tea production in Nandi County.

During the launch of the Sh1.7 billion Taunet Small Hydropower Project, the Head of Public Service Felix Koskei said the plant is a key to lowering manufacturing costs, particularly electricity."
15,"JOSEPH OUMA -KNA

The Government has spent Sh5.7 billion on the ongoing construction of affordable houses in Kisumu County. Through the Affordable Housing Development Programme, it is building 1,880 units in Lumumba Estate, Kisumu."
15,"HELLEN LUNALO-KNA

Kenyan electric vehicle assembler BasiGo has secured Sh5.43 billion from a group of investors through a combination of equity and debt financing to support the delivery of 1,000 electric buses over the next three years."
15,"CHRIS MAHANDARA-KNA

Operations at the Kenya Pipeline Corporation (KPC) oil jetty in Kisumu have ramped up following the introduction of a second cargo ship to ferry fuel from the depot to Uganda through Lake Victoria."
15,4. Persons Eligible to Initiate the Process
15,3. Scope of Application
15,"The request for deregistration of a deceased person’s PIN may be initiated by;

Such persons shall demonstrate legal authority to act on behalf of the estate."
15,5. Requirements for Deregistration of a Deceased Person’s PIN
15,"Status Report Of Civic Education, Public Participation And Citizen Engagement In Nairobi County"
15,Health Wellness and Nutrition Draft Sector Report and MTEF FY 2024-2025
15,"Health Wellness and Nutrition Draft Sector Report and MTEF FY 2024-2025

General Inquiries"
15,"Status Of Civic Education, Public Participation And Citizen Engagement In Nairobi City County – Study Report 2024"
15,"JOSEPH NG’ANG’A- KNA

The Government is reviewing the National Seed Policy, 2010 and developing a modern and more inclusive seeds and plant varieties law to increase production of quality seeds and fight counterfeits."
15,"A PIN (Personal Identification Number) is used when conducting business with the Kenya Revenue Authority (KRA), other Government agencies, and various service providers.

""Personal"" refers to both individuals and artificial persons such as companies, clubs, and trusts."
15,Who Should Have a PIN?
15,Appeal Process
15,"Any person aggrieved by the decision of the Authority as envisaged under this Rule(CT -Procedure rules 2017), shall file a Notice of Appeal in Form CT4; within 14 days of receiving the decision; and Memorandum of Appeal in Form CT5 respectively within thirty days from the date of receipt or notification of the decision of the Authority.

The Memorandum of Appeal shall be accompanied by the following documents:"
15,"In particular, for new customers who will use the Locksmiths Pros’ website in order to get in touch to the company there’s a nice 5% off discount on the first locksmith service customers will request.

More offers are also available in the course of the year. Moreover, all rates and prices at Locksmiths Pros are among some of the most affordable in the locksmith market."
15,More Table Games In The Internet or Kenyans
15,"There are many reasons to choose to play poker games, not only for Kenyans but also for everyone else. Actually, Australia Casino is a fully regulated and licensed platform which offers the best and safest casino environments you might find on the net.

Australia Casino puts much effort in finding casinos whose high standards meet severe requirements of security. This encourages more poker players to visit Australia Casino without hesitation and after testing the excellent and helpful customer service as well as trying free and real play games, most are greatly satisfied."
15,"By Wagema Mwangi (PCO)

The war against cross-border and transnational smuggling of minerals among countries in the Great Lakes Region is set to go a notch higher after the International Conference for Great Lakes Region (ICGLR) hinted at adopting a unified regional certification system by member states."
15,"By Yobesh Onwong’a (MyGov)

Kenya Accreditation Service (KENAS) is currently designing new accreditation schemes to meet emerging needs, enhance standards and improve quality of services provided across various sectors, KENAS CEO, Dr. Walter Ongeti has said."
15,Kenya Airways unveils first-of-its-kind travel solutions for business executives
15,"KNA by Sharon Atieno

Kenya Airways (KQ) has launched a new Government Travel Management Centre at Kenyatta International Convention Center (KICC) aimed at streamlining government services and promoting Kenya as a global hub for meetings, incentives, conferences and exhibitions."
15,"BY EVALYNE GITHINJI (PCO)

Kenya is advancing policies that focus on responsible artificial intelligence (AI) innovation to ensure AI development and deployment is safe and aligned with the country’s societal values."
15,"BY NEDDY MBORI (PCO)

The President’s Award-Kenya (PAK) has honored over 2,000 young people from across the country for completing the Gold Level. This achievement marks a significant milestone in youth development and community service."
15,"Emmanuel Masha and Kellian Mtawali- KNA

It is an end to water rationing in Malindi and Watamu municipalities of Kilifi County following the completion of the Sh4 billion Baricho-Kakuyuni Water Supply Project."
15,"Manu Mumba and Cynthia Wanjiru-KNA

The Government will continue to harness the capacity of engineers in its quest to drive innovation, creating jobs and fostering sustainable national development as a critical pillar for industrialization."
15,"The Lake Victoria North Water Works Development Agency has launched a Sh1.7 billion programme to establish three major water supply systems in Nandi County.

The move aims to end chronic water shortages and improve access to clean and safe water for tens of thousands of residents."
15,"Mr. Odongo Mark Okeyo is an advocate of the high court of Kenya since 1988. Has worked in the government for 38 years and currently a partner at Otieno Okeyo & co Advocate. He holds a bachelor degree in economics and MBA form Moi University.

Has served in various Boards within the republic. He is married and currently serves in the competition tribunal where he is a member. He is sitting for the chairman whose term expired on 16th/09/2025."
15,"When Sheila Atieno Onyango trained as a telecommunications engineer, she never imagined her career would eventually centre on traditional weaving, artisan networks and cultural preservation.

Today, however, the founder of Okapu is at the helm of a growing cultural enterprise that blends heritage, craftsmanship and community empowerment—demonstrating that traditional skills can be transformed into viable, modern livelihoods."
15,Mau Forest restoration gains momentum as marathon is launched
15,"The Government has intensified efforts to restore the Mau Forest Complex, Kenya’s largest water tower, with the launch of the Second Edition of the Mau Conservation Marathon.

The race is scheduled for July 3, 2026, and will be held under the Mau Forest Complex Integrated Conservation and Livelihood Improvement Programme (MFC-ICLIP), a ten-year initiative aimed at reversing decades of degradation in the country’s most important forest ecosystem."
15,"To own 100 hectares of land is a feat that most Kenyans can only dream of. To dedicate such vast acreage exclusively to animal feed production is a decision few would dare to make.

Yet this is exactly what Githaiga Kihara chose to do after shutting down his printing business in Nairobi a decade ago. Today, he is grateful for that seemingly unconventional choice."
15,Budget Preparation Process launched
15,"2024/25 FY AND THE MEDIUM-TERM BUDGET PREPARATION PROCESS LAUNCHED

The National Treasury and Economic Planning CS Prof. Njuguna Ndung’u has said 2024/25 Financial Year and the Medium-Term Budget will focus on the implementation of the Bottom-up Economic Transformation Agenda (BETA), geared towards economic turnaround inclusive growth and increased investments."
15,"PS Kiptoo hosts Mr. Hassan Zaman, World Bank East Africa Regional Practice Director"
15,"PS Dr. Chris Kiptoo hosted Mr. Hassan Zaman, World Bank East Africa Regional Practice Director, for discussions on Kenya’s reform agenda, including revenue and expenditure measures, e-GP, and the Treasury Single Account.

Dr. Kiptoo was joined by the Solicitor General Hon. Shadrack Mose. The PS reaffirmed the Government’s full commitment to these reforms, noting that regular coordination meetings with key stakeholders have been ongoing since August 2024."
15,Engaging Parliament on the 2025/26 Budget Estimates.
15,"Engaging Parliament on the 2025/26 Budget Estimates.

Today the PS of the National Treasury Dr. Chris Kiptoo CBS , appeared before the Departmental Committee on Finance and National Planning, accompanied by his colleague, PS Public Investment & Asset Management- Mr. Cyrell Wagunda Odede."
15,52
15,"Kenya Revenue Authority (KRA) reminds all Transporters conveying Transit Goods and other goods under Customs control that their licenses will expire on 31st December, 2021.

Provisions relating to the licensing of vehicles conveying Transit Goods and other goods under Customs control are contained in Regulations 104 & 210 of the East African Community Customs Management Regulation, 2010 & Section 244 of the East African Community Customs Management Act, 2004."
15,Imposter Detection
15,"The Kenya National Bureau of Statistics (KNBS) is a vital institution in Kenya, founded in 2006 with a mandate to collect, analyze, and disseminate statistical data. KNBS provides essential economic indicators like GDP, inflation rates, and unemployment rates, enabling informed policy decisions. Beyond economics, it supports county governments, conducts population censuses, and addresses regional challenges such as water and sanitation needs. KNBS ensures data-driven approaches to education and environmental conservation. With its commitment to reliable statistics, KNBS plays a central role in Kenya’s development journey."
15,"The Kenya National Bureau of Statistics (KNBS) in a tripartite collaboration with the Centre for Training and Integrated Research for ASAL Development (CETRAD) and the Centre for Development and Environment (CDE), University of Berne, is undertaking a project to produce a high resolution National Socio-Economic and Poverty Atlas for Kenya. The atlas is aimed at promoting evidence-based planning at both National and devolved levels.

This comprises of maps that are presented up to the sub-location level covering different themes including population demographics, education, water and sanitation, labour, information and communication technology, and welfare. This is an on-going project whose final product is expected soon. Provided below is a list of sample maps which readers can download to review and give feedback on the adequacy of the product."
15,"The Ministry of Education, State Department for Higher Education and Research is in the process of recruiting chairpersons and members of councils of public universities and constituent colleges.

find more information on the attached document"
15,"The Kenya Wildlife Service (KWS) has launched the Cruise-to-Park initiative, aimed at transforming brief cruise ship stopovers in Mombasa into immersive wildlife and conservation experiences, strengthening Kenya’s reputation as a premier destination that blends coastal and inland attractions.

The initiative was announced during the arrival of the Viking Sky cruise vessel at the Port of Mombasa."
15,"Government reviews 1,308 proposals to align laws with development goals"
15,"The Government has launched an ambitious audit of its legislative and policy agenda, marking a decisive step toward streamlining reforms and strengthening governance.

With 1,308 proposals under review, the audit reflects a renewed commitment by the government to ensure that the country’s legislative agenda is not only comprehensive but also responsive to citizens’ needs and aligned with Kenya’s long-term development goals."
15,"Kisumu County has intensified its fight against cancer with a renewed focus on early detection, expanded treatment capacity and strategic global partnerships aimed at reducing late diagnoses and preventable deaths.

The county on Friday unveiled the Chung Jeong-Eun–Nyong’o Cancer Centre, a flagship project under the Africa Smart Cities & Townships Alliance (ASCA), set to position the city as a regional hub for comprehensive cancer care."
15,Chief Registrar of Judiciary courtesy call at Treasury Building office.
15,"CS, Hon FCPA John Mbadi this afternoon hosted the Chief Registrar of the Judiciary, Hon. Winfridah Boyani Mokaya, who paid him a courtesy call at his Treasury Building office."
15,2019 FinAccess Household Survey Key Findings
15,"The Central Bank of Kenya in collaboration with the Kenya National Bureau of Statistics and Financial Sector Deepening (FSD) have launched the Financial Access (FinAccess) Household Survey 2019.

The 2019 Survey seeks to improve on this track record by providing information beyond the conventional measures of access and usage. It provides new information on the quality and impact dimensions, examining financial health and livelihoods, consumer protection, financial literacy in addition to probing more deeply on the frequency of usage. The survey also includes independent business and agriculture modules to better understand usage of financial products and services within these livelihoods, crucial for the development of an all-inclusive financial ecosystem for all Kenyans."
15,"MOSES WEKESA- KNA

Five informal settlements in Kakamega are currently undergoing infrastructure upgrades through the Second Kenya Informal Settlements Improvement Project (KISIP 2) at a total cost of Sh268 million."
15,National Term Two Games in Kakamega
15,"The Kenya Secondary Schools Sports Association (KSSSA), operating under the Ministry of Education, is crucial for promoting and organizing diverse sports activities in secondary schools, aiming for holistic student development and national cohesion through extensive championships.

The Ministry of Education has asked all the schools not to engage in unnecessary legal tussles whenever they encounter disagreement among themselves. Speaking in Mumias sports complex stadium, Basic Education Director General Dr. Abdi Elyas termed the cases between public schools as a reckless waste of valuable public resources that could be used in other areas."
15,28th Sep to 4th Oct 2026 Nairobi Agricultural Show 2026
15,"Join us at the National Agricultural Show 2026 in Nairobi.Visit our stand to learn more about our role in promoting fair competition,protecting consumer welfare and enhancing a competitive marketplace in Kenya"
15,"ERASTUS GICHOHI AND BERNICE NGE’NDO- KNA

The Kenya Electricity Generating Company (KenGen) has commit ted to adding an additional 1,500 MW of power sourced from green energy to the national grid over the next ten years."
15,"By Robert Ojwang’ (KNA)

The newly built MV Uhuru II ship, valued at Sh.2.4 billion, has embarked on its maiden cargo journey from Kisumu Port to Uganda’s Port Bell, marking its official entry into service on Lake Victoria."
15,"The rhythmic hum of sewing machines, the scent of freshly cut timber, and the steady tapping of carpentry tools fill a modest furniture workshop in Kericho town.

Customers walk in to inspect elegant sofa sets, polished wall units, and customized furniture carefully arranged for display."
15,"Today, the Cabinet Secretary, Ministry of Information, Communications and the Digital Economy (MICDE) H.E. Hon. William Kabogo Gitau had the great honor of serving as the Chief Guest at the Belgut Youth Digital Empowerment Programme, held at Belgut Technical Training Institute.

The CS was impressed by the vibrant young innovators, full of energy and vision, transforming bold ideas into real solutions that are already shaping their communities and the nation’s digital future."
15,National Sub County Treasuries
15,"Districts are part of the administrative units created during the colonial times for ease of control and management. They were maintained by the subsequent governments until 2010 when the constitution was changed and they are now known as Sub Counties.

The National Sub County Department is part of the Directorate of Accounting Services and Quality assurance located at the National Treasury Annex, Bima house 10th floor. It has an administrative unit at headquarters and currently we are having 314 field units in all the sub counties across the country where we have fully established accounting units"
15,Information Security Policy For Public Financial Management ICT System
15,The signing of a USD 185 million concessional Loan Agreement to finance the Intelligent Transport System (ITS) Project.
15,Press Release - Kenya achives successful pricing of US Dollars 1.5 billion eurobonds
15,Consultancy To Scope Ict Registration System For Msmes And Back- Office Automation For Micro And Small Enterprises Authority (MSEA)
15,Third-Medium-Term-Plan-2018-2022
15,"MINISTRY OF FINANCE AND COMMERCE (MOFCOM) SCHOLARSHIP – CHINA, 2026 PROGRAM"
15,"LAUNCH OF THE 2ND EDITION OF THE DIGITAL PLATFORM

“STUDY IN ALGERIA” FOR PROSPECTIVE STUDENTS SEEKING"
15,"RESPONSES TO CLARIFICATIONS ON TENDERS FOR CONSULTANCY SERVICE FOR DESIGN & SUPERVISION OF SOLAR PV SYSTEM INSTALLATION IN TARGETED PUBLIC SCHOOLS IN KENYA AND FRAMEWORK CONTRACT FOR SUPPLY, DELIVERY AND INSTALLATION OF SOLAR PV SYSTEM IN TARGETED SCHOOLS ACROSS THE COUNTRY IN KENYA"
15,CALL FOR APPLICATIONS: 13TH BATCH MASTER’S DEGREE AND INTERNSHIP PROGRAM OF THE AFRICAN BUSINESS EDUCATION INITIATIVE FOR YOUTH (ABE INITIATIVE) AND THE SDGs GLOBAL LEADERSHIP PROGRAM – JFY 2025
15,Brazilian scholarship
15,Brazillian scholarships
15,ADF NO. 2100150042254
15,THE KENYA INNOVATION SURVEY REPORT 2012
15,Medium Term Expenditure Framework
15,Medium Term Expenditure Framework Education-Sector-Report-FY-2013-14
15,CIRCULAR LETTER ON IMPL GUIDELINES FOR LANGUAGES
15,CIRCULAR LETTER ON IMPLEMENTATION GUIDELINES FOR LANGUAGES
15,Laurie Laforest
15,"Peter Stumbles is a partner at Financial solutions based in the Sydney office. He is the head of the Asia-Pacific Financial Services practice and is also a leader in the Global Performance Improvement practice.

Based in London, he is a business transformation expert and 25-year veteran at the firm, working with major corporate and private equity clients in Australia, Japan, China, Europe and North America. He is a leading contributor to Bain’s Results Delivery®, Organization, Consumer Products, Retail and Air Transportation & Services practices."
15,"15TH INTERNATIONAL INVENTION EXHIBITION IN THE MIDDLE EAST (IIFME) TO BE HELD ON 18th-11th FEBRUARY,2026 IN THE STATE OF KUWAIT"
15,"The Ministry is in receipt of an invitation to inventors to participate in the 15th International Invention Exhibition in th Middle East (IIFME) scheduled to be held on 8th-11th February,2026 in the State of Kuwait. The fair is an annual event organised by the Kuwait Science Club (KSC)

IIFME is dedicated to creating a platform for arab inventors to collaborate with their counterparts from non-arabic speaking regions, enhancing collaboration between investors and inventors and inspiring distinguished inventors to join the fair and network both inventors and investors."
15,KENYA GPE PRIMARY EDUCATION DEVELOPMENT PROJECT REPORT
15,THE SUPPLY AND DELIVERY OF FURNITURE AND FITTINGS TO TEN (10) TECHNICAL AND VOCATIONAL INSTITUTIONS
15,REPORT ON THE VULNERABLE AND MARGINALISED GROUPS
15,REPORT-OF-THE-COMMITTEE-ON-CONSIDERATION-OF-THE-KICD-AMENDMENT-BILL-2019
15,SECONDARY EDUCATION QUALITY IMPROVEMENT PROJECT (SEQIP) VULNERABLE AND MARGINALIZED GROUPS FRAMEWORK (VMGF)
15,HUNGURY SCHOLARSHIP 2023
15,"BELGIUM SCHOLARSHIPS AND CALL FOR RESEARCH FELLOWSHIPS

ATTENTION !!!! ATTENTION !!!!"
15,MAURITIUS - AFRICA SCHOLARSHIP SCHEME 2023
15,THE 18TH EDITION OF ALGERIA INTERNATIONAL PRIZE FOR THE RECITATION OF THE HOLY QURAN
15,BECA COLOMBIA POSTGRADUATE SCHOLARSHIP PROGRAM FOR FOREIGNERS 2023-02
15,"UNDERGRADUATE PROGRAM FOR 2022- 2023 ACADEMIC YEAR, BANGLADESH"
15,"SPEECH BY HON. EZEKIEL MACHOGU, CBS, CABINET SECRETARY, MINISTRY OF EDUCATION, ON THE OCCASION OF THE 10th GRADUATION CEREMONY OF JARAMOGI OGINGA ODINGA UNIVERSITY OF SCIENCE AND TECHNOLOGY, HELD ON FRIDAY, 3rd MARCH, 2023"
15,Inspection of Ongoing Development at Karatina University
15,"Principal Secretary University Education and Research Amb. Simon Nabukwesi inspected ongoing development projects at Karatina University on 15th November, 2021 accompanied by the University Vice Chancellor Prof. Muchiri Muchai."
15,Inauguration of the the Ministerial Audit Committee
15,"The Cabinet Secretary for Education, Julius Migos Ogamba, has officially inaugurated the Ministerial Audit Committee at the Ministry’s Jogoo House B offices.

The Committee will support in enhancing transparency and accountability in the Ministry’s operations, ensuring that public resources are effectively utilized and that there is value for money."
15,TVET SUB-SECTOR REPORT: JULY 2021-JUNE 2028
15,"SPEECH BY THE PRINCIPAL SECRETARY, STATE DEPARTMENT FOR BASIC EDUCATION, DR BELIO KIPSANG, CBS, DURING THE CLOSING CEREMONY OF THE 4TH AFRICAN CURRICULUM ASSOCIATION CONFERENCE ON 26TH JULY, 2023 AT THE KENYA INSTITUTE OF CURRICULUM DEVELOPMENT, NAIROBI"
15,"In addition to the two directorates, the state department has Administration Department where all other sections fall including Central Planning Unit, Accounts, Supply Channel Services, Human Resource Management, Public Communication, Legal Services, ICT and Finance."
15,DIRECTORATE OF HIGHER EDUCATION (DHE)
15,"SPEECH BY THE CABINET SECRETARY OF THE MINISTRY OF EDUCATION, HONOURABLE EZEKIEL MACHOGU, CBS, DURING THE OPENING OF THE 46TH ANNUAL"
15,"SPEECH BY THE CABINET SECRETARY OF THE MINISTRY OF EDUCATION, HONOURABLE EZEKIEL MACHOGU, CBS, DURING THE OPENING OF THE 46TH ANNUAL NATIONAL KENYA SECONDARY SCHOOL HEADS ASSOCIATION CONFERENCE HELD ON 28TH JUNE 2023, AT SHEIKH ZAYED HALL, MOMBASA"
15,"SPEECH BY HON. EZEKIEL MACHOGU, CBS, CABINET SECRETARY OF EDUCATION, DURING THE LAUNCH OF THE NATIONAL DISTRIBUTION EXERCISE OF GRADE 7 BOOKS TO SCHOOLS IN KENYA HELD AT THE KENYA INSTITUTE OF CURRICULUM DEVELOPMENT (KICD) AT 10 A.M"
15,"SPEECH BY THE CABINET SECRETARY FOR EDUCATION HON. EZEKIEL MACHOGU, CBS, DURING THE STAKEHOLDERS’ ENGAGEMENT ON NEW GRADING SYSTEM FOR KCSE EXAMINATION AND LAUNCH OF 2023 NATIONAL EXAMINATIONS AND ASSESSMENTS SEASON AT NEW MITIHANI HOUSE, SOUTH C ON MONDA"
15,"SPEECH BY THE CABINET SECRETARY FOR EDUCATION HON. EZEKIEL MACHOGU, CBS, DURING THE STAKEHOLDERS’ ENGAGEMENT ON NEW GRADING SYSTEM FOR KCSE EXAMINATION AND LAUNCH OF 2023 NATIONAL EXAMINATIONS AND ASSESSMENTS SEASON AT NEW MITIHANI HOUSE, SOUTH C ON MONDAY, 25TH SEPTEMBER 2023"
15,"TALKING NOTES FOR THE CABINET SECRETARY, MINISTRY OF EDUCATION, HON. EZEKIEL MACHOGU, CBS DURING THE MEETING WITH PRINCIPALS AND MANAGERS OF TECHNICAL AND VOCATIONAL EDUCATION AND TRAINING, HELD ON 15 TH FEBRUARY, 2023"
15,CALL FOR SCHOLARSHIPS- INDONESIA
15,CALL FOR NOMINATIONS FOR THE 23RD UNESCO CARLOS J FINLAY PRIZE FOR MICROBIOLOGY
15,CALL FOR APPLICATIONS ON SUPPORT FOR ESTABLISHMENT OF ENDOWED PROFESSORSHIP PROGRAM
15,CALL FOR APPLICATIONS FOR THE SCHOLARSHIP TO STUDY MASTERS AT CHILEAN UNIVERSITIES
15,CALL FOR APPLICATIONS FOR GLOBAL ARTS (IMMERSIVE EXHIBITIONS) PROGRAM AT THE KF XR GALLERY
15,CALL FOR APPLICATIONS ON SUPPORT FOR ESTABLISHMENT OF ENDOWED CURATORSHIP PROGRAM
15,Principal Secretary
15,Kenya Primary Education Equity in Learning (KPEEL) Program.
15,KPEEL
15,"The Kenya Primary Education Equity in Learning (KPEEL) Program is being implemented by the Ministry of Education and is funded by the World Bank, the Global Partnership for Education, and the LEGO Foundation."
15,Ministry Launches the 5th Cycle ISO certificate
15,"The implementation of ISO standards reflects the Ministry’s commitment to delivering quality education services and fostering an environment of excellence, accountability, and continuous improvement.

Speaking during the launch at CEMASTEA in Nairobi, Education Cabinet Secretary Julius Ogamba said ISO standards are internationally recognized frameworks that ensure consistency, quality, and efficiency across sectors. He noted that the decision to adopt these standards was strategic, driven by the Ministry’s leadership to improve performance and service delivery. “For the Ministry of Education, ISO implementation is not just a procedural task, but a transformative endeavour.” Said Hon. Ogamba"
15,"General project objective: To increase access and equity, improve quality and relevance of TVET

Specific Project objective: To equip youth, at least 50% women, with relevant TVET skills for the immediate and emerging labor market needs."
15,PROJECT COMPONENTS
15,SIP AUDIT REPORT
15,PRIEDE
15,Participate in the 2024 International Essay Contest for Young People!
15,"The Goi Peace Foundation, in collaboration with the Ministry of Education, Culture, Sports, Science and Technology of Japan (MEXT), is pleased to announce the commencement of the 2024 International Essay Contest for Young People. This prestigious competition invites Kenyan youth to share their narratives on the theme ""My Experience of Overcoming Conflict.""

The contest aims to foster a global culture of peace and sustainable development by encouraging young minds to reflect on their personal encounters with conflict and how they have navigated through adversity. Through this platform, participants have the opportunity to inspire and be inspired, showcasing resilience and innovative perspectives that contribute to positive change."
15,"FOREIGN STUDENTS IN ARMED FORCES MEDICAL COLLEGE (AFMC) FOR 1ST YEAR BANGLADESH MEDICAL STUDENTS’ SOCIETY (MBSS) COURSE, ACADEMIC YEAR 2O25-2026"
15,"STUDY OPPORTUNITIES FOR INTERNATIONAL STUDENTS AT MASSEY UNIVERSITY, NEW ZEALAND"
15,"FOREIGN STUDENTS IN ARMED FORCES MEDICAL COLLEGE (AFMC) FOR 1ST YEAR BANGLADESH MEDICAL STUDENTS’ SOCIETY (MBSS) COURSE, ACADEMIC YEAR 2O25-2026FOREIGN STUDENTS IN ARMED FORCES MEDICAL COLLEGE (AFMC) FOR 1ST YEAR BANGLADESH MEDICAL STUDENTS’ SOCIETY (MBSS) COURSE, ACADEMIC YEAR 2O25-2026"
15,"INDIAN INSTITUTE OF TECHNOLOGY MADRAS (IITM), INDIA Fully Funded Master of Science (MS) by Research Programme"
15,CALL FOR APPLICATION ON SUPPORT FOR NEXT GENERATION POLICY EXPERTS NETWORK PROGRAM
15,KPEEL Result Area 3
15,"This Results Area deals with Strengthening the implementation of the initiated reforms to improve learning for all through Implementation of Competency Based Assessment (CBA) at Basic Education and Teacher Education Levels.

The following are the Disbursement Linked indicators (DLIs) under this Results Area:"
15,PS Ololtuaa engaged Bomet County officials on Education Matters.
15,"The Principal Secretary for Basic Education, John Ololtuaa, engaged Heads of Schools and County Education officials in Bomet County on key priorities in the education sector.

The Principal Secretary said their discussions focuses on strengthening collaboration to enhance the delivery of quality, inclusive, and learner-centred education across the county."
15,Government Unveils E-Waste Guidelines to Drive Sustainable Digital Transformation
15,"By Shalphine Mukasia

The Ministry of Information, Communications, and the Digital Economy has launched the E-Waste National Guidelines and Implementation Framework, aimed at addressing the growing challenge of electronic waste in Kenya."
15,ICT Ministry set to roll out a 10 week Cyber Games Challenge
15,"We are excited to announce that the Ministry of Information, Communications and the Digital Economy in collaboration with the Ministry of Interior and National Administration and the Slovakian Government is set to launch an inaugural 10 week Cyber Games Challenge on the 1st of April, 2025.

ICT and Digital Economy Principal Secretary Eng John Tanui will officiate the launch which will kick off at 10 a.m on Kikao App."
15,Press-Release-Official-Visit Of Cabinet Secretary To Tanzania
15,Kenya-Reinforces-The-Silencing-of-The-Guns-In-Africa-Through-The-Amisom-Tccs-Consultations
15,Press-Release-Official-Visit-By-Japan-Foreign-Minister
15,COMESA–EU Forum Charts Path to Grow Africa’s Horticulture Exports
15,"The COMESA–EU Horticulture Connect Forum commenced in Nairobi this morning with a renewed emphasis on the enhancement of regional cooperation, digital transformation, and value chain development to increase Africa's horticulture exports.

Held on the sidelines of the 24th COMESA Summit of Heads of State and Government, the forum convened ministers, business leaders, and development partners to deliberate on strategies for enhancing trade integration and agribusiness across the continent."
15,Mudavadi Engages Luxembourg Counterpart on Expanding Bilateral Relations
15,"The Prime Cabinet Secretary and Cabinet Secretary for Foreign and Diaspora Affairs, H.E. Dr. Musalia Mudavadi, EGH, held bilateral talks with H.E. Xavier Bettel, the Deputy Prime Minister and Minister for Foreign Affairs of Luxembourg, at his Railways Office in Nairobi.

The meeting focused on strengthening bilateral relations between Kenya and Luxembourg, exploring avenues to enhance cooperation and address matters of mutual interest."
15,"KENYA AND EGYPT ADVANCE STRATEGIC PARTNERSHIP, STRENGTHENING REGIONAL COOPERATION"
15,"AU Reform Retreat Opens in Nairobi as President Ruto Leads Drive for a Stronger, More Effective Union"
15,"The High-Level Retreat on African Union (AU) Institutional Reforms has begun in Nairobi , The meeting brings together senior AU officials and policy experts to consolidate proposals on key priority areas ahead of the Special Summit on AU Reforms set for November 26th in Luanda, Angola.

The retreat, convened by the Ministry of Foreign and Diaspora Affairs, follows a directive by President William Samoei Ruto, in his capacity as the AU Champion for Institutional Reforms, after he chaired the inaugural meeting of the Ad-Hoc Oversight Committee of Heads of State and Government on October 24th, 2025."
15,"Kenya and Zimbabwe have today commenced a three-day Mid-Term Review of the Fourth Session of the Joint Permanent Commission for Cooperation (JPCC) in Nairobi, bringing together senior officials from both countries to assess progress and deepen bilateral engagement.

The Mid Term Review which commenced with a Senior Official's Session is a principal institutional framework guiding a structured engagement and cooperation between the two countries. It provides a vital platform for dialogue, mutual understanding, and collaboration across a wide range of sectors of shared interest while also advancing the bilateral agenda through proposed elevation of the JPCC into a Bi-national Cooperation Commission (BNC) to be convened at the level of the Heads of State."
15,Press Release Kenya and Norway: Defending multilateral cooperation
15,KENYA AND UAE SIGN LANDMARK COMPREHENSIVE ECONOMIC PARTNERSHIP AGREEMENT
15,"President William Ruto and His Highness Sheikh Mohamed bin Zayed Al Nahyan, President of the United Arab Emirates, today presided over the signing of the Kenya-United Arab Emirates Comprehensive Economic Partnership Agreement (CEPA), marking a historic milestone in the economic relations between the two nations.

The CEPA is the first agreement of its kind signed by the UAE with a mainland African country, representing a transformative step in enhancing trade, investment, and economic cooperation. The agreement strengthens Kenya’s position as a gateway to East and Southern Africa and reaffirms the UAE’s role as a global logistics and financial hub connecting the Middle East, Asia, and beyond."
15,Performance Contracts committement for Diaspora Affairs and Foreign Service Academy
15,"The Prime Cabinet Secretary and Cabinet Secretary for Foreign and Diaspora Affairs, Dr. Musalia Mudavadi, has presided over the signing of the performance contract between the Foreign Service Academy and the Ministry of Foreign & Diaspora Affairs.

Speaking during the ceremony, Dr. Mudavadi emphasised the importance of the contracts as strategic tools for driving measurable outcomes and aligned to Kenya’s national priorities under the Bottom-Up Economic Transformation Agenda (BETA)."
15,Kenya Reaffirms Strong Partnership as ICIPE Unveils Vision for Africa’s Bio-Economy
15,"Principal Secretary State Department for Foreign Affairs, Dr. Korir SingOei, has today presided over the launch of the International Centre of Insect Physiology and Ecology (ICIPE) Vision and Strategy 2026-2023 at ICIPE Headquarters in Nairobi.

The launch which brought together Director General and Chief Executive Officer Dr. Abdou Tenkouano, Governing Council members, scientists and international partners is part of the institution’s Science Week themed ‘Impacting Nature and Society.’"
15,"The Information, Communications and the Digital Economy Cabinet Secretary Hon. William Kabogo Gitau has officially opened the NG-CDF Mvita Jitume Digital Hub in Mombasa County.

The CS, who was accompanied by Mvita MP Constituency Hon. Mohamed Soud Machele, noted that he was impressed by the large number of Mvita youth who are already utilising the facility."
15,Cruise ship from Asia docks in Mombasa with 717 tourists
15,"Kenya’s cruise tourism has reached a momentous milestone with the arrival of MS Viking Yi Dun, the first-ever cruise vessel to sail directly from Asia to the Port of Mombasa.

The ship brought 717 tourists and 450 crew members in a breakthrough voyage that signals the country’s growing prominence as a global cruise destination."
15,"Pastoralist communities from four counties in northern Kenya have received Sh655 million in carbon credit earnings under a community-led rangeland conservation programme.

The beneficiaries are members of community wildlife conservancies in Isiolo, Marsabit, Samburu and Laikipia counties, working in partnership with the Northern Rangelands Trust (NRT)."
15,"President William Ruto has launched the second phase of the National Youth Opportunities Towards Advancement (NYOTA) programme’s business support component, disbursing more than Sh3 billion to over 122,000 young entrepreneurs across the country.

Each beneficiary will receive Sh25,000, bringing the total support to KSh50,000 per youth under the initiative."
15,Government Moves to Strengthen Kenya’s Data Governance Framework
15,"By Hanifa Tamim and Shalphine Mukasia (PCO)

The Government has reaffirmed its commitment to positioning Kenya as a data-driven economy through the development of a comprehensive National Data Governance Policy, the Principal Secretary for ICT and the Digital Economy Eng. John Tanui, said during a public sector stakeholder validation workshop held in Nairobi on February 5th, 2026."
15,President Ruto Lunches The Pan-African Greentech Hub-TIMBUKTOO
15,"The President H.E. Dr. William Samoei Ruto has officially launched the Pan-African Greentech Hub – Timbuktoo, in Konza Technopolis, Makueni County.

In his address, the President noted the immense value in digital transformation, reiterating that the digitisation of Government services, has streamlined public service delivery, checked corruption and furthered transparency."
15,Diaspora plays a vital role in the digital space
15,"Information, Communications and the Digital Economy Cabinet Secretary Dr. Margaret Nyambura Ndung’u has appreciated the important role that Diaspora plays in the creation of digital jobs, acting as a bridge between global opportunities and local economies.

Speaking during The 11th Annual Kenya Diaspora Homecoming Convention (KDHC-2024) held in Nairobi, the CS noted that Diaspora communities often have access to advanced skills, training, and exposure to global best practices in technology."
15,Strengthening Digital Innovation in Kenya: A Strategic Meeting Between Dr. Margaret Nyambura Ndungu and AFRALTI Leadership
15,"The Cabinet Secretary, Ministry of Information, Communications and The Digital Economy, Dr. Margaret Nyambura Ndungu, had a meeting with Mr. Bill Baraza and Mr. Leonard Mabele of AFRALTI. During the discussions, they reflected on AFRALTI’s longstanding relationship with Kenya, which has hosted the institute since 1989. AFRALTI informed the CS about its strategic shift from traditional capacity-building programs to cutting-edge research in emerging technologies like Artificial Intelligence and the Internet of Things. Going forward, AFRALTI will engage with global partners and looks forward to a close partnership with the Ministry to advance Kenya’s digital innovation agenda

Our Contacts"
15,"Academy welcomes Kenya–Norway pact to recruit 1,000 seafarers"
15,"Bandari Maritime Academy (BMA) Chief Executive Officer Dr Eric Katana has hailed the agreement signed between Kenya and Norwegian shipping firms that will see at least 1,000 Kenyan seafarers employed by 2030.

A breakthrough deal, announced after a series of meetings in Oslo, Norway, includes commitments from leading maritime employers and industry stakeholders to recruit Kenyan maritime professionals."
15,"QEBR 3rd Quarter 2025-2026

QEBR 2nd Quarter 2025-2026"
15,QEBR 2024-2025
15,QEBR 1st Quarter FY 2024-2025
15,QEBR 2023-2024
15,"QEBR 4th Quarter FY 2023-2024

QEBR 3rd Quarter FY 2023-2024"
15,QEBR 2022-2023
15,"QEBR 4th Quarter FY 2022-2023

QEBR 3rd Quarter FY 2022-2023"
15,QEBR 2021-2022
15,"QEBR 4th Quarter FY 2021-2022

QEBR 3rd Quarter FY 2021-2022"
15,QEBR 2020-2021
15,"QEBR 1st Quarter 2020-21 ending 30th September 2020

QEBR 2nd Quarter 2020-21 ending 31st December 2020"
15,QEBR 2019-2020
15,"QEBR 4th quarter 2019-2020 ending 31st June 2020

QEBR 3rd Quarter 2019-2020 ending 31st March 2020"
15,Key Issues
15,Requirements
15,"The Mobile Device Declaration System will be implemented effective 1st January 2025, with specific system guidelines to be shared prior to this date.

Frequently Asked Questions (FAQs)"
15,"What is the eCUSTOMS app?

The eCUSTOMS app is a mobile application developed by the Kenya Revenue Authority (KRA) Customs & Border Control (C&BC) to simplify and enhance customs declarations for travellers, cross-border traders, and transporters."
15,What is Withholding Tax (WHT)?
15,"WHT is a tax deducted at source of certain incomes, where the person making the payment (withholder) deducts tax at the applicable rate, remits the tax to Kenya Revenue Authority (KRA) on behalf of the recipient of the payment(withholdee) within five (5) working days and pays the withholdee the balance, net of the tax deducted.

Upon remittance of the tax to KRA, a WHT certificate is issued to the withholdee as evidence of tax deducted and remitted to KRA by the withholder."
15,Principal Secretary Eng. John Tanui Meets EU Delegation to Strengthen Digital Ties
15,"Principal Secretary for ICT and the Digital Economy, Eng. John Tanui, met with a European Union (EU) delegation led by Ms. Renate Nikolay, Deputy Director-General of the European Commission. The meeting aimed to explore shared areas of interest to foster a digital dialogue between Kenya and the EU.

The discussions delved into key areas, including advancing sovereign cloud infrastructure with an energy efficiency focus, and joint efforts on submarine cable repairs alongside broader tech sovereignty."
15,Government Strengthens Push for Inclusive Connectivity in Northern Kenya
15,"Efforts to expand digital inclusion and connectivity in Northern Kenya were at the centre of a meeting this afternoon between Principal Secretary for Broadcasting and Telecommunications, Mr Stephen Isaboke, and Hon. Umulkher Harun Mohamed, Nominated Member of Parliament.

The discussions focused on practical interventions to improve connectivity in unserved and underserved communities in Garissa and across the wider Northern region, with a shared commitment to ensuring that no community is left behind in Kenya’s digital transformation journey."
15,"NYS Gilgil Academy, Nakuru County

24th June, 2025"
15,The 10th Annual HR Congress.
15,"In a remarkable convergence of minds and a celebration of excellence, The Principal Secretary, State Department for Public Service Mr Amos Gathecha today morning presided over the 10th Annual HR Congress hosted by the Institute of Human Resource Management (IHRM)- Kenya. This prestigious event which took place at the Sarova Whitesands- Mombasa County brought together HR professionals and leaders in Human Resource Management across the Country. The congress underscores the critical role of HR professionals in shaping the workforce and contributing to organizational and national success. While addressing the HR professionals, the PS reaffirmed the government's commitment to supporting IHRM and the HR profession to ensure adherence to professionalism. He urged all HR professionals to maintain good standing membership with IHRM and ensure all practicing HR in Kenya are members, so as to implement HR practices and policies collectively within uniform norms and standards as stipulated in the HRMP Act, 2012. Through this shared commitment, the HR community can drive forward with a cohesive and professional HR Landscape nationwide."
15,Official launch of new government digital services platforms
15,"OFFICIAL LAUNCH OF NEW GOVERNMENT DIGITAL SERVICES PLATFORMS Earlier today, I joined His Excellency the Deputy President, Hon. Rigathi Gachagua at the Kenya International Conference Centre (KICC) in Nairobi for the official launch of two groundbreaking digital platforms: the Foreign Travel Information Management System (FoTIMS) and the Presidential Directives Management Information System (PDMIS).These innovative solutions underscore our government's dedication to improving service delivery through digital transformation. With FoTIMS and PDMIS, we are ushering in a new era of efficiency, transparency, and accountability managing presidential directives and processing foreign travel clearances for senior executives."
15,CS Ruku Leads Push to Accelerate NYS Commercialization
15,"Cabinet Secretary for Public Service, Human Capital Development and Special Programmes, Geoffrey Ruku, convened a high-level meeting with the National Youth Service Council (NYSC) to assess and accelerate progress toward the commercialization of the National Youth Service (NYS).

The meeting, held alongside the Public Service and Human Capital Development Principal Secretary Dr. Jane Kere Imbunya, brought together key NYS leadership including Council Chairperson Lt. Gen. (Rtd) Njuki Mwaniki and Commandant General Mr. James K. Tembur, MBS. It focused on strategies to expedite the transformation of NYS into a commercially viable institution that can enhance its capacity to train youth, generate revenue, and create employment."
15,"Today in Kisumu County, Cabinet Secretary for Public Service and Human Capital Development Hon. Justin Muturi in company of PS Public Service Mr. Gathecha and NYS Deputy Commandant General assessed the progress of the 8km Ndere Road in Seme Constituency. Once complete, this NYS-led project will enhance connectivity and spark economic growth and drive opportunities for the local community."
15,HR awards 2023
15,"This Year’s HR Awards 2023 was marked with tremendous success with the State Department for Public Service scooping an award for HR Excellent Ministry of the Year. While receiving the trophy this afternoon in his office, the Principal Secretary for Public Service Mr. Amos Gathecha commended the Director, HRM & Dev’t(S) Dr.Jacob Mbijiwe for the excellent Job and the entire team in the State Department for Public Service for working tirelessly towards the achievement. He also encouraged the team to put more effort in doing much better for efficient service delivery to citizens.The award event took place last Friday 8th December 2023 at the Safari Park Hotel, Nairobi during the HR Awards Gala Dinner Organized by Institute of Human Resource Management."
15,"Harambee House, Nairobi

Thursday, 31st July 2025"
15,"Mudavadi arrives in Seoul ahead of the South Korea, African Foreign Ministers Summit"
15,"Mudavadi arrives in Seoul ahead of the South Korea, African Foreign Ministers SummitSEOUL- Prime Cabinet Secretary and Cabinet Secretary for Foreign Musalia Mudavadi has arrived in Seoul, South Korea to attend the first standalone Korea-Africa Foreign Ministers' Meeting scheduled for May 31st to 2nd June, 2026.

Mudavadi who is leading the Kenyan delegation attending the summit was received by the Head of the Kenyan Mission in Seoul, Amb. Prof Emmy Kipsoi."
15,"Courtesy Call Meeting with Azerbaijan Ambassador

Tuesday, 9th September 2025 – Nairobi"
15,"PS DR. JANE KERE IMBUNYA URGES OFFICE ADMINISTRATORS, DRIVERS AND OFFICE ASSISTANTS TO EMBRACE EXCELLENCE IN SERVICE DELIVERY.

Principal Secretary in the State Department for Public Service and Human Capital Development, Dr. Jane Imbunya, has challenged newly inducted civil servants in her state department to align their duties with the government’s vision of accelerated service delivery."
15,"𝐊𝐞𝐧𝐲𝐚 𝐒𝐞𝐭𝐬 𝐁𝐨𝐥𝐝 𝐑𝐞𝐟𝐨𝐫𝐦 𝐀𝐠𝐞𝐧𝐝𝐚 𝐭𝐨 𝐁𝐮𝐢𝐥𝐝 𝐚 𝐌𝐨𝐝𝐞𝐫𝐧, 𝐀𝐜𝐜𝐨𝐮𝐧𝐭𝐚𝐛𝐥𝐞 𝐚𝐧𝐝 𝐑𝐞𝐬𝐮𝐥𝐭𝐬-𝐎𝐫𝐢𝐞𝐧𝐭𝐞𝐝 𝐅𝐨𝐫𝐞𝐢𝐠𝐧 𝐒𝐞𝐫𝐯𝐢𝐜𝐞"
15,"Kenya Sets Bold Reform Agenda to Build a Modern, Accountable and Results-Oriented Foreign Service

Kenya has unveiled an ambitious reform agenda aimed at transforming its Foreign Service into a more agile, accountable and results-driven institution, with economic diplomacy, institutional renewal and digital transformation at the heart of its strategic priorities for the 2026/27 Financial Year."
15,"Kitui, Kenya

6th August, 2025"
15,"Principal Secretary Dr. Jane Imbunya chaired a consultative meeting with Heads of Departments, Huduma Secretariat officials, and senior government officers from her State Department.

The weekly consultative meetings provide a platform for departmental heads to present their performance targets, review progress made, and outline planned activities for the coming week. Each department highlights its achievements, ongoing initiatives, and strategies to address any challenges encountered in service delivery."
15,STATE DEPARTMENT UNDERTAKES ANNUAL PERFORMANCE EVALUATION EXERCISE FOR FY 2024/2025
15,"The State Department for Public Service and Human Capital Development conducted its Annual Performance Evaluation Exercise for the Financial Year 2024/2025.

The exercise was led by Secretary for State/Human Resource Services, Dr. Jacob Mbijjiwe, who, in his opening remarks, emphasized the importance of the evaluation as a key indicator of the targets set and achieved by various departments in the previous financial year."
15,PS DR JANE IMBUNYA LAUNCHES AN ULTRA-MODERN CONFERENCE FACILITY AT NYS-TTI IN NAIVASHA
15,"The Principal Secretary for the State Department for Public Service, Dr. Jane Kere Imbunya today presided over the official launch of the new ultra-modern Conference Facility at the NYS Technical Training Institute, Naivasha.

In her address, Dr. Imbunya noted that the establishment of the facility comes at a pivotal time when the public service is undergoing significant transformation—embracing technology, efficiency, and continuous learning as key drivers of national development."
15,"The State Department for Public Service Principal Secretary, Dr. Jane Kere Imbunya, has reaffirmed government’s commitment to taking services closer to citizens through expansion of Huduma Centres across the country.

Dr. Imbunya said plans are underway to establish 10 new Huduma Centres on top of the existing 52 fully functional centres.She made the remarks when she received a progress briefing from the Huduma Secretariat’s top management team on the status of ongoing construction works and refurbishment of selected centres."
15,"Anticipating Economic Trends: This report offers forecasts and outlooks for Kenya’s GDP, helping businesses and investors anticipate economic trends and make proactive decisions."
15,Regional GDP Analysis
15,"This report aims to update the economic size of counties. These estimates are crucial for counties to assess their revenue potential, attract investment in sectors where they have competitive advantage, and monitor economic progress over time. The GCP offer a monetary measure of the net market value of all final goods and services produced within each of the 47 counties from 2019 to 2023. Below are the key findings from the report. There are significant disparities in the size of county economies. Nairobi City contributed a notably large share of the total GVA at 27.5 per cent. Kiambu, Nakuru, and Mombasa also have substantial contributions, accounting for 5.6 per cent, 5.2 per cent, and 4.8 per cent, respectively. However, a total of 33 counties, each contributed less than 2.0 per cent of the overall GVA."
15,"4.NAIROBI CITY COUNTY BETTING, LOTTERIES AND GAMING ACT, 2021 THE NAIROBI CITY COUNTY BETTING, LOTTERIES AND GAMING ACT, 2021 1 file(s) 0.00 KB Download 5.NAIROBI CITY COUNTY ALCOHOLIC DRINKS CONTROL AND LICENSING ACT, 2014"
15,"THE NAIROBI CITY COUNTY BETTING, LOTTERIES AND GAMING ACT, 2021"
15,"The mining sector has achieved a historic milestone after Kenya hosted her debut Mining Investment Conference and Exhibition, 2024 as part of implementing a long-term plan to enhance the sector’s visibility and to position Kenya as the ideal mining investments’ destination in the region.

The two-day event in Nairobi saw the convergence of key stakeholders including policy makers, small and large-scale investors, artisanal miners, dealers, traders, equipment dealers and actors from non-government organizations (NGOs) and community-based organizations (CBO) with interest in the sector."
15,"PAGES: 270 P. ISBN: 9966-767-41-X PRICE: KSHS. 1000/= DESCRIPTION: This is an annual publication normally published during the month of May. It analyses the economic performance of various sectors of the Kenyan Economy and presents information for both the current and the past four Years. The main areas covered include the following:- • Highlights of World Economic Performance and the Performance of • Domestic Economy (the real sectors). • Education and Health • Employment, Earnings and Consumer Prices • Money Banking and Finance • Public Finance • International Trade and Balance of Payments • Agriculture • Environment and Natural Resources • Energy • Manufacturing • Building and Construction • Tourism • Transport, Storage and Communication • Governance • External Trade Price and Trade Weighted Indices"
15,"The National Irrigation Sector Investment Plan – Management Information System (NISIPMIS) is redefining how Kenya’s irrigation sector is managed, positioning technology and data as the backbone of evidence-based decision making in Public Service.

At a sensitization workshop for technical officers held at Irrigation House, Nairobi, Principal Secretary for Irrigation, CPA Ephantus Kimotho, represented by Secretary Administration David Kipkemei, underscored that the system is not just a tool but a transformative platform."
15,State to prioritize investments in water infrastructure using advanced technologies and materials.
15,"By Yobesh Onwong’a (MyGov)

The Government has prioritized investments in water infrastructure, with a focus on integrating advanced technologies and materials that will ensure sustainability and resilience."
15,CONSOLIDATED REPORTS AND FINANCIAL STATEMENTS FOR THE FY 2017-2018
15,Bilateral meeting with Dr. Zarau Kibwe during the 2025 IMF-World Bank Spring Meetings in Washington D.C.
15,To be an Insurance Intermediary of Choice for schools
15,Our Mission
15,Kenya and Estonia Deepen Bilateral Relations in Nairobi Talks
15,"Building on a growing partnership, Kenya and Estonia convened in Nairobi for the second round of political consultations, following the inaugural meeting in Tallinn in 2023. The talks aimed to deepen bilateral ties and accelerate cooperation across priority sectors.

The delegations, led by Amb. Eliphas Barine, Director General for Political and Diplomatic Affairs (Kenya), and Ms. Kristi Karelsohn, Director General for Asia, Pacific, Middle East, and Africa (Estonia), focused on advancing economic partnerships, digital transformation and renewable energy and green tech."
15,"Kenya Reaffirms Commitment to Multilateralism, Peace, and Inclusive Development at Diplomatic Briefing

Kenya has reaffirmed its unwavering commitment to peace, stability, economic transformation, and multilateral cooperation during a high-level diplomatic briefing hosted by the Prime Cabinet Secretary and Cabinet Secretary for Foreign and Diaspora Affairs, Dr. Musalia Mudavadi, in Nairobi."
15,"The Kenya National Bureau of Statistics (KNBS) is conducting a Census of Establishments 2017. This is a statistical activity undertaken to collect comprehensive information on the profile and structure of the economy and business activities.

The Census aims at investigating the economic activity and structure of establishments at the National and County levels. The information obtained from the Census will be used for revamping the business register, called the Masterfile, which is a sampling frame for conducting various establishment based surveys."
15,Visit to KNEC by Deputy President
15,"At least 1,000 residents of Kericho have been issued with title deeds, ending a decades-long struggle for land ownership.

The exercise brings to an end a protracted dispute that has persisted since the 1990s in the Chelimo area."
15,"With the impending ASO, it is necessary that the DTC focuses on the facilitation of the migration of Kenyans to the digital platform with minimal disruption of service provision on one hand and service reception by consumers on the other. The Consumer Awareness Sub committee notes the importance of providing the right strategic direction within the constraint of time and resources. The thrust of the Communication Strategy is therefore encapsulated in the Strategic Objectives supported by Strategic Activities that should be undertaken to achieve the desired result of successful switch over round the country.

The Strategic objectives were identified on the basis of a scan of the prevalent environment, and envisaged situation with due consideration of the past experiences since the launch of the digital signal in 2009. The Migration process is a mandatory global undertaking. However, the government is also cognisant of the inherent benefits that will arise from the migration, including the digital dividends and the use of the dividends in deploying the much awaited versatile technologies."
15,Mr. Bernard K. Rotich
15,"Mr. Temesi Mukani, MBS"
15,How do I pay Withholding Tax?
15,"Any amount withheld shall be remitted to the Commissioner within five days after the deduction is made.

Payment of withholding tax is done online via iTax, generate a payment slip and present it at any of the appointed KRA banks to pay the tax due."
15,"PS for Broadcasting and Telecommunications Mr Stephen Isaboke hosted the Minister for Technology and Science, from the Republic of Zambia, Hon Felix C Mutati at the Ministry headquarters

Our Contacts"
15,Kenyan Economy
15,"The Kenyan economy is the largest in East Africa. After independence, Kenya promoted rapid economic growth through public investment, encouraged smallholder agricultural production and provided incentives for private (often foreign) industrial investment. Additionally, Kenya is a regional transportation and financial hub.

Kenya has experienced continued growth in GDP over the last few years, supported by ongoing public infrastructure projects, strong public and private sector investment and appropriate economic and fiscal policies, reflecting the broad-based and diversified nature of the Kenyan economy."
15,SEMI ARID SCHOOLS THAT NEED INTERVVETION FOR CASH TRANSFER (HOMEGROWN) PROGRAM
15,"SOCIAL ASSESSMENT REPORT

VULNERABLE AND MARGINALIZED GROUP PLAN FOR MUNYOYOYA IN TANA RIVER COUNTY"
15,The National Treasury PS Chris Kiptoo meeting with National Assembly's Select Committee on Privatization and Public Committee on Energy
15,"Meeting with:1.National Assembly's Select Committee on Privatization and Public Debt 2.Committee on EnergyThe National Treasury Principal Secretary Dr.Chris Kiptoo this morning appeared before the National Assembly’s Select Committee on Privatization and Public Debt, as well as the Committee on Energy, to present the proposal to list the Kenya Pipeline Company Limited (KPC) on the Nairobi Securities Exchange through an Initial Public Offering (IPO).

This would mark the first government listing in 17 years since the Safaricom IPO in 2008. Dr. Kiptoo explained that the sale would help the National Treasury bridge budget shortfalls. The privatization of state corporations is among the proposals in the 2025/26 Finance Bill. The session was chaired by Hon. David Gikaria, Chair of the Energy Committee."
15,The National Physical Science Research Laboratories (NPSRL)
15,University Education & Research Programmes
15,"The National Physical Science Research Laboratories (NPSRL) is anchored under the Directorate of Research, Science and Technology with the following functions:

1. To be a center of excellence in physical sciences for quality life” with a mission to generate and transfer cutting edge knowledge in physical sciences and technology through research for socio-economic development."
15,"4. Establishment of STPs is part of a strategy utilized by countries to stimulate economic growth and facilitate transition from a labor-intensive to a knowledge intensive economy

5. The United States has led the way in STPs creation and the generation of high-tech clusters - Silicon Valley in California"
15,"(a) build institutional capacity to provide quality post-graduate education with relevance to the labor market;

(b) build institutional capacity to conduct high quality applied research, relevant to addressing a key development challenge/priority;"
15,About The Inter-University Council for East Africa (IUCEA)
15,"The Inter-University Council for East Africa (IUCEA) is an institution of the East African Community (EAC) responsible for coordinating the development of higher education and research, with its headquarters in Kampala, Uganda. IUCEA is the Regional Facilitation Unit for the ACEII Project."
15,"PS University Education and Research Amb Simon Nabukwesi, is taken on a tour of the Insefoods ACE II project at Jaramogi Oginga Odinga University of Science and Technology in Bondo."
15,"RESPONSES TO CLARIFICATIONS ON TENDERS FOR CONSULTANCY SERVICE FOR DESIGN & SUPERVISION OF SOLAR PV SYSTEM INSTALLATION IN TARGETED PUBLIC SCHOOLS IN KENYA AND FRAMEWORK CONTRACT FOR SUPPLY, DELIVERY AND INSTALLATION OF SOLAR PV SYSTEM IN TARGETED SCHOOLS ACROSS THE COUNTRY IN KENYA

LINK FOR VIRTUAL PRE-BID CONFERENCE FOR CONSULTANCY AND FRAMEWORK CONTRACT FOR SOLARIZATION"
15,"A New Chapter for Kenya–Jamaica Relations 🇰🇪🇯🇲

Kenya recently marked a historic milestone in its diplomatic engagement with the Caribbean following the official commencement of operations of the Kenya High Commission in Kingston, Jamaica."
15,"TENDER FOR THE PROPOSED CONSTRUCTION OF HOSPITALITY BLOCK IN KAREN TECHNICAL TRAINING INSTITUTE FOR THE DEAF – NAIROBI COUNTY

TENDER FOR THE PROPOSED CONSTRUCTION OF HOSPITALITY BLOCK IN MACHAKOS TECHNICAL TRAINING INSTITUTE – MACHAKOS COUNTY"
15,"Standard Scholarship Application Form

INTRA-AFRICA ACADEMIC MOBILITY SCHEME CALL (2022-2027)"
15,"The Leading Economic Indicators (LEI) is a monthly report that provides high-frequency (monthly) economic indicators in the areas of international trade, agriculture, energy, manufacturing, construction, monetary and finance, tourism and transport. The report gives an early indication of economic performance and highlights short-term changes to key sectoral indicators and monitors performance."
15,"FCPA Hon. John Mbadi Ng'ongo, EGH Cabinet Secretary, The National Treasury and Economic Planning"
15,"Hon. John Mbadi is the Cabinet Secretary (CS) for The National Treasury and Economic Planning. Before his appointment, Hon. Mbadi had an extensive career in public service, most recently serving as a nominated Member of Parliament (MP) and the Chairperson of the Public Accounts Committee in the National Assembly.

The CS has a rich history in legislative leadership, having served as the elected MP for Suba South Constituency, Suba Constituency, and Gwassi Constituency. His experience extends to roles such as Assistant Minister in the Office of the Prime Minister and Leader of Minority in the National Assembly. Throughout his parliamentary tenure, he was a member of numerous key committees, including the House Business Committee, Liaison Committee, Budget and Appropriations Committee, Selection Committee, Appointments Committee, Public Accounts Committee, Public Investments Committee, Constitutional Implementation Committee, the Ad Hoc Committee on the Cost of Living, and the Defence and Foreign Relations Committee. Notably, he was also a member of the Legislative Taskforce responsible for drafting the Public Finance Management Act of 2012."
15,"FCPA Hon. John Mbadi Ng'ongo, EGH"
15,"The National Treasury Cabinet Secretary, Hon. John Mbadi today appeared before the Senate Committee on Labour & Social Welfare to respond to various petitions touching on the delayed payment of pension to retired employees of the Kenya Railways Staff Retirement Benefits scheme, a proposed Honorarium for former councillors and dues claimed by former employees of the Kenya Cooperative Creameries under the Maziwa SACCO."
15,𝐊𝐄𝐍𝐘𝐀 𝐓𝐎 𝐇𝐎𝐒𝐓 𝐋𝐀𝐍𝐃𝐌𝐀𝐑𝐊 𝐃𝐈𝐏𝐋𝐎𝐌𝐀𝐓𝐈𝐂 𝐂𝐎𝐍𝐅𝐄𝐑𝐄𝐍𝐂𝐄 𝐀𝐒 𝐏𝐑𝐄𝐏𝐀𝐑𝐀𝐓𝐈𝐎𝐍𝐒 𝐊𝐈𝐂𝐊 𝐎𝐅𝐅 𝐈𝐍 𝐍𝐀𝐈𝐑𝐎𝐁𝐈
15,"Principal Secretary for Foreign Affairs, Korir Sing’Oei, convened a Working Breakfast Meeting with members of the diplomatic corps and the international community in Nairobi. The meeting marked the official launch of preparations for Kenya’s landmark Diplomatic Conference on the Administration and Management of Privileges and Immunities, scheduled to take place on 25th and 26th June 2026 in Nairobi.

Kenya continues to host one of the most vibrant and diverse diplomatic communities globally. This includes diplomatic and consular missions, the United Nations and its specialized agencies, as well as intergovernmental and international organizations with host country status collectively representing an estimated population of approximately 25,000 individuals. Ongoing reforms under the UN80 process are expected to see the relocation of three additional UN agencies to Nairobi, expanding this community to well over 35,000."
15,Illuminating Financial Transactions
15,Quarterly BOP Insights
15,"Welcome to the Quarterly Balance of Payments (BOP) Reports, your passport to understanding Kenya’s global economic relationships. At KNBS, we provide you with comprehensive insights into international trade and financial transactions.

Whether you’re a global trader seeking market opportunities or a policymaker shaping trade policies, our BOP reports shed light on Kenya’s economic interactions with the world."
15,Examples Of Quarterly BOP
15,KNBS Documentary
15,"In Kenya, the Kenya National Bureau of Statistics (KNBS) holds a pivotal role in collecting, analyzing, and disseminating statistical information crucial for the country’s development. Established in 2006, KNBS provides essential data on economic indicators, supports county governments, conducts population censuses, and addresses regional challenges, such as water and sanitation needs. KNBS’s work not only informs policy and decision-making but also empowers various sectors, including education and environmental conservation, ensuring a data-driven approach to progress and planning in Kenya."
15,PSSS
15,"The Kenya Retirement Benefits Sector falls under the social and economic pillars of the Kenya Vision 2030. The Retirement Benefits system has three pillars; the zero pillar, comprising the elderly citizens (cash transfers); the first pillar, which is mandatory (NSSF) and the second pillar comprising Civil Service Pension Schemes, Occupational, Individual and Umbrella Retirement Benefits Schemes. The retirement schemes serve among others the following objectives;

The Government has operated a non-contributory Pension Scheme hereinafter referred to as the Current Pension Scheme since independence fully financed through the Exchequer. As part of the reforms in the Public Service Pensions’ Sector, the Government enacted the Public Service Superannuation Scheme Act, 2012."
15,"Who is required to submit a KRA tax return?

Any individual who has an active PIN as per the requirements of the registered obligations under the PIN."
15,Statistical Coordination & Methods Directorate
15,Macroeconomic Statistics Directorate
15,"Responsible for promoting effective statistical coordination of the National Statistical System (NSS).

The Kenya National Bureau of Statistics (KNBS) is a State Corporation established by the Statistics Act, 2006, for the collection, compilation, analysis, publication and dissemination of statistical information, and the coordination of the national statistical system. It is the principal agency of the Government for collecting, analysing and disseminating statistical data in Kenya and the custodian of official statistical information"
15,TAXPAYER GUIDELINES ON THE eTIMS BUYER INITIATED INVOICING
15,"The Kenya Revenue Authority (KRA) has implemented Buyer Initiated Invoicing (BII) as part of the electronic Tax Invoice Management System (eTIMS). The BII model shall enhance tax compliance, improve invoicing accuracy and strengthen the integrity of transactions in targeted economic sectors.

eTIMS, a flexible and user-friendly software solution, enables taxpayers to issue, receive and manage electronic tax invoices from various devices including computers, laptops, tablets, smartphones, and PDAs through different solutions. The solution options include:"
15,5. Customs Duty
15,How do I pay for Excise duty?
15,"To get an exemption on Customs Duty, NPOs must apply to the Cabinet Secretary for National Treasury through the NGO Board."
15,"What is the rate of taxation for TOT?

How do I pay TOT?"
15,Excise returns are filed by 20th day of the following month. Licensed manufacturers or suppliers of excisable services are required to submit excise returns on iTax.
15,What is the penalty for late filing?
15,"Late payment penalty is 5% of the amount of tax payable under the return or Ksh. 10,000, whichever is the higher."
15,Does water attract excise duty?
15,Who should pay VAT on Imported Services?
15,VAT on Imported Services
15,Any importer of an imported service irrespective of his VAT registration status is liable to pay VAT on the imported service (Reverse VAT).
15,How do I pay for VAT on Imported Services?
15,The importer must register for a KRA PIN to be able to generate an e-slip (payment slip) via iTax and use it to pay the tax using the preferred mode of payment.
15,Audited Financial Statements
15,QEBR
15,National Values and Principals of Governance Report
15,Sector Reports
15,Quarterly Economic & Budgetary Review
15,KDRDIP Reports
15,Tax Expenditure Reports
15,Launch – FY2023/24 & Medium-Term Budget Preparation Process
15,"The National Treasury and Economic Planning will launch the FY 2023/24 and Medium-Term Budget preparation process on 10th November, 2022 at the Kenyatta International Convention Centre (KICC) starting 8.30am. The budget preparation process requires public participation. This is in accordance with Article 201 of the Constitution and Section 35 (2) of the Public Finance Management Act, 2012.

This event will also be virtual on WEBEX. The link for this event is provided below."
15,Kenya moves towards datadriven economy with new governance policy
15,"The Government has reaffirmed its commitment to positioning Kenya as a data-driven economy through the development of a comprehensive National Data Governance Policy.

Speaking at a public sector stakeholder validation workshop in Nairobi, Principal Secretary for ICT and the Digital Economy, Eng. John Tanui, said the policy is designed to transform data into a strategic national asset by establishing clear rules, strong institutions, and public trust."
15,"PS Dr. Jane Kere Imbunya Delivers Lecture at the National Defence College

The Principal Secretary for the State Department for Public Service and Human Capital Development, Dr. Jane Kere Imbunya, who also serves as the Chairperson of the National Defence College (NDC) Advisory Board, had the privilege of addressing senior officers and leaders at the National Defence College, Karen on Thursday 4th September, 2025."
15,HIV Testing
15,"About a quarter (24%) of these women used a condom during the last sexual intercourse. Nineteen percent of women had sexual intercourse in the last 12 months with a person who was neither their husband nor lives with them (non-cohabiting partner). Among these women, 37% used a condom during the last sexual intercourse with such a partner.

Fifteen percent of men had 2 or more sexual partners in the last 12 months, and 35% had sexual intercourse in the last 12 months with a person who was neither their wife nor lives with them (non- cohabiting partner). Among men with two or more sexual partners, 45% reported using a condom during their last sexual intercourse. Sixty-eight percent of men who had intercourse in the last 12 months with a person who neither was their wife nor lived with them used a condom during the last sexual intercourse with such a partner."
15,Nairobi County Executive approves Phase I of the Nairobi Metropolitan Mass Rapid Transit System (NMRTS)
15,"​Nairobi, July 22nd 2026

During the 90th County Executive Committee Meeting(CECM), chaired by Nairobi Governor, Sakaja Johnson, the Nairobi City County Government officially approved the implementation framework for Phase I of the Nairobi Metropolitan Mass Rapid Transit System (NMRTS)."
15,"Kenya Mounts Strategic Push for Justice Njoki Ndung’u’s ICC Bid

Kenya has launched a coordinated diplomatic campaign to secure the election of Njoki Ndung’u as a judge of the International Criminal Court, signalling both confidence in her credentials and a broader ambition to deepen the country’s influence within global legal institutions."
15,"PS Imbunya Joins President Ruto as Government Rolls Out KSh21 Billion Projects in Kakamega

PS. Dr. Jane Kere Imbunya, today accompanied H.E. President William Ruto and Western Kenya leaders in Kakamega County as the Government outlined major development investments aimed at accelerating inclusive growth."
15,"Lamu seaport is rapidly establishing itself as a leading trans-shipment and logistics hub, thanks to major infrastructure upgrades.

The port recently welcomed the MV Grande Florida Parlemo, a mega car vessel carrying 3,800 high-end vehicles and spare parts from Japan, originally bound for Dubai but redirected to Lamu amid the ongoing Middle East conflict."
15,"The Government has cleared all pending bills accumulated in the road sector, paving the way for the expected construction of over six thousand additional kilometres of roads across the country.

It has emerged that the bills, amounting to one hundred and seventy-seven billion shillings, caused most projects to stall six years ago."
15,Food Security Surveillance Update
15,Solar mini-grid initiative lights up remote parts of Isiolo County
15,"The Government has rolled out a solar minigrid programme aimed at expanding electricity access to residents living in remote and off-grid parts of Isiolo County as part of efforts to promote clean and affordable energy across the country.

The first phase of the programme was launched in Kipsing, Oldonyiro Sub-County, where more than 2,400 residents are expected to benefit from a reliable electricity supply for the first time."
15,KENYAN POTATOVALUE CHAIN
15,"Annual-MDAs-financial-reporting-template-for-FY-2021-2022-Revised-June-2022-NT

Annual-Template-Development-Projects-Reporting-for-FY-2021-2022-Revised-June-2022-NT"
15,PDMO Reports and Documents
15,H.E. President William Samoei Ruto at the official launch of Phase 1 Infrastructure at the Konza Technopolis
15,"Today, the Cabinet Secretary, Ministry of Information, Communications and the Digital Economy, H.E. Hon. William Kabogo Gitau accompanied H.E. President William Samoei Ruto at the official launch of Phase 1 Infrastructure at the Konza Technopolis.

This remarkable event marks an important milestone in transforming the landscape of technological innovation and economic advancement in the country and beyond borders."
15,Driving Kenya's Progress with Data; Keeping You Informed.
15,About The Kenya National Bureau of Statistics
15,Kenya National Parameters
15,"The National Parameters and Commodity-Specific Conversion Factors (CSCF) database has been developed by a consortium for the Republic of Kenya. The CSCFs are used to translate market prices for goods and services into corresponding economic value by accounting for various distortions that are present in the Kenyan economy such as taxes, subsidies, monopolies, etc. The database contains CSCFs for all tradable commodities (6300), listed under the Harmonized System for classifying goods.

The web-based application allows analysts to easily locate a particular good, either using HS code or the name of the commodity. The CSCFs estimates, therefore, greatly save time that would otherwise be spent to complete economic appraisal of an investment project as the estimates are readily available for an analyst."
15,"PS Isaboke Hosted a Courtesy call with Elizabeth Migwalla of Qualcomm International.

Our Contacts"
15,"Principal Secretary for Broadcasting and Telecommunications, Mr Stephen Isaboke, EBS, joined other senior Government officials for the Kenya Open 2026, which was graced by H.E President Dr William Samoei Ruto.

Our Contacts"
15,Battle of The Choirs 2024: Nairobi City County Prepares for Intense Showdown as Knockout Stage Qualifiers Gear Up for Competition
15,Annual Nairobi Festival
15,Battle of the Choirs! Church and Community Choirs Qualified 2024
15,"Speech by H.E Mike Mbuvi Sonko, Governor Nairobi City County During the 56TH Madaraka Day Celebrations Held at Pumwani grounds on 1st June 2019"
15,"The Regional Commissioner The Speaker of the Nairobi County Assembly, who is also the area MCA, Hon Chege Mwaura, Members of the County Assembly, County Executive Committee Members and other staff, Wananchi wote wa Nairobi, HAMJAMBO!

It is my pleasure to join you and thousands of other residents who have gathered at various venues across Nairobi to celebrate the 56th Madaraka Day. This important day in our annual calendar is set aside to mark Kenya’s independence and self-rule. The opportunity to govern ourselves was hard-fought and we must jealously guard our freedom and liberty. Independence allowed Kenyans to reach their highest potential, and we have since developed our nation Kenya into a regional economic powerhouse."
15,"Nairobi, 7th October, 2025

Nairobi City County Government, through its Innovation and Digital Economy Sector, has launched the Jericho Incubation Hub, a pioneering digital innovation and entrepreneurship centre located in Harambee Ward, Makadara Sub-County. The iHub aims to equip young people with essential digital skills, foster innovation, and support startup growth at the grassroots level. Speaking during the launch, County Executive Committee Member for Innovation and Digital Economy, Mike Gumo, underscored that the County’s goal is to make technology accessible to every ward, empowering residents to build sustainable livelihoods through innovation. “This is not just an ICT facility. It is a lifeline for our youth. We are bridging the digital divide and taking innovation directly to our people. Nairobi’s digital economy must work for everyone, not just the privileged few. I urge the youth to take advantage of this iHub. Your ideas, your creativity, and your determination will define Nairobi’s next generation of innovators. ”"
15,"Nairobi Launches Major Initiative To Formalize 1,900 Community Childcare Centers"
15,"NAIROBI, 16th November, 2025

The Nairobi City County Government (NCCG) and social enterprise Kidogo have launched a comprehensive initiative to formalize over 1,000 women operating informal childcare centers across the county."
15,Nairobi County’s Chief Officer Spearheads Bursary Verification Drive Across 85 Wards: Emphasizes Impact on Future Generations
15,"NAIROBI: 13th March, 2024

County Chief Officer for Early Childhood Development Education and Vocational Training Mr. Ahmed Abdi is leading a bursary technical team composed of Education Officers and finance in all the Wards in the City in an exercise of receiving and verifying of the ward bursary forms from the 85 wards. The ward Bursary forms are distributed through the area Members of County Assembly (MCA) to the needy and performing students in every ward in Nairobi. The Chief Officer while on a tour of the collection Centres said, “The impact of the bursary program extends far beyond financial support. By investing in education, we are investing in the future of our society. These bursaries enable students to pursue their academic aspirations, unlock their full potential, and become productive citizens and positively contribute to the development of Nairobi County and beyond.”"
15,Governor Sakaja cautions Nairobians against masquerading revenue officers. Governor to ensure strict enforcement of NO CASH policy in Revenue collection
15,Green Nairobi Executive Affirms Governor Sakaja’s Commitment to Gender Diversity and Inclusivity at Regional East Africa Women Round Table Event
15,"Nairobi, 27th November 2023

Nairobi City County Executive Committee Member for Green Nairobi Mr. Ibrahim Auma has reiterated Governor Sakaja’s commitment in promoting gender diversity and inclusivity within the County Government."
15,Call For Abstracts-The 2nd Nairobi Health Scientific Conference-Four Days Left
15,"ONLY 4 DAYS LEFT!

Don’t miss your chance to submit your abstract for the 2nd Nairobi Health Scientific Conference, happening 5th–7th November 2025!"
15,Statement On The Fire Incident in Embakasi
15,"Nairobi,15th January 2025

Nairobi City County Executive Committee Member for Mobility and Works Mr. Ibrahim Auma alongside the National Transport and Safety Authority (NTSA) Dr. Andrew Kiplagat today engaged Boda Boda SACCO leadership at Green Park Terminus in a transformative meeting aimed at streamlining operations and fostering safer, orderly and smarter transport solutions for the vibrant City of Nairobi."
15,"Nairobi County’s Micro Small and Medium Enterprises hosts Strategic Partners- Move aimed at accelerating Business Stimulus Program Implementation Program will ensure equitable benefits across all wards, with a provision of Kshs 50M per ward"
15,"Nairobi 29th November, 2024

The Business Stimulus Program implementation will soon be a reality as the Micro Small and Medium Enterprises department held a pivotal meeting with two key strategic partners, Kenya Commercial Bank (KCB) – Financial Partner and Institute of Certified SIYB Trainers (ICST) who provided Capacity Building Partner to discuss its implementation."
15,Gender Sector Statistics Plan
15,"This Gender Sector Statistics Plan (GSSP) is part of the Kenya Strategy for the Development of Statistics (KSDS) aimed at strengthening Kenya’s statistical capacity in gender statistics. This Plan offers strategic direction for the sector for the period 2019/20–2022/23. Gender statistics are central in understanding the dynamics of, and for promoting, gender equality because they provide relevant information, including indicators and benchmarks for measuring progress and analysing underlying factors. Gender equality and non-discrimination are anchored in the Constitution of Kenya 2010 and relevant laws and policies have been developed to ensure their achievement. Kenya is also party to several international treaties and conventions that promote gender equality and non-discrimination, which require quality data to monitor and report on progress. While there have been efforts to produce quality and relevant gender statistics in response to the growing demand, the country still faces various resource constraints and weak coordination of the national statistical system. The strategies and actions outlined in this plan are geared towards addressing the data gaps between what is currently produced or is available and the data that is required to inform policy, advocacy, accountability and other priority development issues – particularly those linked to the Sustainable Development Goals (SDGs), Third Medium-Term Plan (MTP III)1, the ‘Big Four Agenda’2 and the Sessional Paper No. 2 of 2019 on National Policy on Gender and Development (NPGAD)3 . In this regard, this Plan aims to facilitate evidence-based policy formulation, planning, budgeting, monitoring and evaluation.

Gender Sector Statistics Plan"
15,"Policy On External Resources, Partnerships And Donor Coordination Inches Closer"
15,"Nairobi 19th June, 2025

The Office of the Governor is in the homestretch towards formulation of a policy that will breathe order into the realm of external resources with the aim of enhancing the County Government’s capacity to diversify resource outlays that complement available resources for implementation of its development agenda."
15,Nairobi City County Affirms Green Commitment: UN General Assembly President Applauds Sustainable Development Efforts
15,"Nairobi, 2nd March 2024

Nairobi City County Executive Committee Member in charge of Green Nairobi Mr. Ibrahim Auma has today reaffirmed the County Government’s commitment towards transforming Nairobi into a City where nature thrives alongside urban life."
15,Lazima iWork: Sakaja finally delivers Dandora Stadium…working out to further rollout well equipped stadia in all sub-counties
15,"Nairobi, Friday 08.03.2024

The Nairobi City County Government has finally inaugurated the Dandora Sub County Stadium, which was constructed at a cost of more than Kshs 276 million after a six-year delay."
15,"Nairobi Finance Executive, Charles Kerich, Advocates Practical Approach to Revenue Enhancement in Meeting with Nairobi Revenue Authority Board Members"
15,"Nairobi, 10th March, 2024

Nairobi City County Executive Committee Member for Finance and Economic Planning, Charles Kerich held a meeting with Nairobi Revenue Authority (NRA) board members to discuss matters revenue."
15,"Nairobi City County Government Champions Gender Equality at Green Park Terminus on International Women’s Day, Unveils Plans for Gender-Based Violence Safe Houses"
15,"Nairobi, 8th March 2024

Nairobi City County Government today commemorated the International Women’s Day (IWD) celebration at Green park terminus, an event organized by the Gender and Inclusivity sub sector in collaboration with civil society and Non-government organizations theme this year is ‘Invest in women: Accelerate Progress.‘"
15,"Principal Secretary for Public Service and Human Capital Development, Dr. Jane Kere Imbunya, on 3rd June attended the monthly meeting of Principal Secretaries held at the Kenya Advanced Institute of Science and Technology (Kenya AIST) within Konza Technopolis.

The meeting brought together Principal Secretaries from across Government to review progress in the implementation of key national programmes and priorities, while assessing measures aimed at enhancing efficiency, accountability, and service delivery across Ministries, Departments and Agencies (MDAs)."
15,Call For Abstracts -2nd Nairobi Health Scientific Conference
15,"Follow this link to submit the abstract

General Inquiries"
15,"Nairobi County Unveils Strategic Blueprint with Kidogo Early Years to Transform Childcare System – Pilot Mapping Project Reveals Over 4,000 Care Centers, Driving Policy Shift Towards Data-Driven Quality and Professionalization"
15,"Machakos, Saturday, November 1, 2025

The Nairobi City County Government (NCCG), in a strategic partnership with social enterprise Kidogo Early Years (KEYs), unveiled the blueprint for transforming childcare in the city. The initiative centers on the co-creation of a robust new childcare policy and regulatory framework."
15,Civil Society
15,"Civil society is a great partner in Nairobi and we have embraced and are working closely in areas of civic education, democracy, governance and human rights advocacy, public health, water and sanitation and education.

We expect that though the efforts are marshaling, we shall in the near future have the following witnessed in our county and probably replicated throughout the country"
15,Attorney General expands access to justice with 15 new county offices
15,"The Office of the Attorney General is decentralizing services to the counties to enhance access to justice and service delivery.

Attorney General Dorcas Oduor said the exercise which kicked off in January has seen 15 new offices opened outside Nairobi, bringing to a total of 27 offices in the counties."
15,Affordable Housing project ushers in a new era of secure housing in Kikuyu
15,"In the heart of Kikuyu municipality, where rolling green hills meet the hum of progress, Boma Yangu Kikuyu Estate is emerging as a powerful symbol of hope and opportunity.

Brick by brick, this flagship project under Kenya’s Affordable Housing Programme (AHP) is transforming long-held dreams of dignified, secure homes into reality for families across the county and beyond."
15,"Kenya to offer incentives for oil and gas investors, says Petroleum PS"
15,"The Government will provide incentives to investors in the oil and gas exploration to help Kenya maximize benefits from the sector, Principal Secretary for Petroleum Mohamed Liban has said.

Speaking in Dar Es Salaam, Tanzania on the status of petroleum activities in the EAC partners state, Mr. Liban stated that Kenya’s petroleum industry presents significant opportunities for both local and international investors."
15,State embarks on targeted Youth Review to shape future policies
15,"Kenya is set to embark on a targeted review of youth issues under the African Peer Review Mechanism (APRM), a process expected to inform future policies on employment, participation, and inclusive governance.

The APRM, an institution of the African Union, promotes good governance through independent assessments and peer reviews conducted at the level of Heads of State and Government."
15,"KIPPRA runs a Young Professionals programme as a means of ensuring sustainable development through supply of adequate human capital for effecting public policy processes.

The Institute is inviting applications to fill thirty (30) Young Professional vacant positions, under KIPPRA-sponsored admissions. The programme is physical and full-time. It is an annual programme, and it includes both coursework and publication of various research outputs."
15,GDC’s additional 105MW to lower power tariffs
15,"Kenyans will soon benefit from lower power bills when two independent power producers (IPPs) start generating geothermal power next year.

The IPPs will be generating power from geothermal steam wells on the floor of Menengai Crater in Nakuru County."
15,Germany turns to Kenya for software developers and tech talent
15,"Kenya is looking into new collaborations with international tech giants and foreign governments to open digital employment opportunities for its youth.

With Germany emerging as a crucial ally in filling talent gaps in its economy, conversations have been underway to ensure global job opportunities for the Kenyan youths in the technology sector."
15,"Government restocks Turkwel Dam with 80,000 fingerlings"
15,"The Government has restocked Turkwel Dam with 80,000 tilapia fingerlings in a bid to replenish the dwindling fish stock and sustain the fishery as a vital source of livelihood.

Addressing the press at Turkwel Dam, Ann Mokoro, the regional director for five counties in the North Rift region— including West Pokot, Trans vital food sources and income through fish sales, and supports environmental conservation efforts."
15,"The Engineers Board of Kenya (EBK) has formally kicked off preparations for the Engineering Partnerships Convention (EPC) 2026, unveiling a bold agenda to harness the country’s Blue Economy as a driver of prosperity, sustainability, and job creation.

The convention, scheduled for April in Mombasa, will bring together government, regulators, academia, industry, and professional bodies under the theme “Blueprint for Prosperity: Engineering a Sustainable Blue Economy.”"
15,"New markets in city to provide trading space for 3,000 vendors"
15,"Hundreds of residents within the Kasarani and Starehe constituencies are set to benefit from two markets scheduled for construction over the next year.

The two market projects, valued at Sh750 million, will be built in the Maji Mazuri and South B areas. They will accommodate 2,000 traders on regular days, with an additional 1,000 traders during designated market days."
15,State’s push for electricity connectivity to stem rural migration gathers momentum
15,"Kenya’s rural to urban migration trends have been on the rise despite interventions and developments like devolution amongst many measures.

One of the critical game-changers that could buck this trend is electricity connectivity. Rural electrification is a force multiplier in the creation of jobs at the grassroots, in effect stopping the tide of rural to urban migration, said Eliud Owalo, the Deputy Chief of Staff, Performance and Delivery Management."
15,State-of-the-Art drones to revolutionize surveying in slums
15,"The Second Kenya Informal Settlements Improvement Project (KISIP2) has challenged budding surveyors to embrace modern digitization technologies to improve their skills and competence in mapping the country.

Speaking at the Kenya Institute of Surveying and Mapping in Nairobi’s Ruaraka when he presided over the handing over ceremony of state-of-the-art Matrice RT 350 Series Drones, KISIP2 National Project Coordinator George Arwa noted that the LiDAR Technology Drones “are a significant addition to the tools that will enhance survey and mapping efforts across Kenya.”"
15,Solar-powered fence to mitigate human/wildlife conflict in Chalaluma area
15,"By Amenya Ochieng (KNA)

The Northern Rangeland Trust (NRT) has collaborated with the Ibsa self-help group in Chalaluma village, Witu Ward in Lamu to erect a solar-powered electric fence around their 30-acre communal farm."
15,Informal settlements in Eldoret get new infrastructure
15,"Residents of informal settlements in Eldoret, Uasin Gishu County, have a reason to smile as the Kenya Informal Settlements Improvement Programme (KISIP) enters its final phase.

The project, aimed at transforming underserved communities has commenced the tarmacking of key roads across seven settlements of Segero, Mwanzo, KK, Kasarani, Shauri, Kipkaren and Maili Nne."
15,Homa Bay’s informal settlements turning into model urban spaces as mega projects implemented
15,"The transformation of Homa Bay’s informal settlements is gathering pace as the execution of works under the Sh1.4 billion Kenya Informal Settlements Improvement Project (KISIP 2) gathers momentum.

Across six settlements; Shauri Yako, Makongeni, Sofia, Nyandiwa, Rusinga Old Town, and A Thousand Streets, scenes of heavy construction machinery are abound. Roads that were once narrow, muddy tracks have been opened and upgraded, creating vital links to the wider towns economy."
15,How dam changed a brewer’s life and a village’s future
15,"For many years Mrs. Leah Kiptarus from Kapteren village, Keiyo North Sub-County engaged in brewing of chang’aa to support her family.

It was a life full of chaos, she says, as she was constantly in conflict with the law."
15,Government unveils plans for major overhaul of Thika Stadium
15,"The Government has finalized plans for the construction of a Sh850 million modern stadium to promote talent development in the region.

The project will involve transforming the town’s aging stadium, located at the heart of the town, into a state-of-the-art sports complex built to modern standards."
15,"E-procurement system to fight corruption, enhance transparency in supply chain"
15,"The adoption of the electronic procurement system will significantly enhance ac countability and transparency in supply chain processes in Kenya.

The Chairman of the Kenya Institute of Sup plies Management, John Karani, has stated that by automating and digitizing transactions, the system will reduce opportunities for malpractice, ensure better governance, and create a more open and competitive environment."
15,"Over 1,000 households in Nakuru informal settlements set to receive title deeds"
15,"The Government intends to provide title deeds and lease certificates to over 1,000 households.

Through the Phase II of the Kenya Informal Settlement Improvement Project (KISIP), residents of four informal settlements in Nakuru County will get secure land tenure."
15,Public service to embrace Artificial Intelligence for efficiency
15,"The Government is taking a bold step towards digital transformation in public service administration.

During the launch of the Kenya Regional Administration and Management Symposium in Mombasa, the Deputy Head of Public Service Amos Gathecha emphasised the critical role the public service plays in government."
15,"Eligible candidates must meet the following requirements:

1. Should have obtained a Bachelor of Science in Actuarial Science (at least Upper Second-Class Honors) or an equivalent Actuarial Science qualification;"
15,Postal Corporation set for digital transformation with new national addressing system
15,"The Government is taking deliberate steps to revitalize the Postal Corporation of Kenya to boost public service delivery.

Information, Communications and the Digital Economy CS William Kabogo said the re-orientation of Postal Corporation of Kenya to the digital age is centered on the government's conviction of the central role of the postal sector in connecting communities."
15,The KNBS Board of Directors
15,Board of Directors
15,"Dr. Daniel Mwirigi M’Amanja was appointed Chairperson of the Board of Directors, in January 2025. Having begun his career as a Statistics Officer with the then Central Bureau of Statistics (CBS), Dr. M’Amanja boasts more than 30 years practice in Economics, Fiscal, Monetary, and Exchange Rate policy formulation and implementation, Macroeconomic Modelling, and, Regional Integration. Prior to his appointment, Dr. M’Amanja served as Deputy Director, Research at the Central Bank of Kenya. He has held several portfolios in the Ministry of Finance, such as Principal Economist in the Economic Affairs Department and Strategies and Policy Analysis Division, as well as being a Budget Analyst and Trainer.

Dr M’Amanja holds a PhD from the University of Nottingham."
15,Dr. Daniel Mwirigi M’Amanja
15,Public invited to nominate heroes ahead of Mashujaa Day
15,"Over 140 Kenyans will be honoured for their outstanding contributions to society during this year’s Mashujaa Day celebrations.

They have been selected through public nomination, with submissions evaluated against a criterion provided for in the First Schedule of the Kenya Heroes Act, No. 5 of 2014, as well as adherence to values outlined in Article 10 of the Constitution."
15,Power consumption in Kenya hits record high
15,"Kenya has hit a new record electricity demand of 2,362.28 megawatts (MW), marking a milestone in national energy use which is driven by industrial expansion, increased urbanisation, and rising household consumption.

The Kenya Electricity Generating Company (KenGen) Chief Executive Officer (CEO) Eng. Peter Njenga revealed that KenGen’s geothermal and hydropower delivered the lion’s share of energy to the system."
15,Sessional Paper No 1 of 2025 on Kenya's Foreign Policy
15,Abridged Kenya's Foreign Policy 2024 (Revised)
15,"Click to Download/View

Peace and security"
15,“NAIROBI WILL NEVER BE THE SAME AGAIN”
15,“NAIROBI DIRTIER THAN EVER”
15,"Fellow Nairobians, you have had immense faith in me from the time you elected as a Member of Parliament for Makadara, and later as your Senator. I have never, and will never take the confidence you have in me for granted.

On many occasions, I have gone beyond the call of duty to serve, and there will be no exception going forward."
15,Affordable Housing projects to give a lifeline to Jua Kali sector in Garissa
15,"The Jua Kali sector in Garissa will benefit tremendously from supplying building materials to the affordable housing projects in the county.

According to the Northeastern Coordinator for Affordable Housing and Markets John Karanja, Garissa County will receive Sh1.03 billion for housing projects alone."
15,A policy to limit the number of national projects for a contractor
15,"The Government will introduce a policy to limit the number of national projects a contractor can bid for simultaneously.

The action will be taken owing to the widespread delays in project delivery, Deputy Chief of Staff for Performance and Delivery Management, Mr. Eliud Owalo has said."
15,Broadcasting PS wants PR professionals to lead ethical digital communication
15,"The Principal Secretary (PS) for Broadcasting and Telecommunication has urged public relations practitioners to champion safe, responsible, and inclusive digital communication to help shape Africa’s future.

Speaking in Mombasa during the closing ceremony of the 36th Annual Africa Public Relations Association (APRA) Conference, PS Stephen Isaboke emphasized the importance of responsible communication in a digital era marked by rapid technological advancement."
15,Breakthrough as GDC strikes steam at Baringo Geothermal project
15,"The Geothermal Development Company (GDC) has struck viable steam at the Silali, marking a major milestone in renewable energy in Kenya.

The field will discharge 22 megawatts of steam. Silali is part of three fields including Korosi and Paka which are part of the Baringo- Silali -Paka Geothermal Project where GDC has been drilling wells for the past seven years."
15,Official launch of the 2014 global adult tobacco survey (GATS) findings
15,"Tobacco use is one of the most common risk factors for non-communicable diseases (NCDs). According to the Kenya Ministry of Health, NCDs contribute to nearly 50% of all admissions in public hospitals countrywide. In Kenya, 69 per 100,000 deaths for individuals aged 30 and above result from tobacco use. Five percent of all non-communicable deaths in Kenya result from tobacco use, and 55% of all deaths from cancers of the trachea, bronchitis, and lung are attributable to tobacco. The survey found that: 19.1% of men, 4.5% of women, and 11.6% overall (2.5 million adults) currently used tobacco (smoking and/or smokeless tobacco). 15.1% of men, 0.8% of women, and 7.8% overall (1.7 million adults) currently smoked tobacco. 5.3% of men, 3.8% of women, and 4.5% overall (1.0 million adults) currently used smokeless tobacco. 72.0% of daily tobacco users use tobacco (smoking and/or smokeless tobacco) within 30 minutes of waking up. Overall, 6.0% of the adults were daily tobacco smokers, 1.8% were occasional tobacco users, while 92.2% were non-smokers. An estimated 6.7% and 4.5% of the rural and urban residents, respectively, were daily tobacco smokers. Overall, 41.3% of current smokers initiated smoking between 20-24 years of age, while 32.3% initiated between 17-19 years, 13.5% between 15-16 years, and 7.5% when they were less than 15 years of age. Among tobacco users, 61.0% used smoked tobacco only (72.2% of men and 16.1% of women), 33.2% used smokeless tobacco only (20.8% of men and 83.0% of women) and 5.8% used both smoked and smokeless tobacco (7.0% of men and 1.0% of women).

The majority of men smoked tobacco while most female tobacco users used smokeless tobacco (Figure 1)."
15,Nyeri County earns global recognition as scouting hub
15,"The World Organization of the Scout Movement (WOSM) has formally designated Nyeri County as the official global scouting city of the world.

Similarly, the Paxtu Museum- a four roomed cottage at the Outspan hotel in Nyeri which was the last home of the founder of the World Scouting Movement Lord Baden Powell-has also been designated as the world’s Girl Guides and Scouts Heritage site."
15,UK donates 150 computers to empower marginalized groups
15,"The United Kingdom (UK) Government has donated 150 computers to Man dera County to empower marginalized groups, including youth, women, persons with disabilities (PWDs), and senior citizens.

The Kenya Information and Communication Technology Action Network (KICTANet), a multi-stakeholder think tank for ICT policy and regulation, in partnership with the UK’s Digital Access Programme, aims to bridge the digital divide and enhance digital literacy within communities."
15,CJ Koome unveils new strategy to combat corruption in Judiciary
15,"Kenya has taken a major step in the fight against corruption with the launch of the Anti-Corruption Strategic Guiding Framework for the justice sector.

Speaking in Nairobi while launching the programme, Chief Justice (CJ) Martha Koome emphasized that the initiative marks the beginning of a bold new chapter in the collective commitment to integrity, accountability and justice."
15,City residents to benefit from seamless water network upgrade
15,"The Athi Water Works Development Agency (AWWDA) has unveiled a pioneering trenchless pipeline project aimed at modernizing Nairobi’s ageing water networks without tearing up streets or disrupting residents’ daily lives.

The initiative, presented to residents at Mbotela Social Hall in Makadara Sub-County, marks the soft launch of the Central Nairobi Water Network Rehabilitation Project."
15,Chenda Chenda annual cultural festival held in Kwale
15,"The annual Chenda Chenda festival of pomp, culture and ceremony promotes the Mijikenda rich cultural heritage in the coastal region.

This year in Kwale the festival was held at Kaya Mtswakara in Kasemeni Ward, Kinango Sub County with pomp, colour and culture aimed at honoring the centuries old Mijikenda culture and sacred heritage."
15,Nairobi County Gears Up with Key Stakeholders for World Water Day: Collaboration Key to Addressing Water Challenges
15,"Nairobi 14th March 2014

Several stakeholders including Water and Sanitation for Urban Poor(WSUP), World Water Net, Fresh Life, UNICEF, Ministry of Water, Sanitation and Irrigation, Water and Sanitation Providers Association (WASPA), Nairobi City Water and Sewerage Company, Kenya Wildlife Service (KWS) and Private Exhausters Association have come on board to partner with Nairobi County in making the forthcoming World Water day event successful. Mr. Oscar Omoke, Nairobi County Chief Officer, Water and Sanitation hosted the partners in a wider stakeholders planning meeting in preparation for the World Water Day celebrations which will be held on 22nd March 2024, under the theme; Leveraging Water for Peace ‘"
15,"Governor Sakaja Presides Over Pass-Out Event For 93 Firefighters Officers At Kangundo Road Training School, Nairobi"
15,"Nairobi Tuesday, November 21,2023

Nairobi Governor Sakaja Johnson today presided over the passout of 93 firefighters, the second cohort this year."
15,Nairobi County in Collaboration with Stakeholders holds a workshop for young Creatives and Cultural entrepreneurs aimed at enhancing their financial opportunities.
15,"Nairobi, 1st November 2024

Nairobi City County’s Culture and Arts Department in Collaboration with the Godown Arts Centre and HEVA Fund held a workshop at Kariokor social hall for young men and women focused on enhancing financial opportunities and enabling access to dignified and fulfilling work in the creative and cultural industries in Nairobi."
15,Nairobi Deputy Governor Joins Tourism Leaders in Launch of Strategic Plan and Revolving Fund to Boost Kenya’s Tourism Industry
15,"Nairobi, 18th October 2024

Nairobi City County Deputy Governor H.E Njoroge Muchiri accompanied by County Executive Committee Member in charge of Inclusivity, Public participation and Customer Service Ms. Rosemary Kariuki joined the Cabinet Secretary Tourism and Wildlife Hon. Rebecca Miano, PS Tourism John Ololtuaa and stakeholders in the dual launch of the Tourism Fund’s 5th Cycle Strategic Plan covering the 2024 to 2029 period, alongside the unveiling of the Tourism Training Revolving Fund (TTRF) at the Bomas of Kenya."
15,Nairobi County seeks to validate Finance Bill 2023.
15,Call for Auditions-Battle of the Choirs
15,Nairobi City County explores innovative solutions in aggregation of county health records
15,"Nairobi, 13th March, 2023

Nairobi County Chief Officer In charge of Digital Economy and Startup sub sector, Victor Ogolla today held a consultative meeting together with County Executive Committee Member for Health, Wellness and Nutrition, Dr. Anastasia Nyalita and United Nations Population Fund (UNFPA) Kenya Country Office representative, Dr. Dan Okoro at Mbagathi Hospital exploring leveraging on innovation in solving emerging and critical challenges with health such as maternal and prenatal deaths among others. The two sectors, Innovation and Digital Economy (I&DE) and Health, Wellness and Nutrition will collaborate in aggregation of health data that will inform structuring of a center of excellence within the Health Sector."
15,Nairobi County Government Innovation and Digital Economy Sector hosts digitalization of Juakali Sector Wood Conference 2023
15,"Nairobi, 30th October, 2023 Nairobi County Government under Digital Economy and Startups Sub Sector together with Kenya National Federation of Jua Kali Associations (KNFJKA) and Labour Organization (ILO), hosted Juakali Wood Conference 2023 themed “Digitization of the Informal Sector.”

Speaking at the start of the 2 day conference, County Executive for Innovation and Digital Economy, Mike Gumo said “The wood conference is a natural progression from the successful Innovate Nairobi Tech Week 2023, where Nairobi County Government under Digital economy and startup sector , Kenya National Federation of Jua Kali Associations (KNFJKA), Labour Organization (ILO) and GIZ South Africa-PIDA-NEPAD co-hosted the ‘Digitalization of the Informal Sector’ Thematic Track. He stated that among the collaboration that stakeholders agreed to explore is Distributed Manufacturing (DM) as one of the models for digitizing the informal sector enabling the sector capture significant value in the market and address the high mortality (over 75 percent) currently being experienced by SMEs in Kenya."
15,Shortlisted candidates for county chief officers positions
15,Nairobi County trains its guns on fight against Gender Based Violence.
15,"Nairobi City County Government signs MOU with Safaricom, “Bonga na Sakaja to be unveiled."
15,"Nairobi 9th March, 2023 Nairobi City County Governor, Sakaja Johnson accompanied by his Deputy, Njoroge Muchiri have today signed a partnership with Safaricom CEO Peter Ndegwa to digitize County Services and Operations.

Safaricom will develop and support the App dubbed “My Nairobi App” as part of the Nairobi Hub that will provide digital services and citizen engagement."
15,Governor Kananu pens deal to construct Kshs 88M Safe house in Westlands
15,"Nairobi 8th March 2022 Nairobi City County Governor, Ann Kananu today signed a Memorandum of Understanding with National Government Affirmative Action Fund (NGAAF) and Nairobi Metropolitan Services (NMS) to pave way for the construction of Kshs 88M Safe house in Westlands Sub county for survivors of sexual and gender based violence in Nairobi County.

The MOU defined terms and conditions of partnership between Nairobi County, NGAAF Nairobi and NMS under which the Parties will collaborate in the establishment of a Sexual and Gender Based Violence (SGBV) Safe House within Nairobi County for the benefit of the public."
15,"Governor hopefuls need integrity, says Kananu"
15,"Nairobi Governor Ann Kananu issues foodstuffs to the victims of fire at Kabiria area in Dagoretti South on March 22, 2022. Kananu added that all Nairobi Governor hopefuls must undergo integrity tests to ensure the county remains in safe hands, she also maintained that her intention is to defend her seat on a Jubilee ticket under the Azimio la Umoja coalition, saying she has projects to complete/GPS

NAIROBI (GPS) MARCH 22, 2022"
15,Governor Kananu secures form one admission for needy Nairobi student
15,"NAIROBI (GPS) APRIL 20, 2022

A family in Mukuru Kwa Njenga slums is happy after Nairobi Governor Ann Kananu came to their aid, paying school fees for their 13-year-old son who risked missing out on secondary school."
15,The Ngo International Film Festival 2023-Nairobi
15,"NAIROBI: 13th October, 2023.

The third edition of the NGO International Film Festival, a unique gathering whose mission focuses on the collation, dissemination and recognition of important human-interest stories, based on the Sustainable Development Goals was held today with the festival’s thematic areas for 2023 being “Education, Equality and Climate Change in line with the United Nations’ Sustainable Development Goals”."
15,Nairobi City County Government and Standard Chartered Bank Unite in Support of Youth and Community: 20th Edition of Nairobi Marathon Receives Historic 178 Million KShs Sponsorship
15,"Nairobi,15th October, 2023

Nairobi City County Executive for Talent, Skills Development and Care, Rosemary Kariuki presented Kshs 8M as part of Nairobi City County Governments’ sponsorship towards the 20th Edition of the Standard Chartered Nairobi Marathon. Standard Chartered Marathon received over 178 million as sponsorship"
15,Nairobi City County Social Services Enhances Staff Skills in Refugee Inclusion Through Joint Initiative with International Rescue Committee
15,"Nairobi: Friday 27th October,2023

The Nairobi City County Social Services sub-sector has concluded a one-day capacity building for staff members working in the department. The team was trained on inclusion of Refugees in their programs. This is part of a signed MOU between International Rescue Committee (IRC) and Nairobi County (Youth and Sports subsector) on jointly implementing the REBUILD program; that focuses on improving livelihoods. The capacity building and sensitization of staff was conducted by the sub- sector in collaboration with International Rescue Committee (IRC). The Director Social Services Shem Ombura said “That this training will address and focus on emerging issues facing integration of urban refugees within the host communities. First is the imperative to create conditions for safe and dignified return of the displaced to the countries or communities of origin. This include prioritizing the root causes of forced displacement, as well as the recovery and reconstruction. Everybody is potentially a refugee, look at Ukraine and Russia, a few days before the war started these were normal people leading normal lives until war changed their respective status.”"
15,"Nairobi, March 2, 2023

The United Nations Development Programme (UNDP) and the Nairobi City County Government teamed up to revolutionize public service delivery through an exciting new partnership. In a Memorandum of Understanding (MOU) signed today between the Governor of Nairobi H.E Sakaja Arthur Johnson and the Resident Representative UNDP Kenya , Mr. Anthony Ngorano the two parties pledged to enhance cooperation and work together to democratize service delivery and accelerate inclusive, green growth and sustainable development."
15,"Nairobi City County Government Shines Bright during Global Customer Service Week: A Celebration of Dedication, Innovation, and Progress"
15,"Nairobi: 2nd October ,2023

Nairobi City County Government joins the global society in marking the Global Customer Service week, at an event that was graced by the Deputy Governor for Nairobi City H.E Njoroge Muchiri at City Hall grounds, Nairobi."
15,Sh1.3 billion project to transform Lake Victoria’s blue economy
15,"The Government is committed to revitalizing Lake Victoria’s blue economy through infrastructure projects, including the ongoing construction of the Sh1.3 billion Kabonyo-Kanyagwal Aquaculture Center in Kisumu County.

Speaking during an inspection tour of the Kabonyo Kanyagwal project in Kisumu, the Deputy President Prof Kithure Kindiki described the project as a cornerstone of Kenya’s blue economy transformation agenda."
15,Press release – Cess payment to Transition to UBP
15,"DP unveils Sh3bn power plan, road, housing projects in Wajir"
15,"HAMDI BUTHUL-KNA

Deputy President Kithure Kindiki has assured residents of Wajir County that the government is committed to ending decades of marginalisation through accelerated investment in infrastructure, housing, power connectivity, and enterprise empowerment."
15,County Executive Dr. Anastasia Nyalita Champions East Africa’s Tourism Potential at the 13th Magical Kenya Travel Expo at KICC
15,"NAIROBI: 21st November 2023

County Executive for Inclusivity Public Participation and Customer Service, Dr Anastasia Nyalita was among Senior government officials who attended the ongoing East Africa Regional Tourism expo and the 13th magical Kenya travel expo at Kenyatta International Convention Center (KICC)."
15,Call For Side Event Applications -2nd Nairobi Health Scientific Conference
15,"Follow this link to submit the application

General Inquiries"
15,Call For Abstracts -2nd Health Scientific Conference
15,"Only 20 Days to Go !

The countdown is ON to submit your abstract for the 2nd Nairobi Health Scientific Conference – happening 5th–7th November 2025!"
15,New pact to roll out internationally accredited courses in local polytechnics
15,"He noted that it will help improve productivity of the young people and enable them to generate self-sustaining income as they work abroad while at the same time enhancing direct foreign inflows to improve the country’s economy.

“We are collaborating as a government with Signet Institute of Australia to roll out courses which are accredited internationally. We have signed the agreement, and it will cover a number of national polytechnics, including the Eldoret National Polytechnic,” said the TVET Director."
15,NYOTA project poised to unlock massive job opportunities for youth
15,"Kenya, in collaboration with the World Bank, has officially launched the National Youth Opportunities Towards Advancement (NYOTA) Program.

The program is a transformative initiative aimed at empowering over 200,000 youths across the country through access to employment, entrepreneurship, digital technology, and creative industry opportunities."
15,Nairobi City County assures Miraa Exporters of support towards improving the handling of Miraa for export
15,"Nairobi, 8th August 2025

Nairobi County Chief Officer for Markets and Trade Ms. Jane Wangũi has assured Miraa exporters of the county Government’s commitment to providing a conducive environment for the traders to thrive. She however stressed that the businesses must be conducted in an orderly and dignified manner."
15,NAIROBI BEYOND ZERO MEDICAL SAFARI -UHURU PARK.
15,"Nairobi, 22nd January, 2020

The First Lady Her Excellency Margaret Kenyatta together with Nairobi City County Government will conduct a free medical Safari from Thursday 23rd to Friday 24th January ,2020 at Uhuru Park."
15,"Nairobi, 22nd September 2025

The Nairobi City County Government, through the Ward Development Programme (WDP), has delivered key road infrastructure upgrades in Kibra and Dagoretti North Sub-Counties, improving accessibility while uplifting the quality of life for residents thus restoring their dignity."
15,Nairobi City County to enable SACCOs through computerization.
15,"Nairobi: 26th October 2024

The Cooperative Development Information Centre (CODIC) hosted a workshop at a Nairobi Hotel, aimed at fostering SACCO digitalization in Nairobi, the workshop sought to enhance relations between CODIC and the Nairobi County Government in alignment with the county’s broader vision of becoming a smart city."
15,"Relief for Kirinyaga residents as 1,664 receive land title deeds"
15,"Residents of Kirinyaga County will receive land ownership documents under the Second Kenya Informal Settlements Improvement Project (KISIP 2).

This breakthrough marks a critical step towards resolving long-standing land tenure challenges for some 1,664 residents in 11 colonial villages."
14,"Less risk, better quality and proven income increase"
14,MAKING KENYANPOTATO FARMINGMORE PROFITABLE
14,"Our approach has been developed for potato farmers of all sizes and is aimed at more profit through the use of healthy, high yielding seed potatoes and applying good intensive agricultural practices.

During the past years, we have seen potato farmers improve their average turnover from actually making a loss to a highly profitable business. In these cases, these farmers worked together in a collective, applied intensive agricultural management and invested in:"
14,Join the KNBS Team – Be Part of Our Data-Driven Mission
14,Opportunities
14,"Are you passionate about making a difference through data? At KNBS, we’re on a mission to empower Kenya’s development with the power of information. Join our dynamic team and contribute to a brighter future for Kenya. Explore exciting opportunities that align with your skills and aspirations."
14,Stay Informed with KNBS Insights
14,"Stay ahead of the curve with the KNBS Newsletter. Receive the latest updates, trends, and data-driven insights directly in your inbox. Join our community of data enthusiasts and be part of the conversation shaping Kenya’s future. Sign up today to stay informed and inspired.

The Kenya National Bureau of Statistics (KNBS) is a State Corporation established by the Statistics Act, 2006, for the collection, compilation, analysis, publication and dissemination of statistical information, and the coordination of the national statistical system. It is the principal agency of the Government for collecting, analysing and disseminating statistical data in Kenya and the custodian of official statistical information"
14,Government of Kenya services simplified All your government records unified
14,"Over 22,000 Government services now available from 100+ Ministries, Counties, Departments and Agencies."
14,GAA
14,Featured Stories
14,Legal Aid Service
14,Our Services
14,Provision of free legal services to persons who cannot afford to pay for legal services of a lawyer to conduct a case.
14,Community Legal Service
14,Oceans and Blue Economy Diplomacy
14,"A scholarship is financial support awarded to a student, based on academic achievement or other criteria that may include financial need, for the purpose of schooling."
14,Kenyan Citizens
14,A person is a citizen by birth if at the date of his or her birth; one of the parents is or was a citizen of KenyaA
14,"Ministries, Departments & State Agencies"
14,The Kenya International Investment Conference 2026 opens in Nairobi
14,Kenya and China Intensify Push to Close Trade Gap Through Zero-Tariff Agreement
14,PRESIDENT RUTO LEADS HIGH-LEVEL DIALOGUE ON AFRICA’S URBAN FUTURE AT AUF2 IN NAIROBI
14,-Provide computer software compatible with that of Kenya Revenue Authority systems
14,"-Provide suitable and adequate Customs office with furniture, computer, printer network connectivity and other office requirements"
14,"PUBLIC NOTICES 09/07/2018

Address"
14,More than 4.4 Million Kenyans file returns despite the prevalent Covid-19 pandemic
14,"Despite the prevailing Covid-19, pandemic, more than 4.4 Million Kenyans filed their 2019 tax returns as the filing period officially closed at midnight on Tuesday 30thJune 2020.

This year, more than eight hundred thousand taxpayers filed their 2019 tax returns compared to last year, where 3.6 million Kenyans filed their returns by 30th June. This is equivalent to a 25% increment equated to the same time last year."
14,"KRA, Darasa Settle Tax Dispute Out of Court"
14,"PRESS RELEASE 29/09/2018

Did you find this content useful?"
14,"Ambassador Francis K. Muthaura, Chairman of the Board, Kenya Revenue Authority"
14,Condolences on the Passing of Bob Collymore
14,"PRESS RELEASE 01/07/2019

Did you find this content useful?"
14,Rice importers charged for failing to declare Ksh740 million taxable income
14,"Two businessmen, Abdisalam Abdullahi Gedi and Yahye Elias Bare, were today arraigned in a Mombasa court and charged with failure to declare taxable income amounting to Kshs.740,129,552.

The Court heard that the two, being directors of Liban Trading Limited, jointly with others not before court, made an incorrect statements in the company’s income tax returns for the years of income 2013, 2014 and 2015. They were accused of unlawfully reducing the company’s tax liability by reporting their total sales for the three years as nil instead of Kshs.329,930,833, Kshs.146,281,440, Kshs.263,917,279 respectively."
14,"Payment of Turnover Tax (TOT) is due this Thursday 20th February 2020 and all Micro and Small Enterprises (MSEs) should register, file and pay the January 2020 tax returns for the Turnover Tax (TOT).

The tax rate for TOT is 3% on the gross sales/turnover and is a final tax. TOT is filed and paid on a monthly basis on or before 20th of the following month."
14,"Commissioner of Legal Services & Board Coordination.

PRESS RELEASE 27/04/2020"
14,"PRESS RELEASE 23/04/2020

Did you find this content useful?"
14,"PRESS RELEASE 25/05/2021

Did you find this content useful?"
14,"PRESS RELEASE 15/09/2020

Did you find this content useful?"
14,"PRESS RELEASE 14/09/2020

Did you find this content useful?"
14,Fake excise stamps seized in a Limuru water firm
14,"PRESS RELEASE 02/09/2020

Did you find this content useful?"
14,Tribunal upholds KRA’s Kshs. 700 million tax assessment against electronics dealer
14,"PRESS RELEASE 24/08/2020

Did you find this content useful?"
14,"PRESS RELEASE 20/08/2020

Did you find this content useful?"
14,"Commissioner, Legal Services & Board Coordination."
14,"Tribunal upholds KRA’s Kshs. 300,000 tax demand against CMC Di Ravenna"
14,"PRESS RELEASE 28/08/2020

Did you find this content useful?"
14,"Ag. Regional Coordinator, Southern (Coast) Region - John K. Bisonga"
14,"KRA seizes 1,000 pieces of explosive detonators at Taveta border"
14,Tribunal rules that tax invoice not enough to claim input VAT
14,"PRESS RELEASE 22/10/2020

Did you find this content useful?"
14,"Commissioner, Legal Services & Board Coordination - P.M. Matuku"
14,KRA wins Kshs 105.6 million case against Mars Logistics Limited
14,"PRESS RELEASE 25/01/2021

Did you find this content useful?"
14,Tax tribunal dismisses case challenging KRA’s Kshs 172 Mn tax demand
14,"The Tax Appeals Tribunal has dismissed Kazimoni Auto Tyres Ltd’s application seeking to file its tax appeal out of time to challenge KRA’s Kshs.172, 382, 355 tax demand.

The KRA carried out a tax compliance audit of the taxpayer and issued an additional assessment for the sum of Kshs.172, 382, 355 on Corporation tax and VAT. Kazimoni Auto Tyres Ltd objected to the assessment and the Commissioner requested the taxpayer to provide documents to support its objection. However, the taxpayer failed to provide the documents and the Commissioner proceeded to confirm the assessment in his decision dated 18th February 2019 to the taxpayers’ objection. The taxpayer did not appeal against the decision on the objection within the statutory period of thirty days."
14,"PRESS RELEASE 25/02/2021

Did you find this content useful?"
14,SMES to benefit from expansion of Cargo shed
14,"His Excellency President Uhuru Kenyatta has today conducted an inspection visit at a new warehouse at the Kenya Railways Corporation (KRC) Transit shed, Nairobi with an enhanced storage capacity to handle cargo for small traders within Nairobi and its environs.

The warehouse, also known as the National Cargo Deconsolidation Centre-Nairobi (NCDC-Nairobi), is an expansion of the KRC Transit shed that was launched in November 2020. The new facility will enhance capacity of de-consolidated cargo from the initial five (5) 40 foot containers to (15) 40 foot containers. A 40ft container can have up to 25 small traders importing varied goods as consolidated cargo. This means that the facility will serve up to approximately 400 small traders in a day."
14,"PRESS RELEASE 30/03/2021

Did you find this content useful?"
14,"PRESS RELEASE 19/04/2021

Did you find this content useful?"
14,KRA wins a 234M tax claim against Equity Bank Kenya Ltd
14,Driver pleads guilty as four are charged with tax evasion totalling Kshs 2.7 million
14,"PRESS RELEASE 17/11/2021

Did you find this content useful?"
14,Commissioner-Investigations & Enforcement
14,Purma holdings directors released on Kshs. 50 Million bond over Kshs. 2.2 billion tax evasion court case
14,"Nakuru, Eldoret businessmen charged with tax evasion"
14,"PRESS RELEASE 08/03/2022

Did you find this content useful?"
14,High Court overturns judgment of Tax Appeals Tribunal in a tax case challenging the shifting of Burden of Proof to KRA
14,"PRESS RELEASE 04/02/2022

Did you find this content useful?"
14,"PRESS RELEASE 08/02/2022

Did you find this content useful?"
14,"PRESS RELEASE 20/05/2022

Did you find this content useful?"
14,"KRA’s attention has been drawn to reports that several LPG trucks are stuck at the Namanga One-Stop Border Post (OSBP) due to increase of LPG taxes.

KRA would like to clarify that the information is not true and misleading. The VAT on LPG currently being enforced was reintroduced in July 2021 and is not a new tax as reported. During a recent compliance check, KRA noted that there have been cases of undervaluation by importers on LPG products, which is an offence."
14,"KRA Launches Three Trade Facilitation Hubs to Ease Cargo Transit, Strengthen Regional Trade"
14,"Trade between Kenya and South Sudan is set to receive a significant transformation following the launch of trade facilitation centres in Kainuk, Lodwar, and Kakuma areas. Kenya Revenue Authority (KRA) has established these three centres to enhance trade facilitation efforts along the Northern Corridor, a critical trade route linking Kenya with South Sudan, Ethiopia, and Uganda.

This initiative aims to improve trade facilitation and compliance opening up business opportunities in Turkana County while ensuring that Kenya remains a hub for international and regional trade. Additionally, the facilities will help ease congestion at the Malaba and Busia border posts, and significantly reduce transit time for cargo moving from Mombasa to South Sudan."
14,Payment of Rental Income Tax
14,"Section 6A of the Income Tax Act CAP 470 requires any residential person receiving residential rental income amounting to Kshs. 12,000 and above per month but not exceeding Kshs. 10 Million per year to register for the Monthly Rental Income (MRI) that came to effect from 1st January 2016 payable at the rate of 10% of the gross rental income received.

Residential property owners earning more than Kshs. 10 Million per year are required to declare the rental income in the annual income tax return and make accurate declaration of the rental income received, offset accurate allowable expenses and make timely payment of the tax due."
14,Recruitment of Property Owners for Tax Purposes
14,"Section 6A of the Income Tax Act CAP 470 which came into effect from 1st January 2016 requires any resident person earning residential rental income exceeding Ksh. 144,000 but not exceeding Ksh10 Million per year to pay the Monthly Rental Income (MRI) tax at a rate of 10% of the gross rent income earned.

Persons liable to account for the monthly rental income tax (MRI) are advised to register in the iTax portal and remit their monthly returns and payments consistently."
14,Implementation of Green Channel
14,"PUBLIC NOTICES 13/03/2020

Address"
14,Commissioner of Customs and Border Control
14,Roll-out of Regional Electronic Cargo Tracking Seals
14,"Kenya Revenue Authority (KRA) informs members of the public that service of Court and Tax Appeal Tribunal documents shall now be done through the following email address:

LegalServices@kra.go.ke"
14,"KRA informs the public on changes to Corporation Tax rates through the Tax Laws (Amendment) Act published on 25th April, 2020 and the Tax Laws (Amendment) Act No. 2 of 2020 published on 24th December, 2020 which provided for resident corporation tax rates of 25% and 30% respectively. In light of the above, corporation tax rates shall apply as follows:

Provided that a person to whom (3) applies shall determine the income for the accounting period and apportion the same between the two periods and charge the applicable rates."
14,"PUBLIC NOTICES 29/05/2021

Address"
14,PHYSICAL AND LAND USE PLANNING ACT NO. 13 OF 2019
14,"KILIFI COUNTY GOVERNMENT

NOTICE OF COMPLETION OF PART DEVELOPMENT PLANS"
14,Fringe Benefit Tax and Deemed Interest Rate - April 2021
14,"Kenya Revenue Authority (KRA), informs members of the public to note the following:

FRINGE BENEFIT TAX"
14,"Elimination of Witnessing of Stuffing for Exports of Tea, Coffee, Spices and Herbs"
14,"Kenya Revenue Authority (KRA) wishes to notify all stakeholders that with effect from 26th November 2020, KRA eliminated witnessing of stuffing and use of manual folders for exports of tea, coffee, spices and herbs through the Port of Mombasa.

In addition, all KRA export offices (Sameer Park, Port of Mombasa and Forodha house Mombasa) will operate on 24-hour basis."
14,"Imposition of Excise Duty on Excisable Goods & Services Introduced by the Finance Act, 2022"
14,"Kenya Revenue Authority would like to notify the public, manufacturers, importers and suppliers of goods and services that the Finance Act, 2022 introduced excise duty on the following goods and services with effect from 1st July, 2022: -

Description"
14,Verification Rates - Q1 2022
14,"Kenya Revenue Authority (KRA) is implementing initiatives aimed at improving both documentary and border compliance. One of the initiative is reduction of verification rate to 20%.

KRA wishes to notify the import and export trade stakeholders that the verification rates for ICDN and CFS for the period July, 2022 to September, 2022 are as follows:"
14,Verification Rates - Q2 2022/2023
14,"Kenya Revenue Authority (KRA) is implementing initiatives aimed at improving both documentary and border compliance. One of the initiative is reduction of verification rate to 20%.

KRA wishes to notify the import and export trade stakeholders that the verification rates for ICDN and CFS for the period 1st October, 2022 to 16th December, 2022 are as follows:"
14,Verification Rates - Q3 2022/2023
14,"Kenya Revenue Authority (KRA) is implementing initiatives aimed at improving both documentary and border compliance. One of the initiative is reduction of verification rate to 20%.

KRA wishes to notify the import and export trade stakeholders that the verification rates for ICDN and CFS for the period 1st January, 2023 to 27th March, 2023 are as follows:"
14,Verification Rates Q4 FY 2023/24
14,"Kenya Revenue Authority (KRA) is implementing initiatives aimed at improving both documentary and border compliance. One of the initiative is reduction of verification rate to 20%.

KRA wishes to notify the import and export trade stakeholders that the verification rates for ICDN and CFS for the period 1st April to 25th June 2024 are as follows:"
14,Verification Rates - Q2 2023/2024
14,"Kenya Revenue Authority (KRA) is implementing initiatives aimed at improving both documentary and border compliance. One of the initiative is reduction of verification rate to 20%.

KRA wishes to notify the import and export trade stakeholders that the verification rates for ICDN and CFS for the period 1st October to 21st December, 2023 are as follows:"
14,CONSUMER PRICE INDICES AND INFLATION RATES FOR SEPTEMBER 2021
14,CONSUMER PRICE INDICES AND INFLATION RATES FOR OCTOBER 2021
14,Inequality Trends and Diagnostics in Kenya – Report
14,CONSUMER PRICE INDICES AND INFLATION RATES FOR JULY 2021
14,Tax Amendments aimed at cushioning Taxpayers from effects of COVID-19 Pandemic
14,"The year 2020 has seen major amendments in the law. Most of the changes are aimed at cushioning taxpayers from the detrimental effects of Covid-19. The Finance Act 2020 was passed by the National Assembly on 23rd June 2020 and assented to by the President on 30th June 2020. This Act builds on changes brought about by the Tax Laws (Amendment) Act 2020 and also provides for other miscellaneous amendments.

A major highlight of the Finance Act 2020 is the introduction of new types of taxes, such as Minimum Tax. This is a base tax payable by all businesses at the rate of 1%, regardless of whether they make a profit or not. The tax is payable in installments and shall be due on the 20th day of each period ending on the 4th, 6th, 9th and 12th month of the year of income. Taxpayers are not required to pay Installment Tax if it is less than the minimum tax. However, installment tax is payable if it is higher than the minimum tax. The introduction of minimum tax aims at ensuring that all taxpayers pay taxes irrespective of their performance."
14,Gross Domestic Product (First Quarter 2013)
14,"It is no secret that gambling is now more popular than ever in Kenya as evidenced by the several sports betting companies that have emerged in recent years. Whether in casinos, at the race track or even on your phone or computer, the allure of a one-time life changing paycheque has driven many to join the craze with only as little as ten shillings needed in order to participate.

In an annual report done by Hootsuite, betting sites top the list of the most searched category on the internet. However, there is a general lack of awareness on the tax implications involved while betting."
14,Consumer Price Indices and Inflation Rates for July 2020
14,CONSUMER PRICE INDICES AND INFLATION RATES FOR JUNE 2020
14,"PRODUCER PRICE INDEX, FIRST QUARTER 2020"
14,Consumer Price Indices and Inflation Rates for November 2019
14,Consumer Price Indices and Inflation Rates for December 2019
14,Consumer Price Indices and Inflation Rates for October 2018
14,Women and Men In Kenya Booklet Launched
14,Release of CPI and rates of inflation for July 2017
14,Launch of the 2016 ICT Public Sector and Enterprise Survey Reports
14,Release of CPI and rates of inflation for May 2017
14,"Have you ever been hired to offer consultancy services? Was the payment received the same as what was stipulated in the contract/ agreement signed? Most likely, the answer to the latter question is a ‘no’. The amount received was probably less by 5%.

You must have felt ‘played’ and probably contemplated storming into the finance office or the manager’s office of the party you transacted with to seek answers. However, just before that, you receive an email from iTax with a ‘Withholding Certificate’ attached. The mail immediately allays fears of any foul play. But what is this tax that was deducted?"
14,How will the scanners aid in trade facilitation?
14,KRA Deploys Drive-Through Scanners to reduce cargo dwell time at the Port.
14,"The non-intrusive equipment will enhance global trade facilitation and promote the integrity of the supply chain by detecting concealed and mis-declared cargo, which not only creates unfair competition, but also poses a risk to the security and safety of the society.

How effective are they?"
14,Will this reduce physical inspection?
14,By Grace Karasha
14,Importance of a Tax Compliance Certificate
14,"BLOG 18/05/2022

Did you find this content useful?"
14,Commercial vehicle owners required to pay advance tax.
14,"Are you a commercial vehicle owner or looking to register your vehicle for business purposes? Then read through, this is for you.

Any person who owns a commercial vehicle is required to pay a tax known as Advance Tax which is payable every year of income at the specified rates on or before 20th January."
14,By: Sophie Marami
14,Break Free of Tax Debt Today!
14,"Do you ever feel like the weight of unpaid taxes is holding you back from achieving your financial goals? We understand the stress and uncertainty that comes with unresolved tax debts, and that is why we are excited to inform you about the KRA Tax Amnesty Programme.

The KRA Tax Amnesty Programme gives you an opportunity to finally break free from the burden of unpaid taxes and start anew. Imagine a clean slate, free from penalties and interest where you can confidently move forward with your financial goals."
14,"Once you have identified the need for a PIN, understanding the registration process becomes straightforward. Registration is an online process done on iTax, and it is free of charge! Residents receive their PIN certificate instantly after completing the online registration. Non-residents, however, receive an acknowledgment receipt that can be used to follow up on the registration process status.

Step-by-step guides for both individual and non-individual registration are available on the KRA website."
14,CONSUMER PRICE INDICES AND INFLATION RATES FOR JANUARY 2021
14,CPI February 2021
14,REMARKS BY THE COMMISSIONER GENERAL DURING THE TAXPAYER?S DAY
14,"Your Excellency the President of the Republic of Kenya,

Cabinet Secretary of the National Treasury,"
14,Consumer Price Indices and Inflation Rates for September 2020
14,CPI and Inflation Rates for July 2014
14,11th Management Meeting Held to Advance Public Service Transformation Agenda
14,Revised Quarterly Gross Domestic Product October 2014
14,CPI and Inflation Rates for October 2014
14,CPI and Inflation Rates for May 2014
14,Directorate of Counselling Advances Workplace Drug and Substance Use Policy
14,STATE DEPARTMENT FOR PUBLIC SERVICE LEADS TREE PLANTING EXERCISE AHEAD OF MAZINGIRA DAY
14,Africa Transformation Leadership Conference Kicks Off in Nairobi
14,PS DR IMBUNYA ATTENDS THE 14TH DEVELOPMENT PARTNERSHIP FORUM
14,CPI and Inflation Rates for February 2015
14,Leading Economic Indicators January 2015
14,Government Reaffirms Commitment to Service Delivery
14,Strengthening Ties: Chinese Ambassador Meets PS
14,Boards Rep's urged to uphold Public Sector accountability
14,Ministry honours retired officers for excellency service delivery
14,Validation workshop for the Draft Public Service Human Resource Management & Development Bill and the Public Finance Management (Training Revolving Fund Regulations) 2024
14,"Inaugural meeting for the selection panels of SRC,IPOA and CAJ"
14,88th National Youth Service Recruits Pass-Out Parade.
14,"PUBLIC NOTICES 31/01/2022

Insurance Relief on Contributions to National Hospital Insurance Fund (NHIF)"
14,CPI and Inflation Rates for December 2015
14,Leading Economic Indicators April 2016
14,CPI and Inflation Rates for March 2016
14,Producer Price Index (PPI) First Quarter 2016
14,"H.E Hon. William Kabogo Gitau, EGH, officially opens the inAble Inclusive Africa Conference 2026"
14,ICT Sector Stakeholders’ Engagement
14,Strengthening Kenya’s Fast-Growing Creative Economy
14,PS ICT and Digital Economy Eng. John Kipchumba Tanui Meets South Korea’s Vice Minister for Interior and Safety Korea
14,Ministry Reaffirms Support for Digitally Driven Enterprises in Kenya
14,Cloud infrastructure will deliver integrated & end-to-end capabilities
14,PS Isaboke Hosts Young Creatives in Dialogue on Creative Economy
14,Kenya Set to Host 15th Connected Africa Summit in Nairobi
14,"Kenya, EU Deepen Digital Cooperation as PS Tanui Highlights Key Policy Priorities"
14,Celebrating 50 Years of European Union (Eu)-Kenya Partnership
14,Launch of Financing Facility to Unlock Growth for Indigenous Digital Platforms and MSMEs
14,Role of Artificial Intelligence in Africa’s development
14,Kenya AI and ET Policy Public Participation 2026
14,The Domain Summit Africa 2026 a great platform to spearhead digital conversations for Africa - CS Kabogo
14,CONSUMER PRICE INDICES AND INFLATION RATES FOR JANUARY 2022
14,2022 Kenya Demographic and Health Survey (2022 KDHS)
14,Digital Credential Transition and Responsible AI Adoption
14,Strengthening and Elevating Cooperation Between Kenya and Kazakhstan
14,PS Isaboke Bids Farewell to Director Joseph Kipkoech After 34 Years of Exemplary Public Service
14,Inception Workshop Launches Development of the Kenya Artificial Intelligence (AI) and Emerging Technologies Policy
14,Empowering you to become a tech-savvy leader!
14,Join the shift from awareness to application!
14,CS H.E. Hon. William Kabogo Gitau officially opens the Cyberweek Africa 2025
14,Broadcasting and Telecommunications PS Leads NYOTA Project Verification Process in Kisii County
14,Strengthening Kenya's AI Skillls Ecosystem
14,PS Tanui Underscores Evidence-Based Performance Evaluation During Performance Contracting Meeting
14,Utilising the Power Line Network to Fast Track Laying of Fibre Optics
14,PS Isaboke Advances Sustainable Last-Mile Internet Connectivity at UK-DAP Peer Learning Event
14,PS Isaboke Hosts iBuild Global Chairman and CEO
14,Digischool Internet Project Phase 2 Launched in Machakos
14,"Cabinet Secretary, Hon. William Kabogo Gitau has officiated the awarding ceremony of The Digital Transformation Public Sector Forum and Awards"
14,AI Training for Public Servants Set to be Launched by July 2025
14,BPO track:Positioning Kenya as Africa's Next Hub for Outsourcing IT Enabled Services (ITES)
14,"CS William Kabogo Opens Annual Media Summit, Launches Code of Conduct for Media Practice 2025"
14,CS attends EU-Kenya Business Forum 2025
14,Tech Leaders Tee Off: Connected Africa Summit 2025 Golf Tournament Unites ICT Stakeholders in Nairobi
14,Fast and reliable internet connection is pivotal for increasing access to information and ensuring a robust health care system.
14,CS Hon. William Kabogo Gitau has officially opened The African Public Relations Association (APRA) 36th Annual Conference held in Mombasa County
14,"Digital Inclusion Key to Empowering Marginalised Communities, Says PS Isaboke"
14,Fostering Leadership and Technological Innovation
14,"Kenya, Japan Deepen Digital and E-Commerce Ties in Strategic Talks Ahead of UPU Elections"
14,PS Isaboke briefs parliament on new ICT laws as State targets digital regulation overhaul
14,PS Isaboke highlights the importance of project management
14,Kenya Marks this Year's Cyber Drill
14,"Cabinet Secretary Hon. William Kabogo Gitau officially opens the ITU Regional Development Forum for Africa Region (ITURDF-AFR) taking place in Nairobi, Kenya"
14,PS Isaboke Hosts NYOTA Grassroots Sensitisation Forum in Kisii County
14,You will not be disappointed! Enroll today.
14,Ministry to partner with Siaya County for investment conference
14,Ministry Hosts Liberian Delegation for Service Delivery Knowledge Exchange
14,Africa is moving forward in the digital era — and Kenya is leading the way!
14,"AI, AI, AI!"
14,PS Steve Isaboke EBS hosted the Ambassador of Romania to Kenya H.E Gentiana Serbu
14,Ongoing Stakeholder Engagement in Kenya’s Connectivity Efforts
14,Government pledges reforms to boost manufacturing competitiveness
14,UK commits to boost Kenya’s digital transformation in agricultural sector
14,Kenya marks 100 years of tea production with a focus on value addition and diversification
14,Government unveils key strategies to achieve clean cooking for all Kenyans
14,Kenya advancing the Pact for the Future
14,Kenya reviews its Foreign Policy to advance national interests
14,State launches customer excellence initiative for all public servants
14,PS roots for global skills deals to boost employment opportunities
14,AI Training for Public Servants
14,"AI Training for Public Servants set to be launched by July 2025

03/06/2025"
14,KenGen revives power station to stabilize supply in western region
14,2025 IMF-World Bank Spring Meetings in Washington D.C.- Media Interview
14,"On the sidelines of the 2025 IMF-World Bank Spring Meetings in Washington D.C.,CS Hon. FCPA John Mbadi engaged with leading Kenyan journalists Yvonne Okwara of citizen TV kenya and Julians Amboko - Kepha Muiruri of Nation Media Group, reaffirming Kenya’s commitment to transparent economic reforms and strengthening investor confidence through global dialogue."
14,"Kenya’s investment reforms pave the way for competitive, sustainable growth"
14,Sh287m water project to transform lives and end water scarcity in Seme Sub-County
14,Foreign Policy of the Republic of Kenya
14,"At independence in 1963, Kenya assumed control and management of its Foreign Policy setting the pace for active participation in regional and international affairs. Since then, Kenya’s conduct of diplomacy has progressively evolved driven and guided primarily by the quest to promote and protect its national interests. Like other countries, the Foreign Policy orientation of Kenya has been determined by the realities both at the domestic and external environment.

From the early years, Kenya’s diplomacy has largely been influenced by its history as much as developments within country and beyond. At independence, Kenya undertook several initiatives and decisions that continue to underline the country’s position at the international system. This includes membership in the Organization of African Unity (OAU) and the imperative to uphold the right to self-determination and support to end decolonization in Africa, which established Kenya’s Pan-Africanist credentials."
14,Kenya to lead Africa’s Jobs for Youth initiative after Rwanda
14,Mau Forest Restoration Programme records major gains
14,State launches digital warehouse receipt platform to reform agricultural trade
14,Murang’a expands dialysis services to boost renal care
14,KNBS Hard Copy Publications – Price List
14,Clarification
14,"JOSEPH NG’ANG’A-KNA

The Government is re forming the public service with the aim of transforming service delivery to meet the expectations and aspirations of the public."
14,"The Public Private Partnerships (PPP) Directorate, which is headed by a Director – General, is the technical arm of the PPP Committee and is mandated to facilitate implementation of the Public Private Partnership Programme and Projects in Kenya. The PPP Directorate’s functions include:

For more information on the Directorate, kindly visit: https://pppkenya.go.ke/"
14,Refers to borrowings in a government to government arrangement. The arrangement follow country cooperation framework or Memorandum of Understanding as signed by the countries involved.
14,"a) Outcome of FY 2022/23 Annual Borrowing Plan (ABP)

In FY 2022/23, the National Treasury planned to borrow Ksh. 862.92 billion to finance the budget deficit, of which net external borrowing was Ksh. 280.73 billion and net domestic borrowing totalled Ksh. 582.19 billion. At end June 2023, the National Treasury had raised Ksh. 740.33 billion, comprising of net external borrowing of Ksh. 301.06 billion (107.2% of the target); and net domestic borrowing of Ksh. 439.27 billion (75.5% of the target). The shortfalls in borrowing in FY 2022/23 was attributed to tight liquidity conditions in the domestic and international capital markets. Due to shortfalls in realizing the borrowing targets in the FY 2022/23, the National Treasury lowered the net domestic borrowing to the level that can be achieved, while ensuring the yield curve remain upward sloping; and increased mobilization of concessional external financing from alternative sources including development financial institutions."
14,Public Debt Management Departments
14,Public Sector Advertising Guidelines
14,MyGov Newspaper 2025
14,Validation of the Kenya Cloud Policy public participation Comments
14,PS Broadcasting & Telecommunications graced the 12th Graduation Ceremony of the Multimedia University of Kenya (MMU) as Chief Guest
14,"Kenya AI & ET Policy Participation Public Form 2026

Our Contacts"
14,CPI and Inflation Rates for October 2013
14,"BY IRENE AGUM (PCO)

The Government is reviewing its Foreign Policy to make it relevant, effective, and inclusive in advancing the country’s national interests and values."
14,"KIPTANUI CHERONO-KNA

Seven informal settlements in Uasin Gishu County will bene fit from a Sh1.3-billion upgrade project through the Kenya Informal Settlements Improvement Project (KISIP II)."
14,"MATHEW CHEPKEWEL-(MYGOV)

Over 300 people toured the Olkaria geothermal site during the 10th commemoration of the Kenya Electricity Generating Company PLC (KenGen) annual shareholders’ tour."
14,"CHRIS MAHANDARA-KNA

The Kenya Electricity Generating Company (KenGen) has revived the Muhoroni Gas Turbine Plant to stabilize power supply in the West ern Region."
14,"GEOFFREY SATIA-KNA

The little-known town of Mosoriot in Nandi County will soon be upgraded to a municipality following the launch of multimillion-shilling projects."
14,"FATUMA NGEWNA-PCO

Kenya and Malaysia have launched the inaugural direct flight between Nairobi and Kuala Lumpar."
14,"Deborah Bochere-KNA

PWD’s in Nyamira receive assistive devices courtesy of Rani Ramchandani"
14,"Bernard Munyao and Anjaliwa Francis-KNA

Government reaffirms commitment to fully implement National Children’s Care Reforms by 2032"
14,Producer Price Index First Quarter 2015
14,"JOSEPH NG’ANG’A-KNA

Kenya is adopting value addition and diversification of tea varieties as it marks 100 years of commercially growing tea to meet market expectations."
14,"SADIK HASSAN-KNA

After a 14-year hiatus, construction of the Sh8.5 billion Ronald Ngala Utalii College in Vipingo is finally taking shape."
14,"JULIUS NDEGWA-PCO

Mismatch be tween skills developed and skills demanded in the labour market has been cited as one of the key reasons young people are struggling to find employment opportunities."
14,"DIANA MENETO- KNA

The Government is keen to ensure that all Kenyans have access to clean cooking solutions by the year 2028."
14,"By Davis Langat (KNA)

The Government has embarked on a comprehensive census for animals in Ruma National park, Homa Bay county."
14,"BY FLORENCE KINYUA, KNA

Construction work for the water intake of the Kaihi Irrigation Project in Kangema Constituency has begun."
14,QUARTERLY LABOUR FORCE REPORTS
14,"AFRICAN UNION, REGIONAL AND CONTINENTAL ORGANISATIONS DIRECTORATE"
14,"MANDATE

Advance Kenya’s national strategic interests in the African Union, Regional Economic Communities and Continental Organization."
14,QUARTERLY LABOUR FORCE REPORT – Quarter 3
14,CPI and Inflation Rates for December 2014
14,QUARTERLY LABOUR FORCE REPORT – Quarter 4
14,QUARTERLY LABOUR FORCE REPORT – Quarter 1
14,"The country’s Gross Domestic Product (GDP) is estimated to have expanded by 5.3 per cent in 2014, compared to a growth of 5.7 per cent in 2013.

The Performance was supported by Increased government and private final consumption Low oil prices increase in exports of goods and services. Stability of the Kenya Shilling against major currencies (despite slight depreciation against the US dollar)"
14,CPI and Inflation Rates for April 2015
14,CPI and rates of inflation for September 2017
14,"The Leading Economic Indicators highlights trends in Consumer Price Indices (CPI) and inflation, interest rates, exchange rates, international trade, agriculture, energy, manufacturing, building and construction, tourismand transport. Consumer Price Index (CPI) decreased from 193.31 points in June 2018 to 191.59 points in July 2018. The overall rate of inflation rose slightly from 4.28 per cent to 4.35 per cent during the same period. In July 2018, the Kenyan Shilling appreciated against the major trading currencies except for the Sterling Pound and the Ugandan Shilling. The average yield rate for the 91-day Treasury bills, which is a benchmark for the generaltrend of interest rates decreased slightly from 7.87 per cent in June 2018 to 7.69 per cent in July 2018, while the inter-bank rate rose from 5.03 per cent in June 2018 to 5.06 per cent in July 2018. The Nairobi Securities Exchange (NSE) 20 share index increased from 3,286 points in June 2018 to 3,320 points in July 2018, while the total number of shares traded dropped from 453 million shares to 323 million shares during the same period. The total value of NSE shares traded decreased from KSh 13.69 billion in June 2018 to KSh 9.74 billion in July 2018. Broad money supply (M3), a key indicator for monetary policy formulation, increased from KSh 3,242.94 billion in June 2018 to KSh 3,258.99 billion in July 2018. Gross Foreign Exchange Reserves increased from KSh 1,221.83 billion in June 2018 to KSh 1,235.33 billion in July 2018. Net Foreign Exchange Reserves deceased from KSh 760.51 billion in June 2018 to KSh 759.29 billion in July 2018. [wpdm_package id=4982 template=”link-template-calltoaction3.php”]"
14,CPI and Inflation Rates for September 2015
14,"KNA by Patience Mabonga and Moses Mwaura

Loxea, a leading player in Kenya's vehicle leasing and fleet management industry, has launched the Build Your Dream (BYD) range of electric vehicles (EVs)."
14,Tourism – Villas 2010
14,"KNA by Muoki Charles

Kenyans will start owning new homes under the affordable housing programme before the end of the year, Government spokesperson Isaac Mwaura has said."
14,"KNA by Sharon Atieno

The Government is committed to implementing legislative and policy reforms to address the challenges in the trade and industry sector."
14,CPI and Inflation Rates for June 2014
14,Highlights of the revision of National accounts
14,Ministry of Foreign and Diaspora Affairs Engages Regulatory Institutions Ahead of Global Trust Summit 2026
14,"KNA BY Geoffrey Makokha and George Agimba

The South Nyanza (Sony) Sugar Company is set for a major maintenance operation to restore the plant’s ability to mill at full capacity."
14,MyGove Issue 2026
14,Government Advertising Agency
14,"Teleposta Towers, GPO Kenyatta AveP.O. Box 30025-001000 Nairobi, KenyaTel: (+254) 020 4920000 /1Email: mygovads@gaa.go.ke / director@gaa.go.ke"
14,Our Service Charters
14,All Tenders
14,MyGov 2024 Issues
14,English Issues
14,Mygov 2023 Issues
14,Gross Domestic Product( Second Quarter 2013)
14,"Population Five Years and Above by Sex, Age, Activity Status and District"
14,Kenya National Manpower Survey (KNMS) 2010
14,Cost of Agricultural Production Survey (CAPS) 2012
14,Integrated Survey of Services (ISS) 2012
14,CS National Treasury wishes Kenyans a Happy New Year
14,"As we step into a new year, the National Treasury remains committed to driving sustainable economic growth and enhancing prosperity for all Kenyans Together, we will continue building a resilient and inclusive economy. This is to wish you a year of progress, hope, and success! Happy 2025"
14,KRA Leadership Team
14,Launch of The Kenya Strategy for Development of Statistics – KSDS
14,Proposed Surveys
14,9. Is it possible to represent myself before the Tribunal?﻿
14,"• Generally, the proceedings of the Tribunal are open to members of the Public. However, proceedings may be conducted in camera where the Tribunal considers it to be in the interest of the parties or either of the parties provided that such interest is not contrary to public interest.

• To that end the Tribunal may prohibit the publication of reports and proceedings."
14,History of Tribunal
14,"In the 1980s the Kenyan economy started to move away from a price control regime with significant state intervention towards a market economy. The Government recognized the need to introduce the Restrictive Trade Practices, Monopolies and Price Control Act which came into force in 1989 as the first competition law. The Restrictive Trade Practices Monopolies and Price Control Act had a wide-ranging exemptions that excluded regulated sectors of the economy from the scope of the competition law. The law provided for the establishment of the restrictive trade practices tribunal which was operationalized in 1998 to handle its first case on the disputes arising from the the merger of Price water house and Coopers & Lybrand.

The Monopolies and Price Control Act however had many gaps and there was need to review it and come up with a modern Competition Law which would also have consumer protection provisions. The Kenya Parliament enacted the new competition law in 2010 and repealed the Restrictive Trade Practices Monopolies And Price Control Act of 1989."
14,ISSUE 002
14,KENSTATS. Newsletter
14,CPI and rates of inflation for February 2017
14,Overview of census 2009
14,Population
14,Kenya Unveils Results-Driven Foreign Service Reform Agenda to Deepen Economic Diplomacy and National Development
14,BASIC STANDARD REQUIREMENTS FOR REGISTRATION OF EDUCATIONAL AND TRAINING INSTITUTIONS IN THE MINISTRY OF EDUCATION
14,SCHOOL BASED TEACHER SUPPORT MANUAL
14,"MESSAGE FROM MACDONALD G. OBUDHO, MBS, DIRECTOR GENERAL, KNBS"
14,IRISH AID FUNDED FELLOSHIP PROGRAMME FOR THE YEAR 2027/2028
14,COMMISSION ON SCIENCE AND TECHNOLOGY FOR SUSTAINABLE DEVELOPMENT IN THE SOUTH (COMSATS) SCHOLARSHIPS
14,THE MATSUMAE INTERNATIONAL FOUNDATION RESEARCH FELLOWSHIP PROGRAM 2027
14,"COMMISSION ON SCIENCE AND

TECHNOLOGY FOR SUSTAINABLE DEVELOPMENT IN THE SOUTH"
14,SCHOOL INFRASTRUCTURE IMPROVEMENT (CONSTRUCTION AND REHABILITATIONOFFACILITIESIN TARGETED SCHOOLS IN NYAMIRA COUNTY - LOT 5)
14,"UNIVERSITY OF TSUKUBA, GRADUATE PROGRAM IN ECONOMIC AND PUBLIC POLICY (PEPP)"
14,THE GWANGJU INSTITUTE OF SCIENCE AND TECHNOLOGY SCHOLARSHIP
14,THE ICT CAPACITY BUILDING PROGRAM FOR KENYA PRIMARY SCHOOL TEACHERS
14,THE 2020 KCSE EXAMINATION RESULTS
14,LAUNCH OF THE CBC TEACHER TRAINING PROGRAMME
14,THE GPE BOARD OF DIRECTORS
14,"STATEMENT FOR PROF. GEORGE MAGOHA, CBS, CABINET SECRETARY,"
14,Launch Of The National Tvet Standards
14,TENDER FOR PROVISION OF TRANSPORTATION SERVICES FOR PAVED AND UNPAVED ROAD PER KILOMETRE PER TONNAGE ACROSS VARIOUS COUNTIES UNDER SCHOOL MEAL PROGRAMME (FRAMEWORK AGREEMENT)
14,SUPPLY AND DELIVERY OF DESTOP COMPUTERS FOR PUBLIC SECONDARY SCHOOLS
14,Food Safety and Quality Engineer scholarship programme
14,GLOBAL KOREA SCHOLARSHIP PROGRAM
14,CYPRUS SCHOLARSHIPS
14,This section comprices of the analytical reports of the 1999 census.
14,Analytical Reports
14,"ALGERIAN GOVERNMENT SCHOLARSHIPS, FOR THE ACADEMIC YEAR 2025/2026"
14,ANNEX 1 TO ADDENDUM II.
14,TENDER NOTICE-SUPPLY OF FOOD UNDER THE SCHOOL MEAL PROGRAM
14,SHORTLISTED SUPPLIERS FOR SECOND TERM 2025
14,TENDER NOTICE_SUPPLY OF FOOD UNDER THE SCHOOL MEAL PROGRAM
14,"TECHNICAL MINI COMPETITION UNDER FOOD CATEGORY OF SUPPLIES BRANCH CONTRACTS(beans, rice and salt)"
14,SWISS GOVERNMENT SCHOLARSHIPS
14,INDIAN’S AFRICA SCHOLARSHIP SCHEME (ASS) FOR ACADEMIC YEAR 2022-2023
14,POLICY ON INFORMATION AND COMMUNICATION TECHNOLOGY IN EDUCATION AND TRAINING
14,"ADDENDUM-SUPPLY AND DELIVERY OF SANITARY TOWELS TO PUBLIC PRIMARY SCHOOLS BY LOCAL MANUFACTURERS AND AGPO (YOUTH, WOMEN AND PEOPLE WITH DISABILITY-PWD) CATEGORIES"
14,AUSTRIA FEDERAL GOVERNMENT SCHOLARSHIP
14,"AUSTRIA FEDERAL GOVERNMENT SCHOLARSHIP

Check the link on the advert for the deadline since the advert does not precisely tell when."
14,Government of Hungary Scholarships:
14,BRAZILIAN UNIVERSITIES INTERNATIONAL COOPERATION GROUP (GCUB) POSTGRADUATE SCHOLARSHIPS
14,K-MOE-K-305276-CS-QCBS
14,MOROCCAN AGENCY OF INTERNATIONAL COOPERATION (AMCI)
14,Service Charter
14,This is our citizen service delivery charter
14,DAAD SCHOLARSHIP PROGRAMME “INCOUNTRY/ IN REGION” FOR SUB-SAHARA AFRICA FOR POSTGRADUATE COURSES (MASTERS AND PhD)
14,Consumer Price Indices and Inflation Rates for January 2020
14,SCHOLARSHIPS AT MUHAMMADIYAH UNIVERSITIES IN INDONESIA
14,CYPRUSAID SCHOLARSHIP FOR THE ACADEMIC YEAR 2025-2026 IN CYPRUS
14,"Supply, Delivery, Installation, Initial Training and Ancillary Services of Training Equipment for three (3) TVET Institutes"
14,GRADUATE COURSES IN THE FEDERAL UNIVERSITY OF LAVRAS IN BRAZIL
14,Swiss Government excellence scholarship
14,CYPRUS INSTITUTE OF NEUROLOGY AND GENETICS (CING) POST- GRADUATE (MSc) SCHOLARSHIP FOR THE ACADEMIC YEAR 2024/2025
14,Swiss Government excelence scholarships
14,REQUEST FOR EXPRESSION OF INTEREST- CONSULTANCY SERVICES FOR RE-ENGINEERING AND ENHANCEMENT OF TVET-MIS SYSTEM
14,APPLICATIONS FOR THE SECOND CYCLE OF 2025-2026 QUEEN ELIZABETH COMMONWEALTH SCHOLARSHIPS
14,ANNUAL INTERNATIONAL ONLINE TRAINING COURSES- 2023
14,Construction and Completion of the Proposed Ultra-Modern Training Centre - CEMASTEA
14,SLOVAK GOVERNMENT SCHOLARSHIPS - 2025/2026
14,"THREE SCHOLARSHIP SLOTS FOR A BACHELORS LEVEL ENGINEERING PROGRAM UNDER THE QUAD STEM SCHOLARSHIP , INDIA"
14,EXTENSION OF TENDER OPENING DATE FOR TENDER NO: NCB01/MOE-TVET/TVET/KfW 2020 65 068/2024-2025 & NCB-G02 /MOE-TVET/TVET/KfW 2020 65 068/2024-2025
14,"Please note that the Opening Date for the following

Tenders has been rescheduled from 11th June 2025 to 25th June 2025,"
14,SHORTLISTED SUPPLIERS IN THE FIRST INVITATION FOR FIRST TERM 2025
14,"TECHNICAL MINI COMPETITION UNDER FOOD CATEGORY OF SUPPLIES BRANCH CONTRACTS (Beans, rice and salt)"
14,"Nairobi: Monday, 5th December, 2022

#Nationalexaminations2022"
14,Application Form For Full time Diploma Course at Kenya Institute of Special Education
14,"Ministry of Education Opens Recruitment of Teachers for Special Needs Education Course

Click the link below to download the Application Form"
14,TENDER FOR THE PROPOSED CONSTRUCTION OF HOSPITALITY BLOCK IN MACHAKOS TECHNICAL TRAINING INSTITUTE – MACHAKOS COUNTY
14,TENDER FOR THE PROPOSED CONSTRUCTION OF HOSPITALITY BLOCK IN NYERI TECHNICAL TRAINING INSTITUTE – NYERI COUNTY
14,TENDER FOR THE PROPOSED CONSTRUCTION OF HOSTEL BLOCK IN BUTERE TECHNICAL TRAINING INSTITUTE- KAKAMEGA COUNTY
14,TENDER FOR THE PROPOSED CONSTRUCTION OF HOSTEL BLOCK IN KAPCHEKOR TECHNICAL AND VOCATIONAL COLLEGE-BARINGO
14,TENDER FOR THE PROPOSED CONSTRUCTION OF A HOSPITALITY BLOCK IN SIALA TECHNICAL TRAINING INSTITUTE – MIGORI COUNTY
14,TENDER FOR THE PROPOSED CONSTRUCTION OF INCUBATION WORKSHOP IN KAMUKUNJI TECHNICAL AND VOCATIONAL COLLEGE – NAIROBI COUNTY
14,TENDER FOR THE PROPOSED CONSTRUCTION OF A CARPENTRY INCUBATION CENTER IN PC KINYANJUI TECHNICAL TRAINING INSTITUTE – NAIROBI COUNTY
14,TENDER FOR THE PROPOSED CONSTRUCTION OF A BUILDING AND CIVIL ENGINEERING WORKSHOP IN SIAYA TECHNICAL TRAINING INSTITUTE – SIAYA COUNTY
14,Declaration of Vacancies-Driver II
14,Speech By CS Prof. George A. O. Magoha At The Tvet Authority Iso 9001:2015 Certification And Launch Of The National Tvet Standards
14,We are creative agency
14,About us
14,Morbi msan ipsum velit. Nam nec tellus a odio tinunt auctor a ornareio. Sed non mauris vitae.
14,We work with passion
14,YOUTH OF EXCELLENCE SCHEME OF CHINA PROGRAM CHINESE GOVERNMENT SCHOLARSHIP 2024/2025
14,OUK APPLICATION
14,The application for The Open University of Kenya is open. More information on qualification and and application can be accessed through THE OPEN UNIVERSITY OF KENYA Hurry up before the deadline
14,14 Learners Among Dead as State Scrambles Support for Marakwet Landslide Candidates
14,Moroccan Agency of International Cooperation(AMCI) scholarship
14,MOROCCAN AGENCY OF INTERNATIONAL COOPERATION(AMCI) EXCELLENCE SCHOLARSHIP PROGRAM 2024/2025 Academic Year
14,"MOROCCAN AGENCY OF INTERNATIONAL COOPERATION(AMCI)

EXCELLENCE SCHOLARSHIP PROGRAM 2024/2025 Academic Year"
14,MOROCCAN AGENCY OF INTERNATIONAL COOPERATION (AMCI) SCHOLARSHIPS FOR ACADEMIC YEAR 2024/2025
14,RUSSIAN GOVERNMENT SCHOLARSHIPS TO KENYAN NATIONALS FOR 2025/2026 ACADEMIC YEAR
14,RUSSIAN GOVERNMENT SCHOLARSHIPS TO KENYAN NATIONALS FOR 2024/2025 ACADEMIC YEAR
14,Communique during the 2024 Leadership Training Workshop for Vice-Chancellors and Principals of Public Universities
14,"Communique during the 2024 Leadership Training Workshop for

Vice-Chancellors and Principals of Public Universities held on 12th – 16th February, 2024 in Mombasa"
14,THE RUSSIAN GOVERNMENT SCHOLARSHIP PROGRAMME FOR THE 2025/2026 ACADEMIC YEAR
14,THE RUSSIAN GOVERNMENT SCHOLARSHIP PROGRAM FOR ACADEMIC YEAR 2025/2026 CLARIFICATION ON CHANGE OF TIMELINES
14,THE GOVERNMENT OF MEXICO EXCELLENCE SCHOLARSHIPS FOR FOREIGNERS FOR THE YEAR 2025.
14,THE GOVERNMENT OF INDIA SCHOLARSHIPS UNDER THE MINISTRY OF AYUSH
14,State Departments
14,State Department for Basic Education
14,Functions
14,The Mandate
14,"Core Functions

The core functions of the State Department are as follows:"
14,The mandate and functions
14,"Mandate and functions

OBJECTIVES"
14,"SPEECH BY PRINCIPAL SECRETARY, STATE DEPARTMENT FOR BASIC EDUCATION ON ENHANCING EFFECTIVENESS AND EFFICIENCY OF EDUCATION IN KENYA-KESSHA"
14,"SPEECH BY HON. EZEKIEL MACHOGU, CBS, CABINET SECRETARY, MINISTRY OF EDUCATION DURING THE 7TH GRADUATION CEREMONY OF THE KENYA EDUCATION MANAGEMENT INSTITUTE HELD ON TUESDAY 2 ND MAY 2023 AT 9.00 A.M.- JAMHURI HIGH SCHOOL GROUNDS"
14,SLOVAK GOVERNMENT SCHOLARSHIPS - 2026/2027
14,SLOVAK GOVERNMENT SCHOLARSHIPS - 2024/2025
14,"TENDER NOTICE-REGISTRATION OF SUPPLIERS FOR SUPPLY AND DELIVERY OF GOODS, WORKS AND SERVICES"
14,"TENDER NOTICE -REGISTRATION OF SUPPLIERS FOR SUPPLY AND DELIVERY OF GOODS, WORKS AND SERVICES"
14,TENDER FOR THE PROPOSED CONSTRUCTION OF HOSPITALITY BLOCK IN KAREN TECHNICAL TRAINING INSTITUTE FOR THE DEAF – NAIROBI COUNTY
14,EGYAID SCHOLARSHIPS OFFERED BY THE GOVERNMENT OF EGYPT FOR ACADEMIC YEAR 2025/2026.
14,CHINESE GOVERNMENT SCHOLARSHIPS FOR ACADEMIC YEAR 2024/2025
14,BANTING POSTDOCTORAL FELLOWSHIPS BY THE GOVERNMENT OF CANADA
14,ROYAL THAI GOVERNMENT SCHOLARSHIPS 2023
14,RESTRICTED TENDER FOR PROVISION OF TRANSPORTATION SERVICES FOR PAVED AND UNPAVED ROAD PER KILOMETRE PER TONNAGE ACROSS VARIOUS COUNTIES UNDER SCHOOL MEAL PROGRAMME
14,"REGISTRATION OF SUPPLIERS AND CONSULTANTS FOR SUPPLY/PROVISION OF GOODS, WORKS AND SERVICES FOR THE FINANCIAL YEARS 2023/2024 -2024/2025"
14,"REGISTRATION OF SUPPLIERS AND CONSULTANTS

FOR"
14,"JOHN LEKAKENY OLOLTUAA, CBS

PRINCIPAL SECRETARY, STATE DEPARTMENT FOR BASIC EDUCATION."
14,Vision Statement
14,"A globally competitive education, training, research and innovation system for sustainable development."
14,Mission Statement
14,"To provide, promote and coordinate quality education, training and research; and enhance integration of Science, Technology and Innovation into national production systems for sustainable development."
14,Core Values
14,"In pursuit of our vision and mission, we will be guided by the following fundamental core values:"
14,INTERNATIONAL ADMISSION FOR TICAD8 SCHOLARSHIPS AT THE EGYPT-JAPAN UNIVERSITY OF SCIENCE AND TECHNOLOGY FOR FALL 2024.
14,GOVERNMENT OF INDIA SELF FINANCING SCHEME (SFS)2023-24
14,Government of Hungary Scholarships: 2024/2025 Academic Year
14,GOVERNMENT OF HUNGARY SCHOLARSHIPS: 2025/2026 ACADEMIC YEAR
14,Kenya High Commission - Canberra SCHOLARSHIP ADVERTISMENT
14,"Kenya High Commission - Canberra

SCHOLARSHIP ADVERTISMENT"
14,MAARSTRICT UNIVERSITY SCHOOL OF MANAGEMENT SCHOLARSHIPS.
14,List of Schools Not Approved
14,TENDER FOR THE PROPOSED CONSTRUCTION OF A HOSPITALITY BLOCK IN BURETI TECHNICAL TRAINING INSTITUTE – KERICHO COUNTY
14,TENDER FOR THE PROPOSED CONSTRUCTION OF A HOSPITALITY BLOCK IN ST. JOSEPH’S TTI FOR THE DEAF NYANGOMA TECHNICAL TRAINING INSTITUTE – SIAYA COUNTY
14,TENDER FOR THE PROPOSED CONSTRUCTION OF A HOSPITALITY BLOCK IN SIKRI TECHNICAL TRAINING INSTITUTE – HOMABAY COUNTY
14,Scholarship Grant Under The Wings to FLY Programme
14,Phase II
14,Negotiations for the Agreement on going from March 2020
14,SCHOLARSHIPS FOR COIL PROJECTS FROM THE GOVERNMENT OF MEXICO FOR FOREIGNERS IN 2023
14,SCHOLARSHIP OPPORTUNITIES FOR KENYANS TO STUDY IN BOGOR INSTITUTE OF AGRICULTURE (IPB) AND MUHAMMADIYAH UNIVERSITY INDONESIA
14,Updates March 2025
14,Latest Phots from Ministry activities and engagements
14,"ALGERIAN GOVERNMENT SCHOLARSHIPS, 2024/2025"
14,POLICY ON DEVOLVED SYSTEM OF GOVERNMENT
14,STATUS OF THE ONGOING PLACEMENT OF GRADE NINE LEARNERS IN SENIOR SCHOOLS
14,"STATUS OF THE ONGOING PLACEMENT OF GRADE NINE LEARNERS IN SENIOR SCHOOLS

/sites/default/files/PS%20BITOK%20-%20STATUS%20OF%20THE%20ONGOING%20PLACEMENT%20OF%20GRADE%20NINE%20LEARNERS%20(1).pdf"
14,"INDIAN INSTITUTE OF TECHNOLOGY MADRAS (IITM), INDIA

Fully Funded Master of Science (MS) by Research Programme"
14,MAURITIUS – AFRICA SCHOLARSHIP SCHEME (MASS) 2026
14,"FUTURE SKILLS, AUCKLAND, NEW ZEALAND AWARDS MASTERS SCHOLARSHIPS"
14,"UNIVERSITY OF SELANGOR, MALAYSIA (UNISEL) TUITION ONLY SCHOLARSHIP AWARD FOR INTERNATIONAL STUDENTS 2024/2025 (USAIS 2024/2025)"
14,INDIAN GOVERNMENT SCHOLARSHIPS UNDER THE MINISTRY OF EXTERNAL AFFAIRS(MEA): ACADEMIC YEAR 2024-2025
14,CS Speech – Launch of Muranga County Government Minimum Guarantee Return
14,Public Sector Hearings for the FY 2025/26 and The Medium-Term Budget
14,PS Isaboke Highlights Youth Empowerment at TikTok Creator Education Day
14,"Digital Innovation, Entrepreneurship and Digital Business"
14,"The Government is putting in place measures that support and promote innovation, job creation and development of the Digital economy.

Our Contacts"
14,Resource Mobilization
14,"Resource Mobilization Department

The department has several divisions, whose main functions are to: –"
14,Construction Input Price Indices for First Quarter 2022
14,2019 Kenya Population and Housing Census Reports
14,CS STATEMENT DURING MEETING WITH AMBASSADORS/HIGH COMMISSIONERS FROM EUROPE
14,CS STATEMENT AT THE DIASPORA HOMECOMING CONVENTION
14,"Principal Secretary for Broadcasting and Telecommunications, Stephen Isaboke, Joins Dignitaries to Celebrate 100 Years of Kendu Adventist Hospital"
14,A Complete Range Of Games
14,Consumer Price Indices and Inflation Rates for October 2019
14,"Dr Musalia Mudavadi, Cabinet Secretary for Foreign and Diaspora Affairs receives Ms. Antonia N’gabala Sodonon, incoming UN Women representative in Kenya."
14,Other Downloads
14,General Resources/Downloads
14,Executive
14,2022 Issues
14,Terms and Conditions
14,PS Isaboke engages KIMC Council on Draft Kenya School of Communication Bill
14,National
14,Masharti
14,Mguu wa ukurasa
14,Huduma za Serikali ya Kenya zimerahisishwa Rekodi zako zote za serikali zimeunganishwa
14,PS Isaboke Announces Kenya’s Bid for Re-Election to the ITU Council
14,Kitaifa
14,Sera ya Faragha
14,Enhancing cross-border cooperation in tackling Cybercrime in Africa
14,Kaunti
14,"Kuwapa Wakenya ufikiaji rahisi wa huduma za serikali mtandaoni.

© eCitizen. Haki zote zimehifadhiwa"
14,"The Institute of Human Resource Management (IHRM) is a Statutory Professional body established under the Human Resource Management Professionals (HRMP) Act, No. 52 of 2012. Its mandate is to regulate the HR profession in Kenya, enhance competencies and capabilities while supporting innovative and transformative HR practices and standards.

For more information visit: www.ihrm.or.ke"
14,Ingia mara moja
14,"Huduma zote za serikali

Huna akaunti? Jisajili"
14,"Estimates of Revenue, Grants and Loans Book"
14,"Key Facts & Figures

Key Facts & Figures Number of taxpayers onboarded as of 19th September 2024: 323,120 In FY 2023/2024, the average monthly Domestic VAT collection increased by 17.5%. After the introduction of eTIMS, the monthly average collection rose from Kshs. 23.599 billion in the first half of FY 2022/23 to Kshs. 26.250 billion in the second half. Currently, the monthly average Domestic VAT collection is Kshs. 28.680 billion. Key Concerns System Failure: eTIMS has occasionally collapsed, leaving taxpayers and businesses stranded. Response: Our technical team addresses issues promptly, minimizing downtimes and improving reliability. Onboarding: Some taxpayers struggle with onboarding and seek outside help. There are also concerns about customer support. Response: KRA provides tailored solutions to suit various businesses: eTIMS Client – for traders selling goods. eTIMS Online Portal – for traders supplying services only. System to System Integration – for businesses with existing billing systems. List of approved third-party integrators. Simplification of the onboarding process for VAT & Non-VAT taxpayers. Compliance Requirements: All business entities, including non-VAT taxpayers, must comply in line with Section 23(A) of the Tax Procedures Act, 2015. Software Solutions: Different eTIMS solutions cater to various business needs. Response: Available solutions include: eTIMS Lite (Web) - for minimal transactions, accessible on eCitizen. eTIMS Lite (USSD) - accessed via *222# for individuals and sole proprietors. Online Portal - for service sector taxpayers. eTIMS Lite (Mobile App) - app-based for minimal transactions. eTIMS Client - for taxpayers dealing in goods, supports multiple branches. Virtual Sales Control Unit (VSCU) - system integration for high transaction volumes. Online Sales Control Unit (OSCU) - integration for online invoicing systems. Invoice Management: Taxpayers need training on issuing and managing electronic tax invoices. Response: User guides are available on the KRA Website and ""How to"" videos on our YouTube channel. Assistance is also available through Tax Service Offices."
14,"Number of taxpayers onboarded as of 19th September 2024: 323,120

In FY 2023/2024, the average monthly Domestic VAT collection increased by 17.5%. After the introduction of eTIMS, the monthly average collection rose from Kshs. 23.599 billion in the first half of FY 2022/23 to Kshs. 26.250 billion in the second half. Currently, the monthly average Domestic VAT collection is Kshs. 28.680 billion."
14,Parastatals
14,Step-by-Step Process for DST Payment Return:
14,2024/2025
14,Cabinet Secretary Meets ICTA Leadership
14,Tax compliance involves several procedures that taxpayers must follow to meet their legal obligations:
14,Scholarships / Intakes
14,PS Isaboke Advances Kenya–Kazakhstan Economic and Digital Cooperation
14,Ministry and University of Nairobi to Collaborate on BETA Research Communication
14,"How can I change the current email address from the one I registered with in iTax?

Change of email address can be initiated by the taxpayer. On the taxpayers profile under registration, the taxpayer is allowed to amend PIN details."
14,"What do I do after registering and can see only two icons (change password and logout)?

Normally a taxpayers profile will be fully populated will all icons within 24 hours upon registration. However a taxpayer intending to transact immediately can send this PIN to KRA through:"
14,PS Eng. John Tanui Presents Supplementary Budget Estimates to National Assembly Committee
14,PS Stephen Isaboke Briefs National Assembly Committee on Supplementary Budget
14,Job Adverts
14,"Cabinet Secretary William Kabogo, EGH, hosts his counterpart, Dr.Bosun Tijani, Nigerian Minister"
14,"ICT Cabinet Secretary Spearheads the planting of 20,000 tree seedlings in Nandi County"
14,Nairobi City County Government Advertises Vacant County Secretary And Head of Public Service Post
14,Nairobi embarks on state of circularity study to boost sustainable waste management
14,"Nairobi, 16th January 2026

Nairobi City County continues to register significant progress in transforming its waste management systems as part of its commitment to building a cleaner, healthier and more sustainable city."
14,Nairobi County advances digital safety through cross-sector staff training
14,"Nairobi, 2nd July 2026

Nairobi County has stepped up efforts to strengthen digital safety by training staff on data protection and child online safety as part of ongoing initiatives to promote responsible digital service delivery."
14,For related video kindly click ⇒ Here
14,"28th June, 2025

Emusire High School, Vihiga County"
14,What are the Solutions available on eTIMS?
14,Types of eTIMS Solutions
14,"In order to improve the user experience, eTIMS has been updated to enable taxpayers to register on more than one eTIMS solution in order to simultaneously generate invoices at their convenience. This has eliminated the need for KRA approval to facilitate change of solution or devices. However, for change of device under the same solution (eTIMS Client) one will require to be facilitated by KRA.

Taxpayers can access all invoices generated from the different eTIMS solutions, such as eTIMS Client, VSCU, OSCU, and eCitizen portal, through the online taxpayer portal (etims.kra.go.ke). Each solution will have its own unique invoice number sequence. However, credit notes can only be generated from the solution where the original invoice was raised."
14,The 2009 Kenya Population and Housing Census: Volume 1B Population Distribution by Political Units
14,KNBS Approved Procurement Plan 2024-2025
14,2025 Remittances Household Survey (2025 RHS)
14,"In 2022, the economy sustained the growth momentum that started in 2021, after the recovery from the effects of the COVID-19 pandemic that had significantly slowed down economic activity. However, the magnitude of growth was somewhat subdued by suppressed agricultural production, owing to adverse weather conditions during the year. The real Gross Domestic Product (GDP) decelerated from a revised growth of 7.6 per cent in 2021 to 4.8 per cent in 2022. Read More"
14,"Tuesday, 22nd July, 2025

Harambee House, Nairobi"
14,Are spouses and children tax exempt on returning resident basis?
14,Any conditions to be met for qualification of exemption as a returning resident?
14,"Spouses and children of 18 years and above are exempt from taxes on the said goods provided that they meet all the conditions for returning residents. Such conditions include:

For spouses who are not Kenyan citizens, they may be accorded tax exemption on first-arrival basis provided that they are coming to execute an assignment whose contract is not less than two years."
14,After what period is a returning resident entitled for another exemption (motor vehicles)?
14,"The Leading Economic Indicators highlights trends in Consumer Price Indices (CPI) and inflation, interest rates, exchange rates, international trade, agriculture, energy, manufacturing, building and construction, tour-ism and transport.

Consumer Price Index (CPI) decreased from 195.05 points in May 2018 to 193.31 points in June 2018. The overall rate of in-flation rose from 3.95 per cent to 4.28 per cent during the same period. In June 2018, the Kenyan Shilling appreciated against the major trading currencies except for the US Dollar and the Japanese Yen. The average yield rate for the 91-day Treasury bills, which is a benchmark for the general trend of interest rates decreased slightly from 7.96 per cent in May 2018 to 7.23 per cent in June 2018, while the inter-bank rate rose from 4.93 per cent in May 2018 to 5.03 per cent in June 2018. The Nairobi Securities Exchange (NSE) 20 share index decreased from 3,333 points in May 2018 to 3,286 points in June 2018, while the total number of shares traded dropped from 677 million shares to 453 million shares during the same period. The total value of NSE shares traded decreased from KSh 18.38 billion in May 2018 to KSh 13.69 billion in June 2018. Broad money supply (M3), a key indicator for monetary policy formulation, increased from KSh 3,122.37 bil-lion in May 2018 to KSh 3,242.94 billion in June 2018. Gross Foreign Exchange Reserves increased from KSh 1,210.28 billion in May 2018 to KSh 1,221.83 billion in June 2018. Net Foreign Exchange Reserves in-creased from KSh 726.45 billion in May 2018 to KSh 760.51 billion in June 2018.[wpdm_package id=4956 template=”link-template-calltoaction3.php”]"
14,"The Directorate of Counselling, led by Director Mr. Wills Ayub Ombima, held a week-long workshop in Naivasha in April 2026 to finalize the Public Service Alcohol, Drug and Substance Use Workplace Policy ahead of formal approval.Once approved, the policy will provide a structured framework for prevention, early intervention, rehabilitation, and improved productivity across the public service. It also seeks to reduce stigma and discrimination, address human rights concerns, and promote the dignity, wellbeing, and welfare of public servants affected by alcohol, drug and substance use challenges.​​​​​​​​​​​​​​​​"
14,Nairobi City County’s Kenya Devolution Support Program II (KDSP II)
14,Kenya Devolution Support Program (KDSP II) Participation Agreement
14,"PENDING BILLS SUMMARY AS AT 30TH JUNE 2025

REVENUE MOBILIZATION STRATEGY"
14,Revenue Mobilization Strategy 2026
14,Revenue mobilization strategy FY 2024-2025
14,"IMPLEMENTATION OF COUNTY PROJECTS

Click Here to view Implementation Projects"
14,Nairobi City County Approved Annual development Plan 2025
14,"APPROVED REVENUE MOBILIZATION ACTS AND POLICIES

1.NAIROBI CITY COUNTY TRADE LICENSING ACT 2019"
14,"NAIROBI CITY COUNTY ALCOHOLIC DRINKS CONTROL AND LICENSING ACT, 2014"
14,"6.NAIROBI COUNTY REVENUE ADMINISTRATION ACT, 2021"
14,"NAIROBI COUNTY REVENUE ADMINISTRATION ACT, 2021"
14,"7.NAIROBI CITY COUNTY FINANCE ACT,2023"
14,"THE NAIROBI CITY COUNTY FINANCE ACT,2023"
14,"Dr. A. Korir Sing'Oei Ph.D., EBS"
14,H.E. Dr. Hon Musalia Mudavadi EGH
14,"Principal Secretary, State Department for Foreign Affairs"
14,Roseline K. Njogu
14,CPI and Inflation Rates for November 2014
14,"BY SALOME ALWANDA AND RODGERS OMONDI (KNA)

The United Kingdom has committed to supporting the Kenyan government in enhancing digital transformation in the country."
14,"Kenya’s economy is estimated to have expanded by 5.5 per cent during the third quarter of 2014 compared to a revised growth of 6.2 per cent in the same period of 2013 The growth was mainly supported by strong expansions of activities in construction; finance and insurance; wholesale and retail trade; information and communication; and agriculture and forestry.

All the sectors of the economy recorded positive growths except accommodation and food services (hotels and restaurants) which has consistently been on the decline since last year. During the quarter, most of the macroeconomic indicators remained relatively stable. The Kenya Shilling exchanged at an average of 88.3 against the US dollar compared to KSh 87.3 recorded in 2013. Similarly, the Shilling was stable against the Euro, Uganda and Tanzania Shillings but appreciated significantly against the Yen and South African Rand. On the other hand, the Kenya Shilling depreciated considerably against the Sterling Pound to exchange at an average of KSh 148.6 compared from an average of KSh 135.3 during the same quarter of 2013."
14,CPI and Inflation Rates for March 2015
14,Job Submission
14,"GLORY MUKHWANA -KNA

Mobile and digital connectivity is growing rapidly in Kenya, with the latest data showing that mobile phone penetration exceeds 130 percent."
14,CPI and rates of inflation for March 2017
14,Data Revision Policy
14,Advertising Rates
14,Release of Producer Price Index Second Quarter 2017
14,Nairobi City County Government Advertisement on sale of dogs
14,Gross Domestic Product and Balance of Payments Second Quarter 2015
14,"The country’s real Gross Domestic Product (GDP) is estimated to have expanded by 5.5 percent during the second quarter of 2015 compared to 6.0 per cent in the same quarter of 2014. The quarter was characterized by a fairly stable macroeconomic environment supported by a slowdown in inflation and decline in interest rates. During the review period, the country experienced good rains that led to improved agricultural activities despite suppressed demand of key agricultural exports. The Kenyan shilling depreciated significantly against the US dollar, held firm against the Sterling Pound but appreciated significantly against all the other major trading currencies. On average, inflation eased downward to 6.99 per cent during the review period compared to 7.03 per cent in the same period of 2014. The slowdown in inflation was mainly occasioned by; lower prices of fuel oils; electricity; transport; communication; and housing. Internationally, the price of Murban Adnoc crude oil averaged at 63 US$ per barrel during the quarter under review compared to an average of 110 US$ per barrel during the same quarter in 2014. Domestically, the pump price of light diesel dropped significantly to average at KSh 80.0 from KSh 104.4 while the cost of electricity also dropped albeit by a lower margin over the same period. The decrease in the international oil prices was primarily driven by increased global production especially from shale oil. Increased production of hydro and geothermal electricity coupled with a reduction in generation of thermal electricity also contributed to the decline in energy prices. Download Gross Domestic Product (GDP) Second Quarter 2015"
14,Consumer Price Indices and Inflation Rates for September 2018
14,"Kenya Facts and Figures, 2014"
14,County and eGov Global Explore Strategic Partnership to Enhance Customer Service Delivery
14,"Nairobi, 16th June, 2026

Mr. Varun Basu, Vice-President of Growth & Partnerships at eGov Global, a non-profit organization appointed by the World Bank to spearhead the development of the Customer Service Complaints Toolkit, paid a courtesy call to the County Executive Committee Member (CECM) for Inclusivity, Public Participation, Citizen Engagement and Customer Service, Hon. Rosemary Kariuki."
14,PS Dr. Chris Kiptoo today hosted officials from the Asian Infrastructure Investment Bank at the National Treasury. The officials paid a courtesy call as Kenya begins its journey as a new member of the AIIB a significant step toward building sustainable development collaboration.
14,"Quarterly Gross Domestic Product Report – First Quarter, 2020"
14,Consumer Price Indices and Inflation Rates for June 2019
14,CPI and Inflation Rates for January 2016
14,Completed Surveys
14,January Inflation Rate (2013)
14,"You can submit a grievance through various channels, including:

Email: complaints@piu.go.ke"
14,Information Communication and Technology Survey 2010
14,Foreign Investment Survey 2010
14,Country Profile
14,"Kenya is strategically positioned in the heart of East Africa, bordered by It is bordered by South Sudan to the northwest, Ethiopia to the north, Somalia to the east, Uganda to the west, Tanzania to the south, the Indian Ocean is located to the southeast.

The country’s geographical diversity has led to Kenya being home to a variety of natural wonders, including the Great Rift Valley, towering Mount Kenya, and lush, fertile highlands in the central region."
14,Cross-Border Trade Survey (CBTS) 2012
14,Intranet
14,Schedule of Activities
14,CPI and Inflation Rates for February 2014
14,CPI and Inflation Rates for April 2014
14,Regional workshop on Mitigating gendered hate speech opens in Nairobi
14,"This morning, on behalf of the Executive Secretary of the International Conference on the Great Lakes Region (ICGLR), Flaviana Nayatta officially launched the Regional Workshop on Compiling Lexicons for the Detection, Monitoring, and Mitigation of Gender-Based Hatred in the Great Lakes Region.

The 3-day workshop taking place in Nairobi and organized by ICGLR in collaboration with German Development Cooperation (GIZ) aims to build a multilingual lexicon database of gendered hate speech for the Great Lakes Region which will be a curated catalogue of offensive words, slurs, insinuations, memes and emojis used to target women and others online."
14,CPI and Inflation Rates for March 2014
14,CPI and Inflation Rates for August 2013
14,"The Leading Economic Indicators for July 2014 highlights trends in Consumer Price Indices (CPI) and inflation, interest rates, exchange rates, international trade, agriculture, energy, manufacturing, building and construction, tourism and transport.

Consumer Price Index (CPI) increased from 149.91 points in June 2014 to 150.60 points in July 2014. The overall rate of inflation rose from 7.39 per cent to 7.67 per cent during the same period. In the month of July, the Kenyan Shilling depreciated against major currencies except the Euro and the Tanzanian Shilling. The average yield rate for the 91-day Treasury bills, which is a benchmark for the general trend of interest rates, dropped to 9.78 per cent in July 2014 from 9.81 per cent in June 2014. The inter-bank rates increased to 7.98 per cent during the period. The Nairobi Securities Exchange 20 share index rose from 4,885 points in June 2014 to 4,906 points in July 2014, while the total number of shares traded decreased from 731 million to 625 million shares during the same period. The total value of NSE shares traded decreased substantially from KSh 18.2 billion to KSh 15.0 billion over the same period. Broad money supply (M3), a key indicator for monetary policy formulation expanded from KSh 2,129.9 billion in May 2014 to KSh 2,329.0 billion in June 2014. Gross Foreign Exchange Reserves expanded from KSh 731.6 billion in May 2014 to KSh 922.1 billion in June 2014 while Net Foreign Exchange Reserves increased from Ksh 365.3 to Ksh 531.4 billion over the same period. Download full report…"
14,Number of persons with disability
14,"commissioning of the newly constructed tuition block at Tartar Girls, West Pokot"
14,CS Hon. FCPA John Mbadi pays acourtesy visit to the Kenya Deposit Insurance Corporation (KDIC)
14,"CS Hon. FCPA John Mbadi signs the visitors’ book during his courtesy visit to the Kenya Deposit Insurance Corporation (KDIC) a State Corporation under National Treasury, the CS was accompanied by KDIC, CEO Mrs. Hellen Chepkwony, and later poses for a group photo with the Board of Directors."
14,CPI and Inflation Rates for April 2013
14,"The country’s real Gross Domestic Product (GDP) is estimated to have expanded by 6.3 per cent in the second quarter of 2018 compared to 4.7 per cent during a similar quarter in 2017. The growth was against a backdrop of a fairly stable macroeconomic environment and favorable weather conditions. During the review period, the country experienced heavy rains that impacted positively on most of the agricultural and generation of hydroelectricity activities. Analysis by sector showed that activities of agriculture, and electricity and water supply recorded significant improvements to grow by 5.6 per cent and 8.6 per cent compared to growths of 0.8 per cent and 6.0 per cent, respectively during the second quarter of 2017. Accommodation and food service and Information and communication recorded the highest growths of 15.7 per cent and 12.6 per cent, respectively in the quarter under review. On the other hand, activities of the mining and quarrying and construction recorded the most notable deceleration in growths during the review period.Quarterly Gross Domestic Product Report Second Quarter, 2018"
14,Office relocation
14,Consumer Price Indices and Inflation Rates for November 2018
14,Consumer Price Indices and Inflation Rates for January 2019
14,CPI and rates of inflation for February 2019
14,"The Kenya National Bureau of Statistics has released the 2019 Economic Survey report which highlights the country’s economic performance for the year 2018. The report shows the economy has expanded by 6.3 per cent, compared to 4.9 percent in 2017.

While launching the report, the Cabinet Secretary, National Treasury and Planning Mr Henry Rotich said that the growth is higher than the 3.0 per cent recorded for the sub-Saharan region and 3.6 per cent estimated for the global economy. Kenya National Bureau of Statistics"
14,Consumer Price Indices and Inflation Rates for April 2019
14,"The Kenya National Bureau of Statistics (KNBS) has released the Gross County Product (GCP) report. This is the inaugural publication which covers estimates from 2013, when the counties started operating to 2017. Gross County Product is a measure of how much each county contributes to Kenya’s Gross Domestic Product (GDP) and may therefore be interpreted as the “County GDP”.

The compilation of GCP is in accordance with international guidelines on estimation of regional gross domestic product. The compilation of report was done with assistance from the World Bank under the Kenya Accountable Devolution Program (KADP) – a multi-donor Trust Fund administered by the Bank and funded by DANIDA, DFID, the European Commission, Finland, Sweden and USAID."
14,LAIKIPIA COUNTY STATISTICAL ABSTRACT 2020
14,CPI and Inflation Rates for May 2013
14,CPI and Inflation Rates for June 2013
14,Consumer Price Indices and Inflation Rates for July 2019
14,"Eng. John Tanui, CBS"
14,"H.E. Hon. William Kabogo Gitau, EGH"
14,"Principal Secretary, State Department for ICT & Digital Economy"
14,Below are all the data tables from the 2009 census.
14,Data Tables
14,DIGISCHOOL DOCUMENTARY
14,DIGISCHOOL DOCUMENTARY CLICK THE LINK TO THE VIDEOS
14,LINK TO THE VIDEO CLICK TO WATCH
14,KeSCoP
14,Kenya Statistics Code of Practice (KeSCoP)
14,"PS Stephen Isaboke hosted a high level delegation from the European Commission led by Ms Renate Nikolay, Deputy Director General for Communication Networks, Content and Technology.

Our Contacts"
14,Team Building 2012
14,CPI March 2021
14,"Nairobi, 27th May 2026

Nairobi City County Markets and Trade Sub-Sector has inducted 445 new officers into the Markets Department as part of efforts to strengthen management and enhance service delivery across the city’s markets."
14,CPI and Inflation Rates for September 2014
14,"CS FCPA Hon. John Mbadi hosted Siaya Governor, H.E. James Orengo"
14,"Earlier today, the CS FCPA Hon. John Mbadi hosted Siaya Governor, H.E. James Orengo, for a courtesy call at his office in the Treasury Building. Later, the Governor also paid a courtesy call on PS Dr. Chris Kiptoo"
14,CPI and Inflation Rates for June 2015
14,CPI and Inflation Rates September 2013
14,ICT & Digital Economy
14,ICT and Digital Economy
14,Function of the Ministry
14,"The function of the Ministry is executed by the two State Departments as outlined in the Executive order No.1/2022

Policy Priorities"
14,CAUTION AGAINST FAKE KENYA POPULATION AND HOUSING CENSUS 2019 JOB ADVERTISEMENT
14,State Department for ICT and DE Vision & Mission
14,"KNBS is a corruption free zone. To report corruption, write an email to integrity@knbs.or.ke"
14,How to Report Corruption
14,"Click here to get started >>

The Kenya National Bureau of Statistics (KNBS) is a State Corporation established by the Statistics Act, 2006, for the collection, compilation, analysis, publication and dissemination of statistical information, and the coordination of the national statistical system. It is the principal agency of the Government for collecting, analysing and disseminating statistical data in Kenya and the custodian of official statistical information"
14,"The Leading Economic Indicators highlights trends in Consumer Price Indices (CPI) and inflation, interest rates, exchange rates, international trade, agriculture, energy, manufacturing, building and construction, tour-ism and transport. Consumer Price Index (CPI) increased from 183.05 points in December 2017 to 185.47 points in January 2018. The overall rate of inflation rose from 4.50 per cent to 4.83 per cent during the same period. In January 2018, the Kenyan Shilling depreciated against the major trading currencies except for the US Dollar, the Ugandan shilling and the Tanzanian shilling. The average yield rate for the 91-day Treasury bills, which is a benchmark for the general trend of interest rates increased from 8.01 per cent in December 2017 to 8.04 in January 2018, while the inter-bank rate dropped from 7.27 per cent in December 2017 to 6.21 per cent in January 2018. The Nairobi Securities Exchange (NSE) 20 share index increased from 3,711 points in December 2017 to 3,737 points in January 2018, while the total number of shares traded rose from 451 million shares to 862 mil-lion shares during the same period. The total value of NSE shares traded increased from KSh 11.87 billion in December 2017 to KSh 20.34 billion in January 2018. Broad money supply (M3), a key indicator for monetary policy formulation, decreased from KSh 3,028.14 bil-lion in December 2017 to KSh 3,020.85 billion in January 2018. Gross Foreign Exchange Reserves increased from KSh 996.56 billion in December 2017 to KSh 1,000.19 billion in January 2018. Net Foreign Exchange Reserves increased from KSh 519.93 billion in December 2017 to KSh 541.63 billion in January 2018.[wpdm_package id=4743 template=”link-template-calltoaction3.php”]"
14,"Vision

• A Digitalized payments ecosystem for all government services and revenues."
14,ENGAGEMENT WITH STUDENTS AND OTHER STAKEHOLDERS ON THE NEW FUNDING MODEL FOR HIGHER EDUCATION
14,CURRENT BUDGET FY 2021/2022
14,CASH TRANSFER (HOMEGROWN MEAL PROGRAM)
14,REVISED BUDGET FY 2021/2022
14,"The Tax Procedures Act, No 29 of 2015 (TPA), provides for an elaborate Internal Dispute Resolution Mechanism (IDRM). A tax dispute commences with an objection by the Taxpayer to a tax decision made by the Commissioner or to an appealable decision as stipulated under the TPA, 2015. The dispute culminates to an Appeal to the Tax Appeals Tribunal or Courts of Law.

This Framework seeks to improve on the IDRM by introducing ADR as an additional and/or alternative means of resolving tax disputes outside the judicial and quasi-judicial process."
14,"Standard Scholarship Application Form

YOUTH OF EXCELLENCE SCHEME OF CHINA PROGRAM CHINESE GOVERNMENT SCHOLARSHIP"
14,"Standard Scholarship Application Form

THE SWISS GOVERNMENT EXCELLENCE SCHOLARSHIPS (ESKAS) PROGRAM"
14,CPI and Inflation Rates for March 2013
14,"Standard Scholarship Application Form

INTERNATIONAL ADMISSION FOR TICAD8 SCHOLARSHIPS AT THE EGYPT-JAPAN UNIVERSITY OF SCIENCE AND TECHNOLOGY FOR FALL 2024."
14,"Standard Scholarship Application Form

YOUTH OF EXCELLENCE SCHEME OF CHINA PROGRAM CHINESE GOVERNMENT SCHOLARSHIP 2024/2025"
14,"Standard Scholarship Application Form

Government of Hungary Scholarships: 2024/2025 Academic Year"
14,"DATA CENTER MECHANICAL AND ELECTRICAL INSTALLATIONS AT THE ULTRA-MODERN TRAINING CENTRE-CEMASTEA, IN KAREN, NAIROBI COUNTY"
14,"RESPONSE TO QUESTIONS- DATA CENTER MECHANICAL AND ELECTRICAL INSTALLATIONS AT THE ULTRA-MODERN TRAINING CENTRE-CEMASTEA, IN KAREN, NAIROBI COUNTY"
14,CAUTION AGAINST FAKE KENYA 2019 POPULATION AND HOUSING CENSUS JOB ADVERTISEMENT
14,CONSUMER PRICE INDICES AND INFLATION RATES FOR NOVEMBER 2020
14,OWNERSHIP POLICY FOR GOVERNMENT OWNED ENTERPRISES IN KENYA
14,Capital and Financial Account Report
14,Trade Balance Report
14,Capital Movements Unveiled: Dive into the financial account to understand the flow of capital in and out of Kenya. This report aids investors and financial institutions in tracking investments and financing.
14,Current Account Report
14,"Economic Relationship with the World: The current account report outlines Kenya’s financial transactions with the rest of the world, covering trade in goods and services, income, and current transfers. It provides insights into Kenya’s economic relationships."
14,Foreign Direct Investment (FDI) Report
14,Kenya's Statistical Releases
14,"Welcome to KNBS Statistical Releases, your gateway to the heartbeat of Kenya’s economic landscape.

We provide you with real-time access to critical data and insights that drive informed decisions in both the public and private sectors. From Economic Indicators to CPI and Inflation Rates, our comprehensive range of reports empowers you with the knowledge you need to thrive in today’s dynamic environment."
14,Degree of Urbanisation (DEGURBA)
14,"Preparations are underway to celebrate the annual African statistics day on November 18 on the theme: “Quality Data to support African Progress”. Commemorated annually, the United Nations Economic Commission for Africa (ECA) aims to increase public awareness over the important role that statistics play in all aspects of social and economic life in Africa. According to ECA senior officials, the annual celebration this year will focus on data quality, which is an essential tool for monitoring the achievement of national development plans and international development goals, such as the Millennium Development Goals (MDGs).

The theme was selected following the refocusing of ECA’s statistical work towards data quality and wide consultations with countries. “The theme was chosen to draw attention to the importance of quality statistics for evidence-based decision making in all aspects of socio-economic development processes,” said the officials. It also provides an opportunity to advocate support for major statistical operations, including censuses and surveys."
14,Tax Compliance Validity
14,Taxpayers seeking Tax Compliance Certificate must be compliant in:
14,CONSUMER PRICE INDICES AND INFLATION RATES FOR APRIL 2021
14,"H. President William Ruto officially opened The 2nd National conference on Education,at lake Naivasha Resort"
14,I am employed but I have additional income
14,Prepare records of business income and allowable expenses for the year. Declare all income earned during the year of income if the income was not accounted for in the monthly Turnover Tax (TOT) regime.
14,Working with Us
14,Careers
14,"KRA has built a strong professional team of over 9,000 employees deployed across the country. We have created a favorable work environment with able mentors who ensure talent is developed. We have also been ranked among the top five (5) employer of choice in the country.

If you experience any delay in receiving an email notification at the end of the e-recruitment registration process, please refresh your email. In case of any challenge, please send your query to This email address is being protected from spambots. You need JavaScript enabled to view it."
14,The Benefits of Working with Us
14,Revenue Collection
14,Trade Facilitation
14,System Overview
14,System Requirement
14,"Reverse Invoicing is a tax compliance tool that allows a registered buyer to generate tax invoices on behalf of sellers for goods or services received by the buyer. eTIMS invoices are generated through an existing billing system owned and operated by the buyer for the purposes of paying small-scale sellers. The existing system is then integrated with eTIMS through OSCU or VSCU.

By shifting the invoicing responsibility to the buyer, the system lessens the burden of compliance on the small-scale seller, enhances data accuracy, reduces opportunities for tax evasion, and strengthens oversight across key economic sectors."
14,Conditions
14,How to Onboard on eTIMS
14,"Taxpayers have been facilitated to self-on-board on eTIMS by eliminating the requirement for intervention from KRA in the approval of applications (service requests). Prior to installing any eTIMS Solution you are required to register for eTIMS by providing details regarding the nature of your business. A step by step guide for eTIMS registration has been provided for your use.

Once registered, here's how you onboard on the various solutions:"
14,Step by Step on How to Onboard via the Online Portal
14,3. Value Added Tax (VAT)
14,2. Rental Income Tax
14,"Value Added Tax is charged on supply of taxable goods or services made or provided in Kenya and on importation of taxable goods or services into Kenya.

While companies & partnerships can voluntarily register for VAT they MUST register if their annual revenue exceeds Kshs. 5,000, 000."
14,4. Excise Duty
14,5. Capital Gains Tax (CGT)
14,"This is a type of payment that KRA collects on behalf of various revenue collection agencies in Kenya.

The two types of Agency Revenue include;"
14,10. Agency Revenue
14,When is Capital Gains Tax due?
14,This is a type of payment that we collect on behalf of various revenue collection agencies in Kenya. There are;
14,a) Stamp Duty
14,How do I pay for Corporation Tax?
14,How do I file for Corporation Tax?
14,"Generate a payment slip via iTax and make payment at any of the KRA appointed banks.

If the annual tax liability is projected to exceed Kshs. 40,000, then you should pay in installments via iTax. This is called Installment Tax."
14,Implementation of the VAT Special Table
14,"VAT on imported services may also be referred to as Reverse VAT.

Imported services are services provided by non-resident persons who are not required to register for VAT in Kenya. They may also be services provided by Export Processing Zones (EPZ's) for use or for consumption in Kenya."
14,How do I pay for Withholding VAT?
14,"Withheld VAT is remitted by appointed withholding VAT Agents to the Commissioner on the 20th day of the month following deduction.

The payments are made online via iTax."
14,MONITORING AND EVALUATION REPORT 2023/24-2024/25
14,MONITORING AND EVALUATION FRAMEWORK JUNE 2025
14,Other Reports
14,Strategic Plan
14,"The fifth Strategic Plan for the National Treasury and Economic Planning sets out the priority economic policies, structural and institutional reforms to be implemented over the Plan period (2023-2027). The Strategic Plan builds on the achievements realized and lessons learnt during the Fourth Strategic Plan (2018-2022) and the MTP-III which have been under implementation since 2018. The policies and reforms herein seek to achieve the objectives of the Bottom­ Up Economic Transformation Agenda (BETA) as prioritized in the Fourth Medium-Term Plan (MTP-IV) of the Kenya Vision 2030 that aims to re-position the economy on a steady, inclusive and sustainable growth trajectory.

The Plan is aligned to global and regional initiatives including the East Africa Community (EAC) Vision 2050, Africa Union (AU) Agenda 2063 and the United Nations Sustainable Development Goals (SDGs)."
14,December Inflation Rate (2012)
14,KNBS Data
14,e_resources
14,News From The 2015 KIICO For Investors
14,"Giving Kenyans easy access to online government services.

© eCitizen. All rights reserved"
14,Ongoing Surveys
14,INFORMAL CROSS BORDER TRADE SURVEY-2nd CYCLE 2015/16
14,TENDER FOR PROCUREMENT OF THE NEW ARCGIS NAMED USER LICENCE MODEL (RE-ADVERTISEMENT)
14,2026 Kenya Integrated Labour Force Survey (ILFS)
14,Data collection for Kenya Continuous Household Survey (KCHS)
14,"Making Nairobi work- Governor Sakaja delivers safer, cleaner and more accessible walkways for city residents.."
14,"​Nairobi, May 15, 2026

The Nairobi City County Government has officially showcased the completed renovation and rehabilitation of major walkways within the Central Business District (CBD)."
14,Thirty-four percent of children are registered and have a birth certificate.
14,Careseeking for Children with Fever
14,Malaria in Pregnancy (IPTp)
14,"Advice or treatment was sought for 70% of those children, including 33% who had blood taken from a finger or heel for testing."
14,Chronic Conditions and Risk Factors
14,Social Assistance
14,Health Insurance Coverage
14,"National or county governments are the primary providers of cash transfers or social assistance (11%), followed by friends, relatives and neighbors (6%). The primary reasons that households receive cash transfers or social assistance are for supporting older persons (4%) and for food for work or cash for work (3%). Twenty percent of households in rural areas receive cash transfers or other social assistance compared to 13% of households in urban areas.

Nine in ten households (91%) receiving cash transfers or social assistance for elderly persons receive it from the government. Households in rural areas are more likely to receive cash transfer or other social assistance to support older persons (30%) than households in urban areas (9%). One in five households (20%) in the lowest wealth quintile receive food aid for persons in arid and semi-arid lands."
14,Migration
14,"Nairobi County, ASK step up preparations for 2026 Nairobi International Trade Fair"
14,"Nairobi, 10th July 2026

Nairobi City County and the Agricultural Society of Kenya (ASK) have stepped up preparations for the 2026 Nairobi International Trade Fair (NITF), following a consultative meeting to align on infrastructure, security, and stakeholder coordination."
14,"In the third quarter of 2022, net financial inflows increased by 13.4 per cent to a surplus of KSh 190.8 billion from a surplus of KSh 168.3 billion in the corresponding quarter of 2021. Inflows of other investment remained the main source of external financing which included a loan from the International Monetary fund received in July 2022. Read More"
14,"HEZEKIEL GIKAMBI-PCO

Kenya is advancing initiatives aligned with the United Nations’ Pact for the Future, as the leading force in East Africa’s digital ecosystem."
14,"The Leading Economic Indicators for June 2014 highlights trends in Consumer Price Indices (CPI) and inflation, interest rates, exchange rates, international trade, agriculture, energy, manufacturing, building and construction, tourism and transport. Consumer Price Index (CPI) increased from 149.70 points in May 2014 to 149.91 points in June 2014. The overall rate of inflation went up from 7.30 per cent to 7.39 per cent during the same period. During the month of June, the Kenyan Shilling appreciated against the Euro, South African Rand, Tanzanian and Ugandan Shilling while it depreciated against the US Dollar, Sterling Pound and the Japanese Yen shilling. The average yield rate for the 91-day Treasury bills, which is a benchmark for the general trend of interest rates, increased to 9.81 per cent in June 2014 from 8.82 per cent in May 2014. The inter-bank rates fell to 6.95 per cent during the period. The Nairobi Securities Exchange 20 share index rose from 4,882 points in May 2014 to 4,885 points in June 2014, while the total number of shares traded decreased from 854 million to 731 million shares during the same period. The total value of NSE shares traded decreased substantially from KSh 23.0 billion to KSh 18.2 billion over the same period. Broad money supply (M3), a key indicator for monetary policy formulation expanded from KSh 2,129.9 billion in May 2014 to KSh 2,329.0 billion in June 2014. Gross Foreign Exchange Reserves contracted from KSh 754.8 billion in April 2014 to KSh 731.6 billion in May 2014 while Net Foreign Exchange Reserves declined from Ksh 393.5 to Ksh 365.3 billion over the same period. Download full report…"
14,"Message from Mr. Stephen Wainaina, MBS, Chairman of the Board of Directors, Kenya National Bureau of Statistics during the 21st African Statistics Day, 18th November, 2021"
14,Financial and Sectoral Affairs Department
14,Archived/Closed
14,CPI and Inflation Rates for July 2013
14,Percentage Households by main type of Floor Material for the main dwelling unit
14,Percentage Rural Households by main type of Floor Material for the main dwelling unit
14,Producer Price Index June Quarter 2014
14,"Constituency Population by Sex, Number of Households, Area and Density"
14,Launch of the Revised GDP numbers
14,Consumer Price Indices (CPI)
14,CPI and Inflation Rates for August 2014
14,Ethnic Affiliation
14,"KRA in Coordinated Border Management (CBM)

In the olden days, Kenyan communities used to carry out tasks like harvesting, planting, hunting, fetching firewood and water jointly. This implied there was sharing of resources, thoughts and manpower to ensure efficiency was achieved in undertaking the said tasks."
14,"The Directorate will be organized into three (3) divisions, namely;"
14,CountrySTAT
14,UNUCEF
14,Consumer Price Indices and Inflation Rates for September 2019
14,"PS Stephen Isaboke met with a delegation from the State Department for Immigration and Citizen Services.

Our Contacts"
14,"PS Isaboke Meets with the National Assembly Departmental Committee on Information, Communication and Innovation, chaired by Hon John “KJ” Kiarie, MP for Dagoretti South.

Our Contacts"
14,The National Treasury endeavors to develop national government policies or legislations guided by the principles contained in Article 10 and Article 232 of the Constitution.
14,"The National Treasury’s Customer Service Delivery Charter is our commitment to providing excellent services to all our customers. The Charter sets out the standards of service that should be expected when dealing with the National Treasury and its staff.

The Customer Service Delivery Charter outlines the rights and responsibilities of customers and the procedure to follow if the National Treasury’s service standards are not met. A client feedback form is provided so customers can provide the National Treasury with information on how we are performing and how we can improve our services.The Customer Service Delivery Charter is updated every two years to ensure it remains current."
14,2025/26 Kenya Integrated Household Budget Survey (KIHBS)
14,"The Kenya Investment Authority (KenInvest) is tasked with promoting investment in Kenya. KenInvest is responsible for facilitating the implementation of new investment projects, providing After Care services for new and existing investments, as well as organising investment promotion activities both locally and internationally."
14,Tax Incentive Certificate
14,Mortgage relief
14,Insurance relief
14,"Any person who borrows money from a registered financial institution to purchase a home or to improve a home as long as he/she occupies the home, will be entitled to a interest deduction of up to a maximum of KShs 300,000/= per annum of interest paid to the approved and registered financial institutions."
14,Home Ownership Savings Plan (Hosp)
14,"An individual will be entitled to relief/deductions on funds deposited under a registered Home Ownership Savings Plan subject to a maximum of KShs 8,000/= per month or KShs 96,000/= per year for 10 years. Any interest income earned by a depositor on deposits of up to a maximum of KShs 3 million shall be exempt from tax.

Housing bonds"
14,Retirement Benefits Savings
14,"Quarterly Gross Domestic Product Report, Q3 2022"
14,CPI and Inflation Rates for February 2013
14,Our Regional officers for sales & agronomy support
14,"Agrico PSA is a company that not only sells its seed potatoes, but also helps farmers understand how to use them as well and profitably as possible. My colleagues and I are therefore ready to help you. Whether you want telephone advice, want to place your order for seed or plan on-site training. Just contact us. Karibu."
14,Nairobi Festival
14,Battle of the Choirs Vendor Registration 2024
14,Qualified Choirs 2024
14,KNBS Meets with Faith Based Organizations Leaders on the 2019 Census
14,CONSUMER PRICE INDICES AND INFLATION RATES FOR NOVEMBER 2021
14,Boda boda Termini to de congest city centre
14,Dr.Hitan Majevdia opens a public lecture at Charter Hall on Sustainable mobility for Kenyan Cities.
14,H.E Governor Mike Sonko invites all members of the public for a joint monthly clean up exercise on Saturday 21st September 2019
14,CPI MAY 2021
14,"City Revenue Chief Clarifies Tariff Policy, Dismisses Reports of Immediate Parking Fee Hike"
14,"November 4, 2025

Nairobi County Receiver of Revenue, Tiras Njoroge, has moved to clarify the essence of the newly introduced Tariff and Pricing Policy 2025–2030, dismissing claims circulating in sections of the media that parking fees in the capital will be raised from Kshs 300 to Kshs 520."
14,Nairobi City County Government meeting with the Embassy of France in Kenya on Sustainable Cities
14,No room for ghost workers as Sonko’s administration unveils City Hall biometric report
14,City Hall devises ways to improve revenue collection
14,69th Ordinary Session Of the Nairobi City County Government Executive Committee Meeting
14,Pre-Conference Spotlight Event
14,Construction progress on going in Pangani and Jeevanjee Estate affordable housing
14,Joy as normal water supply resumes in Nairobi
14,"MEDIA RELEASE

NAIROBI CITY COUNTY GOVERNMENT MEETING WITH THE EMBASSY OF FRANCE IN KENYA ON SUSTAINABLE CITIES"
14,"City Hall to expand sewer lines, sink more boreholes"
14,"NAIROBI, December 2, 2019, GPS

The Nairobi county government will begin upgrading its sewer lines to reduce the impact of overloading that leads to leakages."
14,Address
14,"Ministry of Public Service and Human Capital Development

Harambee House, Harambee AvenueP.O Box 30050 - 00100Nairobi, Kenya."
14,Phone
14,County Planning and Technical Committee approves more than 500 development plans
14,"The County Planning and Technical Committee 16th October, 2019 approved more than 500 development plans. The electronically submitted development applications included building plans, sub divisions, change of use and outdoor advertising. The Committee constituting of County technical officers in the built environment has the sole mandate of recommending development plans for approval. Other members of the committee representatives were from Architectural Association of Kenya, Kenya Institute of Planners, Institute of Engineers in Kenya and Institute of Surveyors of Kenya. The County Executive Committee Member Lands, Urban Planning, Urban Renewal, Housing and Project Management Ms. Winfred Kathangu thanked the professional bodies for the collaboration and assured all the stakeholders in the sector that the approval meetings will be held fortnightly going forward. The County Ag Chief Officer Urban Planning Mr. Halkano Waqo welcomed the new representatives and promised them of a conducive working environment as they fulfill their mandate. The meeting was chaired by Mr.Abdi Ismail from Architectural Association of Kenya.

General Inquiries"
14,"Nairobi, 2nd February 2026

Nairobi County’s free rabies vaccination campaign has entered its third day in Ruai with 2,418 animals vaccinated so far, marking what officials describe as the largest mass sensitization and vaccination exercise in the city’s history."
14,Nairobi City County Establishes Mobility Enforcement Unit to Tackle Traffic Challenges
14,Governor Sakaja announces a strictly NO CASH policy in Revenue collection – No County staff allowed to conduct enforcement until February 2024.
14,2nd Health Scientific Conference Activities 2025
14,Highlights of the 1st Health Scientific Conference November 2024
14,Nairobi County recognized as the Best County in Public Digitization
14,Governor Sakaja Graces The BookBunk Fundraiser
14,"Remarks by the Ag, Director General, Kenya National Bureau Of Statistics, Mr. Zachary Mwangi, During The African Statistics Day Celebrations And The Attainment Of KNBS ISO9001:2008 Certification"
14,Nairobi City County Government Unified Business Permit (UBP) Permit Process
14,Highlights of May 2022 Consumer Price Index (CPI)
14,County Director and World Water Day Committee Scout Ideal Venues for 2024 Celebrations in Kasarani and Korogocho
14,"NAIROBI: 5th March 2024

The County Director for Water and Sanitation and the Chairperson for World Water Day Planning Committee Mr. Mario Kainga, led committee members on site visits in search for a venue to host World Water day 2024 celebrations which is scheduled to take place on 22nd March 2024."
14,"Nairobi City County’s Mji Wa Huruma Witnesses Transformative Changes: Carrefour Sponsors Driveway and Cabro Works Launch, PCEA Provides Spiritual Support for Senior Citizens"
14,"Nairobi 10th December 2023

Nairobi City County’s Mji Wa Huruma was a buzz of activity earlier today with County Executive for Talents, Skills Development and Care Ms. Rosemary Kariuki accompanied by the Chief Officer Social Services Mr. George Mutiso launching the construction of the drive way and installation of cabro works at the parking lot by Carrefour Supermarkets. The Presbyterian Churches of East Africa (PCEA) Pangani also visited the facility to offer spiritual guidance and support for the older persons. The works are fully sponsored by Carrefour supermarkets. The PCEA church paid a visit to offer donations, spiritual nourishment and have lunch with the senior citizens."
14,"Startups and SMEs’ ability to maximize their potential and capitalize on existing opportunities are often limited by factors like poor management skills, inadequate understanding of how to leverage digital tools for business growth, and poor business planning.

The Digital Economy and Startup sub-sector of Nairobi City County, in collaboration with Google Hustle Academy, seeks to address this gap by providing Startups and MSMEs with actionable training over a 5-day boot camp each month in the year 2024. The boot camps will cover Business Strategy, Increasing Sales with AI, Digital Marketing & AI, Financial Planning & E-commerce, and Effective Leadership & Pitching"
14,Comprehensive Poverty Report
14,Privacy Policy
14,Cross Border Trade Survey (CBTS) 2011
14,Consumer Price Indices and Inflation Rates for March 2019
14,Consumer Price Indices and Inflation Rates for December 2018
14,Security and Compliance Subsector functions
14,Boroughs and Sub County Administration Subsector functions
14,"This is the team tasked with provision of security and enforcement in the City which includes removal of illegal structures, Traffic Marshalls, Environment Enforcement team.

Security and compliance mandate:-"
14,City Hall bans street gambling in Nairobi
14,"NAIROBI, February 7, 2019, GPS

The Nairobi County Government has cancelled licenses of street gambling artists over increased cases of fraud."
14,City Hall reaches agreement with workers union
14,"NAIROBI, February 5, 2019, GPS

The Nairobi County Government on Wednesday struck a deal with workers union that will avert a major strike."
14,2019 Kenya Population and Housing Census Results
14,2022 National SDG Indicator Framework (NIF)
14,2023 National SDG Indicator Framework (NIF)
14,Aging Masinga elephant translocated to Tsavo West National Park
14,The Public Service Superannuation Fund Invitation to Open National Tender
14,Provision of End User Financing
14,Proposed construction of a Modern Kitchen in Kabete Constituency
14,South Nyanza Sugar Company Limited Tender Notice - Cancellation
14,Provision of Comprehensive Insurance Cover to KNBS Motor Vehicles and Motorcycles
14,Kenya Electricity Transmission Company Limited (KETRACO) Tender Notices
14,The National Housing Corporation (N.H.C) Tender Notices
14,"Tender for Construction of Pre-Settlement Tank, Gravity main line to Urum Center from Naku’etum Peace Dam, Reinforced Concrete Tank, Distribution Line, Communal Water Points, Cattle Trough, Shade nets and Fencing"
14,"Provision of Fumigation, Pest and Rodent Control Services"
14,The Postal Corporation of Kenya National Open Tender Notices
14,LORETO HIGH SCHOOL LIMURU ANDENDUM
14,Gatanga Water and Sanitation Company Limited Re-Advertisement Of Selected Tenders
14,"KRA Registration of Suppliers/Contractors for Goods, Services and Works for a Period of Two (2) Years"
14,State deploys inspectors nationwide to tackle child labour
14,Kenya embraces AI to create jobs and solve local challenges
14,State pledges to fast-track mining licenses to unlock mining potential in Nyanza
14,Kenya’s tourism sector rebounds
14,Senate committee urges Government to cut red tape in tea exports
14,"Chari Suche-KNA

The Senate Standing Committee on Trade, Industrialization and Tourism, wants the government to do away with undue paperwork in the exportation of tea."
14,Sh650 million vehicle inspection centre in Thika nears completion
14,"MUOKI CHARLES, KNA

The construction of a Sh650-million state-of-the-art vehicle inspection centre at Makongeni in Thika has gathered momentum."
14,State rolls out infrastructure to unlock Lake Victoria’s Blue Economy potential
14,State champions BPO growth and youth employment initiatives
14,SACCO leaders face legal action over mismanagement-CS
14,Gov’t supports decentralising specialised medical services
14,Government to enhance leather value addition in ASALs
14,Government to restructure Huduma Centres for improved service delivery
14,Government declares war on drugs cartels cultivating bhang in Mt. Kenya Forest
14,"Samuel Waitiu (KNA)

The Government has declared war on drug cartels especially those involved in planting bhang within Mt. Kenya Forest."
14,"Government committed to compensating all Human -Wildlife conflict victims, DP"
14,"Martin Munyi (KNA)

The government is committed to ensuring that all human-wildlife conflict victims are fully compensated by 2027."
14,National Council for Persons with Disability distributes cancer prevention and diagnostic equipment to counties
14,"KNA by Isaiah Nayika

The National Council of Persons with Disabilities (NCPWD) will distribute cancer prevention and diagnostics equipment for people living with disabilities in twenty counties."
14,Government to establish Huduma Centres in all 290 constituencies
14,"Anne Kangero-KNA

State plans to roll out Huduma Centres in each Constituency"
14,"Government issues 2,162 title deeds to address land injustices in Homa Bay"
14,"Scholarship for Master of Science Degree in Actuarial Management

Eligible candidates must meet the following requirements: -"
14,Environment conservationists push for sustainable restoration of rangelands in ASALs
14,"By Yobesh Onwong’a (MyGov)

Kenya is actively engaged in national rangelands restoration efforts, aiming to revitalize degraded ecosystems and support sustainable livelihoods."
14,Eldoret informal settlements set for major transformation
14,EPRA reassures Kenyans of sustainable and accessible energy for all
14,Print Adverts
14,Photo Gallery
14,Objectives of Kenya’s Environment and Climate Change Diplomacy
14,Vacancies
14,Videos Gallery
14,1999 Population and Housing Census
14,2009 Population and Housing Census
14,The Kenya Poverty Report 2019
14,Kenya Poverty Report 2020
14,Bodaboda operators face new rules under proposed Senate bill
14,Projects
14,10 Central Kitchens For School Feeding Program Approaching Completion
14,Facts about the Mama Lucy Eye hospital
14,NAIROBI CITY COUNTY HANDED OVER NEWLY BUILT MODERNIZED KIOSKS IN CALIFORNIA WARD
14,Parks and Recreation
14,"Nairobi Recreation Parks offer beautiful getaways from the busy city life for leisure.

Uhuru Park and Central park are vibrant parks that echoes the city’s old slogan ‘The Green City in the Sun’. Nairobi residents, tourists, students and business people from all walks of life visit the park every day for picnics, study, rest and a host of other activities. The serene park is a great place to take a breath, read a book or catch up with family and friends."
14,Night Life
14,Car Hire and rentals
14,Taxi
14,"Rented cars are a great way to get around in privacy or with locally experienced drivers; however, they cost more than other forms of transport. Many of the chains have franchises in the city and several rental options are available.

Local car hire firms in the city often request a full deposit but it helps to ask and read hiring contracts to get a good idea of what each company offers. These operators are cheaper and more flexible than the international brands."
14,Pedestrian Walkways
14,Tender No: KNBS/T/01/2014-2015: Provision of Medical and Group Life Insurance Cover
14,"Ongoing construction of the new Dandora Stadium in Embakasi North Sub-County. The county administration is striving to ensure the project is completed by July, 2019 in order to give the youth a chance to nurture their talent at the state-of -the-art sports facility. The new Dandora Stadium will have notable features like; artificial turf, seats, a gym centre, modern stalls and floodlights. Governor Sonko’s administration will also construct four other modern sports facilities in Jacaranda grounds (Embakasi East), Kihumbuini (Westlands), Woodley (Kibra) and Kariokor (Starehe). The County welcomes onboard sports stakeholders to support her big plans for Nairobi residents.

As promised, construction of the new Dandora Stadium will be completed in the next two Months before focusing on the next four sports facilities in Nairobi City. The new Dandora Stadium will have notable features such as FIFA approved artificial turf and seats, modern flood lights, modern stalls and a gym center. The other four stadia to be constructed by Governor Sonko’s administration are Jacaranda Grounds, Kariokor, Kihumbuini and Woodley grounds."
14,Public sector urged to fully leverage digital technology
14,Working Children baseline survey 2010
14,"A call to embrace every citizen, regardless of their neurotype as the world celebrates international autism awareness day."
14,"Nairobi, 2nd April 2025

Nairobi Deputy Governor Njoroge Muchiri today joined, H.E First Lady of the Republic of Kenya Mrs. Rachel Ruto, on the occasion of celebrating world Autism awareness at the Kenya Institute of Special Education in Kasarani Nairobi."
14,Impact of Artificial Intelligence on the future of journalism in Kenya
14,Main mode of Human Waste Disposal (% Households)
14,"On 26th June 2026, the Principal Secretary for Public Service and Human Capital Development, Dr. Jane Kere Imbunya, attended the Association of Women Accountants of Kenya (AWAK) Mid-Year Meeting at the Radisson Blu Hotel, Upper Hill, Nairobi, as the Chief Guest.

In her for greater achievements and remain confident in their abilities. She urged them not to allow negative experiences or opinions to define their future, emphasizing that confidence, resilience, and determination are essential qualities for personal and professional success."
14,Nairobi’s Land Use Planning Committee Presents Three-Year Report: A Step Toward Improved Urban Development and Dispute Resolution
14,"Nairobi, 1st November, 2024

County Executive Committee Member for Built Environment and Urban Planning Mr. Patrick Mbogo in the company of County Chief Officer for Urban Planning and Development Mr. Patrick Analo, on Thursday met the Nairobi City Physical and Land Use Planning Liaison Committee led by the Chair of the Committee Dr. R.O Monda who is also a representative of the Law Society of Kenya in the Committee."
14,Nairobi County Health Conference Report
14,One Login
14,"All Government Services

Don't have an account? Sign up"
14,Nairobi City County To Host The 1ST Health Scientific Conference.
14,Riruta Satellite’s Elderly Honored with Day of Pampering and Appreciation: KARIKA’s Gesture of Gratitude
14,"NAIROBI: 14th March 2024.

Older Persons at Riruta Satellite Karika Center were on Tuesday treated to a day of pampering and appreciation as they enjoyed manicure, pedicure, and hair dos. The event, organized by an organization called KARIKA through Talent Skills Development Sector, aimed to honor the elderly members of the community and also for them to feel as part of the society, appreciate their contributions and wisdom as well. County Executive for Talent Skills Development and Care Rosemary Kariuki who was the guest speaker at the event which is part of the women’s Day celebrations said last Friday that even as we commemorated International Women’s Day it’s important to also recognize and honor the contributions of the incredible men and women who have shaped our community over the years. Among them are the wise and resilient men and women of Riruta Dagoretti south whose strength, grace, and wisdom have enriched our lives in countless ways despite the challenges they have faced that have led them to be here today. “Today, we have spent a very special moment with our esteemed elders a day of pampering and appreciation. We have provided them with manicures, pedicures, and hair treatments, not just as a luxurious indulgence, but as a heartfelt gesture of gratitude for their tireless efforts and sacrifices during their heydays. They have worked hard, raised families, and contributed to the growth and development of our community, laying the foundation for the vibrant society we enjoy today “she said"
14,Nairobi City County Launches Workshop for Development of Comprehensive Older Persons Policy
14,"Nairobi, 30th October 2023 Nairobi City County Executive for Talent, Skills Development and Care, Rosemary Kariuki opened a 3 day workshop that will see the development of Older Persons Policy.

The workshop that has been organized by HelpAge International and the Social Services subsector has incorporated a spirited technical team with a vast knowledge on policy matters. The team comprising of the Built Environment Sector, County legal sector, Lapfund, HelpAge, County Innovation and Digital Economy sector and the Social Services subsector will develop and see the implementation of the Older Persons Policy. The County Executive Ms. Rosemary Kariuki said in her opening remarks “ The County will identify land to build more institutions for older persons across the County, Increase capacity, Mobilize resources and seek to allocate adequate budgets to run these institutions. We will also benchmark to ensure best practices.” Currently there is only one public facility for older persons ( Mji wa Huruma in Runda) that is run by the County. Ends/.."
14,A Consortium Of Partners Seeks To Collaborate With Nairobi County..
14,"Nairobi 22nd March 2023

Nairobi City County, Office of the Governor held an introductory engagement meeting with a consortium of Partners seeking to collaborate on school feeding, food Systems, Water & Sanitation and Green Nairobi."
14,Kenya signs free-trade agreement with Ethiopia
14,"CHARI SUCHE-KNA

Kenya and Ethiopia have agreed to collaborate to implement the African Continental Free Trade Area(ACFTA)."
14,KURA Specific Procurement Notice Establishment And Junctions Improvement Project [PHASE II)
14,International Competitive Bidding Tender For Construction Of Wajir Town Roads Under The Development Of Urban Roads In Five Counties In Arid And Semi-Arid Areas (ASALs) – PHASE I
14,Finance and Economic Planning Affairs.
14,"Inclusivity, Public Participation And Customer Service Sector"
14,SPONSORED TRAINING COURSES BY THE ROYAL THAI EMBASSY.
14,SCHOLARSHIP PROGRAM FOR CULTURAL AND SCIENTIFIC COOPERATION FOR ACADEMIC YEAR 2025/2026.
14,Tales of informality to formality continue to unfold as the city undergoes major transformation within the informal settlement areas
14,"Nairobi 30th October, 2024:

The Second Kenya Informal Settlements Improvement Project (KISIP 2) moved a step further in its quest to improve lives and livelihoods in the urban informal settlements, following the handing over of six (6No.) sites for the installation and construction of the High Mast Floodlights under the small works, contract"
14,Nairobi County makes a significant step towards addressing air pollution
14,"Nairobi, 26th October 2024

Nairobi County’s Climate Change and Air Quality Monitoring Unit has commenced a process geared towards formulating Air Quality Data Action Plan with an aim to enhancing availability and use of air quality data, thus creating a robust and comprehensive environmental data ecosystem for the City County."
14,Royal Visit: King Charles III and Queen Camilla of the United Kingdom Inspire Education and Culture at Eastland’s Library in Nairobi
14,"NAIROBI: 31st October 2023. King Charles III and Queen Camilla of United Kingdom make a Historical Visit to Eastland’s Library.

Their Majesties King Charles III and Queen Camilla of the United Kingdom, today visited the Eastland’s Library located in Maringo Ward, Makadara Sub County, Nairobi City County. The two royalties were received by the Governor of Nairobi H.E Sakaja Johnson."
13,KNBS Data Portals
13,2024 County Statistical Abstract – Makueni County
13,Access Survey and Censuses Microdata with our portals
13,Explore recently released reports
13,Latest Releases
13,Producer Price Indices Second Quarter-2026
13,Kenya's Data At A Glance
13,International Visitors Arrival
13,"The number of international visitor arrivals grew by 35.4 per cent from 1,541.0 thousand in 2022 to 2,086.8 thousand in 2023."
13,National Parks and Game Reserves
13,"The number of visitors to national parks and game reserves went up by 43.0 per cent to 3,637.3 thousand in 2023."
13,Hotel Bed-Occupancy
13,"The number of bed-night occupancy increased by 23.2 per cent from 7,009.0 thousand in 2022 to 8,632.8 thousand in 2023."
13,Statistical Releases
13,"Access the Monthly Leading Economic Indicators, Monthly Consumer Price Index, Quarterly Gross Domestic Product, Quarterly Producer Price Index, Quarterly Construction Input Price Index, Quarterly Balance of Payments and Gross County Products statistics here."
13,Consumer Price Indices (CPI) and Inflation Rates measure changes in the cost of a basket of goods and services and the resulting inflation or deflation in an economy.
13,Producer Price Indices
13,"Quarterly GDP Reports provide data on an economy's total output, helping assess its growth or contraction over specific time periods."
13,Gender Sector Statistics Plan 2024-2028
13,2025 County Statistical Abstract – Makueni County
13,2024 County Statistical Abstract – Garissa County
13,Ministry of Public Service and Human Capital Development
13,MPS
13,"The Ministry derives its mandate from Executive Order No. 2 of November/2023 that saw the change of name from Ministry of Public Service, Gender and Affirmative Action to the Ministry of Public Service, Performance and Delivery Management.

Directorates;"
13,Filing of 2025 Income Tax Returns
13,"The Kenya Revenue Authority (KRA) reminds all taxpayers that filing of Income Tax Returns for the Year of Income 2025 is ongoing and must be completed by 30th June, 2026.

To facilitate smooth filing for the 2025 Year of Income, KRA has allowed taxpayers to declare valid business expenses that may not be supported by eTIMS/TIMS invoices. Such expenses may be uploaded during filing and will be subject to validation by KRA after submission."
13,-Have fixed or mobile firefighting equipment
13,-Have assured water supply
13,-Enforce strict fire prevention measures
13,5. Storage Capacity
13,Validation of Income and Expenses in the Income Tax Returns
13,"Kenya Revenue Authority (KRA) wishes to inform taxpayers, stakeholders and the public that, effective 1st January 2026, it will begin validating income and expenses declared in both individual and non-individual income tax returns against the following data sources:

This validation will take place upon submission of the 2025 year of income/ accounting period return via the iTax platform."
13,"KRA Raises Ksh8.3 Billion from Alternative Tax Disputes Resolution

KRA intercepts gold worth Ksh100m at JKIA"
13,KRA Raises Ksh8.3 Billion from Alternative Tax Disputes Resolution
13,"The ADR mechanism has resolved a total of 181 tax disputes in the last three years.

The Kenya Revenue Authority (KRA) has raised Ksh8.3 billion from the Alternative Dispute Resolution (ADR) mechanism as at 30th April, 2018. The ADR mechanism has resolved a total of 181 tax disputes in the last three years."
13,"The Kenya Revenue Authority (KRA) has agreed to release 40, 000 metric tonnes of sugar owned by Darasa Investment Ltd in an out of court settlement.

The agreement shall be guided by a consent signed by KRA and Darasa lawyers, ensuring that Darasa Investment Ltd clears the Ksh. 2.5 Billion duty and VAT arrears."
13,Clearing agent charged with tax evasion of Sh 97 million
13,"The Kenya Revenue Authority (KRA) has arraigned a clearing and forwarding agent in court for evading taxes amounting to more than Sh97 million.

The accused, Dickson Ogola was arraigned before Milimani Principal Magistrate Kennedy Cheruiyot today facing 12 counts of tax evasion."
13,KRA Enhances VAT Return Verification Module on iTax
13,"5th April, 2019

The Kenya Revenue Authority (KRA) has improved the Value Added Tax return verification module on iTax. The verification module is also referred to as VAT Automated Audit module (VAA). The improvement was driven by the need to enhance the customers’ experience following feedback that KRA received from various stakeholders regarding the module."
13,Magistrates Court Order Frustrate KRA’s Bid to Collect Taxes from Sports Betting Winners
13,"23rd April, 2019

The Kenya Revenue Authority (KRA) has hit a technical snag in its efforts to collect taxes amounting to more than Kshs 2.7Billion per month accruing from betting wins following a court order issued by a magistrate’s court."
13,KRA unearths tax fraud syndicate by a Member of Parliament
13,"The Kenya Revenue Authority (KRA) has unearthed a syndicate in which Lamu West MP, Stanley Muthama is alleged to be involved in Kshs. 487 Million worth tax fraud.

The MP was arrested by officers from the Directorate of Criminal Investigations (DCI), KRA unit in Eldoret on Thursday 27th June 2019. Mr. Muthama was on Monday 1st July 2019 arraigned in an Eldoret Court, before Chief Magistrate Hon. Obulutsa."
13,"KRA intercepts 20,000 litres of ethanol at Kenya-Tanzania border"
13,"The Kenya Revenue Authority (KRA) has intercepted 20,000 litres of ethanol with a tax value of more than KSh6.16 Million at the Kenya-Tanzania border in Namanga.

The consignment, packaged in eighty 250-litre plastic containers, was concealed under bags of potatoes aboard a truck headed to the Kenyan side from Tanzania. Documents presented to Customs officials indicate that the consignment was carrying bags of potatoes only."
13,"The Board, Management and Staff of Kenya Revenue Authority (KRA) send their heartfelt condolences to the family, associates and the entire Safaricom PLC fraternity following the transition of Bob Collymore this morning.

We at KRA share your grief and express our deepest condolence during this time."
13,KRA and Nairobi County meet over Kshs.5.8Billion Tax Debt
13,"The Kenya Revenue Authority (KRA) and the Nairobi City County (NCC) have met over the accrued withholding taxes by the NCC amounting to Kshs5.8Billion.

KRA had issued summons requiring the county leadership to appear before it on Thursday 4th September, 2019. KRA management met the NCC leadership comprising of County Governor Mike Mbuvi Sonko, County Executive in Charge of Finance Mr. Charles Kerich, Chief Officer for Finance Mr. Halkano Waqo and the Acting County Secretary Mr. Leboo Morintat."
13,New iTax enhancement boosts July 2019 Capital Gains Tax Revenue Performance
13,"The Kenya Revenue Authority (KRA) has enhanced the iTax system to reflect exemptions in transactions that attract Capital Gains Tax (CGT).

Capital Gains Tax is a tax chargeable on the transfer of a property such as land and buildings located within Kenya. It is payable by the party transferring the property."
13,Suspects arrested over tax evasion amounting to Kshs. 1 Billion
13,"Kenya Revenue Authority (KRA) in its renewed war against tax evasion, today arrested two individuals Abdisalam Abdullahi Gedi and Yahye Eliasi Bare both directors of Liban Trading Limited over tax evasion amounting to Kshs. 1 billion.

The two are accused of making sales of Kshs. 1 billion between the years 2013 and 2018 but declaring nil incomes for all the years of income. The arrests followed lengthy investigations carried out by the Authority."
13,Three in NYS tenders charged with tax evasion totalling KShs.40 million
13,"Three suspects who were awarded several contracts by the Ministry of Planning and Devolution to supply various items to National Youth Service (NYS) were today separately charged in court with tax evasion totalling Kshs.40 million.

In the first case, a beneficiary of the NYS tenders Ms. Caroline Atieno Mango appeared before Milimani Court Senior Principal Magistrate Bernard Ochoi. Ms. Mango faced a total of twenty counts ranging from failure to declare correct amounts in Income Tax, failure to pay Value Added Taxes (VAT) and failure to pay Corporation Tax from 2014 to 2018 all totalling to Kshs.10.7 million. She pleaded not guilty and was released on a bond of Kshs.5 million and alternative bail of Kshs.3 million. The case will be heard on 28th November 2019."
13,Re-Exportation of Stolen Motor Vehicles to United Kingdom
13,"1. In 2018, the Government of Kenya launched an energized campaign to fight illicit trade in the country. This included heightened surveillance and enforcement measures at all ports of entry and exit. Since then various government agencies have participated in joint operations to seize illicit goods including counterfeits, sub-standard goods and smuggled goods.

2. As part of the joint anti-illicit trade efforts, agencies working at the port of Mombasa recently disrupted an international criminal syndicate that has been smuggling stolen motor vehicles through the Port and selling them in the East African market."
13,Commissioner General - KRA Director - DCI Managing Director - KPA
13,"EGMS Implementation Phase Two-Water, Soft Drinks and Cosmetics"
13,"The requirement to affix excise stamps on excisable is underpinned under the Excise Duty Act 2015 and Legal Notice No.53 of 2017 respectively.

Section 28(1) (b) Excise Duty Act 2015 provides for the use of an excise goods management system to affix excise stamps. This Kenya Revenue Authority has done through the Electronic Goods Management System (EGMS) in 2013."
13,Big win as court allows KRA to collect KShs 2 Billion tax on demurrage from shipping lines
13,"A Nairobi High Court has allowed Kenya Revenue Authority to collect Withholding Taxes from shipping lines on container demurrage charges. The Withholding Tax from different shipping lines amounts to over KShs.2 billion.

Justice Francis Tuiyott of Milimani Court’s Commercial and Admiralty Division, ruled in favour of KRA in the judgement of a consolidated tax appeal case filed by seven shipping lines operating in Kenya protesting taxation of income on demurrage charges."
13,"1. On 11th December 2006 Keroche Industries Limited which later changed it’s name to Keroche Breweries Ltd filed Judicial Review Application proceedings being Nairobi H.C. Miscellaneous Application No. 743 of 2006: Republic-versus-Kenya Revenue Authority and Five Others, Ex-Parte Keroche Industries Limited.

2. The Application challenged the Kenya Revenue Authority decision to classify Keroche’s fortified wine products under Harmonized System (H.S) Code Tariff heading 22.04 instead of under Code Tariff Heading 22.06 in respect of Excise Duty, Corporation and withholding Income Tax and Value Added Tax (VAT) in respect of sales and trading activities covering the years of income 2002 to 2006."
13,"The Tax Appeals Tribunal has upheld Kenya Revenue Authority (KRA)’s investigations and assessment of undeclared tax amounting to over Kshs. 700 million against an electronics dealing firm-Digital Box Limited.

KRA successfully defended its investigative processes and application of various legal provisions after Digital Box Limited challenged the process that led to discovery of undeclared income."
13,"The Tax Appeals Tribunal has upheld Kenya Revenue Authority’s (KRA) Value Added Tax (VAT) demand of Kshs.333,320 against CMC Di Ravenna after input VAT claims was disallowed.

CMC Di Ravenna had challenged KRA’s VAT demand on the grounds that it had accumulated VAT input claims of Kshs. 147 million which it sought to use to offset the VAT demand. The input VAT claims had not been validated by KRA."
13,"The Tax Appeals Tribunal has dismissed an application filed by Subru Motors Limited seeking stay of collection of taxes amounting to Kshs. 181,406,247 found due by the Tribunal.

Subru Motors Limited had sought intervention of the Tribunal to order for stay of execution of its judgement delivered on 10th July 2020, which was in favour of KRA. The Taxpayer had argued that the Tribunal has jurisdiction to order for stay of its own judgement and relied on principle of equity as well as Section 18 of the Tax Appeals Tribunal Act, 2013."
13,Kenya Revenue Authority’s statement on nullification of the 23 Laws by High Court
13,"The High Court sitting in Nairobi on 29th October 2020 in Petition No. 284 of 2019 consolidated with Petition No. 353 of 2019 has nullified laws passed by the National Assembly without the input of the Senate.

Despite the nullification, implementation of Court Orders has been suspended for nine (9) months to allow the Speaker of the National Assembly and the Attorney General to comply with the provisions of Article 110 (3) of the Constitution and regularize the affected laws."
13,"The Tax Appeals Tribunal has ruled that it is not enough for a taxpayer to provide tax invoice in order to claim input VAT. Tax invoice is among documents listed in Section 17 of the VAT Act 2013.

In the ruling that upheld the Kenya Revenue Authority (KRA’s) position in the case filed by Osho Drappers Limited, the Tribunal stated that the documentation must be supported by an underlying transaction and the taxpayer must furnish proof that there was an actual purchase of goods or services."
13,KRA to collect Kshs. 517 Million from Mastermind Tobacco (K) Limited
13,"The Kenya Revenue Authority (KRA) is set to collect tax of Kshs. 517,755,155.00 following a decision by the Tax Appeals Tribunal on 23rd April 2020 in an appeal filed by Mastermind Tobacco (K) Limited in 2016 against a decision by KRA to demand taxes.

By a letter dated 26th March 2018, KRA assessed Mastermind Tobacco (K) Limited to VAT of Kshs. 90,225,155 and Excise Duty of Kshs. 427,500,000 on account of sales of cigarettes that were classified as exports and hence zero rated but the taxpayer failed to provide proof of exports for the consignments. Mastermind Tobacco objected to the findings by KRA and KRA gave an Objection Decision on 22nd May 2018."
13,KRA collects KShs 21B from Alternative Disputes Resolution
13,"Kenya Revenue Authority (KRA) has collected over KShs 21 billion from its Alternative Disputes Resolution (ADR) mechanism. This is after KRA resolved 393 ADR cases this financial year (July 2020 to March 2021).

The ADR mechanism which was implemented by KRA in 2015 has seen significant growth in terms of the number of cases resolved and the revenue unlocked. This positive trajectory is marked by a 109% growth in number of cases and 389% growth in revenue unlocked this financial year 2020/2021 (July 2020-March 2021) when compared to a similar period last financial year 2019/2020."
13,"The Kenya Revenue Authority (KRA) has seized several litres of illicit alcoholic beverages during an anti-illicit trade operation Nairobi.

KRA carried out simultaneous operations in various parts of Nairobi including Kariobangi, Ruai, Kiserian, Dandora, Pipeline, Kasarani and Kenyatta market, and western, & Central regions part of Kenya. The operation happened on Saturday and KRA officers seized various brands of illicit liquor estimated to have a market value of KShs. 1,430,900 and tax value of KShs.657,343."
13,"The Kenya Revenue Authority (KRA) has won a Kshs. 234 million tax claim suit against Equity Bank Kenya Ltd after the High Court in Nairobi upheld the Tax Appeal Tribunal’s earlier decision allowing KRA to charge the Bank PAYE on Employee Stock Ownership Plan (ESOP). Equity Bank had filed an Appeal against the judgement of the Tribunal delivered on 19th December 2019 upholding the KRA’s move.

KRA had carried out a tax compliance audit of the Bank’s records with regard to Corporation Tax for the year of income 2015, Excise Duty for the period covering August 2013 to December 2015 and PAYE taxes for the year of income 2016. The KRA then issued an assessment on 21st June 2017 for Kshs.1,738,969,276 inclusive of penalties and interest being Kshs.346,147,520 on account of Corporation Tax, Kshs. 234,138,308 on account of PAYE and Kshs.1,158,683,449 on account of excise duty."
13,High Court judgement on Minimum Tax
13,"The High Court in Machakos has today morning declared Section 12D of the Income Tax Act, the section that introduced Minimum Tax, unconstitutional for violating Article 201(b)(i) of the Constitution. The court noted that minimum tax was unconstitutional for subjecting taxpayers to double taxation and was punitive in nature. The Court was of the opinion that taxation cannot be fair when a system of tax is introduced to diminish the capital of a business.

The Kenya Revenue Authority respectfully disagrees with the findings of the Court and will prefer an appeal to the Court of Appeal to challenge this finding. This is to ensure that KRA continues to review and improve on tax policies in order to reduce the tax burden while ensuring that every citizen contributes their fair share of tax."
13,KRA SUSTAINS UPWARD REVENUE TRAJECTORY IN QUARTER 2
13,"Kenya Revenue Authority (KRA) collected Kshs.154.383 Billion in the month of October 2021 against a target of Kshs.142.285 Billion, recording an impressive performance of 108.5% and a growth of 23.2%, sustaining positive performance into Quarter Two of the Financial Year 2021/22.

KRA commenced the new financial year on an upward trajectory after surpassing its (July-September 2021) target of Kshs.461.653 Billion by Kshs. 15.053 Billion, recording a 30.0% growth."
13,"KRA set to appreciate, honour compliant taxpayers"
13,"Kenya Revenue Authority (KRA) will on Monday 4th October, 2021 launch the annual Taxpayer’s Month to celebrate compliant taxpayers for their patriotic act of dutifully remitting their taxes.

The event, which is organized to appreciate taxpayers for their selfless contribution towards the country's development agenda, will be marked by a long month of customer-centric activities countrywide."
13,Court upholds KRA’s tax assessment of KShs. 800 Million against Space Investments Limited.
13,"The High Court has upheld tax assessments issued by the Kenya Revenue Authority for Withholding Tax and Corporation Tax against Space Investments Limited. The taxpayer had challenged the finding of the Tax Appeals Tribunal that money lent to it by its main director was subject to Withholding Tax on deemed interest.

The Taxpayer had also contested an assessment for Corporation Tax claiming that the gain it made for the sale of land in Karen to a related entity was not a trading gain rather a capital gain and therefore subject to Capital Gains Tax. That since Capital Gains Tax was under suspension in 2010 when the sale took place, no taxes were payable on the gain."
13,KRA intercepts contraband worth KShs. 2.7 million in taxes
13,"The Kenya Revenue Authority (KRA) officers have intercepted 848 cartons (20,348 bottles, 200 ml each) of assorted alcoholic drinks, 600 packets of 100 ml Simba Waragi, which had a dutiable value of KShs. 2,754,800 and 5 bags of sugar branded Kamuli Sugar, with a dutiable value of KShs. 15,379 all of which had been smuggled into Kenya from Uganda.

The consignment was intercepted on Tuesday, 7th December 2021 at Unguja Trading Centre along the Kisumu- Busia Road, within Siaya County. The total dutiable value for the consignment is Kshs. 2,770,179."
13,Warrant of arrest issued against directors of Purma Holding Limited over Kshs 2.2 billion tax evasion case
13,"Warrant of arrest has been issued against two directors of Purma Holdings limited for failing to appear in court and answer charges of unpaid taxes amounting to Kshs. 2.2 billion. Chief Magistrate Anti-Corruption Court, Hon. Felix Mutinda Kombo, issued the warrants of arrest.

The two, Mary Wambui Mungai & Purity Njoki Mungai also failed to honor summons on the same by the Kenya Revenue Authority (KRA)."
13,"The High Court has overturned a decision of the Tax Appeals Tribunal that had shifted the burden of proving payment of taxes to the Tax Administration contrary to the law.

In the Appeal the Tax Appeals Tribunal had held that Pearl Industries Ltd, had discharged its obligation of proving that there was a purchase for Vatable goods upon providing invoices and proof of payment for the supplies. The Tribunal further attributed the burden of proving that Pearl Industries Ltd knew or ought to have known the transaction it was involved in was part of a fraudulent scheme to the Commissioner, in the end arriving at the wrong decision that the Commissioner failed to establish fraud."
13,KRA Customs Officers intercept Kshs. 238 Million at JKIA
13,"Kenya Revenue Authority (KRA) Customs Officers based at Jomo Kenyatta International Airport (JKIA) has intercepted Kshs. 238 Million in foreign currency from a traveller. The suspect a Kenya nationality, had arrived in the country from Bujumbura, Burundi.

The money packed as a parcel containing USD 2 million was seized following a wrongful declaration on the intended destination."
13,Commissioner Customs & Border Control
13,KRA and Eastleigh Business Community Partner to Strengthen Tax Compliance in the Area
13,"Kenya Revenue Authority (KRA) leadership has held a consultative meeting with members of the Eastleigh Business District Association (EBDA) to address concerns raised by the business community regarding challenges affecting tax compliance in the area.

Among the key issues highlighted was the adoption of the Electronic Tax Invoice Management System (eTIMS), which has posed challenges for traders operating in Eastleigh. The gap in issuance of eTIMS-compliant invoices has also affected businesses across the country that source goods from Eastleigh, limiting their ability to claim legitimate business expenses due to lack of supporting documentation."
13,"A clearing agent, driver and turnboy have been arraigned before Bungoma Law Courts Senior Principal Magistrate Hon. Charles Mutai to face charges of conveying uncustomed ethanol with a dutiable value of KShs 10,291,759.

Police officers acting on intelligence intercepted motor vehicle registration no. KCJ 001H/ZE1200 on 3rd June, 2021 along Kamukuywa-Webuye Junction. Upon conducting an inspection, 117 drums of ethanol were recovered aboard the motor vehicle which had been declared as an empty truck by the customs agent Hedwig Okama Emomeri. Nicholas Ndavwa Musyoki and Muthingu Maluki who were aboard the motor vehicle were subsequently arrested."
13,"KRA commits to enhance service delivery, facilitate compliance"
13,"Kenya Revenue Authority (KRA) has today reiterated its commitment to facilitate taxpayers and business community through the implementation of its service excellence programme.

The programme aimed at ensuring that KRA delivers outstanding services to taxpayers through the development of an effective positive professional customer service culture, has been enhanced through investment of technology."
13,Businessman arrested with export cigarettes worth KShs 4 million
13,"A businessman based in Chesumei, Nandi County has been arrested for being in possession of 200,000 pieces of Supermatch cigarettes with a customs value of Kshs 4 million meant for export.

Kevin Kibet was found in possession of the uncustomed goods at his residence in Amea area within Chesumei Sub County. Police officers from Kapsabet Police Station arrested him after upon receipt of intelligence that he was in possession of the goods meant for export contrary to the East Africa Community Customs Management Act, 2004. Officers from KRA confirmed that indeed no duties had been paid for the goods."
13,"KRA Deploys 1,400 Field Officers Countrywide in an Enhanced Customer Support Framework"
13,"The Kenya Revenue Authority (KRA) is set to deploy 1,400 Revenue Service Assistants across the country in an enhanced customer support framework. This is anchored on KRA’s adoption of a more facilitative approach with taxpayers.

The Field Officers are part of KRA’s reforms initiative aimed at enhancing productivity and culture, in order to deliver quality and friendlier services to taxpayers. The Field Officers have been equipped with knowledge and skills to handle tax related processes through a capacity building program comprising KRA core values and tax-modules."
13,KRA Announces New Eastleigh Office in a Move to Enhance Service Delivery and Business Support
13,"The Kenya Revenue Authority (KRA) has reaffirmed its commitment to strengthen partnerships with business communities across the country, with a strategic engagement held today between the KRA Board and the Eastleigh Business District Association (EBDA).

The engagement, led by KRA Board Chairman Hon. Ndiritu Muriithi, brought together senior KRA leadership and representatives from EBDA to discuss tax compliance, trade facilitation, and support for the growth of Eastleigh’s dynamic commercial ecosystem."
13,KRA Commences Second Half of FY 2025/26 with Strong Revenue Growth
13,"Kenya Revenue Authority (KRA) has commenced the second half of the Financial Year 2025/26 on a strong note, having collected Kshs 307.634 billion against a target of Kshs 284.969 billion in December 2025, thereby surpassing the monthly revenue target.

The collection represents a performance rate of 108.0 per cent and a growth of 29.3 per cent. Exchequer revenue amounted to Kshs 284.265 billion against a target of Kshs 261.758 billion, recording a surplus of Kshs 22.507 billion. Exchequer revenue achieved a performance rate of 108.6 per cent and grew by 30.1 per cent compared to the same period in the previous financial year."
13,Tax Amnesty on Interest and Penalties for Periods up to 31st December 2023
13,"The Kenya Revenue Authority (KRA) informs taxpayers that the Tax Procedures (Amendment) Act, 2024 has introduced a tax amnesty on interest, penalties or fines on tax debt for periods up to 31st December, 2023. The tax amnesty program will run from 27th December, 2024 to 30th June, 2025.

The tax amnesty shall be implemented as follows:"
13,"After taking into consideration issues raised by taxpayers, Kenya Revenue Authority wishes to inform the public of its plan to continue with verification of VAT returns using its automated returns verification module in the iTax System. The exercise will cover the period January 2018 to date.

Taxpayers are therefore reminded to ensure that entries in VAT returns reflect a true and correct position of a taxpayer?s business transactions for the tax period. In the case of inconsistencies, the purchase invoices that do not match the sales invoices shall be disallowed."
13,Taxation of e-Commerce
13,"Kenya Revenue Authority has noted that some taxpayers engage in online business and they do not file returns or pay taxes on the transactions.

KRA would like to advise that unless income or supply is expressly exempt in the law, appropriate taxes should be paid."
13,Changes to Tax Compliance Certificate (TCC) Issuance
13,"18th April, 2019

Kenya Revenue Authority notifies the public that processing of Tax Compliance Certificates (TCC) in iTax has been improved to incorporate stakeholder feedback and enhance customers’ experience."
13,Implementation of Excisable Goods Management System (EGMS)
13,"Kenya Revenue Authority (KRA) has embarked on a countrywide Public Participation exercise targeting Manufacturers of Non-Alcoholic drinks and the Public on the implementation of the second Phase of Excisable Goods Management System (EGMS).

The purpose of this exercise is to gather views and receive feedback from key stakeholders on various issues regarding implementation of EGMS (Phase Two) prior to its roll out on 1st September, 2019."
13,Stakeholder Sensitisations on the Finance Act 2019
13,"Kenya Revenue Authority has organized sensitisation sessions on the Finance Act, 2019 in a bid to enhance public awareness and overall tax compliance.

The target group includes, but not limited to; Tax Professionals, Accountants, Lawyers, Business Leaders, the Media and the General Public. The sessions are scheduled to run from 2.00pm to 4.00pm (except for Nairobi and Mombasa that starts at 9:00am) on the dates and venues indicated below:"
13,"Kenya Revenue Authority (KRA) reminds Customs Clearing Agents that their licenses will expire on 31st December, 2019 with the exception of the 3 year Authorised Economic Operators (AEO) licences.

Provisions relating to the licensing of Customs Clearing Agents are contained in Section 145 of the East African Community Customs Management Act, 2004 and Regulations 149-152 of the East African Community Customs Management Regulations, 2010."
13,"Kenya Revenue Authority (KRA) Customs notifies the Public that Customs is rolling out a faster and efficient cargo clearance process known as GREEN CHANNEL. The following products will not be subjected to routine physical verification/examination.

1. Exportation of Kenyan Tea, Coffee, Spices or herbs through Kilindini Port under Tariff heading 09"
13,"Kenya Revenue Authority (KRA) notifies Importers, Transporters, Customs Agents, and other Interested Parties, conveying goods under Customs control that:

This is a FREE OF CHARGE service under the KRA RECTS initiative. Efuel installation will be scheduled on “first come first served” basis."
13,"The use of Alternative Dispute Resolution (ADR) mechanism in resolving disputes is anchored under Article 159(2) (c) of the Constitution of Kenya 2010. In conformity with this provision, Kenya Revenue Authority (KRA) embraced the use of ADR in resolving Tax and Customs disputes in the year 2015 and has made tremendous steps in this area. Section 55 of the Tax Procedures (TPA) Act, 2015 and Section 28 of the Tax Appeals Tribunal (TAT) Act allow parties to resolve their disputes through ADR and provide the timelines within which the disputes should be resolved.

Thus the use of ADR is not only time and cost effective but also serves to expedite the resolution of tax and customs disputes with KRA while preserving relationships. The process is voluntary, confidential, friendly, and results to a win-win outcome for the parties. Further, the ADR process is absolutely free."
13,Applications for Renewal of Customs Agents Licences
13,"Kenya Revenue Authority (KRA) informs Customs Clearing Agents that their licenses will expire on 31st December 2020 with the exception of the 3-year Authorised Economic Operators (AEO).

Provisions relating to the licensing of customs clearing agents are contained in Section 145 of the East African Community Customs Management Act, 2004 and Regulations 149-152 of the East Africa Community Customs Management Regulations, 2010."
13,Excise Duty on Water Refill
13,"Kenya Revenue Authority (KRA) has noted cases of persons engaging in the business of water refilling who are not licensed and who are not charging and remitting excise duty as required by the law.

KRA wishes to remind all persons who are engaged in the business of bottling (including through refilling) or packaging water that they are required to obtain an excise license from KRA and also charge and remit excise duty as required by the law."
13,Licence for Conveyance of Goods under Customs Control
13,"The Commissioner of Customs and Border Control notifies all shippers, clearing agents, transporters and stakeholders in the conveyance of goods under customs control that pursuant to regulation 210 and 211 of The East Africa Community Customs Management Regulations 2010 that goods subject to customs control may only be conveyed by a vessel or vehicle licenced by the Commissioner for that purpose.

All stakeholders under this category are therefore urged to familiarise themselves with the provisions of the said sections and ensure compliance within 14 days from the date of this notice."
13,Renewal of Licences for Transit Goods Licence (C28) & Vehicles Conveying Goods under Customs Control (C40)
13,"Kenya Revenue Authority (KRA) wishes to remind all Transporters conveying goods under Customs control and transit goods that their licences will expire on 31st December, 2020.

Provisions relating to the licencing of vehicles conveying goods under customs control and transit goods are contained in Section 244 of the East African Community Customs Management Act, 2004 and Regulations 104, 210, & 212 of the East African Community Customs Management Regulation, 2010."
13,Application for Licenses for Transit Goods License (C28) and Vehicles Conveying other Goods under Customs Control (C40)
13,"Kenya Revenue Authority (KRA) wishes to remind all Transporters conveying Transit Goods and other goods under Customs control that their licenses will expire on 31st December, 2021.

Provisions relating to the licensing of vehicles conveying Transit Goods and other goods under Customs control are contained in Regulations 104 & 210 of the East African Community Customs Management Regulation, 2010 & Section 244 of the East African Community Customs Management Act, 2004."
13,"The Kenya Revenue Authority (KRA) informs members of the general public that there are some fraudulent person(s) masquerading as KRA staff to solicit bribes from taxpayers.

Kindly note that all KRA staff on duty must always provide identification before entering your premises or transacting on behalf of the Authority. Additionally, we urge the public to utilise the Thibitisha KRA staff using our imposter detection system."
13,Implementation of the 2022 Harmonized System & the 2022 East African Community Common External Tariff
13,"Kenya Revenue Authority (KRA) would like to draw the attention of taxpayers and the general public to recent changes in the Harmonized Commodity Description and Coding System (HS) and the East African Community Common External Tariff (EAC CET).

The 2017 version of the HS and EAC CET have been amended by incorporating specific changes recommended and adopted by Member States of the World Customs Organisation. The amendments include the introduction of new Headings and Sub-Headings, deletion of some existing Headings and Sub-Headings, and creation of some new Chapter Notes. Further, some existing commodity codes in the EAC CET have also been split as agreed by the East African Community (EAC) Partner states. These amendments have resulted in HS 2022 version and EAC CET 2022 version, which will come into force on 1st July, 2022."
13,Data Collection Exercise on Rental Properties in Nairobi City County and Nairobi Metropolis
13,"Kenya Revenue Authority (KRA) will undertake a data collection exercise on rental properties within Nairobi City County and the Nairobi Metropolis as part of its tax base expansion program from Wednesday 19th October 2022.

KRA officers conducting the exercise will identify themselves using KRA staff identification cards which can be verified by dialling the USSD code *572#, through the KRA M-service App or using KRA Thibitisha which is hosted on the KRA website"
13,"Renewal of Licenses for Bonded Warehouses, Transit Godowns & Manufacture Under Bond (MUB)"
13,"Kenya Revenue Authority (KRA) wishes to remind all Operators of the above mentioned facilities that their licenses will expire on 31st December, 2022.

The licensing conditions are spelt out under Section 62-69; 160-166 of the East African Community Customs Management Act, 2004 as read together with Regulation 74-81; 153-168 of the East African Community Customs Management Regulations, 2010."
13,Application for Licenses for Transit Goods License (C28) & Vehicles Conveying other Goods Under Customs Control (C40)
13,"Kenya Revenue Authority (KRA) wishes to remind all Transporters conveying Transit Goods and other goods under Customs control that their licenses will expire on 31st December, 2022.

Provisions relating to the licensing of vehicles conveying Transit Goods and other goods under Customs control are contained in Regulations 104 & 210 of the East African Community Customs Management Regulation, 2010 & Section 244 of the East African Community Customs Management Act, 2004."
13,Upgrade of the Tax Invoice Management System
13,"Kenya Revenue Authority (KRA) informs the public of the commencement of phase two of the Tax Invoice Management System (eTIMS).

This phase will involve rolling out of the software version of the system to provide additional ways of transmitting electronic invoices to KRA on a real-time basis. The software will be provided by KRA to taxpayers at no additional cost."
13,APPLICATION FOR LICENSES FOR TRANSIT GOODS (C28) AND VEHICLES CONVEYING OTHER GOODS UNDER CUSTOMS CONTROL (C40)
13,"Kenya Revenue Authority (KRA) wishes to remind all Transporters conveying transit goods and other goods under Customs control that their licenses will expire on 31st December, 2022.

Provisions relating to the licensing of vehicles conveying transit goods and other goods under Customs control are contained in Regulations 104 & 210 of the East African Community Customs Management Regulation, 2010 & Section 244 of the East African Community Customs Management Act, 2004."
13,Requirement for Mandatory Certificate of Origin on Imports into Kenya
13,"The Kenya Revenue Authority (KRA) hereby notifies all importers, customs clearing agents, and the general public that, in compliance with Section 44A of the Tax Procedures Act, CAP. 469B (as amended by the Finance Act, 2025), all consignments imported into Kenya must be accompanied by a Certificate of Origin (COO) issued by a competent authority in the country of export. This requirement took effect on 1st July 2025.

Enforcement of COO Requirement."
13,APPLICATIONS FOR RENEWAL OF CUSTOMS AGENTS LICENCES 2026
13,"Kenya Revenue Authority (KRA) wishes to inform Customs Agents that their licenses will expire on 31st December, 2025, with the exception of the 3-year Authorised Economic Operators (AEO) licences.

Provisions relating to the licensing of Customs agents are contained in Section 145 of the East African Community Customs Management Act, 2004 and Regulations 149-152 of the East Africa Community Customs Management Regulations, 2010."
13,Application for Licence for Vehicles Conveying Transit Goods (C28) and Vehicles Conveying 0ther Goods Under Customs Control (C40)
13,"Kenya Revenue Authority (KRA) wishes to remind all Transporters conveying Transit Goods and other goods under Customs control that their licenses will expire on 31st December, 2024.

Provisions relating to the licensing of vehicles conveying Transit Goods and other goods under Customs control are contained in Regulations 104 & 210 of the East African Community Customs Management Regulations, 2010 & Section 244 of the East African Community Customs Management Act, 2004."
13,Applications for Renewal of Customs Agents Licences 2025
13,"Kenya Revenue Authority (KRA) wishes to inform Customs Agents that their licenses will expire on 31st December, 2024 with the exception of the 3 year Authorised Economic Operators (AEO) licences.

Provisions relating to the licensing of Customs agents are contained in Section 145 of the East African Community Customs Management Act, 2004 and Regulations 149-152 of the East African Community Customs Management Regulations, 2010."
13,"Adjustment of Excise Duty Rates for Excisable Goods and Services by the Tax Laws (Amendment) Act, 2024"
13,"The Kenya Revenue Authority notifies manufacturers and importers of the listed excisable goods and suppliers of the listed excisable services that the Tax Laws (Amendment) Act, 2024 adjusted the excise duty rates of the goods and services with effect from 27th December 2024 as follows –

S/No."
13,"Imposition of Excise Duty on Excisable Goods and Services Introduced by the Tax Laws (Amendment) Act, 2024"
13,"The Kenya Revenue Authority notifies manufacturers and importers of the listed goods and suppliers of the listed services, that the Tax Laws (Amendment) Act, 2024 has introduced excise duty on the goods and services with effect from 27th December 2024 as follows: -

Excisable Goods"
13,APPLICATION FOR LICENCE FOR VEHICLES CONVEYING TRANSIT GOODS (C28) AND VEHICLES CONVEYING OTHER GOODS UNDER CUSTOMS CONTROL (C40)
13,"Kenya Revenue Authority (KRA) wishes to remind all Transporters conveying Transit Goods and other goods under Customs control that their licenses will expire on 31st December, 2025.

Provisions relating to the licensing of vehicles conveying Transit Goods and other goods under Customs control are contained in Section 244 of the East African Community Customs Management Act, 2004 & Regulations 104 & 210 of the East African Community Customs Management Regulations, 2010"
13,The Value of Complaints Management in Public Service
13,"Although no one likes criticism, Kenya Revenue Authority, fosters a culture that values feedback. Openness to negative feedback especially complaints requires a different culture and mind-set – not one of reprisal and fear, but one which is responsive to taxpayers’ dissatisfaction.

A complaint can be broadly defined ‘as an expression of dissatisfaction by a person, group, institution or organization about an unsatisfactory or unacceptable situation, including an act or omission or about the standard of service, whether the action was taken or the service was provided by the person(s), the institution itself or body acting on behalf of the institution’."
13,News
13,The Role of Technology and Manufacturing in Revenue Administration
13,"The last day of the 4th annual tax summit focused more on revenue administration with in depth discussions on operational systems and how the Kenya Revenue Authority could increase efficiency in the manner in which they serve taxpayers.

The three sessions of the day centered on two main topics; Technology as an enabler in revenue administration and how to accelerate the growth and competitiveness of the manufacturing sector in Kenya."
13,FILING YOUR TAX RETURNS HAS NEVER BEEN EASIER
13,"Do you file and pay your taxes in good time? Tax compliance matters now more than ever with the Tax Compliance Certificate increasingly becoming a requirement in the application of Tenders and various employment opportunities. You don’t want to miss out on these opportunities simply because you did not file and pay your taxes as and when required.

Kenya Revenue Authority (KRA) has over the year’s transformed its processes by adopting technology to improve taxpayers’ experience. Through its transformation programme, KRA has integrated processes and facilitated taxpayers through systems such as iTax, Integrated Customs Management System (iCMS), Excisable Goods Management System (EGMS) amongst others."
13,Global Outlook on Payment of Digital Service Tax (DST)
13,"Across the world, various governments have implemented a Digital Service Tax (DST) while several others have proposed or shown intentions to adopt the tax.

As of October 14, Austria, France, Hungary, Italy, Poland, Spain, Turkey, and the United Kingdom were at various stages of implementing DST (Source: What European OECD Countries Are Doing about Digital Services Taxes, Tax Foundation, https://taxfoundation.org/digital-tax-europe-2020/. In Africa, only Tunisia and Kenya have implemented a form of DST while a host of more including Nigeria, Ghana, Uganda and Zimbabwe are at various implementation stages. (Source: Digital Services Tax in Africa – The journey so far, Deloitte https://www2.deloitte.com/za/en/pages/tax/articles/digital-services-tax-in-africa-the-journey-so-far.html"
13,The Importance of Filing Tax Returns
13,"BLOG 16/06/2021

Did you find this content useful?"
13,Understanding Turnover Tax
13,"Kenya Revenue Authority has been on the forefront in engaging small traders (MSMEs) across the country on matters taxation. One of the concerns raised by MSMEs is the need for s simplified tax regime.

Introduction of Turnover Tax"
13,Kenya Revenue Authority (KRA) joins Customs Administrations globally in International Customs Day Celebrations.
13,"By Lilian Nyawanda

The Kenya Revenue Authority (KRA) today celebrates the International Customs Day with other Customs Administrations globally, with a focus on re-examining and remodelling professional interests in Customs & Border Control professions among students, practitioners, policy makers and other stakeholders."
13,KRA not Bogeyman after your Hard-Earned Cash
13,"Every year, the Kenya Revenue Authority dedicates one month to celebrate and appreciate citizens for diligently paying taxes. This year, KRA will celebrate the annual Taxpayers’ Month from October 7–31. The month is characterised by a series of activities geared towards honouring and appreciating taxpayers for the honourable role they play in supporting revenue collection.

The Taxpayers' Month is not a new concept. The event started 16 years ago, in 2003, when KRA held its first Taxpayers’ Day that was later followed by the first Taxpayers’ Week in 2004."
13,"Customs recorded overall growth of 7.7%, with non-oil collections, which account for about 70% of revenue growing at 8.1%.

Improved performance is largely attributed to tighter enforcement through among others (i) benchmarking of cargo values to address undervaluation, (ii) greater use of scanners, and, (iii) stricter application of cargo auction processes. This has resulted in average daily collection for non-oil revenue increasing from Sh 1.126 billion in H1 of FY 2016/17 to Sh 1.257 billion in H1 of FY 2017/18, an increase of Sh 131 million per day."
13,KRA implements Trading Across Borders Program
13,"Kenya Revenue Authority has implemented the following Trading Across Borders reforms aimed at enhancing compliance by reducing the time and cost of documentary and border compliance. This has improved the overall business environment in the country.

Implementation of a Trading Across Borders facilitative framework for elimination of Head Verification Officer (HVO) /Verification Officer(VO) processes for tea exports through the port of Mombasa. This framework, similar to the Authorised Economic Operator (AEO) program, is accorded to direct exports of tea declared as EX1 in the integrated Customs Management System (iCMS) and NOT to any other regime."
13,"Appointment of Mrs. Pamela Ahago as Acting Commissioner, Customs & Border Control"
13,"Mrs. Pamela Ahago has been appointed as the Acting Commissioner for Customs & Border Control effective 25th April 2020. Until her appointment, Mrs. Ahago has been serving as the Deputy Commissioner for Policy & International Affairs from July 2019. She will steer the Customs & Border Control department as Commissioner Kevin Safari is on a three-month leave.

Mrs. Ahago joined KRA in July 1996 as collector 1 in the then Customs & Excise Department and worked in various tasks until July 2002. When she was promoted to the rank of Assistant Commissioner and in July 2015, she was appointed the acting chief manager and promoted to Chief Manager in February 2017 and worked in trade facilitation. In July 2019, she was promoted to the rank of a Deputy Commissioner."
13,The State applauds KRA’s revenue mobilisation efforts with a record number of Awards and Honours
13,"The Kenya Revenue Authority (KRA) has welcomed the highest number of decorations ever accorded to its staff members; by the State at the recent 58th Jamhuri Day Celebrations.

In recognition of the Tax Administration Authority's exemplary performance in revenue mobilisation, KRA officers received a total of 24 State commendations ranging from the Third Class: Moran of the Order of the Golden Heart (M.G.H.) to the Head of State’s Commendation (HSC-Civilian Division) awards and honours."
13,REMARKS BY COMMISSIONER GENERAL AT 2018 TAXPAYERS MONTH LAUNCH
13,"Ladies & Gentlemen

I am pleased to welcome you to the launch of the 2018 Taxpayers Month activities. The hosting of the annual Taxpayers Month is meant to celebrate the taxpaying public. who contribute towards our country's development agenda."
13,"BLOG 24/11/2022

Tax Avoidance and Tax Evasion: A Tale of Two Errors"
13,"PRESS RELEASE 30/08/2018

KRA Seizes 21 Foreign Registered Motor Vehicles Worth 30 Million"
13,PS Dr. Jane Imbunya meets NYS management to deliberate on strategic and operational matters
13,"CONSULTATIVE MEETING BETWEEN THE STATE DEPARTMENT FOR PUBLIC SERVICE AND THE NATIONAL TREASURY ON STATUTORY DEDUCTIONS AT SOURCE

The Principal Secretary for Public Service and Human Capital Development Dr Jane Kere Imbunya held a consultative meeting with a team from the National Treasury led by FCPA Bernard Ndungu, Director General for Accounting Services and Quality Assurance."
13,"In the execution of its mandate, the Department is guided by its vision and mission. Vision

To be the preferred organization in the printing and paper conversion industry within Kenya and beyond. Mission"
13,"These are debt instruments sold to investors largely in key source markets outside Kenya. They are exchange-listed or traded (e.g. in Luxembourg, London or Dublin), and therefore, disclosure requirements must conform to exchange practices and the financial markets authorities in those jurisdictions. Lastly the interest payments on Eurobonds, are paid semi-annually and are free of any withholding, income or other taxes."
13,"Under the multilateral sources, the terms are concessional i.e. long grace periods and maturities, and low interest rate; they are focused on economic development and social welfare. Such institutions include the IMS, World Bank, African Development Bank among others."
13,"Kenya and EU Deepen Engagement on Human Rights, Governance, and Multilateral Cooperation"
13,Leveraging Emerging Technology for Universal Health Coverage
13,"As the 9th Devolution Conference (DevCon 2025) unfolds in Homa Bay County, a pivotal side event hosted by Jacaranda Health explored the intersection of healthcare and digital transformation.

Dubbed “Health and Technology: Leveraging Emerging Technology to Achieve Universal Health Coverage,” the session brought together policymakers, technology, and health experts to discuss scalable solutions for equitable heath care."
13,"Kenya has reaffirmed its commitment to building a free, responsible and future-ready media ecosystem as the country hosted the Pan African Media Summit 2026, bringing together regional stakeholders to advance conversations on information integrity, digital platforms and the future of media in Africa.

Speaking at the opening of the summit, Principal Secretary for Broadcasting and Telecommunications, Mr Stephen Isaboke, EBS, said the rapid evolution of digital technologies, artificial intelligence and platform economies is fundamentally reshaping how information is created, distributed and consumed across the continent, requiring more responsive regulatory and policy approaches."
13,Requirements for PIN Deregistration of a Deceased Person
13,This guideline provides guidance to taxpayers and legal representatives on the requirements and procedures for the deregistration of a deceased person’s PIN and the registration of a PIN for the estate of the deceased person.
13,These guidelines apply to;
13,Public participation MTEF REPORT 2018-2019
13,Nairobi City County Health Reforms Task force Report
13,Nairobi County 1st Health Scientific Conference Report
13,"Nairobi County 1st health Scientific Conference Report

General Inquiries"
13,PRELIMINARY REPORT ON THE OUTCOME OF THE PUBLIC PARTICIPATION FORUMS ON THE PROPOSED NAIROBI BIASHARA STIMULUS PROGRAMME.
13,"PRELIMINARY REPORT ON THE OUTCOME OF THE PUBLIC PARTICIPATION FORUMS ON THE PROPOSED NAIROBI BIASHARA STIMULUS PROGRAMME.

General Inquiries"
13,PRELIMINARY REPORT ON THE OUTCOME OF THE PUBLIC PARTICIPATION FORUMS ON THE PROPOSED CONSTRUCTION OF THE SEVEN NEW MODERN MARKETS.
13,"PRELIMINARY REPORT ON THE OUTCOME OF THE PUBLIC PARTICIPATION FORUMS ON THE PROPOSED CONSTRUCTION OF THE SEVEN NEW MODERN MARKETS.

General Inquiries"
13,"Inclusivity, Public Participation and Citizen Engagement Draft Sector Report and MTEF FY 2024-2025"
13,"Inclusivity, Public Participation and Citizen Engagement Draft Sector Report and MTEF FY 2024-2025

General Inquiries"
13,Nairobi City County Report on the Public Participation Forums on County Fiscal Strategy Paper 2024
13,"Nairobi City County Report on the Public Participation Forums on County Fiscal Strategy Paper 2024

General Inquiries"
13,2020/21FY 3RD QUARTER BUDGET IMPLEMENTATION REPORT
13,DEVELOPMENT OF URBAN RESILIENCE STRATEGIES -DRAFT GUIDANCE NOTE TOOLKIT
13,"Development of Urban resilience strategies -Draft Guidance Note toolkit

General Inquiries"
13,NAIROBI CITY COUNTY 2021/22 FY 3RD QUARTER BUDGET IMPLEMENTATION REPORT
13,NAIROBI CITY COUNTY 2021/22 FY QUARTER 4 BUDGET IMPLEMENTATION REPORT
13,NAIROBI CITY COUNTY 2020/21 FY 4TH QUARTER BUDGET IMPLEMENTATION REPORT
13,NAIROBI CITY COUNTY 2022/23 FY 2ND QUARTER BUDGET IMPLEMENTATION REPORT
13,NAIROBI CITY COUNTY 2022/23 FY 1ST QUARTER BUDGET IMPLEMENTATION REPORT
13,NAIROBI CITY COUNTY 2021/22 FY 1ST QUARTER BUDGET IMPLEMENTATION REPORT
13,NAIROBI CITY COUNTY 2021/22 FY 2nd QUARTER BUDGET IMPLEMENTATION REPORT
13,NAIROBI CITY COUNTY 2022/23FY 4TH QUARTER BUDGET IMPLEMENTATION REPORT
13,"NAIROBI CITY COUNTY 2022/23FY 4TH QUARTER BUDGET IMPLEMENTATION REPORT

General Inquiries"
13,NAIROBI CITY COUNTY 2022/23FY 3RD QUARTER BUDGET IMPLEMENTATION REPORT
13,"NAIROBI CITY COUNTY 2022/23FY 3RD QUARTER BUDGET IMPLEMENTATION REPORT

General Inquiries"
13,"NAIROBI CITY COUNTY 2023/24 FY 1ST QUARTER BUDGET IMPLEMENTATION REPORT

General Inquiries"
13,Finance and Economic Planning Draft Sector Report and MTEF FY 2024-2025
13,"Finance and Economic Planning Draft Sector Report and MTEF FY 2024-2025

General Inquiries"
13,Disaster management and Coordination Draft Sector Report and MTEF FY 2024-2025
13,"Disaster management and Coordination Draft Sector Report and MTEF FY 2024-2025

General Inquiries"
13,"NAIROBI CITY COUNTY 2023/24 FY QUARTER 2 BUDGET IMPLEMENTATION REPORT

General Inquiries"
13,"Green Nairobi – Environment, Water, Food And Agriculture:2024/25 – 2026/27 Sector Medium Term Expenditure Framework (Mtef) Report"
13,"Green Nairobi - Environment, Water, Food And Agriculture:2024/25 – 2026/27 Sector Medium Term Expenditure Framework (Mtef) Report

General Inquiries"
13,"NAIROBI CITY COUNTY 2023/24FY QUARTER 4 BUDGET IMPLEMENTATION REPORT

General Inquiries"
13,"NAIROBI CITY COUNTY 2024/2025 FY QUARTER 1 BUDGET IMPLEMENTATION REPORT

General Inquiries"
13,Interview schedule for Shortlisted Candidates for constable Firemen and women
13,National Treasury PS Dr.Chris Kiptoo hosting a Tanzanian delegation
13,"PS Dr. Chris Kiptoo hosting a Tanzanian delegation on an Internal Audit study visit to Kenya from January 13th to 17th. The delegation is led by Lusius Mwenda, Director of Administration and HRM"
13,"Nairobi City County 2024/2025 FY Quarter 4 Budget Report

General Inquiries"
13,NAIROBI CITY COUNTY 2025/26 FY QUARTER 1 BUDGET IMPLEMENTATION REPORT
13,"NAIROBI CITY COUNTY 2025/26 FY QUARTER 1 BUDGET IMPLEMENTATION REPORT

General Inquiries"
13,"GREEN NAIROBI(ENVIRONMENT,WATER AND AGRICULTURE SECTOR"
13,BUSINESS AND HUSTLER OPPORTUNITIES SECTOR
13,"This sector is responsible for policy formulation and leadership in the following areas:Implementation of national government policies on natural resources and environment including:

The Nairobi City County, as can be seen from the foregoing, is a service provision outfit larger in structure than the defunct City Council of Nairobi. The former bears more functions and responsibilities than the latter some inherited from the Council and others transferred from the national government."
13,FINANCE AND ECONOMIC PLANNING AFFAIRS SECTOR
13,"NAIROBI CITY COUNTY 2025/26 FY QUARTER 2 BUDGET IMPLEMENTATION REPORT

General Inquiries"
13,NAIROBI CITY COUNTY 2025/2026 FY QUARTER 3 BUDGET IMPLEMENTATION REPORT
13,"Ministry of Foreign and Diaspora Affairs Engages Regulatory Institutions Ahead of Global Trust Summit 2026

The Ministry of Foreign and Diaspora Affairs today convened a consultative meeting bringing together Kenya’s 20 regulatory institutions as part of preparations for the Global Trust Summit (GTS) 2026, which Kenya will host in Nairobi from 22–23 October 2026."
13,"GAA coordinates, standardizes and manages public sector advertising while MyGov is a free weekly publication by GAA, established to articulate government agenda in a deeper and more accurate way for a better appreciation of government effort to improve the livelihoods of citizens."
13,When is MyGov Published?
13,"MyGov is published on a weekly basis, every Tuesdays in both print and PDF Version. It is distributed across the country at no cost for the Mwananchi. The PDF Version can be shared across all available platforms online."
13,"Complaint: An expression of dissatisfaction by a person, group, institution or organization about an unsatisfactory or unacceptable situation, including an act or omission or about the standard of service.

service requests that have gone beyond stipulated timeline or complaints."
13,Complaints Reporting Channels
13,Reporting period
13,Goods
13,The period for which the tax is charged
13,Withholding Income Tax
13,"Pin Registration is an online process done via iTax system.

*PIN registration requirements available on the KRA website"
13,Tax Obligations
13,"The period for which the tax is charged

UNCATEGORISED 30/08/2018"
13,Staff Training on Tribunal website management
13,"The Tribunal Secretariat together with a facilitator from the ICT Authority,pose for a group photo after successfully concluding a one week staff capacity building workshop in Machakos.The training equipped staff with practical knowledge and skills to support the migration of the Tribunal's website from WordPress to the Drupal content management system,strengthening the institution's digital service delivery and online presence"
13,Brief History
13,Ministry's Background
13,"The Ministry of Information, Communications and The Digital Economy (MICDE) is mandated with formulating, administering, managing and developing the Information, Broadcasting and Communication policy. In October, 2022, through an Executive Order No. 1/2022, the Ministry was split into two State Departments.

The State Department of Broadcasting and Telecommunications and The State Department of ICT and Digital Economy."
13,"Artificial Intelligence (AI) is fundamentally transforming the commercial landscape, revolutionizing marketing strategies, customer interactions, and business scalability.

Earlier today, Principal Secretary for ICT and Digital Economy, Eng. John Tanui, CBS, was represented by Mr. Evan Gichuki, Director of Digital Products and Services, as the chief guest at a session of the Meta Transform with AI Program, which was launched in May 2026."
13,Formation of Private sector-led committee of experts.
13,"PS Dr. Chris Kiptoo, presided over the formation of a private sector-led committee of experts to explore ways of mobilizing long-term capital from Kenya's local financial markets to fund Public-Private Partnership (PPP) projects. The committee, chaired by Dr. Hosea Kili (President of APTAK) and Vice-Chaired by Mr. Tom Mulwa (CEO, Liaison Group), brings together professionals in finance, investment, infrastructure, and capital markets.

The committee’s 3-month mandate includes reviewing regulations, deal structures, and capacity within local markets to enhance investment in key projects. It will also identify priority PPP initiatives, such as the JKIA Airfield Expansion and the Nairobi-Nakuru-Mau Summit Highway, for private sector financing."
13,"The Kenya National Bureau of Statistics is joining other statistical agencies in African to celebrate the African Statistics Day. This day is celebrated each year in Africa on 18th November to raise public awareness of the importance of statistics in all aspects of social and economic life. The theme of the Day this year “High-quality official statistics to ensure transparency, good governance and inclusive development” highlights the value of official statistics in addressing transparency, good governance and inclusive development.

Availability and appropriate use of good economic statistics can translate into better lives for people through providing evidence as a base for policy and decision-making by the nation or by firms, households, and citizens. Statistics provide information for monitoring, evaluation, and reporting of the progress in meeting the goals and targets of the Sustainable Development Goals (SDG), as well as a basis for effective economic governance to promote the welfare of a nation."
13,Competition Tribunal takes Competition Advocacy to the Mombasa National Agricultural Show
13,"The Tribunal will participate in the Mombasa National Agricultural Show from 2nd to 6th as part of its ongoing efforts to enhance public awareness of competition law and policy in Kenya.The event will provide an opportunity for the Tribunal to engage with members of the public,businesses,investors,farmers and other stakeholders on its mandate and role in promoting fair competition and resolving competition related disputes"
13,"Kenya Unveils Results-Driven Foreign Service Reform Agenda to Deepen Economic Diplomacy and National Development

Kenya has unveiled a comprehensive results-driven reform agenda for its Foreign Service, marking a strategic shift towards performance-based diplomacy designed to strengthen institutional effectiveness, deepen international partnerships and ensure the country’s foreign policy delivers tangible benefits to citizens and the national economy."
13,Applying for ADR
13,Role of Parties
13,"The taxpayer is required to submit a duly completed ADR application form together with all supporting documents.

Download ADR Application Form"
13,Withholding Tax
13,PAYE (for employers only)
13,This is a method whereby the payer of certain incomes is responsible for deducting tax at source from payments made and remitting the tax so deducted to the Authority. Withholding tax may or may not be a final tax.
13,Advance Tax
13,Consultative meeting with Senate Committee on Finance and Budget
13,"Consultative meeting with Senate Committee on Finance and Budget (Equitable Development Bill, 2024 ( Senate Bills No. 20 of 2024)

Senate Standing Committee on Finance and Budget on the Division of Revenue Bill, 2025 ( National Assembly Bills No. 10 of 2025)"
13,September 2025 Monthly Bulletin
13,FY 2025-26 Recurrent Budget Book Vol. 1 1011-1097
13,August 2025 Monthly Bulletin
13,July 2025 Monthly Bulletin
13,June 2025 Monthly Bulletin
13,May 2025 Monthly Bulletin
13,October 2025 Monthly Bulletin
13,November 2025 Monthly Bulletin
13,December 2025 Monthly Bulletin
13,FY-2024-25 Development Budget Book 1011-1083
13,March 2026 Monthly Bulletin
13,INDEPENDENT DIRECTORS OF THE BOARDS OF GOVERNMENT OWNED ENTERPRISES
13,February 2026 Monthly Bulletin
13,Fit and Proper Form
13,April 2026 Monthly bulletin
13,Auditor General Report - The National Treasury FY ending June 2025
13,BUDGET STATEMENT FOR THE FY2026/27
13,April 2025 Monthly Bulletin
13,March 2025 Monthly Bulletin
13,February 2025 Monthly Bulletin
13,January 2025 Monthly Bulletin
13,Draft LMO Policy for Comments from the Public
13,October 2024 Monthly Bulletin
13,November 2024 Monthly Bulletin
13,December 2024 Monthly Bulletin
13,Final Chance for the Pensioner Self- Registration
13,Consulting services for a Program Officer for the Council of Governors under the Financing Locally-Led Climate Action (FLLoCA) Program
13,Procurement Of Consultancy Services For Capacity Strengthening And Technical Assistance To Participating Financial Institutions On Establishment And Operationalization Of Environment And Social Management Systems
13,ADDENDUM NO.1
13,"INFRASTRUCTURE IMPROVEMENT-CONSTRUCTION OF FACILITIES (LOT 5,11 AND 20) AND SUPPLY OF FURNITURE AND EQUIPMENT (LOT 25) IN TARGETED SCHOOLS IN NYAMIRA COUNTY"
13,"CONSULTANCY SERVICE FOR DESIGN & SUPERVISION OF SOLAR PV SYSTEM INSTALLATION IN TARGETED PUBLIC SCHOOLS IN KENYA (MOE/QCBS/01/2025-2026) AND FRAMEWORK CONTRACT FOR SUPPLY, DELIVERY AND INSTALLATION OF SOLAR PV SYSTEM IN TARGETED SCHOOLS ACROSS THE COUNTRY IN KENYA (MOE/NCB/02/2025-2026)"
13,"SUPPLY AND DELIVERY OF FIRE PROOF CABINETS & SHREDDERS AS AND WHEN REQUIRED, FOR TWO YEARS"
13,"SUPPLY AND DELIVERY OF BICYCLES AS AND WHEN REQUIRED, FOR TWO YEARS"
13,"SUPPLY AND DELIVERY OF AIRTIME AS AND WHEN REQUIRED, FOR TWO YEARS"
13,"CLARIFICATIONS ANSWERS ON BIDDER’S QUERIES DURING PRE-BID MEETING HELD ON 8TH AND 31ST MARCH 2023 AT CEMASTEA FOR CONSTRUCTION AND COMPLETION OF THE PROPOSED ULTRA MODERN TRAINING CENTRE AT CEMASTEA UNDER SEQIP IN KAREN, NAIROBI COUNTY."
13,H.E President Ruto appoints Task force to Evaluate CBC
13,"His Excellency the President Dr. William Ruto on Friday 30th September 2022 appointed a task force to evaluate the Competency-Based Curriculum (CBC) in the country.

The working party will also recommend appropriate reforms to other sectors of Kenya’s education."
13,"THE PRINCIPAL SECRETARY FOR EDUCATION, PROF (AMB.) JULIUS BITOK, CBS."
13,"SPEECH BY THE PRINCIPAL SECRETARY FOR EDUCATION, PROF (AMB.) JULIUS BITOK, CBS, DURING THE SENATE ASSESMENT AND PLANNING RETREAT FOR THE 5TH SESSION HELD ON 27TH FEBRUARY 2026 AT SAWELA LODGE NAIVASHA."
13,H1 Heading
13,Typography
13,"Lorem ipsum dolor sit amet, consectetur adipiscing elit. Aliquam iaculis lobortis commodo. Vestibulum ac lorem id enim viverra posuere. Duis malesuada accumsan metus, et rutrum ex venenatis vel. Vivamus semper orci mi, a laoreet tellus vestibulum gravida. Donec id dui tortor. Ut lobortis maximus lectus, at convallis est ornare in. Donec condimentum, erat eget mollis venenatis, libero lorem consectetur ante, at vulputate mauris lectus a ligula. Duis et rutrum risus. Phasellus volutpat quis nunc nec tincidunt.Aenean non lorem non nunc venenatis dignissim eget vel nulla. Class aptent taciti sociosqu ad litora torquent per conubia nostra, per inceptos himenaeos."
13,H2 Heading
13,"SPEECH BY THE CABINET SECRETARY MINISTRY OF EDUCATION JULIUS MIGOS OGAMBA, E.B.S DURING THE 96TH KENYA MUSIC FESTIVAL GALA PERFORMANCE AT MOI GIRLS -ELDORET ON 13TH AUGUST 2024

SPEECH BY EDUCATION CABINET SECRETARY HON. DR. EZEKIEL MACHOGU, EGH, DURING THE FLAG-OFF OF THE 2024 ELIMU SHOLARSHIPS ON 19TH JANUARY, 2024 AT THE BOMAS OF KENYA"
13,CLARIFICATIONS AND ANSWERS ON BIDDER’S QUERIES DURING THE VIRTUAL PRE-BID MEETING HELD ON 19TH JANUARY 2024 FOR SCHOOL INFRASTRUCTURE IMPROVEMENT (CONSTRUCTION AND REHABILITATION OF FACILITIES IN TARGETED SCHOOLS IN NYAMIRA COUNTY
13,TARGET INSTITUTIONS
13,"Category I [Construction and equipment]:-Tseikuru (Kitui),Mukurweini (Nyeri), Wajir (Wajir), Siala (Migori), Aldai (Nandi), Bureti (Kericho), Godoma (Kilifi), Butere (Kakamega), Machakos TTI for the blind (Machakos); Sikri TTI for the deaf and blind (Homabay); Nyangoma TTI for the deaf (Siaya) and Karen TTI for the deaf (Nairobi) (12 Institutions)

Category II [Equipment]:-Mombasa TTI (Mombasa), North Eastern TTI (Garrisa), Meru TTI (Meru), Kitale TTI (Trans-Nzoia), Gusii IT (Kisii), Kisumu Polytechnic (Kisumu), Eldoret Polytechnic (Uasin Gishu), Nairobi TTI (Nairobi), Sang’alo IT (Bungoma), Coast IT (Taita Taveta), Thika TTI (Kiambu), Masai TTI (Kajiado), Nyandarua IT (Nyandarua), Rwika TTI (Embu), Siaya IT (Siaya), Mathenge TTI (Nyeri), Nkabune TTI (Meru), Mpeketoni TTI (Lamu), Mawego TTI (Homabay), Ol’lessos TTI (Nandi) and Kaiboi TTI (Nandi) (21 Institutions)."
13,KWF PROJECT
13,FULL TIME SNE DIPLOMA COURSE AT KENYA INSTITUTE OF SPECIAL EDUCATION APPLICATION
13,"FULL TIME SNE DIPLOMA COURSE AT KENYA INSTITUTE OF SPECIAL EDUCATION APPLICATION CLICK THE LINK BELOW TO DOWNLOAD THE APPLICATION FORM AND ADVERT

/sites/default/files/KISE%20DIP%20APPLICATION%20_0.pdf"
13,Reporting & Analysis
13,Proin sagittis feugiat elit finibus pretium. Donec et tortor non purus vulputate tincidunt. Cras congue posuer eros eget egestas. Aenean varius ex ut ex laoreet Aenean the fermentum.
13,Project Overview
13,"Movable Property Security Rights Bill, 2016"
13,"The Kenya Development Bank Bill, 2020"
13,Draft Public Financial Management Amendment Bill 2020
13,Request For Proposals (Rfp) For Provision Of Consultancy Services To Develop The Tracking And Reporting Tool For Climate Finance
13,Provision Of Consultancy Services To Support The Development Of Gcf Funding Proposals And Concept Notes
13,"The Public Financial Management Bill, 2011"
13,"Provision Of Security Services At The National Treasury Building, Bima House, Herufi House, National Bank Building (17th And 18th Floors), Re-Insurance Plaza (5th, 6th And 7th Floors), Anniversary Towers (7th Floor) And Cbk Pension Towers (3rd Floor)"
13,Request For Expressions Of Interest (REOI) For Individual Consultant To Develop Test And Deploy A Web-Based Application Tool For Green Finance Taxonomy
13,"Provision of Consultancy Services for Development of Environment, Social and Governance (ESG) Reporting Framework for Donor Funded Projects"
13,Request For Proposals (Rfp) For Provision Of Consultancy Services To Develop Public Debt Management Procedures Manual
13,Supply And Delivery Of Various Common User Items For The Period 2024-2026
13,"Provision Of Security Services At The National Treasury Building, Bima House, Herufi House, National Bank Building (17th And 18th Floors), Re-Insurance Plaza (5th, 6th And 7th Floors) And Cbk Pension Towers (3rd Floor)"
13,Provision Of Ifmis Primary And Secondary Onsite And Back To Back Support Services
13,Request For Proposals (Rfp) For Provision Of Individual Consultancy Services To Develop The Green Climate Fund Country Programme 2024-2027 And Operational Manual For Kenya
13,Request For Proposals (RFP) For Provision Of Consultancy Services To Develop The Tracking And Reporting Tool For Climate Finance
13,Request For Proposals (Rfp) For Provision Of Consultancy Services To Undertake Institutional Gap Analysis And Need Assessment For Two Entities Nominated For Green Climate Fund Accreditation
13,Circular No.16-2016 Annual Report to Parliament on Public Investments by Cabinet Secretary National Treasury 2015-2016FY
13,"Hon. John Mbadi Ng'ongo, EGH"
13,Agricultural Development CorporationF-1001-2-2020_2021
13,REMARKS BY DR. MUTUA DURING THE MEETING WITH THE VISITING DELEGATION FROM CHINA
13,REMARKS DURING A MEETING WITH THE DIPLOMATIC CORPS ON DEMONSTRATIONS IN KENYA
13,Press-Release-visit-by-Hon-Dominic-Raab
13,DIPLOMACY NEWSLETTER APR MAY JUNE 2024
13,His Highness Prince Rahim Aga Khan V visit to Kenya
13,"Kenya Attends TICAD 9 in Yokohama, Japan"
13,Kenya Urged to Take Control of Its Global Narrative as Strategic Risks Rise
13,"Kenya Urged to Take Control of Its Global Narrative as Strategic Risks Rise

Kenya must urgently take control of its global narrative or risk losing ground in an increasingly competitive and perception-driven world, leading communications experts have warned at the 2026 Ambassadors’ Conference in Nairobi."
13,Kenya Champions Global Drive for Adequate Housing at UN Summit
13,"Kenya has assumed a leading role in advancing the global agenda on adequate and affordable housing. On September 24, 2025, at the sidelines of the 80th United Nations General Assembly in New York, His Excellency President William Ruto officially launched the Global Championship for Adequate Housing.

The launch was attended by the Presidents of Botswana and Ghana, whose participation affirmed Africa’s united resolve to confront the housing challenge. The roundtable further drew the participation of Brazil, the United Arab Emirates, France, Rwanda, and other partners, reflecting broad international recognition that access to decent housing is central to sustainable development."
13,President William Ruto Leads Nation in Bidding Farewell to Raila Odinga
13,"H.E. President William Ruto today led the nation in paying final respects to Kenya’s former Prime Minister, Hon Raila Amolo Odinga, who was laid to rest at his ancestral home in Bondo, Siaya County.

Odinga passed away while receiving treatment in India on October 15, 2025."
13,"The Foreign Service Academy (FSA), in collaboration with the League of Arab States (LAS), officially opened a five-day training on Diplomacy in the Middle East at the Academy . The training aims to strengthen the capacity of Kenya’s Foreign Service officers to effectively engage with countries in the Middle East region.

Ambassador Stella Munyi, Deputy Director General, Americas Directorate, delivered opening remarks on behalf of Ambassador Josphat Maikara, Director General, Political and Diplomatic Affairs. She underscored the importance of the seminar in advancing Kenya’s diplomatic engagement with the Arab world and commended the League of Arab States for its continued partnership and support."
13,Foreign Policy Mashinani Launches in Kisumu
13,"Kisumu City, often referred to as the Blue and White City today became the heartbeat of Kenya’s evolving diplomacy when the Ministry of Foreign and Diaspora Affairs (MFDA) commenced public sensitisation exercise for the Foreign Policy Mashinani initiative, a landmark programme bringing Kenya’s foreign policy to county level for the first time.

The outreach scheduled to be officially launched tomorrow at the Mama Grace Onyango Cultural Centre will open a new chapter in people-centred diplomacy, turning abstract policy into real conversations about livelihoods, investment, and opportunity."
13,"Kenya and EU Deepen Engagement on Human Rights, Governance, and Multilateral Cooperation

Kenya and the European Union have reaffirmed their shared commitment to advancing human rights, democratic governance, and strategic cooperation following a high-level bilateral meeting between the Prime Cabinet Secretary and Cabinet Secretary for Foreign and Diaspora Affairs, H.E. Musalia Mudavadi, EGH, and the European Union Special Representative for Human Rights, H.E. Kajsa Ollongren."
13,Kenya and Armenia Hold Inaugural Political Consultations
13,"The Republic of Kenya and the Republic of Armenia have formalized a new framework for bilateral engagement following the signing of a Memorandum of Understanding on the establishment of a mechanism for Political Consultations between the two countries.

The Agreement was signed by Amb. Josphat Maikara, EBS, Director General for Political and Diplomatic Affairs of Kenya, and H.E. Vahan Kostanyan, Deputy Minister for Foreign Affairs of Armenia. The MoU establishes a structured framework for regular consultations on bilateral and multilateral issues of mutual interest."
13,#DiplomacyInActionKE
13,MEDIA LOGISTICAL NOTES
13,Kenya wins at the 30th edition of the Rome Marathon
13,Change of Guard at the Middle East Directorate
13,"Ambassador Joseph Masila, the designate Ambassador to Riyadh has officially handed over the reigns of the Middle East Directorate at the Ministry of Foreign and Diaspora Affairs to Ambassador Lindsay Kiptiness ndc (K), Deputy Director General and Kenya’s former representative to Bangkok.

Amb. Masila expressed his appreciation for the chance to serve in the Directorate, recognising the Ministry's top leadership's support under the direction of the Prime Cabinet Secretary and Cabinet Secretary for Foreign and Diaspora Affairs, as well as the Principal Secretary for Foreign Affairs."
13,State Visit to Kenya by His Excellency President Alexander Stubb and Mrs. Suzanne Innes-Stubb of the Republic of Finland.
13,Kenya Viet Nam Relations
13,"Kenya and Vietnam enjoy cordial relations spanning over 25 years since the establishment of our diplomatic relations.

Dr. Korir SingOei recently hosted H. E. Madame Nguyen Minh Hang, Special Envoy of the Prime Minister and Deputy Minister for Foreign Affairs of the Socialist Republic of Vietnam for an inaugural Kenya-Vietnam Bilateral and Political Consultations."
13,"Dr Musalia Mudavadi, the Prime Cabinet Secretary has in his capacity as Cabinet Secretary for Foreign and Diaspora Affairs received Letter of credence from Ms. Antonia N’gabala Sodonon the incoming UN Women representative in Kenya.

Ms. Sodonon informed that UN Women had four priority areas for Kenya that are aligned to the national priorities and include Governance and participation in public life where women are involved in leadership and decision making."
13,H.E. PRESIDENT WILLIAM S. RUTO'S OFFICIAL VISIT TO CHINA
13,Speech by Dr. William Ruto at Peking University: Reimagining Multilateralism for a Shared Future
13,"The National Treasury Principal Secretary, Dr. Chris Kiptoo, CBS today gave a key note address during the Retirement Benefits Sector Consultative Forum held at the Sarova Panafric hotel, Nairobi.

Speaking during the forum, PS Kiptoo emphasized the Government's commitment towards building a sustainable, inclusive, and secure retirement benefits system for all Kenyans."
13,Kenya Honoured by Germany to Co-host the Annual Citizen’s Festival
13,"Kenya took center stage at Bürgerfest to celebrate not just the cultural showcase but also the deep, enduring partnership based on shared values and principles. This event emphasized the two countries shared history and ongoing collaboration, while also providing Kenya with many opportunities for strengthening ties, and exploring new avenues of cooperation with Germany and beyond. It also emphasizes Kenya's expanding involvement in global diplomacy.

From September 13th to 14th, 2024, Kenya became the first non-European nation to participate in Germany's Annual Citizen's Festival, ""Bürgerfest,"" in Berlin. The event, themed, “Pamoja – Stronger Together,"" offered Kenya a distinctive opportunity to exhibit its extensive cultural heritage to a broad European audience. This invitation recognized Kenya and its increasing global influence and dedication to cultivating international partnerships."
13,KENYA - NAMIBIA BILATERAL RELATIONS
13,"The Honorary Consul of the Republic of Namibia to Kenya, Mr. Said Ali, formally presented his credentials to H.E. Dr. Musalia Mudavadi, Prime Cabinet Secretary and Cabinet Secretary for Foreign and Diaspora Affairs."
13,"The legal requirement for women, youth and persons with disabilities to access 30% of Government Procurement opportunities is being implemented within the context of the Access to Government Procurement Opportunities (AGPO) program which was officially launched by H.E President Uhuru Kenyatta on 16th October, 2013 in Nairobi County.

The AGPO program is founded on the Constitution of Kenya, 2010 Article 227 on the fair, equitable, transparent and cost-effective public procurement of goods and services, Article 55 on affirmative action and, the Public Procurement and Asset Disposal Act, 2015."
13,eTIMS Fuel Station System
13,"Overview:

The Kenya Revenue Authority (KRA) continues to champion the modernization of tax administration by rolling out the eTIMS Fuel Station System, which was introduced to complement the existing eTIMS solutions."
13,Support Information
13,"For additional support, please contact us:

Email: timsupport@kra.go.ke or callcentre@kra.go.ke"
13,Taxation of the Digital Economy
13,"Overview

Overview Digital Service Tax (DST) is a tax imposed under section 12E of the Income Tax Act, Cap 470 on income accruing from a business carried out over the internet or an electronic network, including through a digital marketplace. According to Section 3(3)(ba) of the Income Tax Act, Cap 470, a digital marketplace is defined as an online or electronic platform that enables users to sell or provide services, goods, or other property to other users. Key Issues The introduction of DST in Kenya, effective January 2021, marked a significant step towards broadening the tax base and ensuring that digital economy players pay taxes. The widespread dissemination of inaccurate information about DST is hindering its effective implementation, impacting revenue collection for the Kenya Revenue Authority (KRA) and creating confusion among taxpayers. Amongst the misinformation is the interaction between withholding tax and DST. This fact sheet aims to clarify misconceptions and highlight the importance of accurate information for both the KRA and taxpayers. By addressing DST misinformation, we can enhance tax compliance, boost revenue collection, and foster a transparent tax environment."
13,"Digital Service Tax (DST) is a tax imposed under section 12E of the Income Tax Act, Cap 470 on income accruing from a business carried out over the internet or an electronic network, including through a digital marketplace. According to Section 3(3)(ba) of the Income Tax Act, Cap 470, a digital marketplace is defined as an online or electronic platform that enables users to sell or provide services, goods, or other property to other users."
13,"The introduction of DST in Kenya, effective January 2021, marked a significant step towards broadening the tax base and ensuring that digital economy players pay taxes. The widespread dissemination of inaccurate information about DST is hindering its effective implementation, impacting revenue collection for the Kenya Revenue Authority (KRA) and creating confusion among taxpayers. Amongst the misinformation is the interaction between withholding tax and DST.

This fact sheet aims to clarify misconceptions and highlight the importance of accurate information for both the KRA and taxpayers. By addressing DST misinformation, we can enhance tax compliance, boost revenue collection, and foster a transparent tax environment."
13,2025-2026
13,2023-2024
13,2024-2025
13,2022-2023
13,2021-2022
13,2020-2021
13,2019-2020
13,2018-2019
13,2017-2018
13,2016-2017
13,2015-2016
13,2014-2015
13,2013-2014
13,2012-2013
13,2011-2012
13,2010-2011
13,"What is the auto populated VAT return?

The auto populated VAT return is a simplified VAT filing process where the Kenya Revenue Authority (KRA) pre-fills VAT returns with tax information from iTax, TIMS, eTIMS and the customs business systems."
13,"Principal Secretary for Broadcasting and Telecommunications, Mr Stephen Isaboke, today met with a delegation from Glovo led by Ms Caroline Mutuku, Country Managing Director for Kenya, for discussions on emerging business trends and opportunities within Kenya’s growing digital ecosystem.

The engagement explored the evolving landscape of digitally enabled businesses and the unique opportunities technology continues to unlock for enterprises operating in Kenya. The discussions also highlighted the role of digital platforms in driving innovation, expanding market access and supporting economic growth."
13,"H.E Dr. William Ruto, C.G.H., President of the Republic of Kenya today presided over the official opening of the Second Africa Urban Forum (AUF2), convened in Nairobi from 8th- 10th April, 2026, where he reaffirmed Kenya’s commitment to positioning its urban centres as catalysts for economic growth, innovation, and social inclusion.

Bringing together a broad spectrum of African leaders, policymakers, urban planners, and development partners to deliberate on the future of urbanisation across the continent, with particular emphasis on the delivery of adequate housing and the advancement of sustainable, inclusive cities."
13,Kenya Highlights 5G Progress and Future Spectrum Strategy at MWC Shanghai 2026
13,"Kenya has showcased its progress in spectrum management and 5G deployment at the Mobile World Congress (MWC) Shanghai 2026, reinforcing the country's commitment to expanding digital connectivity and building future-ready telecommunications infrastructure.

Principal Secretary for Broadcasting and Telecommunications, Mr. Stephen Isaboke, EBS, participated in the Policy Leaders Forum on Spectrum, where he shared the country's experience in spectrum management and outlined Kenya's journey towards nationwide 5G adoption."
13,Governor Sakaja Restores Hope To Vulnerable Students With Full Grade 10 Scholarships
13,"Nairobi, 13th January, 2026

In a powerful display of compassionate leadership, Nairobi Governor Sakaja Johnson today personally facilitated the secondary school transition for several vulnerable students, ensuring that financial hardship does not derail the city’s brightest minds."
13,Nairobi County strengthens multi-agency coordination through integration of Climate Worx programme into citywide clean-up operations
13,"Nairobi, 1st May 2026

Nairobi City County is scaling up efforts to enhance environmental management and climate resilience through a strengthened multiagency approach under the Climate Worx programme, set to commence on Monday, 4th May 2026."
13,Nairobi County Marks World Public Transport Day in style.
13,"Nairobi, April 17th 2026

Nairobi City County today joined the rest of the world in marking the inaugural World Public Transport Day, with hundreds of public transport operators benefiting from free health checks."
13,"Kenya Pushes for Pharmaceutical Manufacturing Hub as President Ruto Champions AIM2030 Agenda

H.E. Dr. William Samoei Ruto, President of the Republic of Kenya has reaffirmed Kenya’s commitment to becoming a regional pharmaceutical manufacturing and health innovation hub, as leaders and global partners convened in Nairobi for a high-level breakfast meeting held on the sidelines of the Africa Forward Summit 2026 under the Africa Initiative for Medical Access and Manufacturing (AIM2030)."
13,Nairobi Revenue Authority Framework To Drive Fiscal Autonomy in The City
13,"Naivasha, 30th March, 2026

Nairobi County took a key step towards strengthening its own-source revenue by convening a multi-sectoral technical workshop to develop the operational instruments needed to fully operationalize the Nairobi Revenue Authority (NRA)."
13,"Hon. J.B Muturi, Cabinet Secretary for Public Service and Human Capital Development, alongside Principal Secretary Mr. Amos Gathecha, proudly joined H.E. President William Samoei Ruto at the 88th National Youth Service Recruits Pass-Out Parade that took place today in Gilgil, Nakuru County."
13,PS Imbunya Launches Workshop to Develop Pension Tracking Module in HRIS-Ke System
13,"The Principal Secretary for Public Service and Human Capital Development Dr. Jane Imbunya on Wednesday officially opened a workshop on the development of the Pension Tracking Module in the HRIS_Ke system.

The new module will enable full integration between HRIS-Ke and the National Treasury’s pension management system—streamlining the digital transmission of retiree documents from Ministries, Departments, Counties, and Agencies."
13,APSD Kenya Celebrations
13,"AFRICA PUBLIC SERVICE DAY CELEBRATIONS KICK OFF AT KICC, 10TH JUNE, 2025

The Cabinet Secretary for Public Service, Human Capital Development and Special Programmes, Hon. Geoffrey Ruku, today presided over the official opening of the Africa Public Service Day celebrations at the Kenyatta International Convention Centre (KICC), Nairobi."
13,Citizens Interact with Innovations on Day 1 of APSD 2025
13,"Tuesday 10/06/2025

Day 1 of the Africa Public Service Day celebrations kicked off at the Kenyatta International Convention Centre with citizens exploring a wide range of public services and innovations. Themed “Enhancing the Agility and Resilience of Public Institutions to Achieve Equitable Governance and Rapidly Address Historical Service Delivery Gaps,” this year’s event highlights the vital role of public institutions in transforming service delivery and fostering inclusive governance."
13,"Wednesday 6th August, 2025Naivasha

Preparation of work plans, procurement plans, and cash flow projections is vital to ensuring efficient implementation of activities, timely resource allocation, sound financial management, and achievement of set targets within planned timelines."
13,"Principal Secretary for Public Service and Human Capital Development, Dr. Jane Kere Imbunya, today chaired a high-level departmental self-evaluation meeting to review progress for the first half of the 2025/2026 financial year.

The session brought together heads of departments to assess milestones achieved so far, scrutinize performance gaps, and chart a clear, results-driven path toward meeting all set targets before the close of the financial year in June 2026."
13,PRINCIPAL SECRETARY DR. JANE KERE IMBUNYA COMMEMORATES MAZINGIRA DAY AT HER FORMER SCHOOL
13,"PRINCIPAL SECRETARY DR. JANE KERE IMBUNYA COMMEMORATES MAZINGIRA DAY AT HER FORMER SCHOOL

Principal Secretary for Public Service and Human Capital Development, Dr. Jane Kere Imbunya marked this year’s Mazingira Day with a heartfelt return to her roots—Matende Primary School in Shirere Ward, Lurambi Constituency, and Kaimosi Demonstration Primary School in Vihiga County."
13,Unveiling the Economic Pulse of Kenya's Counties
13,Gross County Product Insights
13,"Welcome to the Gross County Product (GCP) Page, your portal to discovering the economic vibrancy of Kenya’s diverse counties. At KNBS, we provide you with comprehensive GCP data, offering insights into the economic health of each county.

Whether you’re a local entrepreneur seeking growth opportunities or a policymaker focused on regional development, our GCP reports illuminate the economic vitality of Kenya’s counties."
13,Examples Of Gross County Product
13,How do I pay for Capital Gains Tax?
13,Exemptions on Capital Gains Tax
13,"The due date for CGT payment shall be the earlier of receipt of full purchase price by the vendor or the registration of the transfer instrument in favor of the transferee.

-Payment should be initiated online via iTax https://itax.kra.go.ke"
13,"No expenses are allowed for deduction.

Turn over Tax is charged on the gross sales and is a final tax."
13,Benefits of Turnover Tax
13,"PHYSICAL AND LAND USE PLANNING ACT,2019- NOTICE OF COMPLETION OF DEVELOPMENT PLAN"
13,"Kindly click on the links below to download the reports:-

FINAL PLAN REPORT Plan Ref. No.UP/UPR&S/URP-E/ZONE8/170/09/19 Vol. 1 SURVEY REPORT"
13,Acts
13,"Parliament plays a critical role as a legislative body in approving the laws that govern the legal operations in different sectors of the economy. Lately, the Senate is also recognized as an endorsing body to the acts passed in parliament. The two legislative houses have to consent before an Act is accepted as law or a statute as stipulated in the Constitution of Kenya 2010.

Therefore, it is prudent to state that, an Act is a law passed by both Houses; – Parliament, and the Senate. The two legislative arms of government must assent to the statute before it is released for use."
13,"Kenya National Bureau of Statistics (KNBS), has officially launched the Child Poverty Study in Kenya. The study will be carried by KNBS, in conjunction with UNICEF and Economic Policy Research Institute of South Africa (EPRI) have The Study will generate child poverty evidence that will enable the government and stakeholders to track child poverty and their wellbeing. At the long run, this will help the Government formulate policies that will help realise the Sustainable Development Goals (SDGs).

Purpose/Issue Sustainable Development Goals (SDGs) No recent comprehensive child poverty estimates for national and county exist in Kenya to guide planning and budgeting for children’s investments. The current child poverty study is the first rigorous attempt to measure child poverty in its many dimensions. The conclusion of the study will also provide baseline child poverty estimates for SDG 1 target 1.2 (poverty in all its forms) and to some extent SDG 10 (inequality). The child poverty evidence generated by the study will enable Government and stakeholders to sytmaticlly track child poverty and wellbeing, as well as overall progress in realization of children’s rights in Kenya."
13,Kenya and France to co-host historic France-Africa Summit
13,"The Prime Cabinet Secretary and Cabinet Secretary for Foreign and Diaspora Affairs, Dr. Musalia Mudavadi, yesterday received Mr. Jérémie Blin, Secretary General of the France-Africa Summit, and French Ambassador H.E. Arnaud Suquet.

The discussions centered on hosting of the first Africa-France Summit in Nairobi in 2016. The agreement to host the first Africa-France Summit outside France was announced in September 2024 by President William Ruto and French President Emmanuel Macron during the 79th UN General Assembly in New York."
13,Kenyans arrive in Saudi for Hajj
13,"The first batch of 500 Kenyan pilgrims have arrived in Jeddah, Saudi Arabia to perform Hajj(pilgrimage) 2025. They were received at the King Abdulaziz International Airport in Jeddah by the Kenyan Consul General, Amb. Aden Mohamud Mohamed and his Deputy, Adan Abarufa Jarso and Officials from the Supreme Council of Kenya. The pilgrims are among 4,500 Kenyans expected in Saudia for the annual Hajj.

Another group of Kenyan pilgrims are expected to arrive through Madinah International Airport, enroute to Makkah to begin their spiritual journey."
13,Prime Cabinet Secretary bids envoys kwa heri
13,"The Prime Cabinet Secretary and Cabinet Secretary for Foreign and Diaspora Affairs, Dr. Musalia Mudavadi, bids farewell to envoys of the Jordan, Slovakia and Norway.

The Prime Cabinet Secretary and Cabinet Secretary for Foreign and Diaspora Affairs, Dr. Musalia Mudavadi, has bid farewell to envoys of the Jordan, Slovakia and Norway."
13,PCS Mudavadi holds bilateral talks on the sidelines of FOCAC Ministerial Summit in China
13,"Prime Cabinet Secretary and Cabinet Secretary for Foreign and Diaspora Affairs, H.E. Dr. Musalia Mudavadi has held a series of high-level bilateral engagements aimed at deepening Kenya’s strategic partnerships.

The discussions underscore Kenya’s proactive diplomacy under the #DiplomacyInActionKe initiative and reinforce the country’s commitment to fostering meaningful international partnerships that deliver tangible benefits for the Kenyan people."
13,Inauguration of Kenya Embassy Rabat
13,"Kenya’s diplomatic footprint has expanded today after the Prime Cabinet Secretary and Cabinet Secretary for Foreign and Diaspora Affairs Dr. Musalia Mudavadi, and Morocco’s Minister of Foreign Affairs, African Cooperation and Moroccan Expatriates, His Excellency Nasser Bourita, officially inaugurated the Kenyan Embassy in Rabat, capital of the Kingdom of Morocco.

The Kenyan Embassy in Rabat is symbolic of the diplomatic ties between the two countries that date back to 1965 and signifies a renewed chapter anchored in shared aspirations and deepened by the bonds of history, cooperation, and mutual respect."
13,Digital Infrastructure
13,"Kenya currently boasts of being one of the most connected countries on the Eastern Coast of Africa. There are six submarine cables and 8900 Km of Backbone, Metro and last mile connectivity that cut across the country as well as various Private sector connectivity. However, Kenya still faces a number of challenges in developing and providing connectivity infrastructure, the Ministry is undertaking projects to enhance Digital connectivity, the Digital Data centre and cloud Infrastructure.

Our Contacts"
13,"Holds a Master of Arts Degree in Economics from the University of Dar es Salaam, Degree inn Economics from Kenyatta University, Certificate in Intergovernmental Fiscal Relations and Microfinance entrepreneurship from Duke and Harvard Universities respectively."
13,"Secretary, Public Communications"
13,"Patricia Terer Ondeng’ is a distinguished communication and strategic leadership professional with nearly three decades of experience in Kenya’s public sector. She holds a Master of Arts in Communication (Corporate and Development Communication) from Daystar University and a Bachelor’s degree in Business and Office Management from the Jomo Kenyatta University of Agriculture and Technology (JKUAT).

A seasoned strategic communication expert, Ms. Ondeng’ is an active member of the Public Relations Society of Kenya (PRSK), where she has played key roles in initiatives such as pitching for the World Public Relations Forum and speaking at PRSK Annual Summits. She is also a Certified Professional Mediator, passionate about fostering effective communication, collaboration, and conflict resolution in organizational settings."
13,"Secretary, Information and Broadcasting"
13,"Temesi Mukani is a career communications professional with over 15 years experience in journalism, public relations and marketing communications.

He holds a Master of Arts in Communication Studies and a First Class Honors Bachelor of Arts in Journalism and Media Studies degrees from the University of Nairobi as well as a post-graduate diploma in Public Relations and Reputation Management from the London of School of Public Relations."
13,PS - Broadcasting and Telecommunications
13,"Mr. Stephen Motari Isaboke EBS is a former technology media, oil & gas, and renewable energy consultant in Kenya and the United Arab Emirates (UAE).

He is an experienced and multi-disciplinary business executive with over twenty-five years’ leadership in senior management and executive levels. He has previously served as the Group Executive Director of Regulatory and Government Affairs for the Africa Region at MultiChoice Africa Holdings, based in Dubai, UAE."
13,"The Finance Act 2023 has introduced a new section 10(3) to provide that where a payment has been made to a non-resident person, withholding tax paid thereon shall not be refundable or available for deduction against the income where an audit adjustment has been made in respect of such payment."
13,Withholding Tax payment
13,What is Dual TVET
13,DUAL TVET
13,"The CTVET website aims at creating awareness of the Cooperative (Dual) Training model and strengthening the engagement of the private sector and the Centers of excellence within the Promotion of Youth Employment and Vocational Training programme.

You can access information on training programmes, training providers (training institutions and Company partners), Dual VET Courses, upcoming events, innovations, success stories and more!"
13,"PS Stephen Isaboke and his colleague, PS Medical Services, Dr Ouma Oluga toured the Jaramogi Oginga Odinga Teaching and Referral Hospital, Kisumu to check on the progress of its construction upgrades.

Our Contacts"
13,"PS Stephen Isaboke presented the Supplementary Budget 1 of FY 25/26 to the National Assembly Committee for Information, Communication and Innovation, chaired by Hon John ""KJ"" Kiarie, MP Dagoretti South

Our Contacts"
13,"The Cabinet Secretary, Hon William Kabogo welcomed H.E President Dr William Ruto to the Siaya Community Digital Hub. He was accompanied by the Principal Secretaries Eng John Tanui (ICT and Digital Economy) and Stephen Isaboke (Broadcasting and Telecommunications).

Our Contacts"
13,Become a connected farmer
13,"In a few months my fellow farmers and I not only specialised ourselves in intensive potato farming practices, but we also learned all details about potato farming finance. To be honest, the latter was a shock to many of us. The majority of us had a straightforward way of measuring our expenses vs income until then, namely by simply deducting all input costs (like the seeds, fertilizer, chemicals) from turnover (revenue from sales).

Step by step we became aware that all the years our input cost estimates were actually overly optimistic. With our old way of bookkeeping we forgot to include many other cost, such as labour, equipment and microfinance cost. When really taking all costs into consideration, and thus basing our financial results on modern accounting practices, many of us learned our previous potato farming was hardly profitable – or even loss making – until now. “Wacha kichwa inauma” was our most common response during the potato finance education."
13,World Radio Day 2026
13,"Secretary for Information and Broadcasting, Mr Temesi Mukani, yesterday represented Principal Secretary for Broadcasting and Telecommunications, Mr Stephen Isaboke, EBS, at the World Radio Day 2026 celebrations in Nairobi, held under the theme “Radio and Artificial Intelligence: AI is a tool, not a voice.”

Radio today reaches over 30 million Kenyans, nearly eight in every ten adults, cutting across geographical, economic and social barriers."
13,PS- The National Treasury meets with Ms. Laura Frigenti- the CEO of Global Partnership for Education
13,"The Principal Secretary for the National Treasury met with Ms. Laura Frigenti- the CEO of Global Partnership for Education and discussed #Kenya's priorities and plan forward to mobilize more education resources.Ms. Laura underscored 🇰🇪 Kenya as an education champion, working in close partnership with Global Partnership for Education to deliver results and drive political will to #FundEducation.

The Global Partnership for Education is an institution committed to #transforming education and investing in the generation that will build the future we want."
13,Constituency Digital Innovation Hubs
13,"The projects in its initial stages has had its first proof of concept successfully set up in Limuru. Procurement process is being undertaken. The objectives of the project is to support entrepreneurs and access to free Wi-Fi in all the 290 constituencies countrywide. It will also enhance awareness and uptake of on-line platforms for employment and business opportunities.

Our Contacts"
13,Overview of ICT and Digital Economy.
13,"The Ministry of Information Communications and the Digital Economy is mandated to facilitate the development and implementation of information communication technology policies, strategies, laws, and regulations that promote the country's socio-economic development through efficient and effective use of ICT. This includes:

1. Policy Formulation: Developing and implementing policies that promote the growth of the ICT sector, encourage innovation, and ensure accessibility and affordability of ICT services to all Kenyans."
13,"Cash transfer is implemented in semi-arid and urban informal settlement scheme. Those in Semi Arid counties are in selected sub counties and includes Baringo (Baringo Central), Elgeyo Marakwet(Keiyo South,Marakwet East And West), Embu(Mbeerenorth And Mbeere South) , Kajiado(Isinya, Kajiado Central ,Kajiado West,Loitokitok And Mashuuru), Kilifi(Ganze,Kaloleni ,Malindi And Magarini), Kitui(Ikutha,Katulani,Kyuso,Lower,Yatta,Mumoni,Mutitu,Mutomo,Mwingi Central,Mwingi East, Tseikuru), Kwale(Kinango, Lungalunga And Matuga), Laikipia(Laikipia Central , Laikipia East,Laikipia North,Laikipia West And Nyahururu0,Lamu(Lamu),Machakos(AthiRiver,Kalama,Machakos,Masinga,Matungulu ,Mwala) Maukeni(Kathozweni,Kibwezi,Makindu,MbooniEast And Nzaui),Narok (Narok East, Narok North ,Narok South And Narok West) ,Nyeri (Kieni East,Kieni West And Nyeri Central), Taita Taveta(Mwatate,Taveta, Voi) And Tharaka Nithi(Maara, Tharakanorth And Tharaka South ). Nairobi has been included as an Informal Settlement scheme with households affected with poverty in Dogerreti, Kamkunji,Kangemi, Kawangware, Kibera, Korogocho, Lower Kabete, Makongeni, Mathare, Mukuru and Westlands.

SUMMARY COUNTIES, SUB COUNTIES AND SCHOOLS IN CASH TRANSFER (HOMEGROWN MEAL PROGRAM)"
13,"ADDENDUM-SUPPLY AND DELIVERY OF SANITARY TOWELS TO PUBLIC PRIMARY SCHOOLS BY LOCAL MANUFACTURERS AND AGPO (YOUTH, WOMEN AND PEOPLE WITH DISABILITY-PWD) CATEGORIES

TENDER DOCUMENT - SUPPLY AND DELIVERY OF SANITARY TOWELS TO PUBLIC PRIMARY SCHOOLS BY LOCAL MANUFACTURERS"
13,"SCHOOL INFRASTRUCTURE IMPROVEMENT (CONSTRUCTION AND REHABILITATION OF FACILITIES IN TARGETED SCHOOLS IN NYAMIRA COUNTY - LOT 9)

SCHOOL INFRASTRUCTURE IMPROVEMENT (CONSTRUCTION AND REHABILITATION OF FACILITIES IN TARGETED SCHOOLS IN NYAMIRA COUNTY - LOT 8)"
13,"Consultancy for Carrying out an End Term Project Evaluation for The Kenya Secondary Education Quality Improvement Project (SEQIP)

PRE-TENDER CONFERENCE FOR THE SUPPLY OF FURNITURE AND EQUIPMENT IN TARGETED SCHOOLS IN NYAMIRA COUNTY LOT 1 TO LOT 24"
13,Alternative Dispute Resolution (ADR) Overview
13,"Alternative Dispute Resolution (ADR) provides taxpayers and the Kenya Revenue Authority (KRA) an opportunity to resolve tax disputes amicably without resorting to lengthy litigation. It promotes dialogue, reduces case backlog, and encourages voluntary compliance through consensus."
13,Tax Disputes Eligible for ADR
13,Financial Reporting Centre
13,Egerton University
13,"The objectives of Diaspora Diplomacy

1. Protect the rights and promote the welfare and interest of the Kenyan diaspora;"
13,Socio-Cultural Diplomacy
13,"Objectives of Kenya’s Cultural Diplomacy

1. Advocate for cultural diversity and heritage recognition, protection, preservation and patenting;"
13,KENYA CENTRES PEACE DIPLOMACY IN RESPONSE TO A SHIFTING GLOBAL ORDER
13,"At the 19th Ambassadors’ Conference, Kenya positioned peace diplomacy as a cornerstone of its foreign policy, unveiling a forward-looking strategy designed for an increasingly fragmented and unpredictable global landscape.

In a keynote address, Patrick Maluki, Chairman of the Foreign Service Academy, outlined a doctrine that redefines peace as an active, continuous process, extending beyond conflict resolution to include inclusive governance, institutional resilience, and long-term stability."
13,External Debt Report
13,Balance of Payments Forecast Report
13,"Managing International Obligations: Gain insights into Kenya’s external debt, including the sources of borrowing and repayment schedules. It aids policymakers in debt management."
13,"These Quarterly BOP Reports provide a comprehensive view of Kenya's international trade and financial transactions, offering valuable insights for businesses, investors, and policymakers. They are your guide to navigating the global economic landscape."
13,"President William Ruto has declared the National Education conference which is underway in Naivasha will be entrenched in the ministry of education Calendar of Activities.

Speaking during the conference ,The President said it is a very important forum where all Education Stallholders meet and exchange ideas."
13,iTax Enhancements (2026 Filing Season)
13,Before you file (recommended checks)
13,Stay tuned for updates on any iTax enhancements introduced during the 2026 filing period.
13,"Answers to common questions and filing concerns for the 2025 annual Income Tax Returns.

Address"
13,"If you had no income in 2025 but have a KRA PIN with Income Tax Obligation, you are still required to file a return for the year of income. In this case, you will file a Nil return."
13,Tutorials & Guides
13,"Any individual, company, or entity intending to import, distribute, or handle methanol in Kenya."
13,When is MRI Return and Payment Due?
13,APPOINTMENT OF RENTAL INCOME TAX AGENTS
13,Where a person deducts MRI he shall within five working days after the deduction was made remit the amount so deducted to the Commissioner together with a return in writing of the payment of the amount of tax deducted.
13,Are there penalties applicable to MRI?
13,"What remission will an applicant get on penalties and interest?

Where the Commissioner is satisfied with the facts disclosed in the application, the taxpayer shall be granted a relief of the interest and penalty due on the tax disclosed and paid as follows-"
13,"How do I know if my refund application is unsuccessful?

Upon rejection of a claim, the taxpayer automatically receives a rejection order via email."
13,"How can one Apply for a Refund?

1. Logon to itax.kra.go.ke by entering your KRA PIN and Password"
13,"Why should I update my iPage?

iTax provides for capture of additional registration data not previously captured. The information required in iTax includes among others your county, employer, cell phone contact, unique email address, tax agent, etc."
13,"The Kenya Revenue Authority (KRA) continues to champion the modernization of tax administration by rolling out the eTIMS Fuel Station System, a tailored extension of the existing eTIMS solutions.

The petroleum sector, known for its complex and high-volume operations, was significantly impacted by the electronic invoicing requirement that mandates a compliant e-invoice for every sale. Traditional ETRs often posed operational challenges, resulting in non-compliance and inefficiencies in fuel dispensing environments."
13,1. Objectives of the eTIMS Fuel Station System
13,Appendix 3: Sample validation rules
13,Detailed Buyer Invoice Initiation Flow
13,"The PIN Checker verifies that the Buyer and Seller PINs conform to the valid format as per the tax authority’s standards. PIN must follow the structure defined by the KRA format, for example, `A123456789Z` and `P123456789Z`. The PIN starts with a letter `A` for individuals/sole proprietors and `P` for companies, followed by 9 digits and ends with a letter and must be exactly 11 characters. The system cross-checks the PIN against the tax authority database (KRA) to link to iTAX Database if API access is available

Example"
13,Only bottled or similarly packaged waters attract excise duty.
13,"Who should Register for a PIN?

A person who;"
13,How to Register
13,"PIN registration for both companies and partnerships is initiated online via iTax.

Follow these easy steps;"
13,When is VAT on imported services due?
13,"VAT on imported services is due and payable at the time when:

Tax paid on imported services for use in the registered person's taxable business may be deducted as input tax in subsequent VAT returns."
13,What is withholding VAT?
13,Training
13,Intergrations
13,"For more information on IFMIS, kindly visit www.ifmis.go.ke."
13,General Reports
13,State Corporations Reports
13,TNT M&E Report November_2025
13,Kenya Development Response to Displacement Impacts Project
13,Performance Evaluation Reports
13,"For more information, please visit www.nifca.go.ke or send an email to info@nifc.ke"
13,Performance Contract Evaluation Report FY 2020-21﻿
13,"FY 2026- 2027

FY 2025 -2026"
13,Budget Public Sector Hearings
13,"The National Treasury and Planning Cabinet Secretary Hon. Amb. Ukur Yattani on Tuesday 24th November 2020 officially launched Public Hearings for the FY 2021/22 and Mid Term Expenditure Framework budget proposals alongside PS Treasury Julius Muia and Chair of the National Assembly Budget & Appropriations Committee Hon. Kanini Kega.

Nov242020"
13,LAUNCH OF THE BUDGET PROCESS FOR FY 2022/2023
13,"The National Treasury and Planning will launch the FY 2022/23 and Medium-Term Budget preparation process on 5th August, 2021 at the Kenyatta International Convention Centre (KICC) starting 8.30am. The budget preparation process requires public participation. This is in accordance with Article 201 of the Constitution and Section 35 (2) of the Public Finance Management Act, 2012.

This event will also be virtual on WEBEX. The link for this event is provided below."
13,PS Isaboke Urges Support for Homegrown Brands as Pillars of Kenya’s Global Identity
13,"The Principal Secretary for Broadcasting and Telecommunications, Mr. Stephen Isaboke, EBS, has urged Kenyans to champion homegrown solutions as the foundation for building globally respected brands.

Speaking at the launch of Kenya’s Best Brands 2025 by Brand Africa, where he was Chief Guest, Mr. Isaboke said Kenyan brands are defined by ingenuity, resilience, and ambition. He emphasized the importance of local innovation in shaping national identity and enhancing economic competitiveness."
13,"Principal Secretary, Dr. Jane Kere Imbunya, today joined the Chief of Staff and Head of Public Service, Mr. Felix Koskei, during a consultative engagement with the leadership of Government-Owned Entities (GOEs) and Executive Agencies at the KICC.

The high-level dialogue focused on aligning institutional mandates with national development priorities, strengthening accountability frameworks, and enhancing the efficiency and quality of public service delivery."
13,The National Treasury Organogram
13,"The National Treasury comprises six (6) Directorates namely: Directorate of Public Debt Management, Directorate of Portfolio Management, Directorate of Accounting Services & Quality Assurance, Directorate of Budget, Fiscal and Economic Affairs, Directorate Of Administrative & Support Services and, Directorate of Public Private Partnership.

The organogram for The National Treasury is as shown below:"
13,KRA Service Delivery Charter
13,KRA Citizens Service Delivery Charter.
13,"The KRA Service Delivery Charter sets out the Authority’s commitment to delivering prompt, efficient and professional service, treating taxpayers with courtesy and respect, providing clear and accurate information, offering accessible assistance, and safeguarding privacy and confidentiality in service delivery."
13,Download the Charter
13,"The key Development Partners who support strategy implementation include the World Bank, AFD, Embassy of Sweden, Embassy of Denmark (Danida) and USAID. Others include the Canadian Development International Agency (CIDA) and European Union."
13,About the Kenya Demographic and Health Survey
13,About the 2022 KDHS
13,"The 2022 Kenya Demographic and Health Survey (KDHS) is designed to provide data for monitoring the population and health situation in Kenya. The 2022 KDHS is the 7th Demographic and Health Survey conducted in Kenya since 1989. The survey was aimed at providing up-to-date information on socio- demographic and health indicators for planning, policy formulation, and monitoring and evaluation of projects and programmes. This report presents new indicators not collected in previous KDHS surveys such as early childhood development, health expenditures, and information on chronic diseases. The 2022 KDHS also provides indicators relevant to monitoring achievements of the Sustainable Development Goals (SDGs) for Kenya, as well as indicators relevant for monitoring national and sub-national development agendas such as the Kenya Vision 2030, Medium Term Plans (MTPs), and County Integrated Development Plans (CIDPs)."
13,Survey Fees
13,Fire Inspection
13,"Chief Lands Surveyor – City Planning Department, City Hall 2nd floor."
13,Tree Cutting
13,"Every month KNBS conducts a retail price survey whose results are used in compilation of Consumer Price Indices and Rates of Inflation. The CPI continues to be a key statistic with a number of uses both at the national and international level. In this regard, the index is used as an indicator of macroeconomic performance, a determinant in the supplier/debtor price variations, a determinant in the employer/employee wage negotiations, a determinant in indexation of pension benefits etc. All these uses have to do with the value of money. Hence it is imperative that the Bureau continues to collect prices, compile and disseminate the CPI with a high level of accuracy so as to remain a credible source of this important statistic."
13,Eva Wangechi Wairiuko
13,"Ag. Chief officer- Security and Compliance

General Inquiries"
13,"NAIROBI CITY COUNTY 2024/25FY QUARTER 2 BUDGET IMPLEMENTATION REPORT

General Inquiries"
13,Public Procurement Department
13,"According to Article 227 of the Constitution contracting for goods or services, shall be in accordance with a system that is fair, equitable, transparent, competitive and cost- effective.

The PPADA 2015 – efficient and effective public procurement and Asset Disposal."
13,Economic performance in the third quarter of 2020 remained depressed but relatively better compared to the second quarter of 2020. Real GDP is estimated to have contracted by 1.1 per cent in the quarter compared to a growth of 5.8 per cent in the corresponding quarter of 2019. Read More
13,"Kenya Mobilises African Diplomatic Corps Ahead of Second Africa Urban Forum in Nairobi

Kenya has stepped up diplomatic outreach ahead of the Second Africa Urban Forum (AUF II), scheduled to take place in Nairobi from 8–10 April 2026, urging African missions to champion strong continental participation and strategic partnerships."
13,Report Templates
13,"Cash to Accrual Templates FY2024-25

Cash to Accrual Quarterly Templates FY2024-25"
13,Cash to Accrual Templates FY2024-25
13,Annual Borrowing Plans
13,"External Public Debt Register as at End June 2025

External Public Debt Register as at End June 2024"
13,Annual Debt Management Reports
13,"Annual Public Debt Report 2024-2025

Annual Public Debt Report 2023-2024"
13,Borrowing Program Performance
13,"External Public Debt Register as at End June 2023

External Public Debt Register as at End June 2022"
13,The East African Statistical Department (EASD) was formally established in 1948.
13,Establishment of the East African Statistical Department (EASD)
13,"The East African Statistical Department (EASD) was formally established in 1948. The EASD collected, processed and published statistical data for the three territories. The department published, on a regular basis, the East African Economic and Statistical Bulletin."
13,In 1948 the first population census in Kenya was undertaken but the results were published in 1952.
13,The first time that a fully-fledged Statistical Unit was set up in Kenya.
13,Decentralization of the EASD
13,"In 1956, the EASD was decentralized into three separate Statistical Units to serve Kenya, Uganda and Tanganyika at the territorial level while retaining the EASD to deal with statistical needs common to the three territories. This was the first time that a fully-fledged Statistical Unit was set up in Kenya. The enactment of the Statistics Act on 4th July 1961 fully integrated the Kenya Statistical Unit within the government machinery as the government Statistical Office. The Statistics Unit was formally established as the Economics and Statistics Division of the Treasury.In 1962, the Division undertook the second Population Census in Kenya prior to attainment of Independence."
13,"2025/26 KENYA CENSUS OF AGRICULTURE (KCA)

The 2025/26 Kenya Census of Agriculture is a nationwide data collection exercise conducted by KNBS in collaboration with the Ministry of Agriculture and Livestock Development to collect data on the structure of agricultural holdings across the country, covering land tenure, land use, crop area, livestock numbers, aquaculture, fisheries, labour, and other agricultural inputs. Agriculture directly contributes about 24 per cent to Kenya’s Gross Domestic Product, and about 72 per cent of the population derives its livelihood directly or indirectly from the sector, making reliable, disaggregated agricultural data central to the country’s overall growth and development."
13,Part 3: potato growing
13,"From our potato seed multiplication farm in Nakuru our Agrico agronomist demonstrates and teaches farmers step by step (preparation, planting, growing, diseases, harvesting) what profitable potato farming entails. Of course, the application of intensive management based on GAP is an important part of these training courses."
13,# 11 Growing | weed killing
13,Part 2: potato planting
13,# 5 Planting | furrow & ridge
13,Part 4: Potato diseases
13,# 16 Diseases | Late and early
13,"The Government of Kenya (GoK) recognizes the vital role of data and statistics as a prerequisite for many government functions, including legislation, policymaking, resource allocation, and public service delivery. It is also cognizant of its role to produce quality official statistics as a national ‘public good’ and to use the data and statistics to inform decisions in the country as a modern and democratic state. Accordingly, the GoK has since the mid-1990s undertaken statistical reforms including establishment of the Kenya National Bureau of Statistics (KNBS) through the Statistics Act, CAP 112 Laws of Kenya [Rev. 2022] as the principal agency of government responsible for production and dissemination of official statistics in the country, and coordination of the NSS. The Statistics Act of 2006 was amended in 2019 to provide for the statistics function at County level. The overarching framework for coordination of the Kenya’s statistical system is the Kenya Strategy for Development of Statistics (KSDS). The first Kenya Strategy for Development of Statistics (KSDS I) was developed and implemented for the period 2019/20 -2022/23.

Following the successful implementation of KSDS I and the value derived thereof, the government made a strategic decision to develop the second strategy (KSDS II) for the period 2023/24-2027/28. This was based on an evaluation of KSDS1 in 2023 that included document and literature reviews, stakeholder consultations, stakeholder and risk analyses, identification of emerging priorities, and assessment of critical success factors—all of which informed the development of KSDS II."
13,Launch of Free Medical Camp at Mukuru Health Center
13,"Nairobi County Ushers in ‘Tourism, Wildlife, and MICE Week’ for Jamuhuri Day 2025 Celebrations"
13,PUBLIC CAUTION
13,New Public Sanitization Booths installed in the City to boost efforts to combat COVID-19
13,Message by Nairobi County Sports Board on Coronavirus
13,Nairobi’s vision for Sustainable Mobility Shines at International Transport Summit 2025- Moscow
13,"Nairobi County Executive Dr. Anastasia Nyalita Champions Inclusivity and Justice at ForumCIV Festival on ‘Dignity, Freedom, and Justice for All’"
13,"Nairobi,8th December 2023

Nairobi City County Executive for Inclusivity, Public participation and customer service Dr. Anastasia Nyalita attended the ForumCIV festival whose theme this year is ” Dignity, freedom and justice for all “at Daystar university."
13,Nairobi County concludes workshop on submission of sector budget proposals for the FYs 2024/2025 – 2026/2027
13,"Naivasha, 1st December, 2023

All Sector Working Groups and Sub Sector Technical Working groups submitted and defended their respective sector budget proposals in line with the guidelines on budget preparation by the office of the County Executive Committee Member for Finance and Economic Planning."
13,Nairobi County Marks 16 Days of Activism Against Gender-Based Violence
13,"Nairobi County Accelerates Road Repairs: Mfangano Lane Upgrade Completed, More Works to Follow"
13,Empowering Media for Nutritional Advocacy: Nairobi City County Public Communications Staff Engage in CASCADE Project Workshop
13,"Nairobi, 9th December 2023

Nairobi City County Public Communications Staff yesterday participated in CASCADE (Catalyzing Strengthened policy action for healthy diets and resilience) project media workshop held at a Nairobi hotel."
13,Nairobi and Kisumu Counties Collaborate on Liquor Licensing Best Practices
13,"Nairobi, 6th November 2024

Nairobi County Executive for Business and Hustlers opportunities, Dr. Anastasia Nyalita, this week received a delegation from Kisumu county’s Liquor Licensing Department who are on a week-long benchmarking and fact-finding engagement with their counterparts from Nairobi County."
13,Nairobi City County Engages Public in CAIP Project Discussion: First Metal and Woodwork Industry to Transform Mathare by April 2024..
13,"Please find the report by clicking this link

General Inquiries"
13,Nairobi City County and National Environmental Management Authority Collaborate for World Wetland Day at Dik-dik Gardens: Emphasizing Wetlands and Human Wellbeing
13,Roysambu Sub-County Liquor Stakeholders Meeting Held to Enhance Compliance and Awareness
13,"Nairobi,7th February 2025

In line with Governor Sakaja’s vision of fostering a City of order and dignity, the County Executive Committee Member for Business and Hustler Opportunities Dr. Anastasia Nyalita officiated during a stakeholders meeting that brought together key County and National government officials and Roysambu Sub County Liquor stakeholders to discuss liquor compliance, licensing, noise pollution, and ways of fostering responsible business practices."
13,County Chief Officer Mr. Oscar Igaida Flags Off Nairobi Youth Football Teams for Under 19 Talanta Hela Playoffs: A Step Towards Monetizing Talent and Revolutionizing the Sports Industry
13,"NAIROBI: 15th November 2023.

County Chief Officer for Youth, Talent and Sports Mr. Oscar Igaida flagged off Nairobi County Boys Team who are headed to Nyeri County for the Under 19 Talanta Hela football playoffs to take place from 15th November to 22nd November 2023. The young Boys and Girls have been selected from various schools in Nairobi. The Nairobi County Girls Team qualified for Nationals after eliminating their Kiambu Counterparts 6 – 1. The Nationals will be held in Nairobi from 3rd December to 12th December 2023."
13,Digital economy skills training programme
13,"Kindly click this link to Register for Digital economy skills training programme!!

General Inquiries"
13,Malawi Delegation Explores Nairobi’s Nutrition and School Feeding Initiatives: A Visit to Baba Dogo Primary School Showcases Successful Implementation and Collaboration
13,Nairobi City County Commits to Clean Air and Sustainable Environment: Green Initiatives and Collaborations Highlighted at Climate and Clean Air Conference
13,Green Nairobi County Executive Highlights Technology and Diversification in Agriculture at Africa Agriculture Expo 2024
13,Nairobi County holds exit meeting with Office of Auditor General on financial statements of Nairobi City County Executive
13,"Nairobi, 23rd November, 2023

County Executive for Finance and Economic Planning, Charles Kerich chaired a meeting with the Office of the Auditor General (AOG) team led by Deputy Auditor General, Fredrick Odhiambo on financial statements of Nairobi County Executive for the financial year ended 30th June 2023."
13,Fostering Regional Collaboration: Chief Officer for Social Services George Mutiso Engages in Key Discussions at IGAD Regional Conference for Development and Stability
13,"NAIROBI 4th December 2023

Chief Officer for Social Services Mr. George Mutiso was among senior government officials who attended the Regional Conference for IGAD member states, MDBS, UN agencies and the civil society."
13,"Nairobi, 3rd December, 2024

The Nairobi City County Cabinet, under the leadership of Governor Sakaja Johnson, has today approved the establishment of the Mobility Enforcement Unit (MEU). This newly created unit aims to address pressing issues such as traffic congestion, illegal parking, and enforcement gaps in the transport sector, marking a significant step toward achieving Governor Sakaja’s vision of a city defined by order, dignity, and opportunity."
13,"Nairobi County Executive Ms. Rosemary Kariuki Graces Safaricom Chapa Dimba Tournament Finals at Dandora Stadium, Emphasizes Youth Empowerment and Talent Development"
13,"Governor Sakaja Visits Mji Wa Huruma, For Early Christmas"
13,"Nairobi Tuesday, 19 December 2023

Governor Sakaja Johnson today shared a meal and gave donations to the elderly in Mji Wa Huruma, a county facility in Karura Ward, Westlands."
13,"Nairobi Region ECDE Drama and Film event hosted at St. George’s Primary School, Celebrates Creativity and Talent"
13,"NAIROBI: 19th March 2024

“This gathering is a celebration of creativity, imagination, and the boundless potential of our youngest learners.” Said County Executive for Talent Skills Development and Care Rosemary Kariuki who was the Chief Guest at the Nairobi Region ECDE Drama and Film event held at St George’s Primary School. Speaking during the official opening ceremony at the event, she acknowledged the remarkable performances and captivating films brought to life by our preschoolers. “Today is not just about entertainment, it’s about recognizing the profound impact that early childhood education and the arts can have on the development of our children. In the world of early childhood development, we understand the critical importance of providing opportunities for children to explore, experiment, and express themselves. Drama and film offer unique avenues for our little ones to engage with their surroundings, discover their voices, and unleash their imaginations.” she said."
13,"Honouring Workers, Celebrating Progress: PS Imbunya attends the 61st Labour Day Celebrations in Vihiga County"
13,"The State Department for Public Service and Human Capital Development Principal Secretary, Dr. Jane Kere Imbunya, alongside other other National and County leaders joined H.E. President William Ruto at Chavakali Boys High School in Vihiga County, to mark the 61st Labour Day celebrations.

This year’s event was historic, being the first time since Independence that Labour Day celebrations were held outside the Capital City of Nairobi."
13,"Nairobi City County 2023/2024 Quarter 3 Budget Implementation Report

General Inquiries"
13,Kenya reaffirmed its commitment to strengthening U.S.-Africa economic ties
13,"On Day 2 of the 2025 IMF/World Bank Spring Meetings, Kenya reaffirmed its commitment to strengthening U.S.-Africa economic ties during a high-level working breakfast hosted by the Corporate Council on Africa (CCA).

Principal Secretary for the National Treasury, Dr. Chris Kiptoo represented Cabinet Secretary Hon. FCPA John Mbadi at the event, which convened select African Ministers of Finance for a strategic dialogue on the future of U.S.-Africa economic relations."
13,"The sector has three subsectors namely Public service , Boroughs and Sub County Administration ,Security and Compliance with the following functions:-"
13,Public Service Sub sector Functions:-
13,"Creating a more sustainable, cleaner and greener Nairobi"
13,"Sports has for a long time been viewed as a hobby and a part time engagement but not so any longer. Nairobi County boasts of many residents who have transformed their lives through sports and many Olympians have hailed from the county. We have prioritized sports development and sports facilities are up coming to engage and develop talent especially amongst the youth to reap the attendant benefits.

The environment hosts and feeds us, we endeavor to optimally but sustainably utilize the natural resources for own consumption and business; the rich flora and fauna, wood and forests, stone and hardcore for road and building construction, wind energy, topography scenic beauty, waterfalls and ways, cultural sites gives a boost to our tourism ."
13,"NAIROBI CITY COUNTY 2024/25 FY QUARTER 3 BUDGET IMPLEMENTATION REPORT

General Inquiries"
13,"Nairobi is the city that never sleeps. It is your ultimate nightlife destination while in Kenya. Nairobi has a vibrant and growing social scene buzzing with a wide variety of entertainment joints from hotels, restaurants, trendy clubs and discos. Most of these entertainment hubs are usually open all week but are most bubbly on Thursdays, Friday’s, and Saturday’s when Nairobians seek to get a break from the busy week. Nairobi Nightlife is characterized by a frenzy of music and dances, food and drinks, movies, cinemas and theatres, gaming and casinos, and festivals and concerts etc."
13,Boda Boda
13,"Taxis are a more flexible mode of transportation than the matatus however, they charge higher rates than matatus. Usually, they are not metered and, like most other things in Nairobi, their fares are negotiable. Taxis are available in most parts of the city. They also include Uber, Bolt, InDriver and Faras which can easily be requested online through their mobile apps. They park outside hotels, at taxi ranks in the city centre, and at shopping malls.

There are several companies operating services with phone bookings, modern vehicles, competent drivers and reasonable rates. Several Taxi companies have airport booking offices."
13,"Nairobi, 21st July, 2021

Last week saw the handing over of the completed 320M Galole street road in Eastleigh’s Airbase ward, Kamakunji sub county to Nairobi County Executive for Roads, Transport and Public Works Mr. Mohamed Dagane by the appointed contractor."
13,Nairobi City County Launches the Open Government Partnership Action Plan 2025-2027.
13,"Nairobi, 21st March 2025

In efforts to improve the County’s transparency, accountability, and Inclusivity in governance, The County Executive Committee Member for Inclusivity, Public participation and Customer Service Ms. Rosemary Kariuki on behalf of H.E Governor Sakaja launched the Open Government Partnership (OGP) Action Plan for Nairobi County."
13,"Experts, partners join forces to strengthen county-level response to diabetes, hypertension, and other Non-Communicable Diseases"
13,"Nairobi: 28th March 2025

Nairobi County Health Medical Services Sub sector has taken a step toward combating the growing burden of non-communicable diseases (NCDs). Health stakeholders today launched a County-Level Multi-Sectoral NCD Technical Working Group (TWG) to enhance the prevention and control of conditions such as diabetes, hypertension and sickle cell disease. The initiative aims to institutionalize NCD activities across different sectors at the county level and support the establishment of NCD risk communication and community engagement (RCCE) in Nairobi."
13,Nairobi City County Executive and Chief officer Tour Dandora Stadium and Mwiki Sports Complex to Assess Progress in Sports Facilities Revitalization Efforts
13,Chief Officer George Mutiso Champions Children’s Rights on World Children’s Day 2023: A Call to Unite for Every Child’s Well-being and Education
13,"NAIROBI: 21st November, 2023.

Nairobi County celebrates World Children’s Day at Kariokor Social Hall."
13,Raising Awareness on Drug Abuse and Road Safety among Boda boda Riders
13,"Nairobi: October 30, 2024

Nairobi County’s Social Services Sub sector convened a sensitization forum held at Green Park terminus to raise awareness on drug abuse and road safety among boda boda riders. This collaborative event brought together key stakeholders and partners with the shared goal of addressing rising substance abuse and unsafe road practices in the boda boda community, ultimately aiming to foster safer practices and improve health awareness within this essential workforce."
13,Finance and Economic Affairs Sector hosts workshop to strengthen fiscal planning and revenue mobilization for Nairobi County
13,"Nairobi, 19th October 2024

County Executive for Finance and Economic Affairs, Charles Kerich, highlighted the significance of the County Budget Review and Outlook Paper (CBROP) during a workshop for County Budget and Economic Forum (CBEF) members and county officers. The session focused on leveraging the CBROP for effective fiscal planning and revenue mobilization."
13,"Kindly follow this link to register 👈

General Inquiries"
13,"Nairobi 24th March 2023

Nairobi City County, Health, Wellness and Nutrition County Executive Committee Member Dr. Anastasia Nyalita in the company of Health Advisor to the Governor Dr. Samora Otieno today marked the World TB Day 2023 held in Nairobi at Bus station. This year global theme is: “Yes! We can end TB!”. In Nairobi, we have localized our slogan to be “form ni kumaliza TB Nairobi”."
13,"Dr. Nyalita Meets Makueni team on Health system, Intends to integrate its health system to align with Governor Sakaja’s manifesto of leveraging on technology."
13,"Nairobi 14th March 2023

Nairobi City County, Health, Wellness and Nutrition County Executive Committee Member Dr.Anastasia Nyalita today held a consultative meeting with Makueni County Executive Committee Member Dr Paul Musila , the County Executive Committee Member ICT, Education & Internship Ms. Elizabeth Muli and Maisha Med Technology team."
13,Capacity building training for the County Integrated Development Plan (CIDP) 2023/27 Facilitators
13,"Nairobi 16th November, 2022

Nairobi City County staff who have been identified as facilitators have today received training for the upcoming Public Participation forums on the County Integrated Development Plan (CIDP) 2023/27."
13,Kampala’s Lord Mayor and Nairobi’s Deputy Governor Discuss Bilateral Cooperation and School Feeding Programs
13,"Nairobi, 24th October 2023

The Lord Mayor of Kampala, Erias Lukwago, today paid a courtesy call to H.E. Njoroge Muchiri, Deputy Governor, Nairobi City County."
13,PRESS RELEASE -STATUS OF LAYING OF CULVERT OUTSIDE MAMA MARGARET UHURU HOSPITAL IN KOROGOCHO
13,REMINDER – NOTICE FOR PUBLIC PARTICIPATION ON THE NAIROBI SCHOOL FEEDING PROGRAMME
13,Nairobi city county sports department hosts coaching training to promote inclusion in sports for refugees.
13,"Nairobi, 26th October 2024

In a progressive step toward inclusive sports, the Nairobi City County Sports Department, in partnership with Rebuild Kenya, organized a coaching training session at Ngong Hills, hotel. The event aimed at equipping coaches with essential skills to integrate refugees into various sporting activities across Nairobi County."
13,Nairobi City County Unveils Ambitious Biashara Fund: A Game-Changer for SMEs with Single-Digit Interest Loans and Transparent Processes
13,"Friday,10th November,2023

Nairobi City County is committed to empowering Small, Medium Enterprises(SME) and propelling their businesses to unprecedented heights through a single digit interest rate loans through the establishment of Biashara Fund subject to Public Participation. Speaking at a Stakeholders consultative breakfast meeting at the Panari Hotel,the County Chief Officer for Business and Hustler Opportunities Ms. Zipporah Mwangi reading the Sector Executive’s speech said once the Biashara Fund is established will unlock entrepreneurial potential and break down barriers to capital, ensuring that every entrepreneur regardless of background has the chance to turn their vision into a thriving business. Said Zipporah, “The Fund will also be transparent in the application and disbursement process hence creating a level playing field for all,”"
13,"Nairobi City County’s Innovation and Digital Economy Sector and PSM Initiates Biometric Data Collection for Staff Identification Cards in Health, Wellness, and Nutrition Sector."
13,"Nairobi, 1st November, 2023

Nairobi City County’s Innovation and Digital Economy Sector and Public Service Sub Sector Staff led by the Chief Officers Tiras Njoroge (SMART City) and Janet Opiata (Public Service Management) conducted staff data collection exercise with Health, Wellness and Nutrition employees at the Pumwani Maternity hospital."
12,Targeted
12,Integrity
12,To liaise with relevant Government ministries and departments on matters affecting Education provision in the country.
12,Efficiency
12,"Nairobi City County Nairobi City Hall, City Hall way, P.O Box 30075-00100 Nairobi, Kenya

Telephone Contacts +254 725 624 489 +254 738 041 292"
12,Get started on eCitizen today
12,The single point of access for all government services
12,Enjoy the convenience. Get information about government online services and make applications quickly and easily.
12,Social Media
12,"Science, Technology and Innovation diplomacy"
12,"Ministries,State departments and agencies that work hand in hand with MFDA"
12,Kenyans In Diaspora
12,The Ministry of Foreign Affairs estimates that there are more than three million Kenyans in the Diaspora
12,Foreigners
12,Migrant Workers
12,A Migrant worker is a person who migrates within a home country or outside it to pursue work.
12,Newsletters
12,Stay up to date with the latest news and events from The Kenya National Bureau of Statistics
12,President Ruto Urges Africa to Finance Its Own Infrastructure as Nairobi Hosts Landmark Summit
12,"-Have its entire surface area properly paved and fully compacted with suitable materials, preferably paving blocks (Cabro)"
12,CONSUMER PRICE INDICES AND INFLATION RATES FOR APRIL 2022
12,CONSUMER PRICE INDICES AND INFLATION RATES FOR MARCH 2022
12,New Taxes of 2022 for Small and Medium Business
12,December 2021 CPI
12,Consideration of the Plan for the Reconstruction of the Main Street
12,Roundtable Meeting with Constituency Voters
12,Prime Minister’s Remarks on Minority Rights
12,US Bureau of Census
12,"Acting Commissioner, Customs and Border Control (Kenneth Ochola)"
12,KRA to lead other State agencies in the launch of Namanga OSBP
12,"PRESS RELEASE 28/11/2018

Did you find this content useful?"
12,Economic Survey 2021 Highlights
12,Sources and Methods for the Revised and Rebased National Accounts
12,"Amb. Dr. Francis Muthaura, MBS, EGH"
12,"Chairman

Kenya Revenue Authority Board"
12,"PRESS RELEASE 17/12/2018

Did you find this content useful?"
12,KRA wins case to collect over KShs 9 billion from Keroche Breweries
12,"PRESS RELEASE 03/12/2020

Did you find this content useful?"
12,"Three people have been charged before the Milimani law court Chief Magistrate Francis Andayi with several counts of tax frauds amounting to KShs.12.5 million.

Victor Olingo Odhiambo , Rodgers Otieno Odhiambo and Moses Thure Odhiambo all directors of Remarc Logistics Limited , a clearing agent are jointly accused of making false cargo entries with lowered tax values to avoid paying required customs taxes while clearing goods."
12,"PRESS RELEASE 17/02/2022

Did you find this content useful?"
12,TAXATION OF EMOLUMENTS/PENSIONS
12,"KRA is pleased to inform employers, employees and the general public that following the presidential directive, amendments have been introduced to the Income Tax Act by reducing the rates of tax applicable on personal emoluments and pension receipts with effect from 25th April 2020. To this end, KRA advises all the affected persons that following the enactment into law of reduced rates of tax, all employers paying employees for the month of April 2020 shall apply the following new individual monthly and annual tax rates in deducting and remitting Pay As You Earn (PAYE) taxes on emoluments/pensions of their employees:

On pensions the new tax rates are:"
12,"The Tax Procedures Act, 2015, under Section 89(7), provides that a taxpayer may apply for waiver of penalty or interest where they meet the conditions specified therein.

The law requires that all applications for waiver of penalty and interest be properly justified and supporting evidence provided. KRA has finalised the roll out of the system enhancements for processing of the waiver applications and has embarked on clearing the backlog of the applications."
12,"PUBLIC NOTICES 11/09/2020

Address"
12,Fringe Benefit Tax & Deemed Interest Rate
12,"Kenya Revenue Authority (KRA) wishes to inform the public of the following rates;

FRINGE BENEFIT TAX"
12,"FRINGE BENEFIT TAX

For the purposes of Section 12B of the Income Tax Act, the Market Interest Rate is 11%. This rate shall be applicable for the three months of July, August and September 2023."
12,Temporary Importation of Foreign Motor Vehicle Permits
12,"Pursuant to the East African Community Customs Management Regulation (EACCMR) 2010, (Regulation 136 and 137) and the Traffic Act, Rule 7A (3). The following are required for application of Temporary Importation of a Foreign Registered Motor Vehicle.

Applications can be done online/manually."
12,Fringe Benefit Tax and Deemed Interest Rate (Apr - June)
12,"FRINGE BENEFIT TAX

For the purposes of Section 12B of the Income Tax Act, the Market Interest Rate is 10%. This rate shall be applicable for the three months of April, May and June 2023."
12,TREATMENT OF USED MOTOR VEHICLES IMPORTED INTO KENYA
12,"Kenya Revenue Authority (KRA) wishes to bring to the attention of all importers of used motor vehicles of the following:

EAC DEPRECIATION SCHEDULE"
12,"PUBLIC NOTICES 31/07/2024

Migrated Legacy System Taxpayer Ledger Balances"
12,"PUBLIC NOTICES 13/02/2025

Implementation of the Income Tax (Charitable Organisations and Donations Exemption) Rules, 2024"
12,"PUBLIC NOTICES 19/12/2024

Amendments to PAYE Computation Pursuant to the Tax Laws (Amendment) Act, 2024"
12,"PUBLIC NOTICES 17/10/2024

Fringe Benefit Tax and Deemed Interest Rate"
12,"PUBLIC NOTICES 22/01/2026

Fringe Benefit Tax, Deemed Interest Rate and Low Interest Benefit"
12,"PUBLIC NOTICES 03/11/2025

The Draft Income Tax (Advance Pricing Agreement) Regulations, 2025 and the Draft Income Tax (Minimum Top Up Tax) Regulations, 2025"
12,"PUBLIC NOTICES 10/04/2026

Fringe Benefit Tax and Deemed Interest Rate"
12,Gross Domestic Product (GDP)
12,Producer Price Index (PPI) Fourth Quarter 2016
12,CPI and Inflation Rates for December 2016
12,Leading Economic Indicators October 2016
12,CPI and Inflation Rates for October 2016
12,Leading Economic Indicators August 2016
12,Producer Price Index (PPI) Third Quarter 2016
12,CPI and inflation rates for August 2016
12,Launch of Foreign Investment Survey 2016
12,ACBF to Strengthen Capacity Building Collaboration with Kenya.
12,Kshs 980M grant for Kajiado from Korean Government
12,Kenya KSH 198M from US to support Public Procurement Sector
12,2014 Economic Survey Report Highlights
12,National ICT Survey Report
12,Emails
12,"Speech by the Cabinet Secretary, Ms. Anne Waiguru, OGW, During The African Statistics Day Celebrations and the KNBS ISO 9001:2008 Certification"
12,Main Source of Water (% Households)
12,Population attending school at different levels
12,"Kenya Multiple Indicator Cluster Survey, Eastern (MICS) 2007"
12,Kenya Aids Indicator Survey 2007
12,Central Kenya Dry Area Smallholder and Community Services Development Project (CKDAP) – 2010
12,Kenya Malaria Indicator Survey 2010
12,"Kenya Urban Reproductive Health Initiative, 2010"
12,Leading Economic Indicators September 2013
12,Leading Economic Indicators August 2013
12,Economic Survey – 2013: Other past editions are also available
12,Quartely GDP Reports
12,"Population, 3 years and above by Sex, Age and School Attendance Status up to County Level"
12,KRA Seeks to bring in eCommerce Players to Enhance Revenue Collection
12,"The evolution of technology has caused a fundamental shift in how various industries operate. This has led to the creation of new business models such as online-based companies and automation of various operational processes to increase efficiency.

With Kenya having one of the highest internet penetration levels in Africa, e-commerce has over the years experienced exceptional growth and become very attractive to potential entrepreneurs especially the youth."
12,Leading Economic Indicators May 2016
12,Producer Price Index (PPI) Second Quarter 2016
12,CPI and Inflation Rates for June 2016
12,Quarterly Gross Domestic Product and Balance of Payments Report: First Quarter 2016
12,Leading Economic Indicators March 2016
12,CPI and Inflation Rates for April 2016
12,Leading Economic Indicators February 2016
12,Kenya witnesses 50% increase in financial inclusion in last decade
12,CPI and Inflation Rates for February 2016
12,Leading Economic Indicator January 2016
12,Statistical Abstract 2014
12,The KNBS Qualified List of Suppliers for the Year 2014-2016
12,Leading Economic Indicator November 2015
12,Leading Economic Indicators October 2015
12,CPI and Inflation Rates for November 2015
12,New Record of Lotto Winners In Kenya
12,Monetary & Financial Services – A Dramatic Online Growth
12,Preliminary Foreign Investment Survey 2015 Report
12,2015/16 KENYA INTEGRATED HOUSEHOLD BUDGET SURVEY (KIHBS) HAS COMMENCED
12,Top 3 Tips For Picking Winning Lottery Numbers
12,CPI and Inflation Rates for August 2015
12,The American Locksmith Market Within Statistic Data
12,Leading Economic Indicators May 2015
12,2014 Kenya Demographic and Health Survey (2014 KDHS)
12,Leading Economic Indicators December 2014
12,CPI and Inflation Rates for January 2015
12,Leading Economic Indicators November 2014
12,"At Washington Capital Group investors can find the most skilled and expert financial advisors in many fields: from financial management in all facets to tax advisory and money consultancy.

The range of services provide by the team of Washington Capital Group is really wide and it includes all facets of financial services, banking solutions and insurance solutions."
12,Taxation of Partnerships
12,"So, you and your friend have decided to partner and start a business, if the business is registered then it will be registered as a partnership.

Investopedia defines a partnership as a ‘formal arrangement by two or more parties to manage and operate a business and share its profits.’ However, husband and wife cannot register a partnership. In a partnership, each partner contributes to all aspects of the business. Profits and losses are shared among the partners according to the formula agreed by both parties in the partnership deed."
12,"One of the functions of KRA is to partner with other entities to collect revenue on their behalf. This is known as agency revenue, with Stamp duty being one of them."
12,What You Need To Know About Residential Income Tax in Kenya
12,"On or before 5th' is the lingo for most lessors in Kenya.

It is the day the landlord has made, and they shall be glad and rejoice in it. Residential apartments across the city have this date plastered on apartment walls, gates and even gone on to inspire songs; Landlord by Mejja preserved in history as relics of the unavoidable date and its issuers- the almighty landlord."
12,Maureen Kasera - Digital Strategist
12,What You Should Know About the Upgraded Electronic Tax Registers (ETRs).
12,"History of ETR

ETRs were first rolled out in Kenya in the year 2005 as a means of streamlining the collection of VAT and to minimise instances of tax evasion. The ETR is a cash register with fiscal memory that keeps a record of all transactions for purposes of the trader accounting for VAT charged at the time of making a sale. Other fiscalized electronic devices that have been used by traders over the years include Electronic Fiscal Printers (EFPs) and Electronic Signature Devices (ESDs)."
12,Top quality: processing standards & Markies potato
12,"AgricoPSA’s core business has been to produce Kenyan seed potatoes and supply these to Kenyan farmers. This enables farmers to produce consumption potatoes themselves in a highly profitable manner. From the beginning, AgricoPSA has also been providing farmers access to off-takers, amongst other potato processing companies.

KFC’s decision in January to source locally proved to be a challenge for Kenyan processors. In addition to the investments mentioned earlier, they also had to increase their production volumes to meet KFC’s demand. As a result, processors’ demand for Kenyan grown Markies has been spiking. To achieve a profitable business, such processors need to produce continuously and supply the fastfood chains all year round. In order to do so, they must have a stable supply of top quality potato year-round."
12,Tax Avoidance and Tax Evasion: A Tale of Two Errors
12,"Difference between Avoidance & Evasion

Commonly, tax avoidance is defined as an action taken to minimize the amount of tax owed by a taxpayer hence maximizing after-tax income often through tax planning and utilization of loopholes in tax laws and practices. On the other hand, tax evasion is the illegal, deliberate attempt to obtain a tax benefit by intentionally subverting the rule of law to pay little or no tax."
12,Potato storability: Agrico potato varieties make a big difference
12,PotatoStorability
12,"Potato storage plays a key role in food security. What many people do not know is that choosing the right potato variety has a major impact on storability, as was explained by the CEO of National Potato Council of Kenya, Mr. Kanguongo:

""Majority of the potatoes farmers grow in Kenya today are of the Shangi kind, which has limited storage shelf life, before it starts to sprout…”."
12,Launch of the 2015/16 Kenya Integrated Household Budget Survey (KIHBS) Reports
12,"Quarterly Balance of Payments Second Quarter, 2019"
12,"October 1, 2018"
12,"SPEECHES 01/10/2018

Address"
12,Agrico PSA
12,Agrico PSA important participant during King and Queen visit to Kenya
12,"Agrico PSA imports high-quality basic material from the Netherlands every year. In Nakuru, Agrico PSA produces affordable and certified seed potatoes year-round for local farmers. This enables them to grow more than 90,000 tons of Kenyan consumption potatoes annually for the local market. These potatoes are sold to local chips and crisps producers, hotels, restaurants, retailers and traditional markets, ultimately reaching Kenyan consumers. In this way, small businesses in Kenya receive a major boost that enhances the standard of living of residents and their communities. The staff of Agrico PSA is also entirely Kenyan.

This makes the Agrico PSA joint venture a strong example of local-for-local enterprise. It is the kind of cooperation between governments and business that fits well with the foreign policy of the Dutch and Kenyan governments."
12,"SPEECHES 01/10/2018

KEYNOTE ADDRESS BY THE CABINET SECRETARY/NATIONAL TREASURY, MR. HENRY ROTICH, EGH DURING THE TAXPAYERS MONTH LAUNCH"
12,"PRESS RELEASE 26/08/2019

New iTax enhancement boosts July 2019 Capital Gains Tax Revenue Performance"
12,"PUBLIC NOTICES 12/02/2024

Update on Simplification of the VAT Return Filing"
12,East Africa Superwoman Awards
12,Service Delivery Charter
12,"Rt. Hon. Raila Amolo Odinga, E.G.H"
12,Empowering Public Service Through Training Scholarships
12,"Over 18,000 NYS Recruits Graduate After Paramilitary Training"
12,Signing of Performance Contracts with the Heads of Department/Units (HODs) in the State Department for Public Service for the Financial Year 2023/2024.
12,PS Imbunya Backs Medical Fund Regulations for Civil Servants
12,"Collect your documents at Huduma Centres, Kenyans urged"
12,Launch of RRI for review of HR instruments in State Corporations
12,11th Annual National HRM Congress
12,Public Participation Exercise on Human Resource Management and Development Bill 2024 held in Machakos County.
12,"PUBLIC NOTICES 24/07/2023

Fringe Benefit Tax, Deemed Interest Rate and Low Interest Benefit"
12,"PUBLIC NOTICES 04/09/2023

DRAFT INCOME TAX (TRANSFER PRICING) RULES, 2023"
12,CS Leads Mazingira Day Celebrations at Maseno School with Tree Planting for a Greener Future
12,PS Dr. Imbunya officially joins ESAMI Governing Board
12,Strengthening Regional Collaboration for Public Service Excellence
12,Strengthening Service Delivery Through Robust Policy Frameworks
12,"PUBLIC NOTICES 28/02/2023

Upgrade of the Tax Invoice Management System"
12,"PUBLIC NOTICES 01/08/2022

Fringe Benefit Tax, Deemed Interest Rate and Low Interest Benefit"
12,"PUBLIC NOTICES 23/11/2023

Regulations Under The Income Tax Act (Cap 470) And The Tax Procedures Act (Cap 469B)"
12,"PUBLIC NOTICES 11/05/2022

Notice on Roll out of Facilitative Authorized Economic Operator Program"
12,"PUBLIC NOTICES 22/09/2021

Withdrawal of Ruling on Treatment of Tax Loss in Computing Profits"
12,"PUBLIC NOTICES 09/07/2021

Extension of Time to Comply with the Value Added Tax (Electronic Tax Invoice) Regulations, 2020"
12,"PUBLIC NOTICES 20/05/2024

Public Participation On Valuation Of Used Motor Vehicles"
12,Official Launch of Three Digital Hubs in OlKalou Constituency
12,Kenya Advances AI and Digital Transformation Agenda at MWC Shanghai 2026
12,Ministry Hosts GSMA Leadership for Talks on the Future of the Digital Sector
12,Kenya Hosts Major AI Everything Gitex Conference To Boost Africa’s Digital Transformation
12,Kenya Strengthens Global Media Leadership at NAB Show 2026
12,Kenya is leading Africa's digital transformation.
12,PS Isaboke Leads Kenya Delegation at Pan African Postal Union Conference
12,CS Kabogo Champions Kenya's Tech Hub Ambitions at Nova Garage Summit
12,Kenya reaffirms its commitment to advancing Africa’s digital transformation agenda
12,Officially opening the ISACA Kenya Chapter 2026 Annual Conference
12,National Multi-Stakeholder Forum on Digital Piracy
12,PS Stephen Isaboke speaks on AI for social impact at tiktok summit
12,Kenya Data Governance Capacity Building and Engagement
12,Launch of Siaya Community Digital Hub
12,PS Stephen Isaboke Appointed Shabana FC Goodwill Ambassador
12,CS Kabogo Joins Key Stakeholders in a Public-Private Dialogue
12,Kenya Highly Prioritises Leveraging AI and Digital Technologies as Key to Advancing Digital Transformation - CS Kabogo
12,"The media sector plays a key role in informing national dialogue, promoting cohesion, and strengthening democracy."
12,Be part of the skilled public sector workforce that optimally leverages technology.
12,Estonia Ambassodor in Kenya
12,Digital growth must be anchored on digital trust
12,Ministry to Strengthen Access to Information Through Collaboration with Ombudsman
12,"ICT & Energy Integration Key to Digital Transformation, PS Isaboke tells Senate Committee"
12,Preperations Underway for Inaugural Kenya Software and AI Summit
12,CS H.E. Hon. William Kabogo Gitau has presided over the official launch of KBC's Nosim FM Transmitter in Oleleshwa Hills
12,PS Tanui Joins Investors-Ministerial Roundtable at III Summit on Financing for Infrastructure Development in Africa in Luanda
12,Kenya's Global Business Services Sector Reaches New Milestones with Launch of Outsourcing Alliance
12,CS Hon. William Kabogo Gitau highlights the progress made by the Ministry in the implementation of various programs.
12,Digital Superhighway: Powering Kenya’s Blue Economy
12,"The Joint Communique was presented at the closing ceremony of the 14th Annual Connected Africa Summit (CAS) 2025 held in Diani, Kwale County"
12,The Role Of Youth In Shaping Digital Democracy In Kenya
12,PS Tanui presides over official handover of Kenya-AIST Project
12,"APRA 2025 Wraps with Focus on PR Bill, Digital Super Highway, and Reforms"
12,Repositioning the Postal Corporation of Kenya for Digital Transformation
12,PS Broadcasting and Telecommunications Meets Hon. MP Mvita to Foster Collaboration on ICT Development
12,Ministry launches inaugural 10-week Cybergame Challenge
12,Embrace the Future of Public Service!
12,CS Hon. William Kabogo presides over the Ground-Breaking Ceremony for the construction of Nxtra by Airtel Africa Data Centre at Tatu City
12,"Empowering Public Service Through Training Scholarships

Friday 29th August, 2025Radisson Blue, Nairobi"
12,Public Health Sub Sector Functions
12,Health Facilities Sub Sector Functions
12,Medical Services Sub Sector Functions
12,"There exists data gaps on access and usage of ICTs in enterprises and public institutions, Therefore, the Kenya National Bureau of Statistics (KNBS) and the Communications Authority of Kenya (CA) conducted the 2016 ICT Public Sector and Enterprise Surveys with a view to providing comprehensive information on the availability of ICT infrastructure, access and use of ICTs. The surveys were conducted in the period of February-May 2016

The main objective of the 2016 ICT Public Sector and Enterprise surveys was to measure: • Access to ICTs and • Use of ICTs"
12,Energy
12,"Tourism is one of Kenya’s leading foreign exchange earners and the third largest contributor to the GDP after agriculture and manufacturing. The sector has been growing fast as a result of various factors such as liberalization, personification of tourist markets and continued Government support."
12,Financial services
12,"The 2014 KDHS was designed to provide information to monitor and evaluate population and health status in Kenya and to be a follow-up to the previous KDHS surveys. In addition, it provides new information on indicators previously not collected in KDHS surveys, such as fistula and men’s experience of domestic violence. The survey also aims to provide estimates for selected demographic and health indicators at the county level.

The survey addresses the planning, programme implementation, monitoring, and evaluation needs of health, family planning, and HIV/AIDS programmes. It provides programme managers and policy makers involved in these programmes with the information that they need to effectively plan and implement future interventions."
12,FinAccess MSEs COVID 19 Tracker Survey Report June 2021
12,Quarterly Labour Force Report 2021 Quarter 2
12,FinAccess MSEs COVID-19 Tracker Survey Report – June 2021
12,2021 Economic Survey
12,Kenya’s Food Situation During COVID-19 Pandemic
12,COVID 19 Survey Key Indicators Report Wave 2
12,Quarterly Labour Force Report 2020 Quarter 3
12,Quarterly Labour Force Report 2020 Quarter 2
12,COVID-19 Survey – Key Indicators Report – Wave – 2
12,Socio Economic Impact of COVID 19 on Households Survey Wave 2
12,Socio-Economic Impact of COVID-19 on Households Survey – Wave 2
12,COVID 19 Survey Key Indicators Report Wave 1
12,2020 Economic Survey PopularVersion
12,2020 Economic Survey
12,COVID-19 Survey – Key Indicators Report – Wave – 1
12,Socio-Economic Impact of COVID-19 on Households Survey – Wave 1
12,Citizen Generated Data – Uwezo Twaweza – Are Our Children Learning – Usawa Agenda Report – 2020
12,"“‘The Q1,2022 Statistics Bulletin is a flagship product of the National Committee on Trade & Trade Facilitation Statistics which comprises institutions that produce trade and trade-related indicators. The document highlights trends in a number of indicators on international trade in goods, services that facilitate international trade in goods as well as external financial flows and stocks for the first quarter of 2022”.

Read More"
12,"GIPE on behalf of the Cabinet Secretary, the National Treasury & Planning is responsible for: –

Specific Functions for GIPE"
12,The Kenya Gazette Vol. 201
12,Aligning Public Sector Advertising with Emerging Digital Trends
12,Ministry Hosts Kenya-Japan Public Workshop
12,Preparations for the 3rd Edition of the Digital Transformation Public Sector Forum (DTPS) and Awards Kick Off
12,CS Hon. William Kabogo Gitau affirms that a free and empowered media is the cornerstone of Kenya’s democracy.
12,PS Isaboke Hails KTN's 35 Year Legacy in Transforming Kenya's Media Landscape
12,"Bring to the table win-win survival strategies to ensure proactive domination. At the end of the day, going forward, a new normal that has evolved from generation X is on the runway heading towards a streamlined cloud solution. User generated content in real-time will have multiple touchpoints for offshoring.

Capitalize on low hanging fruit to identify a ballpark value added activity to beta test. Override the digital divide with additional clickthroughs from DevOps. Nanotechnology immersion along the information highway will close the loop on focusing solely on the bottom line."
12,Health Benefits- Nairobi’s Climate Change Action Plan
12,"Health Benefits- Nairobi’s Climate Change Action Plan

General Inquiries"
12,"MANDATE

Promote Kenya as a premier destination for international conferences and events through coordination and facilitation of the preparatory and execution of international conferences and events."
12,"MANDATE

Ø Maintain a record of treaties that Kenya is a party to and treaties proposed for ratification by Kenya;"
12,This sector is responsible for policy formulation and leadership in the following areas:
12,COUNTY SECRETARY AND HEAD OF COUNTY PUBLIC SERVICE
12,"PAYE AS YOU EARN (PAYE)

PAYE is a system of tax collection whereby employers are required to deduct tax from the employment income of their employees and remit the tax to the Kenya Revenue Authority."
12,"MyGov is available at all Huduma Centres, Postal Corporation offices and government offices. It is also available on www.gaa.go.ke and all our social media platforms (facebook and X link)."
12,The turnaround time for all clarifications and queries is at least 24 hours.
12,To uphold proper policy guidelines in public sector advertising.
12,"Standardize and harmonize procurement of public sector advertising to ensure efficiency, quality and common standards."
12,Mandate
12,Kiswahili Issues
12,"MyGov June 16, 2026"
12,"MyGov Julai 21, 2026"
12,"MyGov July 21, 2026"
12,"MyGov Julai 14, 2026"
12,"MyGov July 14, 2026"
12,"MyGov July 7, 2026"
12,"MyGov Julai, 2026"
12,"MyGov Juni 30, 2026"
12,"MyGov June 30, 2026"
12,"MyGov June 23, 2026"
12,"MyGov Juni 23, 2026"
12,"MyGov Juni 9, 2026"
12,"MyGov Juni 2, 2026"
12,"MyGov Mei 26, 2026"
12,"MyGov Mei 19, 2026"
12,"MyGov June 9, 2026"
12,"MyGov June 2, 2026"
12,"MyGov May 26, 2026"
12,"MyGov May 19, 2026"
12,"MyGov Mei 12, 2026"
12,"MyGov Aprili 28, 2026"
12,"MyGov Aprili 21, 2026"
12,"MyGov Aprili 14, 2026"
12,"MyGov Aprili 7, 2026"
12,"MyGov Machi 31, 2026"
12,"MyGov Machi 24, 2026"
12,"MyGov Machi 17, 2026"
12,"MyGov Machi 10, 2026"
12,"MyGov May 12, 2026"
12,"MyGov May 5, 2026"
12,"MyGov April 28, 2026"
12,"MyGov April 21, 2026"
12,"MyGov April 14, 2026"
12,"MyGov Machi 3, 2026"
12,MyGov Februari 24 2026
12,"MyGov Februari 17, 2026"
12,"MyGov Februari 10, 2026"
12,"MyGov Februari 3, 2026"
12,"MyGov Desemba 23, 2025"
12,"MyGov Desemba 16, 2025"
12,"MyGov Desemba 9, 2025"
12,"MyGov Novemba 25, 2025"
12,"MyGov Novemba 18, 2025"
12,"MyGov April 7, 2026"
12,"MyGov March 31, 2026"
12,"MyGov March 24, 2026"
12,"MyGov March 17, 2026"
12,"MyGov March 10, 2026"
12,"MyGov Novemba 11, 2025"
12,"MyGov Novemba 4, 2025"
12,"MyGov Oktoba 14, 2025"
12,"MyGov Oktoba 7, 2025"
12,"MyGov Septemba 23, 2025"
12,"MyGov Januari 27, 2026"
12,"MyGov Januari 20, 2026"
12,"MyGov Januari 13, 2026"
12,"MyGov Septemba 9, 2025"
12,"MyGov Septemba 2, 2025"
12,"MyGov March 3, 2026"
12,MyGov February 24 2026
12,"MyGov February 17, 2026"
12,"MyGov February 10, 2026"
12,"MyGov February 3, 2026"
12,"MyGov December 23, 2025"
12,"MyGov December 16, 2025"
12,"MyGov December 9, 2025"
12,"MyGov November 25, 2025"
12,"MyGov November 18, 2025"
12,"MyGov Agosti 26, 2025"
12,"MyGov Agosti 19, 2025"
12,"MyGov Julai 29, 2025"
12,"MyGov Julai 22, 2025"
12,"MyGov Julai 15, 2025"
12,"MyGov Julai 08, 2025"
12,"MyGov Julai 1, 2025"
12,"MyGov Juni 24, 2025"
12,"MyGov Juni 17, 2025"
12,"MyGov Juni 10, 2025"
12,"Every person with a Personal Identification Number is required to file and pay their taxes via iTax on or before the due date.

Kenyans in the diaspora are encouraged to visit any home missions abroad to receive filing support or any other assistance related to their PIN."
12,Returning Residents Guidelines
12,Importing
12,Guidelines for Students and Senior Citizens
12,"If you wish to import any commodity into Kenya, you will have to enlist the services of a clearing agent who will process the import documentation through Kenya Customs electronically on the Integrated Customs Management System (iCMS) and clear the goods on behalf of the importers.

An import declaration fee (IDF) of 2%of the Customs Value is payable. Customs will assess duty payable depending on the value of the goods and the duty rate applicable."
12,Motor Vehicle Notices & Regulations:
12,"The Treaty & International Policy office is tasked with managing international tax matters that include Double Taxation Agreements (DTAs), Mutual Agreement Procedures (MAP), Legislative Review and Implementation of the OECD/G20 Base Erosion and Profit Shifting (BEPS) Agenda recommendations domestically.

The responsibilities of the T&IP office are categorized into the following key functional areas:"
12,Double Taxation Agreement (DTA) Management
12,Complaints and Information Centre
12,"Classification of Complaints & Complaints Reporting Channels

Complaint: An expression of dissatisfaction by a person, group, institution or organization about an unsatisfactory or unacceptable situation, including an act or omission or about the standard of service."
12,Adress
12,2. What is the difference between the Competition Tribunal and Competition Authority of Kenya?﻿
12,1. What does the Competition Tribunal do?﻿
12,"• The Competition Authority of Kenya is a State Corporation established under the Competition Act of Kenya and is charged with promoting and safeguarding competition in the national market and protecting consumers from unfair and misleading market conduct. It is authorized to investigate, prosecute, and adjudicate violations under the Competition Act.

• The Competition Tribunal hears and determines appeals and applications for review filed by parties aggrieved by a decision of the Competition Authority"
12,3. Where does the Competition Tribunal sit?﻿
12,VACANCY NOTICE AFRICAN UNION
12,"Director Education, Science, Technology, and Innovation

grade D1"
12,Functions of the State Department for Broadcasting and Telecommunications
12,Broadcasting & Telecommunications
12,Ministry of Education on capitation.
12,C.S William Kabogo Hosts World Bank Delegation to Discuss Kenya Digital Economy Acceleration Project (KDEAP)
12,Positioning Konza Technopolis as Africa’s Leading Smart City
12,KENYA SCHOOL READINESS ASSESSORS GUIDE
12,KENYA SCHOOLSREADINESS ASSESSMENT TOOL
12,University Acts 2012
12,SCHOLARSHIPS IN TUNISIAN UNIVERSITIES FOR THE ACADEMIC YEAR 2026/2027
12,IRISH AID FUNDED FELLOWSHIP PROGRAMME FOR THE YEAR 2027/2028
12,RE-ADVERTISEMENT: KINGDOM OF MOROCCO SCHOLARSHIP FOR THE YEAR 2026/2027
12,Consultancy For A Communications Agency For The Kenya Development Corporation (KDC)
12,CLARIFICATIONS AND ANSWERS ON BIDDER’S QUERIES DURING THE VIRTUE PRE-BID MEETING HELD ON 26th MARCH 2026 FOR SCHOOL INFRASTRUCTURE IMPROVEMENT IN NYAMIRA COUNTY.
12,ACADEMIC YEAR 2026 COMMENCEMENT UPDATE
12,Provision of cleaning services
12,DRAFT CBET POLICY
12,DRAFT NATIONAL COMPETENCY-BASED EDUCATION AND TRAINING POLICY- 2025
12,MARITIME PROFESSIONAL EDUCATION PROGRAM FOR FOREIGNERS (PEPME-2026)
12,"MASTERS PROGRAMME AT THE UNIVERSITY OF TECHNOLOGY AND APPLIED SCIENCES IN MUSCAT, OMAN"
12,"E-JUST TICAD8

AFRICAN SCHOLARSHIP FOR STI"
12,SCHOOL INFRASTRUCTURE IMPROVEMENT (CONSTRUCTION AND REHABILITATION OFFACILITIES IN TARGETED SCHOOLS IN NYAMIRA COUNTY - LOT 11)
12,SUPPLY OF FURNITURE AND EQUIPMENTS FOR DSINCP
12,MALAYSIAN TECHNICAL COOPERATION PROGRAMME (MTCP) SCHOLARSHIPS FOR MASTERS PROGRAMMES - ACADEMIC YEAR 2026
12,"MALAYSIAN TECHNICAL COOPERATION PROGRAMME (MTCP)

SCHOLARSHIPS FOR MASTERS PROGRAMMES - ACADEMIC YEAR 2026"
12,CHINA SCHOLARSHIP COUNCIL (CSC) 2026 PROGRAM
12,PROVISION OF TUITION FREE PLACES FOR STUDIES AT THE MOSCOW STATE INSTITUTE OF INTERNATIONAL RELATIONS (MGIMO) IN 2026 (RUSSIA)
12,BANGLADESH UNIVERSITY OF PROFESSIONALS (BUP) – TUITION WAIVER FOR THE SESSION 2025/2026
12,Transformation in Higher Education
12,"PS Dr. Beatrice Muganda Explains the Transformation in Higher Education

I"
12,AL QASIMIA UNIVERSITY SHARJIAH- UNITED ARAB EMIRATES
12,Hungary Scholarships
12,QATAR SCHOLARSHIPS PROGRAM
12,THE LAUNCH OF THE NATIONAL OUT OF SCHOOL CHILDREN STUDY AND THE “OPERATION COME TO SCHOOL PROGRAMME”
12,HANDOVER OF SCHOOL BAGS AND MASKS AND LAUNCH OF KENYA UNIVERSITIES & COLLEGES CENTRAL PLACEMENT SERVICE (KUCCPS) PLACEMENT
12,CHINA SCHOLARSHIPS
12,INDIAN COUNCIL FOR CULTURAL RELATIONS (ICCR) SCHOLARSHIPS
12,THE LAUNCH OF FORM ONE SELECTION
12,"THE OPENING CREMONY OF THE 27TH INTERNATIONAL PRIMATOLOGICAL SOCIETY CONGRESS,"
12,THE OPENING OF THE 10TH ANNUAL NATIONAL BIOSAFETY CONFERENCE
12,National School Re-entry Guidelines
12,Unified English Braille transition launch
12,"Rt. Hon. Raila Amolo Odinga,E.G.H 1945-2025"
12,"Farewell to a leader, patriot, and statesman. RIP Raila Odinga"
12,"Launch, learn, lead: education leaders rally for reform"
12,"Launch, learn, lead: education leaders rally for reform.doc"
12,"INDIAN TECHNICAL AND ECONOMIC COOPERATION (ITEC) COURSES-2022, INDIA"
12,EUROPEAN BUSINESS UNIVERSITY OF LUXEMBOURG (EBU)
12,"EUROPEAN BUSINESS UNIVERSITY OF LUXEMBOURG (EBU)

more information to be found on the brochure"
12,ERASMUS MUNDUS SCHOLARSHIP 2022-2023 FULLY FUNDED
12,"ERASMUS MUNDUS SCHOLARSHIP 2022-2023 FULLY FUNDED

more information on deadlines and eligibility is found in the link on the attached document"
12,CANCELLATION OF TENDER SUPPLY OF SANITARY TOWELS TO PUBLIC PRIMARY SCHOOLS
12,POST GRADUATE COURSES FOR FOREIGN PUBLIC SERVANTS IN BRASILIA BRAZIL
12,CLEARANCE FOR STUDENTS TRAVELLING OUT OF THE COUNTRY
12,ADVERT-CONSULTANCY FOR INDEPENDENT VERIFICATION OF RESULTS IN TARGETED SCHOOLS
12,ELIMU SCHOLARSHIP
12,INTENTION TO USE RESTRICTED TENDER METHOD OF PROCUREMENT OF A FIRM TO ACCESS AND RECERTIFY THE MINISTRY OF EDUCATION ON ISO 9001:2015 STANDARD
12,ADDENDUM
12,"SPEECH BY HON EZEKIEL MACHOGU, CBS, CABINET SECRETARY, MINISTRY OF EDUCATION, DURING THE RELEASE OF FORM ONE PLACEMENT RESULTS ON 16TH JANUARY, 2023 AT KICD AT 10AM"
12,Construction and Completion of the Proposed Ultra - Modern Training Centre - CEMASTEA
12,SCHOLARSHIPS AT AL-AZHAR UNIVERSITY AND AL AZHAR INSTITUTES-EGYPT
12,ICB-07/MOE-VTT/TVET/KfW 2016 67 211/001/2024-2025
12,"EIGHTY (80) SCHOLARSHIP SLOTS FOR UNDERGRADUATE,POST GRADUATE AND PhD COURSES IN INDIA"
12,INTENTION TO USE RESTRICTED TENDER FOR PROCUREMENT OF MOTOR VEHICLES FROM DEALERS
12,TENDER DOCUMENT-CONSTRUCTION AND COMPLETION OF THE PROPOSED ULTRA-MODERN TRAINING CENTRE - CEMASTEA
12,TENDER FOR THE PROPOSED RENOVATION OF LEATHER TANNERY WORKSHOP IN MACHAKOS TECHNICAL TRAINING INSTITUTE FOR THE BLIND - MACHAKOS COUNTY
12,TENDER FOR THE PROPOSED CONSTRUCTION OF A MECHANICAL WORKSHOP IN MUKURWE-INI TECHNICAL TRAINING INSTITUTE – NYERI COUNTY
12,TENDER FOR THE PROPOSED CONSTRUCTION OF AN AUTOMOTIVE WORKSHOP IN ALDAI TECHNICAL TRAINING INSTITUTE – NANDI COUNTY
12,TENDER FOR THE PROPOSED CONSTRUCTION OF HOSTEL BLOCK IN LAISAMIS TECHNICAL AND VOCATIONAL COLLEGE- MARSABIT COUNTY
12,Handing over
12,"Principal Secretary Dr. Beatrice Muganda Inyangala takes over from Amb. Simon Nabukwesi

Friday 2nd December, 2022"
12,RECORD OF BID CLARIFICATION / AMENDMENT
12,ADDENDUM II: - RESPONSE TO QUERIES/CLARIFICATIONS
12,JKUAT 37th graduation ceremony
12,"Universities urged to realign their academic programmes to the requirements of the Competency-Based Curriculum

JKUAT Graduation 26th November 2021"
12,ADDENDUM SUPPLY AND DELIVERY OF DESKTOP COMPUTERS TO PUBLIC SECONDARY SCHOOLS
12,ADDENDUM NO. 1 SUPPLY AND DELIVERY OF DESKTOP COMPUTERS TO PUBLIC SECONDARY SCHOOLS
12,ADDENDUM 2-SCHOOL INFRASTRUCTURE IMPROVEMENT (CONSTRUCTION AND REHABILITATION OF FACILITIES
12,ADDENDUM 1 -SCHOOL INFRASTRUCTURE IMPROVEMENT (CONSTRUCTION AND REHABILITATION OF FACILITIES IN TARGETED SCHOOLS IN NYAMIRA COUNTY - LOT 1- 21)
12,A POLICY FRAMEWORK FOR EDUCATION AND TRAINING
12,(Draft II) National Policy on Continuous Professional Development for TVET Trainers
12,IRISH AID FUNDED FELLOWSHIP PROGRAMME FOR THE YEAR 2025/2026
12,CS education with director ict basic and a team from Huawei
12,The Cs and Director Ict with the Huawei team.
12,TICAD8 SCHOLARSHIPS FOR POSTGRADUATE STUDIES AT THE EGYPT-JAPAN UNIVERSITY OF SCIENCE AND TECHNOLOGY (E-JUST)
12,CUBA MEDICAL SERVICES-ANNOUNCEMENT FOR SELF-FINANCED ACADEMIC SERVICES FOR YEAR 2024CUBA MEDICAL SERVICES-ANNOUNCEMENT FOR SELF-FINANCED ACADEMIC SERVICES FOR YEAR 2024
12,TVET@100
12,Join us in commemorating 100 years of TVET excellence at Kabete National Polytechnic! Celebrations from July 29th to July 31st.
12,Supply and delivery of desktop Computers for Public Secondary Schools
12,"The foreign investment surveys are intended to provide information required for compilation the Balance of Payments (BOP), International Investment Position (IIP) statistics and assessment of investors’ perceptions of the investment climate. The data collected through the FIS 2015 will extend time series data on foreign investment to seven years building on the data collected during FIS 2010 covering the period 2007 and 2008 and FIS 2013 covering the period 2009, 2010 and 2011. The time series data will be useful for research and analysis, planning, policy making and formulation of strategies to achieve the Kenya Vision 2030 goals. Download Preliminary Foreign Investment Survey 2015 Report"
12,SUPPLY AND DELIVERY OF CLEANING DETERGENT AND TOILETRIES FOR THE PERIOD UP TO 30/06/2025
12,"SUPPLY OF FURNITURE, FURNISHING AND OFFICE EQUIPMENT AT THE ULTRA-MODERN TRAINING CENTRE- CEMASTEA, IN KAREN, NAIROBI, COUNTY"
12,"REPONSES TO QUESTIONS - SUPPLY OF FURNITURE, FURNISHING AND OFFICE EQUIPMENT AT THE ULTRA-MODERN TRAINING CENTRE- CEMASTEA, IN KAREN, NAIROBI, COUNTY"
12,SUPPORT TO TECHNICAL AND VOCATIONAL EDUCATION AND TRAINING ENTREPRENUERSHIP (TVETE) PROJECT (TVET PHASE III PROJECT)
12,INTENTION TO SINGLE SOURCE CONSULTANCY SERVICES TO IMPLEMENT THE TECHNICAL VOCATIONAL TRAINING AND ENTREPRENEURSHIP PROJECT
12,"THE LIST OF THE REGISTRATED SUPPLIERS AND CONSULTANTS FOR SUPPLY/PROVISION OF GOODS, WORKS AND SERVICES FOR THE FINANCIAL YEARS 2023/2024 – 2024/2025"
12,THE INDIAN TECHNICAL AND ECONOMIC COOPERATION PROGRAMME
12,THE AARDO’S SCHOLARSHIP FOR MASTERS DEGREE PROGRAM AT PARK CHUNG HEE SCHOOL OF POLICY-REPUBLIC OF KOREA
12,"SPEECH BY THE CABINET SECRETARY MINISTRY OF EDUCATION JULIUS MIGOS OGAMBA, E.B.S DURING THE 96TH KENYA MUSIC FESTIVAL GALA PERFORMANCE AT MOI GIRLS -ELDORET ON 13TH AUGUST 2024"
12,"SPEECH BY EDUCATION CABINET SECRETARY HON. DR. EZEKIEL MACHOGU, EGH, DURING THE FLAG-OFF OF THE 2024 ELIMU SHOLARSHIPS ON 19TH JANUARY, 2024 AT THE BOMAS OF KENYA"
12,SPECIAL PROCUREMENT NOTICE
12,SPECIFIC PROCUREMENT NOTICE INVITATION FOR BIDS [IFB] GOODS
12,CS $ Director ICT Basic
12,CONSULTANCY SERVICE FOR DESIGN & SUPERVISION OF SOLAR PV SYSTEM INSTALLATION IN TARGETED PUBLIC SCHOOLS IN KENYA
12,"OPENING REMARKS BY MINISTER FOR EDUCATION DR. J.G. KIANO, EGH, PHD, DURING THE SECOND CONFERENCE ON TEACHER EDUCATION IN 6TH MAY, 1968"
12,INVITATION TO TENDER--SCHOOL INFRASTRUCTURE IMPROVEMENT (CONSTRUCTION AND REHABILITATION OF FACILITIES IN TARGETED SCHOOLS IN NYAMIRA COUNTY - LOT 1- 21)
12,INVITATION TO TENDER-SCHOOL INFRASTRUCTURE IMPROVEMENT (CONSTRUCTION AND REHABILITATION OF FACILITIES IN TARGETED SCHOOLS IN NYAMIRA COUNTY - LOT 1- 21)
12,INVITATION FOR PUBLIC PARTICIPATION AND SUBMISSION OF MEMORANDA ON THE PROPOSED SESSIONAL PAPER AND BILLS IN THE EDUCATION SECTOR
12,"INTERNATIONAL SCHOLARSHIP OPPORTUNITY AT NILAI UNIVERSITY, MALAYSIA"
12,INVITATION FOR PUBLIC PARTICIPATION
12,Don't hesitate to contact with us for any information or inquiries
12,Choose Your Plan
12,SCHOOL INFRASTRUCTURE IMPROVEMENT (CONSTRUCTION AND REHABILITATION OF FACILITIES IN TARGETED SCHOOLS IN NYAMIRA COUNTY - LOT 9)
12,SCHOOL INFRASTRUCTURE IMPROVEMENT (CONSTRUCTION AND REHABILITATION OF FACILITIES IN TARGETED SCHOOLS IN NYAMIRA COUNTY - LOT 8)
12,SCHOOL INFRASTRUCTURE IMPROVEMENT (CONSTRUCTION AND REHABILITATION OF FACILITIES IN TARGETED SCHOOLS IN NYAMIRA COUNTY - LOT 21)
12,SCHOOL INFRASTRUCTURE IMPROVEMENT (CONSTRUCTION AND REHABILITATION OF FACILITIES IN TARGETED SCHOOLS IN NYAMIRA COUNTY - LOT 6)
12,SCHOOL INFRASTRUCTURE IMPROVEMENT (CONSTRUCTION AND REHABILITATION OF FACILITIES IN TARGETED SCHOOLS IN NYAMIRA COUNTY - LOT 3)
12,Virtual Meeting link for tender for SCHOOL INFRASTRUCTURE IMPROVEMENT (CONSTRUCTION AND REHABILITATION OF FACILITIES IN TARGETED SCHOOLS IN NYAMIRA COUNTY - LOT 20)
12,SCHOOL INFRASTRUCTURE IMPROVEMENT (CONSTRUCTION AND REHABILITATION OF FACILITIES IN TARGETED SCHOOLS IN NYAMIRA COUNTY - LOT 4)
12,SCHOOL INFRASTRUCTURE IMPROVEMENT (CONSTRUCTION AND REHABILITATION OF FACILITIES IN TARGETED SCHOOLS IN NYAMIRA COUNTY - LOT 7)
12,SCHOOL INFRASTRUCTURE IMPROVEMENT (CONSTRUCTION AND REHABILITATION OF FACILITIES IN TARGETED SCHOOLS IN NYAMIRA COUNTY - LOT 18)
12,SCHOOL INFRASTRUCTURE IMPROVEMENT (CONSTRUCTION AND REHABILITATION OF FACILITIES IN TARGETED SCHOOLS IN NYAMIRA COUNTY - LOT 2)
12,SCHOOL INFRASTRUCTURE IMPROVEMENT (CONSTRUCTION AND REHABILITATION OF FACILITIES IN TARGETED SCHOOLS IN NYAMIRA COUNTY - LOT 19)
12,SCHOOL INFRASTRUCTURE IMPROVEMENT (CONSTRUCTION AND REHABILITATION OF FACILITIES IN TARGETED SCHOOLS IN NYAMIRA COUNTY - LOT 17)
12,TENDER FOR THE PROPOSED CONSTRUCTION OF HOSTEL BLOCK IN BUMBE TECHNICAL TRAINING INSTITUTE – BUSIA COUNTY
12,EDUCATION SECTOR DISASTER MANAGEMENT POLICY 2
12,"BILKENT UNIVERSITY (TÜRKIYE) UNDERGRADUATE, 2026-2027 ACADEMIC YEAR"
12,Bills
12,"THE TECHNICAL AND VOCATIONAL EDUCATION AND TRAINING BILL, 2024

THE KENYA NATIONAL QUALIFICATIONS FRAMEWORK (AMENDMENT) BILL 2024"
12,REGISTRATION OF SUPPLIERS FOR SUPPLY AND DELIVERY OF GOODS AND SERVICES
12,Promotion of Youth Employment and Vocational Training in Kenya” (BMZ Reference Numbers: 2016 67 211 and 2016 65 298
12,"REMARKS BY CABINET SECRETARY, HON. EZEKIEL MACHOGU, CABINET SECRETARY FOR EDUCATION ON THE STATUS OF THE IMPLEMENTATION OF THE RECOMMENDATIONS OF THE PRESIDENTIAL WORKING PARTY ON EDUCATION REFORMS"
12,IHE DELT INSTITUTE FOR WATER EDUCATION-EDUCATION AND TRAINING GUIDE 2024
12,Form One Selection
12,Online Services
12,"FRAMEWORK CONTRACT FOR SUPPLY, DELIVERY AND INSTALLATION OF SOLAR PV SYSTEM IN TARGETED SCHOOLS ACROSS THE COUNTRY IN KENYA"
12,gallery 12
12,KPEEL GALLERY
12,KENYA NATIONAL EXAMINATIONS COUNCIL (AMENDMENT) BILL
12,MOE/KPEEL/RFB/01/2025-2026
12,SUPPLY AND DELIVERY OF LAPTOPS FOR DATA MANAGEMENT TOWARDS KEMIS UNDER KENYA PRIMARY EDUCATION EQUITY IN LEARNING (KPEEL) PROGRAM.
12,MENTORSHIP POLICY FOR EARLY LEARNING AND BASIC EDUCATION
12,HEYDAR ALIYEV INTERNATIONAL EDUCATION GRANT PROGRAM FOR THE 2024-2025 ACADEMIC YEAR-AZERBAIJAN
12,TENDER FOR THE PROPOSED CONSTRUCTION OF A HOSTEL BLOCK IN TSEIKURU TECHNICAL TRAINING INSTITUTE – KITUI COUNTY
12,TENDER FOR THE PROPOSED CONSTRUCTION OF A HOSTEL BLOCK IN GODOMA TECHNICAL TRAINING INSTITUTE – KILIFI COUNTY
12,TENDER FOR THE PROPOSED CONSTRUCTION OF A HOSTEL BLOCK IN WAJIR TECHNICAL TRAINING INSTITUTE – WAJIR COUNTY
12,TECHNICAL ADVISOR (INDIVIDUAL) FOR THE DEVELOPMENT AND IMPLEMENTATION OF A COMMUNICATION STRATEGY FOR THE KENYA PRIMARYEDUCATION EQUITY IN LEARNING (KPEEL) PROGRAM
12,ADVERT-TECHNICAL ADVISOR (INDIVIDUAL) FOR THE DEVELOPMENT AND IMPLEMENTATION OF A COMMUNICATION STRATEGY FOR THE KENYA PRIMARYEDUCATION EQUITY IN LEARNING (KPEEL) PROGRAM
12,TECHNICAL AND VOCATIONAL EDUCATION AND TRAINING (TVET)POLICY
12,"Component I: Improve Access, Quality and Relevance of TVET

Component II: Equip Vulnerable Youth with Relevant TVET Skills and work experience"
12,RE: PROMOTION OF YOUTH EMPLOYMENT AND VOCATIONAL TRAINING IN KENYA /PROMOTION OF YOUTH EMPLOYMENT AND VOCATIONAL TRAINING THROUGH ICT NO.: TVET PHASES I AND II
12,"PHASE

The project targets Nairobi Technical Training Institute,KIST and Thika Technical."
12,Milestones
12,"Project targets; Ekerubo Egeitai, Kitale National Polytechnic, Ramogi Institute of Applied Technology and Bumbe Technical

The project is on course for implementation"
12,TECHNICAL ADVISOR (INDIVIDUAL) FOR THE DEVELOPMENT AND IMPLEMENTATION OF A COMMUNICATION STRATEGY FOR THE KENYA PRIMARY EDUCATION EQUITY IN LEARNING (KPEEL) PROGRAM
12,National Term Two Games 2025 in Kakamega
12,SCHOOL INFRASTRUCTURE IMPROVEMENT (CONSTRUCTION AND REHABILITATION OF FACILITIES IN TARGETED SCHOOLS IN NYAMIRA COUNTY - LOT 16)
12,SCHOOL INFRASTRUCTURE IMPROVEMENT (CONSTRUCTION AND REHABILITATION OF FACILITIES IN TARGETED SCHOOLS IN NYAMIRA COUNTY - LOT 14)
12,SCHOOL INFRASTRUCTURE IMPROVEMENT (CONSTRUCTION AND REHABILITATION OF FACILITIES IN TARGETED SCHOOLS IN NYAMIRA COUNTY - LOT 15)
12,HABILITATION OF FACILITIES IN TARGETED SCHOOLS IN NYAMIRA COUNTY - LOT 15)
12,SCHOOL INFRASTRUCTURE IMPROVEMENT (CONSTRUCTION AND REHABILITATION OF FACILITIES IN TARGETED SCHOOLS IN NYAMIRA COUNTY - LOT 13)
12,SCHOOL INFRASTRUCTURE IMPROVEMENT (CONSTRUCTION AND REHABILITATION OF FACILITIES IN TARGETED SCHOOLS IN NYAMIRA COUNTY - LOT 11)
12,SCHOOL INFRASTRUCTURE IMPROVEMENT (CONSTRUCTION AND REHABILITATION OF FACILITIES IN TARGETED SCHOOLS IN NYAMIRA COUNTY - LOT 11
12,SCHOOL INFRASTRUCTURE IMPROVEMENT (CONSTRUCTION AND REHABILITATION OF FACILITIES IN TARGETED SCHOOLS IN NYAMIRA COUNTY
12,SCHOOL INFRASTRUCTURE IMPROVEMENT (CONSTRUCTION AND REHABILITATION OF FACILITIES IN TARGETED SCHOOLS IN NYAMIRA COUNTY - LOT 1)
12,SCHOOL INFRASTRUCTURE IMPROVEMENT (CONSTRUCTION AND REHABILITATION OF FACILITIES IN TARGETED SCHOOLS IN NYAMIRA COUNTY - LOT 5)
12,SCHOOL INFRASTRUCTURE IMPROVEMENT (CONSTRUCTION AND REHABILITATION OF FACILITIES IN TARGETED SCHOOLS IN NYAMIRA COUNTY - LOT 10)
12,SCHOOL INFRASTRUCTURE IMPROVEMENT (CONSTRUCTION AND REHABILITATION OF FACILITIES IN TARGETED SCHOOLS IN NYAMIRA COUNTY - LOT 10
12,SCHOLARSHIPS OPPORTUNITIES IN LIBYA FOR KENYAN MUSLIM STUDENTS
12,SCHOOL INFRASTRUCTURE IMPROVEMENT (CONSTRUCTION AND REHABILITATION OF FACILITIES IN TARGETED SCHOOLS IN NYAMIRA COUNTY - LOT 12)
12,SCHOLARSHIPS FOR MEDICINE STUDIES IN CUBA FOR THE YEAR 2025
12,SCHOLARSHIPS FOR MEDICINE STUDIES IN CUBA FOR THE YEAR 2024
12,SCHOLARSHIP PROGRAM FOR INTERNATIONAL STUDENTS TO STUDY IN SAUDI UNIVERSITIES
12,Sale of Boarded Motor Vehicle and Assorted Items.
12,"ONLINE COURSES IN ENGLISH OFFERED BY THE FEDERAL UNIVERSITY OF VICOSA(UFV), BRAZIL"
12,"UNDERGRADUATE, POSTGRADUATE (MASTERS’ & PhD) SCHOLARSHIP SLOTS FOR KENYAN STUDENTS FOR THE ACADEMIC YEAR 2026-2027 IN INDIA"
12,"ADVERT-SUPPLY OF FURNITURE, FURNISHING AND OFFICE EQUIPMENT AT THE ULTRA-MODERN TRAINING CENTRE- CEMASTEA, IN KAREN, NAIROBI, COUNTY"
12,"ADVERT-SUPPLY OF FURNITURE, FURNISHING AND OFFICE EQUIPMENT AT THE ULTRA-MODERN TRAINING CENTRE- CEMASTEA, IN KAREN, NAIROBI, COUNTY AND ELECTRICAL & MECHANICAL INSTALLATION AT THE DATA CENTRE"
12,AL AL-BAYT UNIVERSITY (AABU)
12,exchange program with Kenyan institutions
12,AFRICA SKILLS WEEK 2024
12,"AFRICA SKILLS WEEK 2024 – 14th -18th Oct 2024

Accra, Ghana"
12,ANNUAL INTERNATIONAL TRAINING COURSE (AITC) PROGRAMME 2024
12,"ANNUAL INTERNATIONAL TRAINING COURSE (AITC) PROGRAMME 2024

NOTE THAT EACH COURSE HAS ITS APPLICATION DEADLINE RANGING FROM JANUARY TO JUNE"
12,ARAB REPUBLIC OF EGYPT TRAINING SCHOLARSHIPS FOR THE ACADEMIC YEAR 2023/2024.
12,Training and User Manuals
12,SIP Priorities
12,PRE-TENDER CONFERENCE FOR THE SUPPLY OF FURNITURE AND EQUIPMENT IN TARGETED SCHOOLS IN NYAMIRA COUNTY LOT 1 TO LOT 24
12,PRE-QUALIFIED LIST OF TRANSPORTERS
12,CS SPEECH -KCSE RELEASE OF 2025 RESULTS
12,"CS SPEECH -KCSE RELEASE OF 2025 RESULTS

https://www.education.go.ke/sites/default/files/CS%20SPEECH%20-KCSE%20RELEASE%20OF%202025%20RESULTS.pdf"
12,DRAFT NATIONAL POLICY FOR VOCATIONAL EDUCATION AND TRAINING
12,PS Bitok Happy With Ongoing Inaugural KJSEA
12,STIPENDIUM HUNGARICUM SCHOLARSHIP: 2026/2027 ACADEMIC YEAR
12,CEO KNEC - KCSE RELEASE OF 2025 RESULTS
12,"CEO KNEC -KCSE RELEASE OF 2025 RESULTS

https://www.education.go.ke/sites/default/files/CEO%20-%20KCSE%202025%205th%20Jan%202026.pdf"
12,SPECIAL SCHOLARSHIPS FOR KENYA STUDENTS FOR 2023 SESSION
12,MINI COMPETITION TECHNICAL DOCUMENT FOR VEGETABLE OIL CATEGORY OF NACONEK (SDBE SCHOOLS MEALS LIST)
12,INVITED CONTRACTORS FOR VEGETABLE OIL CATEGORY ONLY UNDER NACONEK (SDBE SCHOOLS MEALS LIST- VEGETABLE OIL CATEGORY)
12,"NOTICE TO ALL SUPPLIERS, CONTRACTORS AND CONSULTANTS ON THE ROLL-OUT OF THE ELECTRONIC GOVERNMENT PROCUREMENT (e-GP) SYSTEM IN KENYA."
12,"The Public Finance Management (Amendment) Bill, 2020"
12,Government Transport Policy 2024
12,PS National Treasury Remarks – Budget Preparation Process
12,OFFICIAL STATEMENT BY CABINET SECRETARY – LAUNCH OF THE MTP IV PREPARAYORY PROCESS FINAL – 01-02-2022
12,CS – Speech – National Treasury Cabinet Secretary Remarks – KIDC
12,Kenya is ready to host the Connected Africa Summit 2025
12,CS H.E. Hon. William Kabogo Gitau has presided over the official launch of KIFWA Strategic Plan 2025-2030 and unveiling of KIFWA's new logo
12,PROVISION OF PROFESSIONAL CLEANING SERVICES AT THE MINISTRY OF FOREIGN AND DIASPORA AFFAIRS OFFICES (STATE DEPARTMENT FOR FOREIGN AFFAIRS) HEADQUATERS
12,"PROVISION OF TRANSACTION ADVISORY SERVICES FOR THE DEVELOPMENT OF KENYA’S DIPLOMATIC PROPERTIES PROPOSED FOR IMPLEMENTATION UNDER THE PUBLIC PRIVATE PARTNERSHIPS ACT, 2021. (PPP ACT, 2021)"
12,PROVISION OF CATERING SERVICES
12,Empowering Youth Through Digital Skills: Launch of the Jitume Digital Hub at Mazeras VTC
12,Sessional Paper No. 1 of 2025 on the Foreign Policy of the Republic of Kenya
12,Prime Cabinet Secretary and CS Foreign and Diaspora Affairs Media Statement on Kenya's Diplomatic Milestones for 2024
12,"PROVISION OF CLEANING, GARBAGE COLLECTION AND SERVICES AT MINISTRY OF FOREIGN AND DIASPORA AFFAIRS OFFICES (STATE DEPARTMENT FOR FOREIGN AFFAIRS) AT 316 UPPER HILL"
12,Kenya Reaffirms Support for UN Reforms as Fifth Committee Meets in Nairobi
12,Diplomacy Newsletter (Jan- March 2025 Issue)
12,"REGISTRATION OF SUPPLIERS FOR GOODS, SERVICES, AND MONOR WORKS FOR FINANCIAL YEARS 2025/2026 – 2026/2027"
12,Kenya Celebrates Historic Milestone with Cabinet Approval of the Foreign Policy 2024
12,"Kenya Celebrates Historic Milestone with Cabinet Approval of the Foreign Policy 2024

Nairobi, Kenya – 22nd January, 2025"
12,Joint Statement Between the People’s Republic of China and the Republic of Kenya on Creating an Inspiring Example in the All-Weather China-Africa Community with a Shared Future for the New Era
12,Understanding the Comprehensive Strategic Partnership between the Republic of Kenya and the People's Republic of China.
12,THE DIASPORA SERVES AS A BRIDGE BETWEEN KENYA AND THE GLOBAL TRADE MARKETS
12,General Downloads
12,Policy Documents
12,"The Ministry of Information, Communications and the Digital Economy (MICDE) has started piloting paperless correspondence"
12,Kenya and India Set to Enhance Digital Infrastructure and Entertainment Ties Through 2023 MoU
12,Restructuring of Kenya Broadcasting Corporation (KBC) and Postal Corporation of Kenya (PCK) underway
12,CS Hon. William Kabogo Gitau presides over the official opening of Africa CISO Summit 2025 held in Nairobi.
12,Accelerating the Digital Transformation Agenda
12,Advancement of Digital Skilling
12,Strengthening Bilateral Relations Between Kenya and Italy
12,PS Isaboke Reviews Performance and Progress on Digitisation Agenda
12,Deepening Kenya-USA Bilateral Relations
12,PS Isaboke Champions Strategic Communication
12,Digital Disruptions in Growth
12,Kenya Advances Plans for a Digital National Addressing System
12,Kituo kimoja cha kupata huduma zote za serikali
12,Anza kutumia eCitizen leo
12,Furahia urahisi. Pata maelezo kuhusu huduma za serikali mtandaoni na utume maombi haraka na kwa urahisi.
12,Kenya Reaffirms Commitment to Strengthening ITU’s Regional Presence at WTDC 2025
12,H.E. Hon. William Kabogo Gitau officially opens the 2025 French Week in Nairobi
12,"Expanding exchanges between scholars, journalists, and creative industries"
12,PS Isaboke Hands Over Official Raila Odinga Memorial Website to the Odinga Family
12,Piracy's Toll on Kenya's Digital Economy: Insights and Collaboration Pathways
12,"Foundation Stone Laying at Makuyu ICT Hub, Murang'a"
12,Umesahau Nenosiri?
12,"Tutakusaidie kurejesha nenosiri lako

Huna akaunti? Jisajili"
12,Building Kenya’s AI Future: Consensus in Action
12,Budget Summary of Revenue & Expenditure
12,"FY 2026/2027 – Budget Summary

FY 2025/2026 – Budget Summary"
12,The VAT Special Table : All You Need to Know
12,"What is the VAT Special Table?

It’s an operational tool used by KRA to classify VAT registered taxpayers with inconsistencies in compliance. Once in the special table, a taxpayer is restricted from conducting certain processes in their profile."
12,Statistical Annex to the Budget Statement
12,Forgot Password
12,"Lets help you reset your password

Don't have an account? Sign Up"
12,Inspection of Bondo Digital Hub and Siaya Digital Hub Centre of Excellence
12,"What does a taxpayer require to apply for addition of VAT obligation?

KRA has restricted the addition of VAT obligation and set the following conditions and mandatory documentary requirements for approval of the same;"
12,PS Isaboke Represents Kenya at MWC 2026 in Barcelona
12,2nd Edition of CyberGame Kenya Officially Launched
12,TikTok Safer Internet Summit 2026
12,PS Stephen Isaboke Hosts Zambia’s Technology Minister
12,PS Tanui hosts a delegation from Botswana
12,"Agritech integration to boost productivity, job creation, and youth entrepreneurship"
12,PS Isaboke Engages UPU on E-Commerce and Postal Modernisation
12,eCitizen : PSs Outline Platform's Resilience and Progress Before PAC
12,Kenya Secures Key Wins at PAPU Conference in Kampala
12,PS Tanui Tours Local Device Assembly Facility to Boost Jitume Digital Hubs
12,Kenya Champions Regional Postal Cooperation at PAPU
12,Day 2 of KIICO 2026: Elevating Kenya as Africa’s Digital and BPO Hub
12,PS Isaboke Speaks on Digital Innovation in the Postal Sector at PAPU Conference
12,The Ministry will continue to engage stakeholders as it expands access to technology and skills and create jobs
12,Digitizing development control is not just about technology
12,"Unity, Dialogue, and National Cohesion"
12,Ministry Advances Inclusive AI Agenda at Safaricom De {c0} dE 4.0
12,Partnership with Local institutions to build local capacity
12,Nairobi County Strengthens Digital Workforce as 11 Youths Graduate with ICDL Certification
12,Flag Off: AI for Good Robotics Youth Challenge
12,State Department for Industry
12,Trade facilitation Repository
12,Click Here
12,State Department for Investment
12,"The Key Indicators Report (KIR) presents highlights of selected indicators from the 2022 KDHS. Read Full Report

Visit visualizations for KIR Here"
12,"Bunge Towers

16th July, 2025"
12,Unveiling the Pulse of Progress
12,Quarterly GDP Insights
12,"Welcome to the Quarterly GDP Reports page, your source for real-time updates on Kenya’s economic well-being. At KNBS, we provide you with timely and insightful data on the Gross Domestic Product (GDP), a vital measure of our nation’s economic health.

Whether you’re an investor assessing market opportunities or a policymaker shaping the economic landscape, our comprehensive GDP reports equip you with the knowledge needed to make informed decisions."
12,Examples Of Quarterly GDP
12,GDP Growth Rate Report
12,"Sectoral Insights: Discover how different sectors, such as agriculture, manufacturing, and services, contribute to Kenya’s GDP. This report offers a breakdown of economic activity, guiding investment decisions."
12,KENYA DEVOLUTION SUPPORT PROGRAM (KDSP II) PARTICIPATION AGREEMENT
12,NAIROBI CITY COUNTY FISCAL STRATEGY PAPER (CFSP) 2025 APPROVED
12,"8.NAIROBI CITY COUNTY REGULARIZATION OF UNAUTHORISED DEVELOPMENTS ACT, 2025"
12,"NAIROBI CITY COUNTY REGULARIZATION OF UNAUTHORISED DEVELOPMENTS ACT, 2025"
12,9.NAIROBI CITY COUNTY TARIFFS AND PRICING POLICY 2025-2030
12,"NAIROBI CITY COUNTY AMENDED ORGANIZATIONAL STRUCTURES AND ESTABLISHMENT OCTOBER 2024.

Click Here to view County Amended Organizational Structures and Establishment Oct 2024"
12,"Principal Secretary, State Department for Diaspora Affairs"
12,"The Kenya National Bureau of Statistics (KNBS) is conducting a Real Estate Survey (RES) to collect data that will be used to better measure the performance of the real estate sector. The baseline survey will run between July and September 2020, while regular data collection will be conducted every quarter thereafter. The survey is targeting establishments that engage in activities of selling and letting/leasing of own property or on a fee/commission basis, and financial institutions. These include but not limited to real estate agent and affiliate companies. The survey will cover residential, commercial and land properties in urban and peri-urban areas across the country.

The broad objective of the survey is to construct real estate price indices for monitoring the performance of the sector. Specific objectives of the survey are:"
12,History of Nairobi
12,"Nairobi is the capital and largest city of Kenya. The city and its surrounding area also form the Nairobi County. The name “Nairobi” comes from the Maasai phrase ‘Enkare Nyrobi’, which translates to “cool water”.

The area Nairobi currently occupies was essentially uninhabited swamp until a supply depot of the Uganda Railway was built by the British in 1899 linking Mombasa to Uganda. The location of the camp was chosen due to its central position between Mombasa and Kampala. It was also chosen because its network of rivers could supply the camp with water and its elevation would make it cool enough for residential purposes for not only the thousands of Indian laborers who came to Kenya seeking to be employed to work on the railway line, but also for the British settlers. With such an apt location, it had soon grown big enough to become the railway’s headquarters."
12,Kenya Deepens Postal and Digital Cooperation at PAPU Conference
12,"PS Dr. Chris Kiptoo, CBS addressed high-level discussions during the ongoing 2025 IMF-World Bank Spring Meetings in Washington D.C."
12,"On Day 4 of the 2025 IMF-World Bank Spring Meetings in Washington,D.C.,PS Dr. Chris Kiptoo, CBS addressed high-level discussions with Mr. Hassan Zaman, Regional Practice Director, Mr. Qimiao Fan, Country Director for Kenya, and other senior World Bank officials.

The talks addressed aligning World Bank-supported projects with Kenya’s national development agenda, while exploring ways to enhance collaboration, efficiency, and impact across current and future programs"
12,"The Leading Economic Indicators highlights trends in Consumer Price Indices (CPI) and inflation, interest rates, exchange rates, international trade, agriculture, energy, manufacturing, building and construction, tourism and transport.

Consumer Price Index (CPI) declined from 165.37 points in January 2015 to 164.67 points in February 2016. The overall rate of inflation dropped from 7.78 per cent to 6.84 per cent during the same period. In February, 2016 the Kenyan Shilling remained generally stable against major currencies."
12,"CS Hon. FCPA John Mbadi this held a bilateral meeting with Dr. Zarau Kibwe, Executive Director of the Africa Group 1 Constituency at the World Bank Group, on the sidelines of the ongoing IMF–World Bank Spring Meetings in Washington, D.C.

The CS congratulated Dr. Kibwe on his appointment, effective October 2024, and urged him to support Kenya’s development agenda. He emphasized the importance of enhancing collaboration to mobilize resources that will drive the country’s growth.Hon. Mbadi noted that Kenya’s economy is expected to grow by 5.3% this year, 2025, signalling a positive recovery outlook."
12,"Gilgil, Nakuru County

Thursday, 28th August 2025"
12,"Building awareness,strengthening partnerships and engaging stakeholders in Machakos National Agricultural Show"
12,"Dr. Wilson Tonui,managing director of the Agricultural Development Corporation visits the Competition Tribunal exhibition stand during the Machakos National Agricultural Show to learn more about the Tribunal's mandate,functions and role in promoting fair competition and access to justice in Kenya"
12,Director-General for Africa at Germany's Federal Ministry for Economic Cooperation and Development.
12,Plant description
12,High yielding variety for all over Kenya
12,"Arizona exhibits good initial development with a strong plant. It produces white flowers. Due to its relative drought and heat tolerance, the Arizona variety will give you, as a farmer, a good yield with good tuber quality."
12,Disease resistance/tolerance
12,flagging off the distribution exercise of the National Grade 7 textbooks at the KICD Nairobi
12,Masinde Muliro University Graduation
12,Education Partnerships
12,Educational Trips and Tours
12,"To further promote innovative options for the financing of private education, for preferential terms of services and products for the private schools through partnerships with major service and goods suppliers"
12,Latest Articles on Education
12,KICA Regulations Documents 2026
12,"Overview

International standards observed: 2009 Census guided by UN Principles & Recommendations for 2010 Round of Population and Housing Censuses Legal Framework provided through a gazette notice in August, 2008 Cartographic mapping for the whole country created nearly 100,000 Enumeration areas Pilot Census conducted successfully in August 2008"
12,Audio
12,Service Charters
12,"Principal Secretary, State Department for Broadcasting and Telecommunications"
12,Compliance
12,These include;
12,What is the procedure of acquiring a radio license?
12,What are the services offered by the Ministry?
12,Please go to Communications Authority of Kenya (CA) website
12,What is digital migration?
12,It is the movement of television broadcasting from analogue to digital technologies. This migration affects terrestrial TV services only.
12,What is the role of MICDE
12,Who is in charge of issuing press cards?
12,"Cabinet Secretary Hon William Kabogo met with a delegation from TikTok. He was accompanied by PS Stephen Isaboke.

Our Contacts"
12,"The Cabinet Secretary for Information, Communications and the Digital Economy led the Ministry in the signing of the cascaded Performance Contracts.

Our Contacts"
12,PS Isaboke officially opens the IEEE International Microwave and Antennas Symposium (IMAS) 2025 conference
12,"CA Invests KES 250 Million to Digitize Kenya’s Judiciary, Connecting 42 Law Courts to Local Area Networks"
12,"Data in KNBS is found in online databases and offline sources. Offline sources are found in Surveys, Censuses datasets and yearly KNBS reports like ‘Facts and Figures’, ‘Economic Surveys’ and ‘Statistical Abstracts’. Datasets have micro-data (records of individual persons and households) while the reports produce macro-data data. Access to KNBS datasets is governed by a Data Access and Dissemination policy on which all data requesters have to fill and submit for evaluation.

The plat­form is geared at enhan­cing KNBS’s data dis­sem­in­a­tion cap­ab­il­it­ies to increase the open­ness of national data and provid­ing user friendly tools to stat­ist­ics users to aid ana­lysis and interpretation.click to open the portal"
12,NYOTA Business Start-up Capital disbursement in the North Eastern Cluster
12,Rebranding and expansion of Kenya Institute of Mass Communication (KIMC).
12,Functions of the State Department for ICT and Digital Economy
12,RESULT AREA 2 (RA2) IMPROVE TEACHING QUALITY IN JUNIOR SCHOOL
12,RESULT AREA 1: EXPAND EQUITABLE ACCESS TO QUALITY SECONDARY EDUCATION
12,RESULT AREA 3 (RA3)STRENGTHEN SYSTEMS FOR EQUITABLE SERVICE DELIVERY IN SECONDARY EDUCATION
12,Kenya as a globally competitive knowledge-based economy
12,To facilitate universal access to Information and communications services in the country.
12,COUNTIES SUMMARY AND PUPILS FOR CORN SOYA BLEND (CSB)
12,"Standard Scholarship Application Form

SCHOLARSHIPS FOR FOREIGN STUDENTS TENABLE IN BRUNEI DARUSSALAM FOR ACADEMIC YEAR 2026/2027"
12,"Standard Scholarship Application Form

UNDERGRADUATE, POSTGRADUATE (MASTERS’ & PhD) SCHOLARSHIP SLOTS FOR KENYAN STUDENTS FOR THE ACADEMIC YEAR 2026-2027 IN INDIA"
12,"Standard Scholarship Application Form

EDUCATION OPPORTUNITIES AT THE UNIVERSITY OF MOHAMED VI POLYTECHNIC UNIVERSITY MOROCCO"
12,"Standard Scholarship Application Form

ARAB REPUBLIC OF EGYPT TRAINING SCHOLARSHIPS FOR THE ACADEMIC YEAR 2023/2024."
12,"Standard Scholarship Application Form

SCHOLARSHIPS AT AL-AZHAR UNIVERSITY AND AL AZHAR INSTITUTES-EGYPT"
12,"Standard Scholarship Application Form

ERASMUS MUNDUS SCHOLARSHIP 2022-2023 FULLY FUNDED"
12,"Standard Scholarship Application Form

ANNUAL INTERNATIONAL ONLINE TRAINING COURSES- 2023"
12,"TECHNICAL ASSISTANT ON POLICY, PROJECT MANAGEMENT AND COORDINATION

ADDENDUM NO. 1 SUPPLY AND DELIVERY OF DESKTOP COMPUTERS TO PUBLIC SECONDARY SCHOOLS"
12,"The Monthly Leading Economic Indicators report highlights changes in Consumer Price Indices, inflation rates, interest rates and exchange rates. In addition, the report details changes in selected indicators of international trade, agriculture, energy, manufacturing, construction, tourism and transport"
12,Below is a list of figures you can find in the report
12,"The Monthly Leading Economic Indicators report highlights changes in Consumer Price Indices (CPI) and inflation, interest & exchange rates. In addition, the report details changes in selected indicators of international trade, agriculture, energy, manufacturing, building and construction, tourism and transport.

The CPI rose by 0.6%, indicating a slight increase in inflation from 8.98% to 9.23% between January and February 2023."
12,What are Leading Economic Indicators?
12,Drama and Film Festivals
12,"Term-One National Co-Curricular Activities Kick-off, Education Head Elaborates Importance"
12,"DATA CENTER MECHANICAL AND ELECTRICAL INSTALLATIONS AT THE ULTRA-MODERN TRAINING CENTRECEMASTEA, IN KAREN, NAIROBI COUNTY"
12,"DATA CENTER MECHANICAL AND ELECTRICAL INSTALLATIONS AT THE ULTRA-MODERN TRAINING CENTRE CEMASTEA, IN KAREN, NAIROBI COUNTY"
12,"Standard Scholarship Application Form

ANNOUNCEMENT"
12,All tax disputes can be resolved through ADR with the following exceptions:
12,ADR Timelines
12,"ADDENDUM II: - RESPONSE TO QUERIES/CLARIFICATIONS

INVITED LISTED AS PER DRY FOOD STUFF CIRCULAR_from supplies branch"
12,National Bio-Safety AuthorityF-1134-2-2020_2021
12,Ms. Neala Wanjala
12,Micro and Small Enterprises AuthorityF-1126-2-2020_2021
12,Agriculture Food Authority
12,Anti-Counterfeit Authority
12,Tana and Athi Rivers Development Authority 2020-2021 FY
12,NATIONAL PUBLIC PROCUREMENT AND ASSET DISPOSAL POLICY
12,DRAFT NATIONAL TREASURY BRIBERY AND ANTI-CORRUPTION WORKPLACE POLICY
12,DRAFT NATIONAL TREASURY WORKPLACE POLICY ON RESOLUTION OF PUBLIC COMPLAINTS
12,Objectives of Trade and Investment Diplomacy
12,Speeches & Statements
12,Navigating the Tide of International Trade
12,"Global Trade Snapshot: This report offers an overview of Kenya’s trade balance, showcasing the value of exports and imports. It helps businesses and policymakers assess the nation’s trade position."
12,"Global Investments in Kenya: This report focuses on FDI flows, showcasing the investments made by foreign entities in Kenya. It helps policymakers and businesses gauge the attractiveness of Kenya as an investment destination."
12,Official Reserve Assets Report
12,"Kenya’s economy is estimated to have expanded by 4.9 per cent in 2017 compared to a revised growth of 5.9 per cent in 2016. The slowdown in the performance of the economy was partly attributable to uncertainty associated with a prolonged electioneering period coupled with adverse effects of weather conditions. Generally, key macroeconomic indicators largely remained stable and therefore supportive of growth in 2017. Interest rates declined due to the impact of their capping that became effective in September 2016.

In the money market, the Kenyan Shilling strengthened against most of the major trading currencies but weakened against the Euro and the US Dollar in 2017. The current account deficit widened in the year under review on account of significant growth of imports against a slower growth of exports. There was a moderate build up in inflationary pressures mainly due to significant increase in oil and food prices during the year under review. Consequently, inflation rate rose from 6.3 per cent in 2016 to 8.0 per cent in 2017."
12,"During the third quarter of 2017, merchandise trade deficit widened by 32.5 per cent to KSh 289.7 billion from KSh 218.7 billion in the third quarter of 2016 as summarised in Table 1. This was mainly on account of increased imports valued on free on board basis that was driven by growth in the import bill of food and petroleum products in the third quarter of 2017. International trade in services balance grew by 22.5 per cent from a surplus of KSh 36.5 billion in the third quarter of 2016 to a surplus of KSh 44.7 billion in the corresponding quarter of 2017, thereby absorbing 15.4 per cent of the merchandise trade deficit. Transfers, otherwise referred to as secondary income, increased to KSh 120.2 billion in the third quarter of 2017 out of which KSh 51.3 billion was from external remittances. Consequently, the current account balance worsened by 28.9 per cent to a deficit of KSh 145.4 billion in the third quarter of 2017 compared to a deficit KSh 112.8 billion in the corresponding quarter of 2016.

Net financial inflows more than halved from a surplus of KSh 67.6 billion in the third quarter of 2016 to a surplus of KSh 27.7 billion in the third quarter of 2017. Gross official reserves decreased by 1.8 per cent from KSh 830.6 billion as at end of September 2016 to KSh 815.5 billion as at end of September 2017 translating to about 5.4 months of import cover.[wpdm_package id=4635 template=”link-template-calltoaction3.php”]"
12,Your Guide to Filing the 2025 Income Tax Returns
12,Your Guide to Filing 2025 Income Tax Returns
12,File your annual Income Tax Return for the year of income 1 January 2025 to 31 December 2025. Filing window: 1 January 2026 to 30 June 2026.
12,Find Your Filing Path
12,Select what best describes you. The guidance below helps you file your annual income tax return correctly.
12,I only have a job (Employed)
12,KRA Volunteers Visit Special School as Part of Neurodiversity Initiative
12,"By Junne Ndanu

Percy Davies Special School in Murang’a County is a public primary school that hosts children with autism disorder and other developmental disabilities. On 25th July 2023, KRA volunteers comprising of staff visited the institution as part of the organisation’s neurodiversity initiative. Neurodiversity is espoused in KRA’s corporate sustainability programme. The neurodiversity principle holds that there are differences in human brain function and teaches all of us to accept that no two brains are alike and that is sufficient."
12,Late filing of MRI returns attracts a penalty of:
12,How to Register a Property for MRI
12,How do I file for Residential Rental Income?
12,"Rental Income is filed on or before the 20th of the following month. For example, rent received in January is declared and tax paid on or before 20th February.

Complete a monthly tax return online via iTax by declaring the gross rent and tax payable will be computed automatically at a rate of 10%."
12,"Are there individuals who cannot take part in the KRA auction exercise?

Employees and close relatives of the Kenya Revenue Authority are not eligible to take part in the auction process."
12,"How to identify frequent short visit passengers

In order to identify the frequent short visit passengers the Customs Officer also generally scrutinizes the passport and other travel documents of the passengers. The declaration of goods and their values is generally accepted and duty assessed. On payment of this duty the passenger is allowed clearance."
12,"How long do I have to review and request corrections to my migrated balances?

Taxpayers have up to 31st December 2024 to review and provide feedback on any discrepancies. After this period, any debit balances remaining shall be transferred to the iTax General Ledger and demand notices issued"
12,"What is the Two-Pillar Approach?

Pillar One aims to ensure a fairer distribution of profits and taxing rights among countries with respect to the largest MNEs, which are the winners of globalization. It seeks to tax the largest MNEs (those with at least 20 billion euros in revenue) and the most profitable (profit before tax of 100) where 25% of the residual profit above the 10% is re-allocated to market jurisdictions."
12,"SPORTS MARKETING, SPONSORSHIP & ARTS"
12,"We apply sports combined with community outreach and development activities to give young people the skills and confidence they need to aim higher, achieve more and improve their lives.

SPORTS 08/08/2018"
12,KRA Builds Five Classrooms for Taveta Primary School
12,"EDUCATION 08/08/2018

Pupils, teachers and parents of Taveta Primary School are a happy lot after KRA delivered iron sheets and cement to complete the construction of five classrooms."
12,"We are an equal opportunity employer committed to:-

1. Capacity development/Continual learning"
12,Our Values
12,Job Summary
12,Job Highlights
12,"The jobholder will be responsible for maintaining pension records, processing and reviewing member benefits, verifying pension documentation, and supporting trust fund administration in line with approved policies and procedures.

Duties & Responsibilities:"
12,Person Specifications
12,What conditions does KenInvest require Investors to meet?
12,How do I qualify for an investment certificate?
12,"KenInvest determines the extent to which the investment will contribute to the following conditions:

Having satisfied the following requirements and granted a go ahead, you can proceed to apply for a work permit (if you are a foreign investor) and a KRA PIN."
12,Compliance & Legal Safeguards
12,Controls and Compliance Checks
12,"Taxpayers are required to agree to a Declaration of Compliance confirming their understanding and compliance with invoicing policies, legal requirements, and ethical standards. The buyer and sellers have to sign an agreed Service Level Agreement (SLA).

Buyers shall consent to KRA’s data usage policies. They are required to have certification as Data processors and Data controllers. Penalties shall apply for the deliberate misuse of data as per the provisions of Section 23A of the Tax Procedures Act."
12,Record Keeping
12,eTIMS Lite
12,"KRA has provided simplified solutions referred to as eTIMS Lite tailor made for the small and micro taxpayers not registered for VAT (non-VAT taxpayers). The eTIMS Lite solutions facilitate the non VAT registered taxpayers to be able to onboard eTIMS and generate electronic invoices. The eTIMS Lite solutions include:

1. eTIMS Lite Web accessible via eCitizen 2. eTIMS Lite USSD accessible by dialing *222# (KRA Services) 3. eTIMS Lite Mobile App accessible on Play Store and Apple Store as eTIMS Non VAT"
12,How to Onboard via eCitizen
12,"Debt Policy, Strategy and Risk Management"
12,"Debt Policy, Strategy and Risk Management Department

The department is divided into three (3) divisions, and its main functions include: –"
12,Yes. All persons in the business of bottling (including through refilling) or packaging water are required to obtain an excise license from KRA as a prerequisite for charging and remitting excise duty. They are also required to affix excise stamps on each bottle that has been refilled or packaged.
12,"Excise stamps are issued by KRA to licensed persons only. Applications for excise stamps are made through the EGMS system. However, a person can initiate the process at an EGMS Service Desk in the various KRA Tax Service Offices."
12,"Which cosmetics and beauty products require to be affixed with an excise stamp?

Every package of Cosmetics and Beauty products of tariff heading No. 3303, 3304, 3305 and 3307 imported to or manufactured in Kenya are required to be affixed with an excise stamp. Taxpayers can verify the codes from the list of goods and services listed in the First and Second schedules of the VAT Act."
12,Types of Excise Duty
12,What is the rate of taxation for Excise Duty?
12,"Excise duty on imports is charged on the sum of total Cost, Insurance and Freight (CIF) and amount of customs duty (if any) and;

For locally manufactured goods, it is charged on a specific unit of measure or advalorem rate is charged on the Ex-factory selling price excluding VAT (if any), cost of excise stamps (if any) and cost of returnable containers (if any)."
12,"Registered persons are entitled to input tax deduction at the end of the tax period in which the taxable supply or importation occurred.

Input tax deduction is valid for only six months after the end of the tax period in which the supply or importation occurred."
12,"N/B: Upon application for deregistration, the taxpayer, executor, liquidator or any person conducting the business should continue submitting returns until advised to stop."
12,"What is VAT Special Table?

It is a mechanism implemented in iTax to enhance VAT compliance where certain categories of VAT registered taxpayers are restricted from performing certain processes. The following are categories so far on boarded on the special table:"
12,"The Public Private Partnerships (PPP) Directorate, which is headed by a Director – General, is the technical arm of the PPP Committee and is mandated to facilitate implementation of the Public Private Partnership Programme and Projects in Kenya. The PPP Directorate’s functions include:

For more information on the Directorate, kindly visit: www.pppunit.go.ke"
12,County Capacity Building on Public Procurement
12,Public Notice – Procurement and Asset Disposal reforms
12,2021/2022 Budget Reading
12,"The National Treasury & Planning Cabinet Secretary Hon. Amb. Ukur Yattani will present the FY 2021/2022 budget at Parliament Buildings, Nairobi."
12,Stakeholder Engagement on Development of PIMIS System
12,Stakeholder engagement retreat to gather user needs and requirements for the development of the Public Investment Management Information System (PIMIS) for the Government of Kenya.
12,Gazette Notices
12,Audit Opinions
12,"KENGEN

Kenya Ports Authority"
12,The launch of National Financial Inclusion Stategy (2025 - 2028)
12,"The launch of National Financial Inclusion Stategy (2025 - 2028) , MTP IV and signing of the WE Finance Code at Kenya School of Monetary Studies Nairobi"
12,The 2022 Kenya Demographic and Health Survey (2022 KDHS) was implemented by the Kenya National Bureau of Statistics (KNBS) in collaboration with the Ministry of Health (MoH) and other stakeholders
12,Malaria
12,Endemicity Zones
12,Who participated in the survey?
12,"A nationally representative sample of 32,156 women age 15–49 in 37,911 households and 14,453 men age 15–54 in half of the selected households were interviewed. This represents a response rate of 95% of women and 87% of men. The sample design for the 2022 KDHS provides estimates at the national level, for urban and rural areas, and for some indicators for each of Kenya’s 47 counties."
12,Child Health
12,"1 dose each of BCG and measles-rubella and 3 doses each of DPT-containing vaccine and polio vaccine. Basic antigen coverage declined from 79% in 1993 to 52% in 2003 and then increased to 80% in 2022. Overall, 2% of children age 12-23 months have received no vaccinations."
12,"Most (94%) men age 15–49 are circumcised, with 32% traditionally circumcised only, 57% medically circumcised only, and 5% are both traditionally and medically circumcised."
12,"55% were born in Kenya but outside of their current place of the residence and 2% were born outside of Kenya. A lower proportion of men (37%) were born outside of the current place of residence, including 36% of men who were born in Kenya and 1% who were born outside of Kenya.

Migration is most common among women and men age 25-29; 67% of women and 49% of men in this age group were born outside their current place of residence."
12,Women’s Empowerment
12,Experience of Physical Violence
12,"In the last 12 months, 16% of women experienced physical violence. By marital status, 37% of women who are currently married or living together have ever experienced physical violence compared to 12% of never-married women who have never had an intimate partner and 25% of never-married women who have ever had an intimate partner. Among women who are divorced, separated, or widowed, 58% have ever experienced physical violence."
